dataset,recording,derivation,median_abs_uV
chbmit,chbmit_v1.0.0/chb04/chb04_05.edf,F7-T7,204.151
chbmit,chbmit_v1.0.0/chb09/chb09_11.edf,C4-P4,201.807
chbmit,chbmit_v1.0.0/chb09/chb09_11.edf,Fp2-F8,205.714
chbmit,chbmit_v1.0.0/chb09/chb09_11.edf,T7-P7,226.813
chbmit,chbmit_v1.0.0/chb13/chb13_16.edf,C3-P3,259.634
chbmit,chbmit_v1.0.0/chb13/chb13_16.edf,P3-O1,259.243
chbmit,chbmit_v1.0.0/chb17/chb17b_69.edf,C3-P3,0.195
chbmit,chbmit_v1.0.0/chb17/chb17b_69.edf,C4-P4,0.195
chbmit,chbmit_v1.0.0/chb17/chb17b_69.edf,Cz-Pz,0.195
chbmit,chbmit_v1.0.0/chb17/chb17b_69.edf,F3-C3,0.195
chbmit,chbmit_v1.0.0/chb17/chb17b_69.edf,F4-C4,0.195
chbmit,chbmit_v1.0.0/chb17/chb17b_69.edf,F7-T7,0.195
chbmit,chbmit_v1.0.0/chb17/chb17b_69.edf,F8-T8,0.195
chbmit,chbmit_v1.0.0/chb17/chb17b_69.edf,Fp1-F3,0.195
chbmit,chbmit_v1.0.0/chb17/chb17b_69.edf,Fp1-F7,0.195
chbmit,chbmit_v1.0.0/chb17/chb17b_69.edf,Fp2-F4,0.195
chbmit,chbmit_v1.0.0/chb17/chb17b_69.edf,Fp2-F8,0.195
chbmit,chbmit_v1.0.0/chb17/chb17b_69.edf,Fz-Cz,0.195
chbmit,chbmit_v1.0.0/chb17/chb17b_69.edf,P3-O1,0.195
chbmit,chbmit_v1.0.0/chb17/chb17b_69.edf,P4-O2,0.195
chbmit,chbmit_v1.0.0/chb17/chb17b_69.edf,P7-O1,0.195
chbmit,chbmit_v1.0.0/chb17/chb17b_69.edf,P8-O2,0.195
chbmit,chbmit_v1.0.0/chb17/chb17b_69.edf,T7-P7,0.195
chbmit,chbmit_v1.0.0/chb17/chb17b_69.edf,T8-P8,0.195
chbmit,chbmit_v1.0.0/chb24/chb24_21.edf,C3-P3,228.767
chbmit,chbmit_v1.0.0/chb24/chb24_21.edf,F3-C3,228.767
siena,siena_v1.0.0/PN01/PN01-1.edf,Fp2-F4,619.712
siena,siena_v1.0.0/PN01/PN01-1.edf,Fp2-F8,624.802
siena,siena_v1.0.0/PN10/PN10-3.edf,P3-O1,532.587
siena,siena_v1.0.0/PN10/PN10-3.edf,P7-O1,530.304
siena,siena_v1.0.0/PN13/PN13-2.edf,Cz-Pz,627.823
siena,siena_v1.0.0/PN13/PN13-2.edf,Fz-Cz,628.1
tuar,tuar_v3.0.1/edf/01_tcp_ar/aaaaaenq_s004_t000.edf,C3-P3,300.866
tuar,tuar_v3.0.1/edf/01_tcp_ar/aaaaaenq_s004_t000.edf,C4-P4,364.028
tuar,tuar_v3.0.1/edf/01_tcp_ar/aaaaaenq_s004_t000.edf,Cz-Pz,385.681
tuar,tuar_v3.0.1/edf/01_tcp_ar/aaaaaenq_s004_t000.edf,F3-C3,374.131
tuar,tuar_v3.0.1/edf/01_tcp_ar/aaaaaenq_s004_t000.edf,F4-C4,419.264
tuar,tuar_v3.0.1/edf/01_tcp_ar/aaaaaenq_s004_t000.edf,F7-T7,201.489
tuar,tuar_v3.0.1/edf/01_tcp_ar/aaaaaenq_s004_t000.edf,Fp1-F7,315.996
tuar,tuar_v3.0.1/edf/01_tcp_ar/aaaaaenq_s004_t000.edf,Fp2-F4,510.172
tuar,tuar_v3.0.1/edf/01_tcp_ar/aaaaaenq_s004_t000.edf,P4-O2,588.801
tuar,tuar_v3.0.1/edf/01_tcp_ar/aaaaaenq_s004_t000.edf,P8-O2,316.29
tuar,tuar_v3.0.1/edf/01_tcp_ar/aaaaaenq_s004_t000.edf,T7-P7,420.091
tuar,tuar_v3.0.1/edf/01_tcp_ar/aaaaaenq_s004_t000.edf,T8-P8,288.091
tuar,tuar_v3.0.1/edf/01_tcp_ar/aaaaaimu_s008_t000.edf,Cz-Pz,235.072
tuar,tuar_v3.0.1/edf/01_tcp_ar/aaaaajrj_s006_t006.edf,Cz-Pz,611.02
tuar,tuar_v3.0.1/edf/02_tcp_le/aaaaafsb_s001_t000.edf,C4-P4,518.224
tuar,tuar_v3.0.1/edf/02_tcp_le/aaaaafsb_s001_t000.edf,Fp1-F3,4066.204
tuar,tuar_v3.0.1/edf/02_tcp_le/aaaaafsb_s001_t000.edf,Fp1-F7,4077.135
tuar,tuar_v3.0.1/edf/02_tcp_le/aaaaafsb_s001_t000.edf,P4-O2,569.785
tusz,tusz_v2.0.6/edf/dev/aaaaagbf/s005_2016/01_tcp_ar/aaaaagbf_s005_t001.edf,C3-P3,0.0
tusz,tusz_v2.0.6/edf/dev/aaaaagbf/s005_2016/01_tcp_ar/aaaaagbf_s005_t001.edf,C4-P4,0.0
tusz,tusz_v2.0.6/edf/dev/aaaaagbf/s005_2016/01_tcp_ar/aaaaagbf_s005_t001.edf,Cz-Pz,0.0
tusz,tusz_v2.0.6/edf/dev/aaaaagbf/s005_2016/01_tcp_ar/aaaaagbf_s005_t001.edf,F3-C3,0.0
tusz,tusz_v2.0.6/edf/dev/aaaaagbf/s005_2016/01_tcp_ar/aaaaagbf_s005_t001.edf,F4-C4,0.0
tusz,tusz_v2.0.6/edf/dev/aaaaagbf/s005_2016/01_tcp_ar/aaaaagbf_s005_t001.edf,F7-T7,0.0
tusz,tusz_v2.0.6/edf/dev/aaaaagbf/s005_2016/01_tcp_ar/aaaaagbf_s005_t001.edf,F8-T8,0.0
tusz,tusz_v2.0.6/edf/dev/aaaaagbf/s005_2016/01_tcp_ar/aaaaagbf_s005_t001.edf,Fp1-F3,0.0
tusz,tusz_v2.0.6/edf/dev/aaaaagbf/s005_2016/01_tcp_ar/aaaaagbf_s005_t001.edf,Fp1-F7,0.0
tusz,tusz_v2.0.6/edf/dev/aaaaagbf/s005_2016/01_tcp_ar/aaaaagbf_s005_t001.edf,Fp2-F4,0.0
tusz,tusz_v2.0.6/edf/dev/aaaaagbf/s005_2016/01_tcp_ar/aaaaagbf_s005_t001.edf,Fp2-F8,0.0
tusz,tusz_v2.0.6/edf/dev/aaaaagbf/s005_2016/01_tcp_ar/aaaaagbf_s005_t001.edf,Fz-Cz,0.0
tusz,tusz_v2.0.6/edf/dev/aaaaagbf/s005_2016/01_tcp_ar/aaaaagbf_s005_t001.edf,P3-O1,0.0
tusz,tusz_v2.0.6/edf/dev/aaaaagbf/s005_2016/01_tcp_ar/aaaaagbf_s005_t001.edf,P4-O2,0.0
tusz,tusz_v2.0.6/edf/dev/aaaaagbf/s005_2016/01_tcp_ar/aaaaagbf_s005_t001.edf,P7-O1,0.0
tusz,tusz_v2.0.6/edf/dev/aaaaagbf/s005_2016/01_tcp_ar/aaaaagbf_s005_t001.edf,P8-O2,0.0
tusz,tusz_v2.0.6/edf/dev/aaaaagbf/s005_2016/01_tcp_ar/aaaaagbf_s005_t001.edf,T7-P7,0.0
tusz,tusz_v2.0.6/edf/dev/aaaaagbf/s005_2016/01_tcp_ar/aaaaagbf_s005_t001.edf,T8-P8,0.0
tusz,tusz_v2.0.6/edf/dev/aaaaagbf/s009_2016/01_tcp_ar/aaaaagbf_s009_t010.edf,P7-O1,205.876
tusz,tusz_v2.0.6/edf/dev/aaaaagbf/s009_2016/01_tcp_ar/aaaaagbf_s009_t010.edf,T7-P7,216.25
tusz,tusz_v2.0.6/edf/dev/aaaaahie/s007_2014/01_tcp_ar/aaaaahie_s007_t013.edf,P4-O2,253.895
tusz,tusz_v2.0.6/edf/dev/aaaaahie/s007_2014/01_tcp_ar/aaaaahie_s007_t013.edf,P8-O2,258.245
tusz,tusz_v2.0.6/edf/dev/aaaaahie/s007_2014/01_tcp_ar/aaaaahie_s007_t016.edf,F4-C4,329.436
tusz,tusz_v2.0.6/edf/dev/aaaaahie/s007_2014/01_tcp_ar/aaaaahie_s007_t016.edf,F8-T8,846.092
tusz,tusz_v2.0.6/edf/dev/aaaaahie/s007_2014/01_tcp_ar/aaaaahie_s007_t016.edf,Fp2-F4,323.663
tusz,tusz_v2.0.6/edf/dev/aaaaahie/s007_2014/01_tcp_ar/aaaaahie_s007_t016.edf,Fp2-F8,835.134
tusz,tusz_v2.0.6/edf/dev/aaaaahie/s007_2014/01_tcp_ar/aaaaahie_s007_t016.edf,P4-O2,484.617
tusz,tusz_v2.0.6/edf/dev/aaaaahie/s007_2014/01_tcp_ar/aaaaahie_s007_t016.edf,P8-O2,547.024
tusz,tusz_v2.0.6/edf/dev/aaaaahie/s019_2016/01_tcp_ar/aaaaahie_s019_t003.edf,C4-P4,223.109
tusz,tusz_v2.0.6/edf/dev/aaaaahie/s019_2016/01_tcp_ar/aaaaahie_s019_t003.edf,Cz-Pz,533.723
tusz,tusz_v2.0.6/edf/dev/aaaaahie/s019_2016/01_tcp_ar/aaaaahie_s019_t003.edf,F3-C3,408.657
tusz,tusz_v2.0.6/edf/dev/aaaaahie/s019_2016/01_tcp_ar/aaaaahie_s019_t003.edf,F7-T7,441.367
tusz,tusz_v2.0.6/edf/dev/aaaaahie/s019_2016/01_tcp_ar/aaaaahie_s019_t003.edf,F8-T8,283.676
tusz,tusz_v2.0.6/edf/dev/aaaaahie/s019_2016/01_tcp_ar/aaaaahie_s019_t003.edf,Fp1-F3,349.262
tusz,tusz_v2.0.6/edf/dev/aaaaahie/s019_2016/01_tcp_ar/aaaaahie_s019_t003.edf,Fp1-F7,293.464
tusz,tusz_v2.0.6/edf/dev/aaaaahie/s019_2016/01_tcp_ar/aaaaahie_s019_t003.edf,Fp2-F4,218.927
tusz,tusz_v2.0.6/edf/dev/aaaaahie/s019_2016/01_tcp_ar/aaaaahie_s019_t003.edf,Fp2-F8,425.723
tusz,tusz_v2.0.6/edf/dev/aaaaahie/s019_2016/01_tcp_ar/aaaaahie_s019_t003.edf,P3-O1,376.534
tusz,tusz_v2.0.6/edf/dev/aaaaahie/s019_2016/01_tcp_ar/aaaaahie_s019_t003.edf,P4-O2,208.637
tusz,tusz_v2.0.6/edf/dev/aaaaahie/s019_2016/01_tcp_ar/aaaaahie_s019_t015.edf,Cz-Pz,2152.709
tusz,tusz_v2.0.6/edf/dev/aaaaahie/s019_2016/01_tcp_ar/aaaaahie_s019_t015.edf,F3-C3,516.908
tusz,tusz_v2.0.6/edf/dev/aaaaahie/s019_2016/01_tcp_ar/aaaaahie_s019_t015.edf,F7-T7,0.0
tusz,tusz_v2.0.6/edf/dev/aaaaahie/s019_2016/01_tcp_ar/aaaaahie_s019_t015.edf,Fp1-F3,834.046
tusz,tusz_v2.0.6/edf/dev/aaaaahie/s019_2016/01_tcp_ar/aaaaahie_s019_t015.edf,Fp1-F7,200.439
tusz,tusz_v2.0.6/edf/dev/aaaaahie/s019_2016/01_tcp_ar/aaaaahie_s019_t015.edf,Fz-Cz,2974.29
tusz,tusz_v2.0.6/edf/dev/aaaaahie/s019_2016/01_tcp_ar/aaaaahie_s019_t015.edf,P3-O1,808.949
tusz,tusz_v2.0.6/edf/dev/aaaaahie/s019_2016/01_tcp_ar/aaaaahie_s019_t015.edf,P7-O1,979.607
tusz,tusz_v2.0.6/edf/dev/aaaaahie/s026_2016/01_tcp_ar/aaaaahie_s026_t004.edf,T8-P8,215.497
tusz,tusz_v2.0.6/edf/dev/aaaaaict/s001_2008/02_tcp_le/aaaaaict_s001_t000.edf,C3-P3,828.625
tusz,tusz_v2.0.6/edf/dev/aaaaaict/s001_2008/02_tcp_le/aaaaaict_s001_t000.edf,F3-C3,856.642
tusz,tusz_v2.0.6/edf/dev/aaaaaict/s001_2008/02_tcp_le/aaaaaict_s001_t001.edf,C3-P3,386.711
tusz,tusz_v2.0.6/edf/dev/aaaaaict/s001_2008/02_tcp_le/aaaaaict_s001_t001.edf,F3-C3,399.764
tusz,tusz_v2.0.6/edf/dev/aaaaaict/s001_2008/02_tcp_le/aaaaaict_s001_t001.edf,F7-T7,1142.073
tusz,tusz_v2.0.6/edf/dev/aaaaaict/s001_2008/02_tcp_le/aaaaaict_s001_t001.edf,T7-P7,1205.851
tusz,tusz_v2.0.6/edf/dev/aaaaaict/s001_2008/02_tcp_le/aaaaaict_s001_t002.edf,C3-P3,241.616
tusz,tusz_v2.0.6/edf/dev/aaaaaict/s001_2008/02_tcp_le/aaaaaict_s001_t002.edf,F3-C3,256.439
tusz,tusz_v2.0.6/edf/dev/aaaaaict/s001_2008/02_tcp_le/aaaaaict_s001_t002.edf,F7-T7,314.037
tusz,tusz_v2.0.6/edf/dev/aaaaaict/s001_2008/02_tcp_le/aaaaaict_s001_t002.edf,T7-P7,359.276
tusz,tusz_v2.0.6/edf/dev/aaaaaict/s005_2011/03_tcp_ar_a/aaaaaict_s005_t009.edf,Cz-Pz,237.804
tusz,tusz_v2.0.6/edf/dev/aaaaaict/s005_2011/03_tcp_ar_a/aaaaaict_s005_t009.edf,F7-T7,229.998
tusz,tusz_v2.0.6/edf/dev/aaaaaict/s005_2011/03_tcp_ar_a/aaaaaict_s005_t009.edf,Fp1-F3,308.896
tusz,tusz_v2.0.6/edf/dev/aaaaaict/s005_2011/03_tcp_ar_a/aaaaaict_s005_t009.edf,Fp1-F7,304.375
tusz,tusz_v2.0.6/edf/dev/aaaaaict/s005_2011/03_tcp_ar_a/aaaaaict_s005_t009.edf,Fp2-F4,352.009
tusz,tusz_v2.0.6/edf/dev/aaaaaict/s005_2011/03_tcp_ar_a/aaaaaict_s005_t009.edf,Fp2-F8,350.524
tusz,tusz_v2.0.6/edf/dev/aaaaaict/s005_2011/03_tcp_ar_a/aaaaaict_s005_t009.edf,Fz-Cz,217.505
tusz,tusz_v2.0.6/edf/dev/aaaaaict/s005_2011/03_tcp_ar_a/aaaaaict_s005_t009.edf,T7-P7,228.681
tusz,tusz_v2.0.6/edf/dev/aaaaaict/s006_2011/03_tcp_ar_a/aaaaaict_s006_t007.edf,Cz-Pz,375.363
tusz,tusz_v2.0.6/edf/dev/aaaaaict/s006_2011/03_tcp_ar_a/aaaaaict_s006_t008.edf,Cz-Pz,245.7
tusz,tusz_v2.0.6/edf/dev/aaaaaict/s006_2011/03_tcp_ar_a/aaaaaict_s006_t009.edf,Cz-Pz,408.436
tusz,tusz_v2.0.6/edf/dev/aaaaaict/s006_2011/03_tcp_ar_a/aaaaaict_s006_t010.edf,Cz-Pz,346.932
tusz,tusz_v2.0.6/edf/dev/aaaaaict/s006_2011/03_tcp_ar_a/aaaaaict_s006_t011.edf,Cz-Pz,360.679
tusz,tusz_v2.0.6/edf/dev/aaaaaiij/s004_2016/01_tcp_ar/aaaaaiij_s004_t003.edf,F4-C4,451.231
tusz,tusz_v2.0.6/edf/dev/aaaaaiij/s004_2016/01_tcp_ar/aaaaaiij_s004_t003.edf,Fp2-F4,603.864
tusz,tusz_v2.0.6/edf/dev/aaaaaiij/s004_2016/01_tcp_ar/aaaaaiij_s004_t003.edf,Fp2-F8,591.265
tusz,tusz_v2.0.6/edf/dev/aaaaaiij/s004_2016/01_tcp_ar/aaaaaiij_s004_t004.edf,F4-C4,318.213
tusz,tusz_v2.0.6/edf/dev/aaaaaiij/s004_2016/01_tcp_ar/aaaaaiij_s004_t004.edf,Fp2-F4,450.245
tusz,tusz_v2.0.6/edf/dev/aaaaaiij/s004_2016/01_tcp_ar/aaaaaiij_s004_t004.edf,Fp2-F8,855.683
tusz,tusz_v2.0.6/edf/dev/aaaaakcy/s009_2015/01_tcp_ar/aaaaakcy_s009_t000.edf,F8-T8,0.837
tusz,tusz_v2.0.6/edf/dev/aaaaakcy/s009_2015/01_tcp_ar/aaaaakcy_s009_t000.edf,Fp1-F3,1301.848
tusz,tusz_v2.0.6/edf/dev/aaaaakcy/s009_2015/01_tcp_ar/aaaaakcy_s009_t000.edf,Fp1-F7,1301.513
tusz,tusz_v2.0.6/edf/dev/aaaaakcy/s009_2015/01_tcp_ar/aaaaakcy_s009_t001.edf,Fp1-F3,1655.962
tusz,tusz_v2.0.6/edf/dev/aaaaakcy/s009_2015/01_tcp_ar/aaaaakcy_s009_t001.edf,Fp1-F7,1659.894
tusz,tusz_v2.0.6/edf/dev/aaaaalhp/s003_2013/01_tcp_ar/aaaaalhp_s003_t011.edf,F7-T7,384.816
tusz,tusz_v2.0.6/edf/dev/aaaaalhp/s003_2013/01_tcp_ar/aaaaalhp_s003_t011.edf,Fp1-F7,382.557
tusz,tusz_v2.0.6/edf/dev/aaaaalhp/s004_2013/01_tcp_ar/aaaaalhp_s004_t000.edf,F7-T7,1068.951
tusz,tusz_v2.0.6/edf/dev/aaaaalhp/s004_2013/01_tcp_ar/aaaaalhp_s004_t000.edf,Fp1-F7,476.837
tusz,tusz_v2.0.6/edf/dev/aaaaalhp/s004_2013/01_tcp_ar/aaaaalhp_s004_t000.edf,T7-P7,869.683
tusz,tusz_v2.0.6/edf/dev/aaaaalhp/s004_2013/01_tcp_ar/aaaaalhp_s004_t004.edf,F7-T7,512.474
tusz,tusz_v2.0.6/edf/dev/aaaaalhp/s004_2013/01_tcp_ar/aaaaalhp_s004_t004.edf,Fp1-F7,517.493
tusz,tusz_v2.0.6/edf/dev/aaaaalhp/s004_2013/01_tcp_ar/aaaaalhp_s004_t006.edf,C3-P3,4151.659
tusz,tusz_v2.0.6/edf/dev/aaaaalhp/s004_2013/01_tcp_ar/aaaaalhp_s004_t006.edf,C4-P4,2173.623
tusz,tusz_v2.0.6/edf/dev/aaaaalhp/s004_2013/01_tcp_ar/aaaaalhp_s004_t006.edf,Cz-Pz,3358.855
tusz,tusz_v2.0.6/edf/dev/aaaaalhp/s004_2013/01_tcp_ar/aaaaalhp_s004_t006.edf,F3-C3,3138.924
tusz,tusz_v2.0.6/edf/dev/aaaaalhp/s004_2013/01_tcp_ar/aaaaalhp_s004_t006.edf,F4-C4,2875.409
tusz,tusz_v2.0.6/edf/dev/aaaaalhp/s004_2013/01_tcp_ar/aaaaalhp_s004_t006.edf,F7-T7,2524.474
tusz,tusz_v2.0.6/edf/dev/aaaaalhp/s004_2013/01_tcp_ar/aaaaalhp_s004_t006.edf,F8-T8,1280.934
tusz,tusz_v2.0.6/edf/dev/aaaaalhp/s004_2013/01_tcp_ar/aaaaalhp_s004_t006.edf,Fp1-F3,466.045
tusz,tusz_v2.0.6/edf/dev/aaaaalhp/s004_2013/01_tcp_ar/aaaaalhp_s004_t006.edf,Fp1-F7,2072.567
tusz,tusz_v2.0.6/edf/dev/aaaaalhp/s004_2013/01_tcp_ar/aaaaalhp_s004_t006.edf,Fp2-F4,1501.617
tusz,tusz_v2.0.6/edf/dev/aaaaalhp/s004_2013/01_tcp_ar/aaaaalhp_s004_t006.edf,Fp2-F8,2763.394
tusz,tusz_v2.0.6/edf/dev/aaaaalhp/s004_2013/01_tcp_ar/aaaaalhp_s004_t006.edf,Fz-Cz,1657.384
tusz,tusz_v2.0.6/edf/dev/aaaaalhp/s004_2013/01_tcp_ar/aaaaalhp_s004_t006.edf,P3-O1,4880.299
tusz,tusz_v2.0.6/edf/dev/aaaaalhp/s004_2013/01_tcp_ar/aaaaalhp_s004_t006.edf,P4-O2,2605.536
tusz,tusz_v2.0.6/edf/dev/aaaaalhp/s004_2013/01_tcp_ar/aaaaalhp_s004_t006.edf,P7-O1,246.617
tusz,tusz_v2.0.6/edf/dev/aaaaalhp/s004_2013/01_tcp_ar/aaaaalhp_s004_t006.edf,P8-O2,4336.119
tusz,tusz_v2.0.6/edf/dev/aaaaalhp/s004_2013/01_tcp_ar/aaaaalhp_s004_t006.edf,T7-P7,1172.767
tusz,tusz_v2.0.6/edf/dev/aaaaalhp/s004_2013/01_tcp_ar/aaaaalhp_s004_t006.edf,T8-P8,3404.029
tusz,tusz_v2.0.6/edf/dev/aaaaalhp/s004_2013/01_tcp_ar/aaaaalhp_s004_t007.edf,C3-P3,4274.298
tusz,tusz_v2.0.6/edf/dev/aaaaalhp/s004_2013/01_tcp_ar/aaaaalhp_s004_t007.edf,C4-P4,2303.456
tusz,tusz_v2.0.6/edf/dev/aaaaalhp/s004_2013/01_tcp_ar/aaaaalhp_s004_t007.edf,Cz-Pz,4761.926
tusz,tusz_v2.0.6/edf/dev/aaaaalhp/s004_2013/01_tcp_ar/aaaaalhp_s004_t007.edf,F3-C3,2840.525
tusz,tusz_v2.0.6/edf/dev/aaaaalhp/s004_2013/01_tcp_ar/aaaaalhp_s004_t007.edf,F4-C4,2768.414
tusz,tusz_v2.0.6/edf/dev/aaaaalhp/s004_2013/01_tcp_ar/aaaaalhp_s004_t007.edf,F7-T7,2568.059
tusz,tusz_v2.0.6/edf/dev/aaaaalhp/s004_2013/01_tcp_ar/aaaaalhp_s004_t007.edf,F8-T8,1466.482
tusz,tusz_v2.0.6/edf/dev/aaaaalhp/s004_2013/01_tcp_ar/aaaaalhp_s004_t007.edf,Fp1-F3,249.294
tusz,tusz_v2.0.6/edf/dev/aaaaalhp/s004_2013/01_tcp_ar/aaaaalhp_s004_t007.edf,Fp1-F7,2182.908
tusz,tusz_v2.0.6/edf/dev/aaaaalhp/s004_2013/01_tcp_ar/aaaaalhp_s004_t007.edf,Fp2-F4,1411.018
tusz,tusz_v2.0.6/edf/dev/aaaaalhp/s004_2013/01_tcp_ar/aaaaalhp_s004_t007.edf,Fp2-F8,2611.309
tusz,tusz_v2.0.6/edf/dev/aaaaalhp/s004_2013/01_tcp_ar/aaaaalhp_s004_t007.edf,Fz-Cz,1429.088
tusz,tusz_v2.0.6/edf/dev/aaaaalhp/s004_2013/01_tcp_ar/aaaaalhp_s004_t007.edf,P3-O1,4353.603
tusz,tusz_v2.0.6/edf/dev/aaaaalhp/s004_2013/01_tcp_ar/aaaaalhp_s004_t007.edf,P4-O2,2565.047
tusz,tusz_v2.0.6/edf/dev/aaaaalhp/s004_2013/01_tcp_ar/aaaaalhp_s004_t007.edf,P7-O1,560.994
tusz,tusz_v2.0.6/edf/dev/aaaaalhp/s004_2013/01_tcp_ar/aaaaalhp_s004_t007.edf,P8-O2,4274.047
tusz,tusz_v2.0.6/edf/dev/aaaaalhp/s004_2013/01_tcp_ar/aaaaalhp_s004_t007.edf,T7-P7,1273.74
tusz,tusz_v2.0.6/edf/dev/aaaaalhp/s004_2013/01_tcp_ar/aaaaalhp_s004_t007.edf,T8-P8,3633.161
tusz,tusz_v2.0.6/edf/dev/aaaaamnd/s008_2012/01_tcp_ar/aaaaamnd_s008_t011.edf,Cz-Pz,437.686
tusz,tusz_v2.0.6/edf/dev/aaaaamnd/s008_2012/01_tcp_ar/aaaaamnd_s008_t011.edf,Fp2-F4,831.369
tusz,tusz_v2.0.6/edf/dev/aaaaamnd/s008_2012/01_tcp_ar/aaaaamnd_s008_t011.edf,Fp2-F8,841.324
tusz,tusz_v2.0.6/edf/dev/aaaaamnd/s016_2014/01_tcp_ar/aaaaamnd_s016_t014.edf,C4-P4,374.108
tusz,tusz_v2.0.6/edf/dev/aaaaamnd/s016_2014/01_tcp_ar/aaaaamnd_s016_t014.edf,Fp2-F8,213.322
tusz,tusz_v2.0.6/edf/dev/aaaaamnd/s016_2014/01_tcp_ar/aaaaamnd_s016_t014.edf,P4-O2,386.489
tusz,tusz_v2.0.6/edf/dev/aaaaamnd/s016_2014/01_tcp_ar/aaaaamnd_s016_t015.edf,C4-P4,1772.996
tusz,tusz_v2.0.6/edf/dev/aaaaamnd/s016_2014/01_tcp_ar/aaaaamnd_s016_t015.edf,F7-T7,3901.947
tusz,tusz_v2.0.6/edf/dev/aaaaamnd/s016_2014/01_tcp_ar/aaaaamnd_s016_t015.edf,F8-T8,1571.804
tusz,tusz_v2.0.6/edf/dev/aaaaamnd/s016_2014/01_tcp_ar/aaaaamnd_s016_t015.edf,Fp1-F3,4968.555
tusz,tusz_v2.0.6/edf/dev/aaaaamnd/s016_2014/01_tcp_ar/aaaaamnd_s016_t015.edf,Fp1-F7,4787.525
tusz,tusz_v2.0.6/edf/dev/aaaaamnd/s016_2014/01_tcp_ar/aaaaamnd_s016_t015.edf,Fp2-F8,1582.931
tusz,tusz_v2.0.6/edf/dev/aaaaamnd/s016_2014/01_tcp_ar/aaaaamnd_s016_t015.edf,P4-O2,1734.766
tusz,tusz_v2.0.6/edf/dev/aaaaamnd/s016_2014/01_tcp_ar/aaaaamnd_s016_t015.edf,T7-P7,3967.533
tusz,tusz_v2.0.6/edf/dev/aaaaamnd/s016_2014/01_tcp_ar/aaaaamnd_s016_t016.edf,C4-P4,561.496
tusz,tusz_v2.0.6/edf/dev/aaaaamnd/s016_2014/01_tcp_ar/aaaaamnd_s016_t016.edf,F7-T7,1585.273
tusz,tusz_v2.0.6/edf/dev/aaaaamnd/s016_2014/01_tcp_ar/aaaaamnd_s016_t016.edf,Fp1-F3,1541.605
tusz,tusz_v2.0.6/edf/dev/aaaaamnd/s016_2014/01_tcp_ar/aaaaamnd_s016_t016.edf,Fp1-F7,1521.193
tusz,tusz_v2.0.6/edf/dev/aaaaamnd/s016_2014/01_tcp_ar/aaaaamnd_s016_t016.edf,P4-O2,616.876
tusz,tusz_v2.0.6/edf/dev/aaaaamnd/s016_2014/01_tcp_ar/aaaaamnd_s016_t016.edf,T7-P7,1597.487
tusz,tusz_v2.0.6/edf/dev/aaaaamnd/s016_2014/01_tcp_ar/aaaaamnd_s016_t017.edf,C4-P4,339.223
tusz,tusz_v2.0.6/edf/dev/aaaaamnd/s016_2014/01_tcp_ar/aaaaamnd_s016_t017.edf,F7-T7,283.09
tusz,tusz_v2.0.6/edf/dev/aaaaamnd/s016_2014/01_tcp_ar/aaaaamnd_s016_t017.edf,Fp1-F3,214.827
tusz,tusz_v2.0.6/edf/dev/aaaaamnd/s016_2014/01_tcp_ar/aaaaamnd_s016_t017.edf,Fp1-F7,250.799
tusz,tusz_v2.0.6/edf/dev/aaaaamnd/s016_2014/01_tcp_ar/aaaaamnd_s016_t017.edf,P4-O2,350.851
tusz,tusz_v2.0.6/edf/dev/aaaaamnd/s017_2014/01_tcp_ar/aaaaamnd_s017_t000.edf,C4-P4,308.02
tusz,tusz_v2.0.6/edf/dev/aaaaamnd/s017_2014/01_tcp_ar/aaaaamnd_s017_t000.edf,Fp1-F3,234.068
tusz,tusz_v2.0.6/edf/dev/aaaaamnd/s017_2014/01_tcp_ar/aaaaamnd_s017_t000.edf,Fp1-F7,319.397
tusz,tusz_v2.0.6/edf/dev/aaaaamnd/s017_2014/01_tcp_ar/aaaaamnd_s017_t000.edf,P4-O2,307.852
tusz,tusz_v2.0.6/edf/dev/aaaaamnd/s017_2014/01_tcp_ar/aaaaamnd_s017_t000.edf,T7-P7,305.008
tusz,tusz_v2.0.6/edf/dev/aaaaamnd/s017_2014/01_tcp_ar/aaaaamnd_s017_t001.edf,C3-P3,383.143
tusz,tusz_v2.0.6/edf/dev/aaaaamnd/s017_2014/01_tcp_ar/aaaaamnd_s017_t001.edf,C4-P4,1260.689
tusz,tusz_v2.0.6/edf/dev/aaaaamnd/s017_2014/01_tcp_ar/aaaaamnd_s017_t001.edf,Cz-Pz,940.289
tusz,tusz_v2.0.6/edf/dev/aaaaamnd/s017_2014/01_tcp_ar/aaaaamnd_s017_t001.edf,F3-C3,1229.904
tusz,tusz_v2.0.6/edf/dev/aaaaamnd/s017_2014/01_tcp_ar/aaaaamnd_s017_t001.edf,F4-C4,886.749
tusz,tusz_v2.0.6/edf/dev/aaaaamnd/s017_2014/01_tcp_ar/aaaaamnd_s017_t001.edf,F7-T7,1266.713
tusz,tusz_v2.0.6/edf/dev/aaaaamnd/s017_2014/01_tcp_ar/aaaaamnd_s017_t001.edf,F8-T8,1801.272
tusz,tusz_v2.0.6/edf/dev/aaaaamnd/s017_2014/01_tcp_ar/aaaaamnd_s017_t001.edf,Fp1-F3,2654.558
tusz,tusz_v2.0.6/edf/dev/aaaaamnd/s017_2014/01_tcp_ar/aaaaamnd_s017_t001.edf,Fp1-F7,2434.879
tusz,tusz_v2.0.6/edf/dev/aaaaamnd/s017_2014/01_tcp_ar/aaaaamnd_s017_t001.edf,Fp2-F4,839.567
tusz,tusz_v2.0.6/edf/dev/aaaaamnd/s017_2014/01_tcp_ar/aaaaamnd_s017_t001.edf,Fp2-F8,822.669
tusz,tusz_v2.0.6/edf/dev/aaaaamnd/s017_2014/01_tcp_ar/aaaaamnd_s017_t001.edf,Fz-Cz,1281.018
tusz,tusz_v2.0.6/edf/dev/aaaaamnd/s017_2014/01_tcp_ar/aaaaamnd_s017_t001.edf,P3-O1,1413.612
tusz,tusz_v2.0.6/edf/dev/aaaaamnd/s017_2014/01_tcp_ar/aaaaamnd_s017_t001.edf,P4-O2,814.136
tusz,tusz_v2.0.6/edf/dev/aaaaamnd/s017_2014/01_tcp_ar/aaaaamnd_s017_t001.edf,P7-O1,2193.867
tusz,tusz_v2.0.6/edf/dev/aaaaamnd/s017_2014/01_tcp_ar/aaaaamnd_s017_t001.edf,P8-O2,815.14
tusz,tusz_v2.0.6/edf/dev/aaaaamnd/s017_2014/01_tcp_ar/aaaaamnd_s017_t001.edf,T7-P7,646.825
tusz,tusz_v2.0.6/edf/dev/aaaaamnd/s017_2014/01_tcp_ar/aaaaamnd_s017_t001.edf,T8-P8,1231.996
tusz,tusz_v2.0.6/edf/dev/aaaaamnk/s005_2012/01_tcp_ar/aaaaamnk_s005_t006.edf,F8-T8,1254.834
tusz,tusz_v2.0.6/edf/dev/aaaaamnk/s005_2012/01_tcp_ar/aaaaamnk_s005_t006.edf,Fp2-F8,1260.187
tusz,tusz_v2.0.6/edf/dev/aaaaamnk/s005_2012/01_tcp_ar/aaaaamnk_s005_t007.edf,F8-T8,1025.534
tusz,tusz_v2.0.6/edf/dev/aaaaamnk/s005_2012/01_tcp_ar/aaaaamnk_s005_t007.edf,Fp2-F8,1026.956
tusz,tusz_v2.0.6/edf/dev/aaaaampk/s001_2012/01_tcp_ar/aaaaampk_s001_t000.edf,F7-T7,350.517
tusz,tusz_v2.0.6/edf/dev/aaaaampk/s001_2012/01_tcp_ar/aaaaampk_s001_t000.edf,F8-T8,1137.381
tusz,tusz_v2.0.6/edf/dev/aaaaampk/s001_2012/01_tcp_ar/aaaaampk_s001_t000.edf,Fp1-F7,206.127
tusz,tusz_v2.0.6/edf/dev/aaaaampk/s001_2012/01_tcp_ar/aaaaampk_s001_t000.edf,Fp2-F8,1006.042
tusz,tusz_v2.0.6/edf/dev/aaaaampk/s001_2012/01_tcp_ar/aaaaampk_s001_t000.edf,P7-O1,283.425
tusz,tusz_v2.0.6/edf/dev/aaaaampk/s001_2012/01_tcp_ar/aaaaampk_s001_t000.edf,P8-O2,386.321
tusz,tusz_v2.0.6/edf/dev/aaaaampk/s001_2012/01_tcp_ar/aaaaampk_s001_t001.edf,F7-T7,349.68
tusz,tusz_v2.0.6/edf/dev/aaaaampk/s001_2012/01_tcp_ar/aaaaampk_s001_t001.edf,F8-T8,1134.871
tusz,tusz_v2.0.6/edf/dev/aaaaampk/s001_2012/01_tcp_ar/aaaaampk_s001_t001.edf,Fp1-F7,204.789
tusz,tusz_v2.0.6/edf/dev/aaaaampk/s001_2012/01_tcp_ar/aaaaampk_s001_t001.edf,Fp2-F8,1003.03
tusz,tusz_v2.0.6/edf/dev/aaaaampk/s001_2012/01_tcp_ar/aaaaampk_s001_t001.edf,P7-O1,282.923
tusz,tusz_v2.0.6/edf/dev/aaaaampk/s001_2012/01_tcp_ar/aaaaampk_s001_t001.edf,P8-O2,385.987
tusz,tusz_v2.0.6/edf/dev/aaaaampk/s009_2012/01_tcp_ar/aaaaampk_s009_t003.edf,P3-O1,556.142
tusz,tusz_v2.0.6/edf/dev/aaaaampk/s009_2012/01_tcp_ar/aaaaampk_s009_t003.edf,P7-O1,912.348
tusz,tusz_v2.0.6/edf/dev/aaaaampk/s009_2012/01_tcp_ar/aaaaampk_s009_t003.edf,T7-P7,1437.035
tusz,tusz_v2.0.6/edf/dev/aaaaampk/s009_2012/01_tcp_ar/aaaaampk_s009_t004.edf,P3-O1,1164.486
tusz,tusz_v2.0.6/edf/dev/aaaaampk/s009_2012/01_tcp_ar/aaaaampk_s009_t004.edf,P7-O1,2031.994
tusz,tusz_v2.0.6/edf/dev/aaaaampk/s009_2012/01_tcp_ar/aaaaampk_s009_t004.edf,T7-P7,3001.896
tusz,tusz_v2.0.6/edf/dev/aaaaampk/s009_2012/01_tcp_ar/aaaaampk_s009_t005.edf,P3-O1,1103.584
tusz,tusz_v2.0.6/edf/dev/aaaaampk/s009_2012/01_tcp_ar/aaaaampk_s009_t005.edf,P7-O1,1056.737
tusz,tusz_v2.0.6/edf/dev/aaaaampk/s009_2012/01_tcp_ar/aaaaampk_s009_t005.edf,T7-P7,2041.196
tusz,tusz_v2.0.6/edf/dev/aaaaampk/s009_2012/01_tcp_ar/aaaaampk_s009_t006.edf,P3-O1,1204.64
tusz,tusz_v2.0.6/edf/dev/aaaaampk/s009_2012/01_tcp_ar/aaaaampk_s009_t006.edf,P7-O1,403.722
tusz,tusz_v2.0.6/edf/dev/aaaaampk/s009_2012/01_tcp_ar/aaaaampk_s009_t006.edf,T7-P7,812.463
tusz,tusz_v2.0.6/edf/dev/aaaaampk/s009_2012/01_tcp_ar/aaaaampk_s009_t007.edf,P3-O1,682.629
tusz,tusz_v2.0.6/edf/dev/aaaaampk/s009_2012/01_tcp_ar/aaaaampk_s009_t007.edf,P7-O1,371.096
tusz,tusz_v2.0.6/edf/dev/aaaaampk/s009_2012/01_tcp_ar/aaaaampk_s009_t007.edf,T7-P7,388.329
tusz,tusz_v2.0.6/edf/dev/aaaaampk/s010_2012/01_tcp_ar/aaaaampk_s010_t010.edf,P3-O1,249.126
tusz,tusz_v2.0.6/edf/dev/aaaaampk/s010_2012/01_tcp_ar/aaaaampk_s010_t010.edf,P7-O1,251.385
tusz,tusz_v2.0.6/edf/dev/aaaaamqq/s003_2012/01_tcp_ar/aaaaamqq_s003_t001.edf,C3-P3,1195.94
tusz,tusz_v2.0.6/edf/dev/aaaaamqq/s003_2012/01_tcp_ar/aaaaamqq_s003_t001.edf,C4-P4,4014.631
tusz,tusz_v2.0.6/edf/dev/aaaaamqq/s003_2012/01_tcp_ar/aaaaamqq_s003_t001.edf,F3-C3,2696.386
tusz,tusz_v2.0.6/edf/dev/aaaaamqq/s003_2012/01_tcp_ar/aaaaamqq_s003_t001.edf,F7-T7,1237.935
tusz,tusz_v2.0.6/edf/dev/aaaaamqq/s003_2012/01_tcp_ar/aaaaamqq_s003_t001.edf,F8-T8,1149.428
tusz,tusz_v2.0.6/edf/dev/aaaaamqq/s003_2012/01_tcp_ar/aaaaamqq_s003_t001.edf,Fp1-F3,0.502
tusz,tusz_v2.0.6/edf/dev/aaaaamqq/s003_2012/01_tcp_ar/aaaaamqq_s003_t001.edf,Fp1-F7,3163.017
tusz,tusz_v2.0.6/edf/dev/aaaaamqq/s003_2012/01_tcp_ar/aaaaamqq_s003_t001.edf,Fp2-F4,0.669
tusz,tusz_v2.0.6/edf/dev/aaaaamqq/s003_2012/01_tcp_ar/aaaaamqq_s003_t001.edf,Fp2-F8,3192.129
tusz,tusz_v2.0.6/edf/dev/aaaaamqq/s003_2012/01_tcp_ar/aaaaamqq_s003_t001.edf,P3-O1,1117.471
tusz,tusz_v2.0.6/edf/dev/aaaaamqq/s003_2012/01_tcp_ar/aaaaamqq_s003_t001.edf,P4-O2,808.615
tusz,tusz_v2.0.6/edf/dev/aaaaamqq/s003_2012/01_tcp_ar/aaaaamqq_s003_t001.edf,P7-O1,4155.507
tusz,tusz_v2.0.6/edf/dev/aaaaamqq/s003_2012/01_tcp_ar/aaaaamqq_s003_t001.edf,P8-O2,1134.537
tusz,tusz_v2.0.6/edf/dev/aaaaamqq/s003_2012/01_tcp_ar/aaaaamqq_s003_t001.edf,T7-P7,2569.146
tusz,tusz_v2.0.6/edf/dev/aaaaamqq/s003_2012/01_tcp_ar/aaaaamqq_s003_t001.edf,T8-P8,1189.917
tusz,tusz_v2.0.6/edf/dev/aaaaamqq/s003_2012/01_tcp_ar/aaaaamqq_s003_t002.edf,C3-P3,1072.464
tusz,tusz_v2.0.6/edf/dev/aaaaamqq/s003_2012/01_tcp_ar/aaaaamqq_s003_t002.edf,C4-P4,4666.475
tusz,tusz_v2.0.6/edf/dev/aaaaamqq/s003_2012/01_tcp_ar/aaaaamqq_s003_t002.edf,F3-C3,4335.032
tusz,tusz_v2.0.6/edf/dev/aaaaamqq/s003_2012/01_tcp_ar/aaaaamqq_s003_t002.edf,F7-T7,1164.653
tusz,tusz_v2.0.6/edf/dev/aaaaamqq/s003_2012/01_tcp_ar/aaaaamqq_s003_t002.edf,F8-T8,707.726
tusz,tusz_v2.0.6/edf/dev/aaaaamqq/s003_2012/01_tcp_ar/aaaaamqq_s003_t002.edf,Fp1-F7,3682.518
tusz,tusz_v2.0.6/edf/dev/aaaaamqq/s003_2012/01_tcp_ar/aaaaamqq_s003_t002.edf,Fp2-F8,4539.151
tusz,tusz_v2.0.6/edf/dev/aaaaamqq/s003_2012/01_tcp_ar/aaaaamqq_s003_t002.edf,P3-O1,814.471
tusz,tusz_v2.0.6/edf/dev/aaaaamqq/s003_2012/01_tcp_ar/aaaaamqq_s003_t002.edf,P4-O2,952.502
tusz,tusz_v2.0.6/edf/dev/aaaaamqq/s003_2012/01_tcp_ar/aaaaamqq_s003_t002.edf,P7-O1,4663.129
tusz,tusz_v2.0.6/edf/dev/aaaaamqq/s003_2012/01_tcp_ar/aaaaamqq_s003_t002.edf,T7-P7,4535.972
tusz,tusz_v2.0.6/edf/dev/aaaaamqq/s003_2012/01_tcp_ar/aaaaamqq_s003_t002.edf,T8-P8,2266.731
tusz,tusz_v2.0.6/edf/dev/aaaaamqq/s003_2012/01_tcp_ar/aaaaamqq_s003_t003.edf,C3-P3,4401.538
tusz,tusz_v2.0.6/edf/dev/aaaaamqq/s003_2012/01_tcp_ar/aaaaamqq_s003_t003.edf,C4-P4,3648.554
tusz,tusz_v2.0.6/edf/dev/aaaaamqq/s003_2012/01_tcp_ar/aaaaamqq_s003_t003.edf,F3-C3,4669.487
tusz,tusz_v2.0.6/edf/dev/aaaaamqq/s003_2012/01_tcp_ar/aaaaamqq_s003_t003.edf,F7-T7,3843.137
tusz,tusz_v2.0.6/edf/dev/aaaaamqq/s003_2012/01_tcp_ar/aaaaamqq_s003_t003.edf,F8-T8,734.998
tusz,tusz_v2.0.6/edf/dev/aaaaamqq/s003_2012/01_tcp_ar/aaaaamqq_s003_t003.edf,Fp1-F3,0.502
tusz,tusz_v2.0.6/edf/dev/aaaaamqq/s003_2012/01_tcp_ar/aaaaamqq_s003_t003.edf,Fp1-F7,346.501
tusz,tusz_v2.0.6/edf/dev/aaaaamqq/s003_2012/01_tcp_ar/aaaaamqq_s003_t003.edf,Fp2-F4,0.335
tusz,tusz_v2.0.6/edf/dev/aaaaamqq/s003_2012/01_tcp_ar/aaaaamqq_s003_t003.edf,Fp2-F8,3014.528
tusz,tusz_v2.0.6/edf/dev/aaaaamqq/s003_2012/01_tcp_ar/aaaaamqq_s003_t003.edf,P3-O1,3945.197
tusz,tusz_v2.0.6/edf/dev/aaaaamqq/s003_2012/01_tcp_ar/aaaaamqq_s003_t003.edf,P4-O2,231.057
tusz,tusz_v2.0.6/edf/dev/aaaaamqq/s003_2012/01_tcp_ar/aaaaamqq_s003_t003.edf,P7-O1,4325.16
tusz,tusz_v2.0.6/edf/dev/aaaaamqq/s003_2012/01_tcp_ar/aaaaamqq_s003_t003.edf,T7-P7,3724.179
tusz,tusz_v2.0.6/edf/dev/aaaaamqq/s003_2012/01_tcp_ar/aaaaamqq_s003_t003.edf,T8-P8,1859.998
tusz,tusz_v2.0.6/edf/dev/aaaaamqq/s003_2012/01_tcp_ar/aaaaamqq_s003_t004.edf,C3-P3,530.293
tusz,tusz_v2.0.6/edf/dev/aaaaamqq/s003_2012/01_tcp_ar/aaaaamqq_s003_t004.edf,C4-P4,1792.99
tusz,tusz_v2.0.6/edf/dev/aaaaamqq/s003_2012/01_tcp_ar/aaaaamqq_s003_t004.edf,F3-C3,5343.499
tusz,tusz_v2.0.6/edf/dev/aaaaamqq/s003_2012/01_tcp_ar/aaaaamqq_s003_t004.edf,F4-C4,4140.7
tusz,tusz_v2.0.6/edf/dev/aaaaamqq/s003_2012/01_tcp_ar/aaaaamqq_s003_t004.edf,F7-T7,812.547
tusz,tusz_v2.0.6/edf/dev/aaaaamqq/s003_2012/01_tcp_ar/aaaaamqq_s003_t004.edf,F8-T8,3437.24
tusz,tusz_v2.0.6/edf/dev/aaaaamqq/s003_2012/01_tcp_ar/aaaaamqq_s003_t004.edf,Fp1-F3,379.378
tusz,tusz_v2.0.6/edf/dev/aaaaamqq/s003_2012/01_tcp_ar/aaaaamqq_s003_t004.edf,Fp1-F7,610.937
tusz,tusz_v2.0.6/edf/dev/aaaaamqq/s003_2012/01_tcp_ar/aaaaamqq_s003_t004.edf,P3-O1,293.38
tusz,tusz_v2.0.6/edf/dev/aaaaamqq/s003_2012/01_tcp_ar/aaaaamqq_s003_t004.edf,P4-O2,5383.654
tusz,tusz_v2.0.6/edf/dev/aaaaamqq/s003_2012/01_tcp_ar/aaaaamqq_s003_t004.edf,P7-O1,5153.183
tusz,tusz_v2.0.6/edf/dev/aaaaamqq/s003_2012/01_tcp_ar/aaaaamqq_s003_t004.edf,T8-P8,3435.985
tusz,tusz_v2.0.6/edf/dev/aaaaamqq/s003_2012/01_tcp_ar/aaaaamqq_s003_t005.edf,C4-P4,1846.278
tusz,tusz_v2.0.6/edf/dev/aaaaamqq/s003_2012/01_tcp_ar/aaaaamqq_s003_t005.edf,F3-C3,5144.148
tusz,tusz_v2.0.6/edf/dev/aaaaamqq/s003_2012/01_tcp_ar/aaaaamqq_s003_t005.edf,F4-C4,4207.289
tusz,tusz_v2.0.6/edf/dev/aaaaamqq/s003_2012/01_tcp_ar/aaaaamqq_s003_t005.edf,F7-T7,1002.863
tusz,tusz_v2.0.6/edf/dev/aaaaamqq/s003_2012/01_tcp_ar/aaaaamqq_s003_t005.edf,F8-T8,3445.438
tusz,tusz_v2.0.6/edf/dev/aaaaamqq/s003_2012/01_tcp_ar/aaaaamqq_s003_t005.edf,Fp1-F3,460.942
tusz,tusz_v2.0.6/edf/dev/aaaaamqq/s003_2012/01_tcp_ar/aaaaamqq_s003_t005.edf,Fp1-F7,676.941
tusz,tusz_v2.0.6/edf/dev/aaaaamqq/s003_2012/01_tcp_ar/aaaaamqq_s003_t005.edf,P4-O2,5237.675
tusz,tusz_v2.0.6/edf/dev/aaaaamqq/s003_2012/01_tcp_ar/aaaaamqq_s003_t005.edf,P7-O1,4941.534
tusz,tusz_v2.0.6/edf/dev/aaaaamqq/s003_2012/01_tcp_ar/aaaaamqq_s003_t005.edf,P8-O2,213.991
tusz,tusz_v2.0.6/edf/dev/aaaaamqq/s003_2012/01_tcp_ar/aaaaamqq_s003_t005.edf,T7-P7,223.193
tusz,tusz_v2.0.6/edf/dev/aaaaamqq/s003_2012/01_tcp_ar/aaaaamqq_s003_t005.edf,T8-P8,3369.479
tusz,tusz_v2.0.6/edf/dev/aaaaamqq/s009_2012/01_tcp_ar/aaaaamqq_s009_t000.edf,F7-T7,1307.871
tusz,tusz_v2.0.6/edf/dev/aaaaamqq/s009_2012/01_tcp_ar/aaaaamqq_s009_t000.edf,T7-P7,1307.537
tusz,tusz_v2.0.6/edf/dev/aaaaamqq/s011_2012/01_tcp_ar/aaaaamqq_s011_t006.edf,C3-P3,211.816
tusz,tusz_v2.0.6/edf/dev/aaaaamqq/s011_2012/01_tcp_ar/aaaaamqq_s011_t006.edf,F7-T7,279.242
tusz,tusz_v2.0.6/edf/dev/aaaaamqq/s011_2012/01_tcp_ar/aaaaamqq_s011_t006.edf,F8-T8,256.153
tusz,tusz_v2.0.6/edf/dev/aaaaamqq/s011_2012/01_tcp_ar/aaaaamqq_s011_t006.edf,Fp1-F7,291.289
tusz,tusz_v2.0.6/edf/dev/aaaaamqq/s011_2012/01_tcp_ar/aaaaamqq_s011_t006.edf,Fp2-F8,290.787
tusz,tusz_v2.0.6/edf/dev/aaaaamva/s004_2016/01_tcp_ar/aaaaamva_s004_t046.edf,C3-P3,238.335
tusz,tusz_v2.0.6/edf/dev/aaaaamva/s004_2016/01_tcp_ar/aaaaamva_s004_t046.edf,F3-C3,530.125
tusz,tusz_v2.0.6/edf/dev/aaaaamva/s004_2016/01_tcp_ar/aaaaamva_s004_t046.edf,P3-O1,398.702
tusz,tusz_v2.0.6/edf/dev/aaaaamva/s005_2016/01_tcp_ar/aaaaamva_s005_t004.edf,P8-O2,259.918
tusz,tusz_v2.0.6/edf/dev/aaaaamva/s006_2016/01_tcp_ar/aaaaamva_s006_t011.edf,F3-C3,4563.997
tusz,tusz_v2.0.6/edf/dev/aaaaamva/s006_2016/01_tcp_ar/aaaaamva_s006_t011.edf,F7-T7,4033.202
tusz,tusz_v2.0.6/edf/dev/aaaaamva/s006_2016/01_tcp_ar/aaaaamva_s006_t011.edf,Fp1-F3,4251.794
tusz,tusz_v2.0.6/edf/dev/aaaaamva/s006_2016/01_tcp_ar/aaaaamva_s006_t011.edf,P3-O1,256.321
tusz,tusz_v2.0.6/edf/dev/aaaaamva/s006_2016/01_tcp_ar/aaaaamva_s006_t011.edf,P7-O1,0.0
tusz,tusz_v2.0.6/edf/dev/aaaaamva/s006_2016/01_tcp_ar/aaaaamva_s006_t011.edf,T7-P7,3695.234
tusz,tusz_v2.0.6/edf/dev/aaaaandx/s001_2012/01_tcp_ar/aaaaandx_s001_t000.edf,F8-T8,559.325
tusz,tusz_v2.0.6/edf/dev/aaaaandx/s001_2012/01_tcp_ar/aaaaandx_s001_t000.edf,Fp2-F8,561.199
tusz,tusz_v2.0.6/edf/dev/aaaaaoek/s008_2013/01_tcp_ar/aaaaaoek_s008_t004.edf,F8-T8,265.69
tusz,tusz_v2.0.6/edf/dev/aaaaaoek/s008_2013/01_tcp_ar/aaaaaoek_s008_t004.edf,T8-P8,268.702
tusz,tusz_v2.0.6/edf/dev/aaaaaoek/s026_2013/01_tcp_ar/aaaaaoek_s026_t003.edf,F8-T8,287.106
tusz,tusz_v2.0.6/edf/dev/aaaaaoek/s026_2013/01_tcp_ar/aaaaaoek_s026_t003.edf,Fp2-F8,292.125
tusz,tusz_v2.0.6/edf/dev/aaaaaoek/s034_2013/01_tcp_ar/aaaaaoek_s034_t010.edf,Cz-Pz,445.55
tusz,tusz_v2.0.6/edf/dev/aaaaaoek/s034_2013/01_tcp_ar/aaaaaoek_s034_t010.edf,Fz-Cz,336.546
tusz,tusz_v2.0.6/edf/dev/aaaaaoek/s035_2013/01_tcp_ar/aaaaaoek_s035_t000.edf,Cz-Pz,453.58
tusz,tusz_v2.0.6/edf/dev/aaaaaoek/s035_2013/01_tcp_ar/aaaaaoek_s035_t000.edf,Fz-Cz,411.92
tusz,tusz_v2.0.6/edf/dev/aaaaaoiz/s004_2013/01_tcp_ar/aaaaaoiz_s004_t000.edf,F7-T7,1946.163
tusz,tusz_v2.0.6/edf/dev/aaaaaoiz/s004_2013/01_tcp_ar/aaaaaoiz_s004_t000.edf,Fp1-F7,2333.488
tusz,tusz_v2.0.6/edf/dev/aaaaaoiz/s004_2013/01_tcp_ar/aaaaaoiz_s004_t000.edf,Fz-Cz,1087.522
tusz,tusz_v2.0.6/edf/dev/aaaaaoiz/s004_2013/01_tcp_ar/aaaaaoiz_s004_t000.edf,P3-O1,3704.603
tusz,tusz_v2.0.6/edf/dev/aaaaaoiz/s004_2013/01_tcp_ar/aaaaaoiz_s004_t000.edf,P7-O1,3656.083
tusz,tusz_v2.0.6/edf/dev/aaaaaoiz/s004_2013/01_tcp_ar/aaaaaoiz_s004_t000.edf,T7-P7,365.408
tusz,tusz_v2.0.6/edf/dev/aaaaaoiz/s006_2013/01_tcp_ar/aaaaaoiz_s006_t005.edf,P3-O1,213.656
tusz,tusz_v2.0.6/edf/dev/aaaaaoiz/s006_2013/01_tcp_ar/aaaaaoiz_s006_t005.edf,P7-O1,208.804
tusz,tusz_v2.0.6/edf/dev/aaaaaoiz/s006_2013/01_tcp_ar/aaaaaoiz_s006_t006.edf,P3-O1,401.379
tusz,tusz_v2.0.6/edf/dev/aaaaaoiz/s006_2013/01_tcp_ar/aaaaaoiz_s006_t006.edf,P7-O1,397.866
tusz,tusz_v2.0.6/edf/dev/aaaaaoiz/s006_2013/01_tcp_ar/aaaaaoiz_s006_t007.edf,P3-O1,1762.037
tusz,tusz_v2.0.6/edf/dev/aaaaaoiz/s006_2013/01_tcp_ar/aaaaaoiz_s006_t007.edf,P7-O1,1713.433
tusz,tusz_v2.0.6/edf/dev/aaaaaoiz/s006_2013/01_tcp_ar/aaaaaoiz_s006_t008.edf,F7-T7,586.76
tusz,tusz_v2.0.6/edf/dev/aaaaaoiz/s006_2013/01_tcp_ar/aaaaaoiz_s006_t008.edf,Fz-Cz,464.958
tusz,tusz_v2.0.6/edf/dev/aaaaaoiz/s006_2013/01_tcp_ar/aaaaaoiz_s006_t008.edf,P3-O1,4667.813
tusz,tusz_v2.0.6/edf/dev/aaaaaoiz/s006_2013/01_tcp_ar/aaaaaoiz_s006_t008.edf,P7-O1,4443.115
tusz,tusz_v2.0.6/edf/dev/aaaaaoiz/s006_2013/01_tcp_ar/aaaaaoiz_s006_t008.edf,T7-P7,428.317
tusz,tusz_v2.0.6/edf/dev/aaaaaoiz/s006_2013/01_tcp_ar/aaaaaoiz_s006_t009.edf,F7-T7,1363.669
tusz,tusz_v2.0.6/edf/dev/aaaaaoiz/s006_2013/01_tcp_ar/aaaaaoiz_s006_t009.edf,Fp1-F7,2103.603
tusz,tusz_v2.0.6/edf/dev/aaaaaoiz/s006_2013/01_tcp_ar/aaaaaoiz_s006_t009.edf,Fz-Cz,616.625
tusz,tusz_v2.0.6/edf/dev/aaaaaoiz/s006_2013/01_tcp_ar/aaaaaoiz_s006_t009.edf,P3-O1,4588.508
tusz,tusz_v2.0.6/edf/dev/aaaaaoiz/s006_2013/01_tcp_ar/aaaaaoiz_s006_t009.edf,P7-O1,4413.835
tusz,tusz_v2.0.6/edf/dev/aaaaaoiz/s006_2013/01_tcp_ar/aaaaaoiz_s006_t009.edf,T7-P7,560.158
tusz,tusz_v2.0.6/edf/dev/aaaaaoiz/s006_2013/01_tcp_ar/aaaaaoiz_s006_t010.edf,F7-T7,818.653
tusz,tusz_v2.0.6/edf/dev/aaaaaoiz/s006_2013/01_tcp_ar/aaaaaoiz_s006_t010.edf,Fp1-F7,1408.592
tusz,tusz_v2.0.6/edf/dev/aaaaaoiz/s006_2013/01_tcp_ar/aaaaaoiz_s006_t010.edf,Fz-Cz,254.313
tusz,tusz_v2.0.6/edf/dev/aaaaaoiz/s006_2013/01_tcp_ar/aaaaaoiz_s006_t010.edf,P3-O1,2984.831
tusz,tusz_v2.0.6/edf/dev/aaaaaoiz/s006_2013/01_tcp_ar/aaaaaoiz_s006_t010.edf,P7-O1,2811.162
tusz,tusz_v2.0.6/edf/dev/aaaaaoiz/s006_2013/01_tcp_ar/aaaaaoiz_s006_t010.edf,T7-P7,373.773
tusz,tusz_v2.0.6/edf/dev/aaaaaoiz/s007_2016/01_tcp_ar/aaaaaoiz_s007_t000.edf,C3-P3,0.524
tusz,tusz_v2.0.6/edf/dev/aaaaaoiz/s007_2016/01_tcp_ar/aaaaaoiz_s007_t000.edf,F4-C4,0.951
tusz,tusz_v2.0.6/edf/dev/aaaaaoiz/s007_2016/01_tcp_ar/aaaaaoiz_s007_t000.edf,F8-T8,0.287
tusz,tusz_v2.0.6/edf/dev/aaaaaoiz/s007_2016/01_tcp_ar/aaaaaoiz_s007_t000.edf,P4-O2,0.918
tusz,tusz_v2.0.6/edf/dev/aaaaaoiz/s007_2016/01_tcp_ar/aaaaaoiz_s007_t000.edf,T8-P8,0.475
tusz,tusz_v2.0.6/edf/dev/aaaaaoiz/s008_2016/01_tcp_ar/aaaaaoiz_s008_t004.edf,P4-O2,380.8
tusz,tusz_v2.0.6/edf/dev/aaaaaoiz/s008_2016/01_tcp_ar/aaaaaoiz_s008_t004.edf,P8-O2,371.431
tusz,tusz_v2.0.6/edf/dev/aaaaaool/s005_2013/01_tcp_ar/aaaaaool_s005_t007.edf,Fz-Cz,529.038
tusz,tusz_v2.0.6/edf/dev/aaaaaool/s011_2013/01_tcp_ar/aaaaaool_s011_t008.edf,C4-P4,218.676
tusz,tusz_v2.0.6/edf/dev/aaaaaool/s011_2013/01_tcp_ar/aaaaaool_s011_t008.edf,F4-C4,251.134
tusz,tusz_v2.0.6/edf/dev/aaaaaopm/s003_2013/01_tcp_ar/aaaaaopm_s003_t000.edf,C3-P3,0.0
tusz,tusz_v2.0.6/edf/dev/aaaaaopm/s003_2013/01_tcp_ar/aaaaaopm_s003_t000.edf,C4-P4,0.0
tusz,tusz_v2.0.6/edf/dev/aaaaaopm/s003_2013/01_tcp_ar/aaaaaopm_s003_t000.edf,Cz-Pz,0.0
tusz,tusz_v2.0.6/edf/dev/aaaaaopm/s003_2013/01_tcp_ar/aaaaaopm_s003_t000.edf,F3-C3,0.0
tusz,tusz_v2.0.6/edf/dev/aaaaaopm/s003_2013/01_tcp_ar/aaaaaopm_s003_t000.edf,F4-C4,0.0
tusz,tusz_v2.0.6/edf/dev/aaaaaopm/s003_2013/01_tcp_ar/aaaaaopm_s003_t000.edf,F7-T7,0.0
tusz,tusz_v2.0.6/edf/dev/aaaaaopm/s003_2013/01_tcp_ar/aaaaaopm_s003_t000.edf,F8-T8,0.0
tusz,tusz_v2.0.6/edf/dev/aaaaaopm/s003_2013/01_tcp_ar/aaaaaopm_s003_t000.edf,Fp1-F3,0.0
tusz,tusz_v2.0.6/edf/dev/aaaaaopm/s003_2013/01_tcp_ar/aaaaaopm_s003_t000.edf,Fp1-F7,0.0
tusz,tusz_v2.0.6/edf/dev/aaaaaopm/s003_2013/01_tcp_ar/aaaaaopm_s003_t000.edf,Fp2-F4,0.0
tusz,tusz_v2.0.6/edf/dev/aaaaaopm/s003_2013/01_tcp_ar/aaaaaopm_s003_t000.edf,Fp2-F8,0.0
tusz,tusz_v2.0.6/edf/dev/aaaaaopm/s003_2013/01_tcp_ar/aaaaaopm_s003_t000.edf,Fz-Cz,0.0
tusz,tusz_v2.0.6/edf/dev/aaaaaopm/s003_2013/01_tcp_ar/aaaaaopm_s003_t000.edf,P3-O1,0.0
tusz,tusz_v2.0.6/edf/dev/aaaaaopm/s003_2013/01_tcp_ar/aaaaaopm_s003_t000.edf,P4-O2,0.0
tusz,tusz_v2.0.6/edf/dev/aaaaaopm/s003_2013/01_tcp_ar/aaaaaopm_s003_t000.edf,P7-O1,0.0
tusz,tusz_v2.0.6/edf/dev/aaaaaopm/s003_2013/01_tcp_ar/aaaaaopm_s003_t000.edf,P8-O2,0.0
tusz,tusz_v2.0.6/edf/dev/aaaaaopm/s003_2013/01_tcp_ar/aaaaaopm_s003_t000.edf,T7-P7,0.0
tusz,tusz_v2.0.6/edf/dev/aaaaaopm/s003_2013/01_tcp_ar/aaaaaopm_s003_t000.edf,T8-P8,0.0
tusz,tusz_v2.0.6/edf/dev/aaaaaopm/s003_2013/01_tcp_ar/aaaaaopm_s003_t009.edf,C3-P3,213.656
tusz,tusz_v2.0.6/edf/dev/aaaaaopm/s003_2013/01_tcp_ar/aaaaaopm_s003_t009.edf,C4-P4,545.602
tusz,tusz_v2.0.6/edf/dev/aaaaaopm/s003_2013/01_tcp_ar/aaaaaopm_s003_t009.edf,F3-C3,358.213
tusz,tusz_v2.0.6/edf/dev/aaaaaopm/s003_2013/01_tcp_ar/aaaaaopm_s003_t009.edf,F4-C4,1288.798
tusz,tusz_v2.0.6/edf/dev/aaaaaopm/s003_2013/01_tcp_ar/aaaaaopm_s003_t009.edf,Fp1-F3,384.146
tusz,tusz_v2.0.6/edf/dev/aaaaaopm/s003_2013/01_tcp_ar/aaaaaopm_s003_t009.edf,Fp1-F7,812.797
tusz,tusz_v2.0.6/edf/dev/aaaaaopm/s003_2013/01_tcp_ar/aaaaaopm_s003_t009.edf,Fp2-F4,656.696
tusz,tusz_v2.0.6/edf/dev/aaaaaopm/s003_2013/01_tcp_ar/aaaaaopm_s003_t009.edf,Fp2-F8,658.202
tusz,tusz_v2.0.6/edf/dev/aaaaaopm/s003_2013/01_tcp_ar/aaaaaopm_s003_t009.edf,Fz-Cz,616.876
tusz,tusz_v2.0.6/edf/dev/aaaaaopm/s003_2013/01_tcp_ar/aaaaaopm_s003_t009.edf,P3-O1,654.187
tusz,tusz_v2.0.6/edf/dev/aaaaaopm/s003_2013/01_tcp_ar/aaaaaopm_s003_t009.edf,P4-O2,304.172
tusz,tusz_v2.0.6/edf/dev/aaaaaopm/s003_2013/01_tcp_ar/aaaaaopm_s003_t009.edf,P8-O2,634.778
tusz,tusz_v2.0.6/edf/dev/aaaaaopm/s003_2013/01_tcp_ar/aaaaaopm_s003_t009.edf,T8-P8,389.333
tusz,tusz_v2.0.6/edf/dev/aaaaaopm/s003_2013/01_tcp_ar/aaaaaopm_s003_t010.edf,C4-P4,5149.251
tusz,tusz_v2.0.6/edf/dev/aaaaaopm/s003_2013/01_tcp_ar/aaaaaopm_s003_t010.edf,Cz-Pz,1254.081
tusz,tusz_v2.0.6/edf/dev/aaaaaopm/s003_2013/01_tcp_ar/aaaaaopm_s003_t010.edf,F3-C3,2698.896
tusz,tusz_v2.0.6/edf/dev/aaaaaopm/s003_2013/01_tcp_ar/aaaaaopm_s003_t010.edf,F4-C4,4264.928
tusz,tusz_v2.0.6/edf/dev/aaaaaopm/s003_2013/01_tcp_ar/aaaaaopm_s003_t010.edf,F7-T7,9398.703
tusz,tusz_v2.0.6/edf/dev/aaaaaopm/s003_2013/01_tcp_ar/aaaaaopm_s003_t010.edf,F8-T8,856.8
tusz,tusz_v2.0.6/edf/dev/aaaaaopm/s003_2013/01_tcp_ar/aaaaaopm_s003_t010.edf,Fp1-F3,1718.787
tusz,tusz_v2.0.6/edf/dev/aaaaaopm/s003_2013/01_tcp_ar/aaaaaopm_s003_t010.edf,Fp1-F7,2184.498
tusz,tusz_v2.0.6/edf/dev/aaaaaopm/s003_2013/01_tcp_ar/aaaaaopm_s003_t010.edf,Fp2-F4,1576.071
tusz,tusz_v2.0.6/edf/dev/aaaaaopm/s003_2013/01_tcp_ar/aaaaaopm_s003_t010.edf,Fp2-F8,1045.109
tusz,tusz_v2.0.6/edf/dev/aaaaaopm/s003_2013/01_tcp_ar/aaaaaopm_s003_t010.edf,Fz-Cz,1919.644
tusz,tusz_v2.0.6/edf/dev/aaaaaopm/s003_2013/01_tcp_ar/aaaaaopm_s003_t010.edf,P4-O2,5734.171
tusz,tusz_v2.0.6/edf/dev/aaaaaopm/s003_2013/01_tcp_ar/aaaaaopm_s003_t010.edf,P7-O1,2737.21
tusz,tusz_v2.0.6/edf/dev/aaaaaopm/s003_2013/01_tcp_ar/aaaaaopm_s003_t010.edf,P8-O2,5356.633
tusz,tusz_v2.0.6/edf/dev/aaaaaopm/s003_2013/01_tcp_ar/aaaaaopm_s003_t010.edf,T7-P7,4741.347
tusz,tusz_v2.0.6/edf/dev/aaaaaopm/s003_2013/01_tcp_ar/aaaaaopm_s003_t010.edf,T8-P8,1261.191
tusz,tusz_v2.0.6/edf/dev/aaaaaovm/s003_2013/01_tcp_ar/aaaaaovm_s003_t002.edf,Cz-Pz,1842.932
tusz,tusz_v2.0.6/edf/dev/aaaaaovm/s003_2013/01_tcp_ar/aaaaaovm_s003_t003.edf,Cz-Pz,2280.618
tusz,tusz_v2.0.6/edf/dev/aaaaaovm/s003_2013/01_tcp_ar/aaaaaovm_s003_t005.edf,C3-P3,3804.07
tusz,tusz_v2.0.6/edf/dev/aaaaaovm/s003_2013/01_tcp_ar/aaaaaovm_s003_t005.edf,Cz-Pz,1566.701
tusz,tusz_v2.0.6/edf/dev/aaaaaovm/s003_2013/01_tcp_ar/aaaaaovm_s003_t005.edf,Fp1-F3,1678.967
tusz,tusz_v2.0.6/edf/dev/aaaaaovm/s003_2013/01_tcp_ar/aaaaaovm_s003_t005.edf,Fp1-F7,1682.481
tusz,tusz_v2.0.6/edf/dev/aaaaaovm/s003_2013/01_tcp_ar/aaaaaovm_s003_t005.edf,P3-O1,1395.375
tusz,tusz_v2.0.6/edf/dev/aaaaaovm/s003_2013/01_tcp_ar/aaaaaovm_s003_t005.edf,P7-O1,2301.365
tusz,tusz_v2.0.6/edf/dev/aaaaaovm/s007_2014/01_tcp_ar/aaaaaovm_s007_t000.edf,C3-P3,0.964
tusz,tusz_v2.0.6/edf/dev/aaaaaovm/s007_2014/01_tcp_ar/aaaaaovm_s007_t000.edf,C4-P4,0.884
tusz,tusz_v2.0.6/edf/dev/aaaaaovm/s007_2014/01_tcp_ar/aaaaaovm_s007_t000.edf,Cz-Pz,0.82
tusz,tusz_v2.0.6/edf/dev/aaaaaovm/s007_2014/01_tcp_ar/aaaaaovm_s007_t000.edf,F7-T7,0.874
tusz,tusz_v2.0.6/edf/dev/aaaaaovm/s007_2014/01_tcp_ar/aaaaaovm_s007_t000.edf,F8-T8,0.584
tusz,tusz_v2.0.6/edf/dev/aaaaaovm/s007_2014/01_tcp_ar/aaaaaovm_s007_t000.edf,Fp1-F7,0.882
tusz,tusz_v2.0.6/edf/dev/aaaaaovm/s007_2014/01_tcp_ar/aaaaaovm_s007_t000.edf,Fp2-F8,0.894
tusz,tusz_v2.0.6/edf/dev/aaaaaovm/s007_2014/01_tcp_ar/aaaaaovm_s007_t000.edf,Fz-Cz,0.972
tusz,tusz_v2.0.6/edf/dev/aaaaaovm/s007_2014/01_tcp_ar/aaaaaovm_s007_t000.edf,P4-O2,0.807
tusz,tusz_v2.0.6/edf/dev/aaaaaovm/s007_2014/01_tcp_ar/aaaaaovm_s007_t000.edf,P7-O1,0.869
tusz,tusz_v2.0.6/edf/dev/aaaaaovm/s007_2014/01_tcp_ar/aaaaaovm_s007_t000.edf,P8-O2,0.578
tusz,tusz_v2.0.6/edf/dev/aaaaaovm/s007_2014/01_tcp_ar/aaaaaovm_s007_t000.edf,T7-P7,0.726
tusz,tusz_v2.0.6/edf/dev/aaaaaovm/s007_2014/01_tcp_ar/aaaaaovm_s007_t000.edf,T8-P8,0.768
tusz,tusz_v2.0.6/edf/dev/aaaaaoxa/s003_2013/01_tcp_ar/aaaaaoxa_s003_t002.edf,F7-T7,354.7
tusz,tusz_v2.0.6/edf/dev/aaaaaoxa/s003_2013/01_tcp_ar/aaaaaoxa_s003_t002.edf,T7-P7,288.612
tusz,tusz_v2.0.6/edf/dev/aaaaaoxa/s003_2013/01_tcp_ar/aaaaaoxa_s003_t003.edf,F3-C3,782.18
tusz,tusz_v2.0.6/edf/dev/aaaaaoxa/s003_2013/01_tcp_ar/aaaaaoxa_s003_t003.edf,F7-T7,754.573
tusz,tusz_v2.0.6/edf/dev/aaaaaoxa/s003_2013/01_tcp_ar/aaaaaoxa_s003_t003.edf,F8-T8,1416.958
tusz,tusz_v2.0.6/edf/dev/aaaaaoxa/s003_2013/01_tcp_ar/aaaaaoxa_s003_t003.edf,Fp1-F7,377.119
tusz,tusz_v2.0.6/edf/dev/aaaaaoxa/s003_2013/01_tcp_ar/aaaaaoxa_s003_t003.edf,Fp2-F8,1416.791
tusz,tusz_v2.0.6/edf/dev/aaaaaoxa/s003_2013/01_tcp_ar/aaaaaoxa_s003_t003.edf,T7-P7,1169.672
tusz,tusz_v2.0.6/edf/dev/aaaaaoxa/s008_2013/01_tcp_ar/aaaaaoxa_s008_t004.edf,P3-O1,263.348
tusz,tusz_v2.0.6/edf/dev/aaaaaoxa/s008_2013/01_tcp_ar/aaaaaoxa_s008_t004.edf,T7-P7,288.946
tusz,tusz_v2.0.6/edf/dev/aaaaaoys/s002_2013/01_tcp_ar/aaaaaoys_s002_t002.edf,F3-C3,901.138
tusz,tusz_v2.0.6/edf/dev/aaaaaoys/s002_2013/01_tcp_ar/aaaaaoys_s002_t002.edf,Fp1-F3,902.142
tusz,tusz_v2.0.6/edf/dev/aaaaaoys/s002_2013/01_tcp_ar/aaaaaoys_s002_t003.edf,F3-C3,1445.234
tusz,tusz_v2.0.6/edf/dev/aaaaaoys/s002_2013/01_tcp_ar/aaaaaoys_s002_t003.edf,Fp1-F3,1445.736
tusz,tusz_v2.0.6/edf/dev/aaaaaoys/s002_2013/01_tcp_ar/aaaaaoys_s002_t004.edf,F3-C3,501.766
tusz,tusz_v2.0.6/edf/dev/aaaaaoys/s002_2013/01_tcp_ar/aaaaaoys_s002_t004.edf,Fp1-F3,501.933
tusz,tusz_v2.0.6/edf/dev/aaaaaoys/s002_2013/01_tcp_ar/aaaaaoys_s002_t005.edf,F3-C3,2658.574
tusz,tusz_v2.0.6/edf/dev/aaaaaoys/s002_2013/01_tcp_ar/aaaaaoys_s002_t005.edf,Fp1-F3,2658.909
tusz,tusz_v2.0.6/edf/dev/aaaaaoys/s002_2013/01_tcp_ar/aaaaaoys_s002_t006.edf,F3-C3,1594.475
tusz,tusz_v2.0.6/edf/dev/aaaaaoys/s002_2013/01_tcp_ar/aaaaaoys_s002_t006.edf,Fp1-F3,1594.977
tusz,tusz_v2.0.6/edf/dev/aaaaaptf/s008_2013/01_tcp_ar/aaaaaptf_s008_t004.edf,Cz-Pz,340.227
tusz,tusz_v2.0.6/edf/dev/aaaaasgd/s003_2015/01_tcp_ar/aaaaasgd_s003_t000.edf,C3-P3,0.0
tusz,tusz_v2.0.6/edf/dev/aaaaasgd/s003_2015/01_tcp_ar/aaaaasgd_s003_t000.edf,C4-P4,0.0
tusz,tusz_v2.0.6/edf/dev/aaaaasgd/s003_2015/01_tcp_ar/aaaaasgd_s003_t000.edf,Cz-Pz,0.0
tusz,tusz_v2.0.6/edf/dev/aaaaasgd/s003_2015/01_tcp_ar/aaaaasgd_s003_t000.edf,F3-C3,0.0
tusz,tusz_v2.0.6/edf/dev/aaaaasgd/s003_2015/01_tcp_ar/aaaaasgd_s003_t000.edf,F4-C4,0.0
tusz,tusz_v2.0.6/edf/dev/aaaaasgd/s003_2015/01_tcp_ar/aaaaasgd_s003_t000.edf,F7-T7,0.0
tusz,tusz_v2.0.6/edf/dev/aaaaasgd/s003_2015/01_tcp_ar/aaaaasgd_s003_t000.edf,F8-T8,0.0
tusz,tusz_v2.0.6/edf/dev/aaaaasgd/s003_2015/01_tcp_ar/aaaaasgd_s003_t000.edf,Fp1-F3,0.0
tusz,tusz_v2.0.6/edf/dev/aaaaasgd/s003_2015/01_tcp_ar/aaaaasgd_s003_t000.edf,Fp1-F7,0.0
tusz,tusz_v2.0.6/edf/dev/aaaaasgd/s003_2015/01_tcp_ar/aaaaasgd_s003_t000.edf,Fp2-F4,0.0
tusz,tusz_v2.0.6/edf/dev/aaaaasgd/s003_2015/01_tcp_ar/aaaaasgd_s003_t000.edf,Fp2-F8,0.0
tusz,tusz_v2.0.6/edf/dev/aaaaasgd/s003_2015/01_tcp_ar/aaaaasgd_s003_t000.edf,Fz-Cz,0.0
tusz,tusz_v2.0.6/edf/dev/aaaaasgd/s003_2015/01_tcp_ar/aaaaasgd_s003_t000.edf,P3-O1,0.0
tusz,tusz_v2.0.6/edf/dev/aaaaasgd/s003_2015/01_tcp_ar/aaaaasgd_s003_t000.edf,P4-O2,0.0
tusz,tusz_v2.0.6/edf/dev/aaaaasgd/s003_2015/01_tcp_ar/aaaaasgd_s003_t000.edf,P7-O1,0.0
tusz,tusz_v2.0.6/edf/dev/aaaaasgd/s003_2015/01_tcp_ar/aaaaasgd_s003_t000.edf,P8-O2,0.0
tusz,tusz_v2.0.6/edf/dev/aaaaasgd/s003_2015/01_tcp_ar/aaaaasgd_s003_t000.edf,T7-P7,0.0
tusz,tusz_v2.0.6/edf/dev/aaaaasgd/s003_2015/01_tcp_ar/aaaaasgd_s003_t000.edf,T8-P8,0.0
tusz,tusz_v2.0.6/edf/dev/aaaaatgc/s003_2015/03_tcp_ar_a/aaaaatgc_s003_t004.edf,Fp2-F4,241.848
tusz,tusz_v2.0.6/edf/dev/aaaaatgc/s003_2015/03_tcp_ar_a/aaaaatgc_s003_t004.edf,Fp2-F8,268.618
tusz,tusz_v2.0.6/edf/eval/aaaaaarq/s014_2014/01_tcp_ar/aaaaaarq_s014_t000.edf,Fp2-F4,4218.75
tusz,tusz_v2.0.6/edf/eval/aaaaaarq/s014_2014/01_tcp_ar/aaaaaarq_s014_t000.edf,Fp2-F8,4216.91
tusz,tusz_v2.0.6/edf/eval/aaaaaarq/s014_2014/01_tcp_ar/aaaaaarq_s014_t003.edf,F7-T7,1256.925
tusz,tusz_v2.0.6/edf/eval/aaaaaarq/s014_2014/01_tcp_ar/aaaaaarq_s014_t003.edf,F8-T8,241.43
tusz,tusz_v2.0.6/edf/eval/aaaaaarq/s014_2014/01_tcp_ar/aaaaaarq_s014_t003.edf,Fp1-F7,1281.854
tusz,tusz_v2.0.6/edf/eval/aaaaaarq/s014_2014/01_tcp_ar/aaaaaarq_s014_t009.edf,C3-P3,207.131
tusz,tusz_v2.0.6/edf/eval/aaaaaarq/s014_2014/01_tcp_ar/aaaaaarq_s014_t009.edf,Fp1-F3,222.858
tusz,tusz_v2.0.6/edf/eval/aaaaaarq/s014_2014/01_tcp_ar/aaaaaarq_s014_t009.edf,Fp1-F7,221.353
tusz,tusz_v2.0.6/edf/eval/aaaaaarq/s014_2014/01_tcp_ar/aaaaaarq_s014_t009.edf,Fp2-F4,275.729
tusz,tusz_v2.0.6/edf/eval/aaaaaarq/s014_2014/01_tcp_ar/aaaaaarq_s014_t009.edf,Fp2-F8,315.214
tusz,tusz_v2.0.6/edf/eval/aaaaaarq/s014_2014/01_tcp_ar/aaaaaarq_s014_t009.edf,P8-O2,220.181
tusz,tusz_v2.0.6/edf/eval/aaaaaarq/s014_2014/01_tcp_ar/aaaaaarq_s014_t009.edf,T8-P8,256.321
tusz,tusz_v2.0.6/edf/eval/aaaaaarq/s018_2014/01_tcp_ar/aaaaaarq_s018_t007.edf,Fp1-F3,615.621
tusz,tusz_v2.0.6/edf/eval/aaaaaarq/s018_2014/01_tcp_ar/aaaaaarq_s018_t007.edf,Fp1-F7,615.119
tusz,tusz_v2.0.6/edf/eval/aaaaaarq/s018_2014/01_tcp_ar/aaaaaarq_s018_t008.edf,Fp1-F3,312.788
tusz,tusz_v2.0.6/edf/eval/aaaaaarq/s018_2014/01_tcp_ar/aaaaaarq_s018_t008.edf,Fp1-F7,313.374
tusz,tusz_v2.0.6/edf/eval/aaaaaghb/s011_2014/01_tcp_ar/aaaaaghb_s011_t005.edf,F7-T7,376.283
tusz,tusz_v2.0.6/edf/eval/aaaaaghb/s011_2014/01_tcp_ar/aaaaaghb_s011_t005.edf,Fp1-F7,374.777
tusz,tusz_v2.0.6/edf/eval/aaaaahlk/s004_2014/01_tcp_ar/aaaaahlk_s004_t000.edf,C3-P3,0.0
tusz,tusz_v2.0.6/edf/eval/aaaaahlk/s004_2014/01_tcp_ar/aaaaahlk_s004_t000.edf,C4-P4,0.0
tusz,tusz_v2.0.6/edf/eval/aaaaahlk/s004_2014/01_tcp_ar/aaaaahlk_s004_t000.edf,Cz-Pz,0.0
tusz,tusz_v2.0.6/edf/eval/aaaaahlk/s004_2014/01_tcp_ar/aaaaahlk_s004_t000.edf,F3-C3,0.0
tusz,tusz_v2.0.6/edf/eval/aaaaahlk/s004_2014/01_tcp_ar/aaaaahlk_s004_t000.edf,F4-C4,0.0
tusz,tusz_v2.0.6/edf/eval/aaaaahlk/s004_2014/01_tcp_ar/aaaaahlk_s004_t000.edf,F7-T7,0.0
tusz,tusz_v2.0.6/edf/eval/aaaaahlk/s004_2014/01_tcp_ar/aaaaahlk_s004_t000.edf,F8-T8,0.0
tusz,tusz_v2.0.6/edf/eval/aaaaahlk/s004_2014/01_tcp_ar/aaaaahlk_s004_t000.edf,Fp1-F3,0.0
tusz,tusz_v2.0.6/edf/eval/aaaaahlk/s004_2014/01_tcp_ar/aaaaahlk_s004_t000.edf,Fp1-F7,0.0
tusz,tusz_v2.0.6/edf/eval/aaaaahlk/s004_2014/01_tcp_ar/aaaaahlk_s004_t000.edf,Fp2-F4,0.0
tusz,tusz_v2.0.6/edf/eval/aaaaahlk/s004_2014/01_tcp_ar/aaaaahlk_s004_t000.edf,Fp2-F8,0.0
tusz,tusz_v2.0.6/edf/eval/aaaaahlk/s004_2014/01_tcp_ar/aaaaahlk_s004_t000.edf,Fz-Cz,0.0
tusz,tusz_v2.0.6/edf/eval/aaaaahlk/s004_2014/01_tcp_ar/aaaaahlk_s004_t000.edf,P3-O1,0.0
tusz,tusz_v2.0.6/edf/eval/aaaaahlk/s004_2014/01_tcp_ar/aaaaahlk_s004_t000.edf,P4-O2,0.0
tusz,tusz_v2.0.6/edf/eval/aaaaahlk/s004_2014/01_tcp_ar/aaaaahlk_s004_t000.edf,P7-O1,0.0
tusz,tusz_v2.0.6/edf/eval/aaaaahlk/s004_2014/01_tcp_ar/aaaaahlk_s004_t000.edf,P8-O2,0.0
tusz,tusz_v2.0.6/edf/eval/aaaaahlk/s004_2014/01_tcp_ar/aaaaahlk_s004_t000.edf,T7-P7,0.0
tusz,tusz_v2.0.6/edf/eval/aaaaahlk/s004_2014/01_tcp_ar/aaaaahlk_s004_t000.edf,T8-P8,0.0
tusz,tusz_v2.0.6/edf/eval/aaaaaiih/s003_2015/01_tcp_ar/aaaaaiih_s003_t000.edf,F4-C4,398.646
tusz,tusz_v2.0.6/edf/eval/aaaaaiih/s003_2015/01_tcp_ar/aaaaaiih_s003_t000.edf,Fp2-F4,397.584
tusz,tusz_v2.0.6/edf/eval/aaaaaiih/s006_2015/01_tcp_ar/aaaaaiih_s006_t005.edf,C4-P4,4937.017
tusz,tusz_v2.0.6/edf/eval/aaaaaiih/s006_2015/01_tcp_ar/aaaaaiih_s006_t005.edf,P4-O2,4937.77
tusz,tusz_v2.0.6/edf/eval/aaaaaiih/s006_2015/01_tcp_ar/aaaaaiih_s006_t008.edf,C4-P4,1701.136
tusz,tusz_v2.0.6/edf/eval/aaaaaiih/s006_2015/01_tcp_ar/aaaaaiih_s006_t008.edf,P4-O2,1713.015
tusz,tusz_v2.0.6/edf/eval/aaaaapli/s002_2014/01_tcp_ar/aaaaapli_s002_t001.edf,C3-P3,0.0
tusz,tusz_v2.0.6/edf/eval/aaaaapli/s002_2014/01_tcp_ar/aaaaapli_s002_t001.edf,C4-P4,0.0
tusz,tusz_v2.0.6/edf/eval/aaaaapli/s002_2014/01_tcp_ar/aaaaapli_s002_t001.edf,Cz-Pz,0.0
tusz,tusz_v2.0.6/edf/eval/aaaaapli/s002_2014/01_tcp_ar/aaaaapli_s002_t001.edf,F3-C3,0.0
tusz,tusz_v2.0.6/edf/eval/aaaaapli/s002_2014/01_tcp_ar/aaaaapli_s002_t001.edf,F4-C4,0.0
tusz,tusz_v2.0.6/edf/eval/aaaaapli/s002_2014/01_tcp_ar/aaaaapli_s002_t001.edf,F7-T7,0.0
tusz,tusz_v2.0.6/edf/eval/aaaaapli/s002_2014/01_tcp_ar/aaaaapli_s002_t001.edf,F8-T8,0.0
tusz,tusz_v2.0.6/edf/eval/aaaaapli/s002_2014/01_tcp_ar/aaaaapli_s002_t001.edf,Fp1-F3,0.0
tusz,tusz_v2.0.6/edf/eval/aaaaapli/s002_2014/01_tcp_ar/aaaaapli_s002_t001.edf,Fp1-F7,0.0
tusz,tusz_v2.0.6/edf/eval/aaaaapli/s002_2014/01_tcp_ar/aaaaapli_s002_t001.edf,Fp2-F4,0.0
tusz,tusz_v2.0.6/edf/eval/aaaaapli/s002_2014/01_tcp_ar/aaaaapli_s002_t001.edf,Fp2-F8,0.0
tusz,tusz_v2.0.6/edf/eval/aaaaapli/s002_2014/01_tcp_ar/aaaaapli_s002_t001.edf,Fz-Cz,0.0
tusz,tusz_v2.0.6/edf/eval/aaaaapli/s002_2014/01_tcp_ar/aaaaapli_s002_t001.edf,P3-O1,0.0
tusz,tusz_v2.0.6/edf/eval/aaaaapli/s002_2014/01_tcp_ar/aaaaapli_s002_t001.edf,P4-O2,0.0
tusz,tusz_v2.0.6/edf/eval/aaaaapli/s002_2014/01_tcp_ar/aaaaapli_s002_t001.edf,P7-O1,0.0
tusz,tusz_v2.0.6/edf/eval/aaaaapli/s002_2014/01_tcp_ar/aaaaapli_s002_t001.edf,P8-O2,0.0
tusz,tusz_v2.0.6/edf/eval/aaaaapli/s002_2014/01_tcp_ar/aaaaapli_s002_t001.edf,T7-P7,0.0
tusz,tusz_v2.0.6/edf/eval/aaaaapli/s002_2014/01_tcp_ar/aaaaapli_s002_t001.edf,T8-P8,0.0
tusz,tusz_v2.0.6/edf/eval/aaaaaqek/s010_2015/01_tcp_ar/aaaaaqek_s010_t004.edf,Fp1-F3,744.618
tusz,tusz_v2.0.6/edf/eval/aaaaaqek/s010_2015/01_tcp_ar/aaaaaqek_s010_t004.edf,Fp1-F7,746.04
tusz,tusz_v2.0.6/edf/eval/aaaaaqek/s010_2015/01_tcp_ar/aaaaaqek_s010_t005.edf,Fp1-F3,433.419
tusz,tusz_v2.0.6/edf/eval/aaaaaqek/s010_2015/01_tcp_ar/aaaaaqek_s010_t005.edf,Fp1-F7,427.48
tusz,tusz_v2.0.6/edf/eval/aaaaaqek/s010_2015/01_tcp_ar/aaaaaqek_s010_t005.edf,Fp2-F4,293.631
tusz,tusz_v2.0.6/edf/eval/aaaaaqek/s010_2015/01_tcp_ar/aaaaaqek_s010_t005.edf,Fp2-F8,294.3
tusz,tusz_v2.0.6/edf/eval/aaaaaqek/s010_2015/01_tcp_ar/aaaaaqek_s010_t009.edf,F8-T8,333.618
tusz,tusz_v2.0.6/edf/eval/aaaaaqek/s010_2015/01_tcp_ar/aaaaaqek_s010_t009.edf,Fp2-F8,334.12
tusz,tusz_v2.0.6/edf/eval/aaaaaqek/s011_2015/01_tcp_ar/aaaaaqek_s011_t005.edf,F8-T8,207.298
tusz,tusz_v2.0.6/edf/eval/aaaaaqek/s011_2015/01_tcp_ar/aaaaaqek_s011_t005.edf,Fp2-F8,207.968
tusz,tusz_v2.0.6/edf/eval/aaaaaqek/s011_2015/01_tcp_ar/aaaaaqek_s011_t009.edf,F8-T8,4581.23
tusz,tusz_v2.0.6/edf/eval/aaaaaqek/s011_2015/01_tcp_ar/aaaaaqek_s011_t009.edf,Fp2-F8,4567.092
tusz,tusz_v2.0.6/edf/eval/aaaaaqfm/s007_2014/01_tcp_ar/aaaaaqfm_s007_t000.edf,Cz-Pz,918.538
tusz,tusz_v2.0.6/edf/eval/aaaaaqfm/s007_2014/01_tcp_ar/aaaaaqfm_s007_t001.edf,Cz-Pz,920.044
tusz,tusz_v2.0.6/edf/eval/aaaaaqfm/s007_2014/01_tcp_ar/aaaaaqfm_s007_t002.edf,Cz-Pz,1072.381
tusz,tusz_v2.0.6/edf/eval/aaaaaqfm/s007_2014/01_tcp_ar/aaaaaqfm_s007_t003.edf,Cz-Pz,839.567
tusz,tusz_v2.0.6/edf/eval/aaaaaqtw/s002_2014/01_tcp_ar/aaaaaqtw_s002_t001.edf,P7-O1,843.583
tusz,tusz_v2.0.6/edf/eval/aaaaaqtw/s002_2014/01_tcp_ar/aaaaaqtw_s002_t001.edf,T7-P7,829.194
tusz,tusz_v2.0.6/edf/eval/aaaaaqtw/s002_2014/01_tcp_ar/aaaaaqtw_s002_t010.edf,Cz-Pz,696.851
tusz,tusz_v2.0.6/edf/eval/aaaaaqtw/s002_2014/01_tcp_ar/aaaaaqtw_s002_t010.edf,P7-O1,268.953
tusz,tusz_v2.0.6/edf/eval/aaaaaqtw/s002_2014/01_tcp_ar/aaaaaqtw_s002_t010.edf,T7-P7,265.021
tusz,tusz_v2.0.6/edf/eval/aaaaaqtw/s002_2014/01_tcp_ar/aaaaaqtw_s002_t011.edf,C4-P4,975.173
tusz,tusz_v2.0.6/edf/eval/aaaaaqtw/s002_2014/01_tcp_ar/aaaaaqtw_s002_t011.edf,F4-C4,973.416
tusz,tusz_v2.0.6/edf/eval/aaaaaqtw/s002_2014/01_tcp_ar/aaaaaqtw_s002_t011.edf,P7-O1,1638.227
tusz,tusz_v2.0.6/edf/eval/aaaaaqtw/s002_2014/01_tcp_ar/aaaaaqtw_s002_t011.edf,T7-P7,1693.858
tusz,tusz_v2.0.6/edf/eval/aaaaaqtw/s002_2014/01_tcp_ar/aaaaaqtw_s002_t012.edf,C3-P3,1120.734
tusz,tusz_v2.0.6/edf/eval/aaaaaqtw/s002_2014/01_tcp_ar/aaaaaqtw_s002_t012.edf,C4-P4,599.559
tusz,tusz_v2.0.6/edf/eval/aaaaaqtw/s002_2014/01_tcp_ar/aaaaaqtw_s002_t012.edf,Cz-Pz,1489.487
tusz,tusz_v2.0.6/edf/eval/aaaaaqtw/s002_2014/01_tcp_ar/aaaaaqtw_s002_t012.edf,F3-C3,836.388
tusz,tusz_v2.0.6/edf/eval/aaaaaqtw/s002_2014/01_tcp_ar/aaaaaqtw_s002_t012.edf,F4-C4,1386.926
tusz,tusz_v2.0.6/edf/eval/aaaaaqtw/s002_2014/01_tcp_ar/aaaaaqtw_s002_t012.edf,Fz-Cz,870.353
tusz,tusz_v2.0.6/edf/eval/aaaaaqtw/s002_2014/01_tcp_ar/aaaaaqtw_s002_t012.edf,P3-O1,204.538
tusz,tusz_v2.0.6/edf/eval/aaaaaqtw/s002_2014/01_tcp_ar/aaaaaqtw_s002_t012.edf,P4-O2,2588.554
tusz,tusz_v2.0.6/edf/eval/aaaaaqtw/s002_2014/01_tcp_ar/aaaaaqtw_s002_t012.edf,P7-O1,2636.907
tusz,tusz_v2.0.6/edf/eval/aaaaaqtw/s002_2014/01_tcp_ar/aaaaaqtw_s002_t012.edf,P8-O2,369.088
tusz,tusz_v2.0.6/edf/eval/aaaaaqtw/s002_2014/01_tcp_ar/aaaaaqtw_s002_t012.edf,T8-P8,455.923
tusz,tusz_v2.0.6/edf/eval/aaaaaraf/s001_2014/01_tcp_ar/aaaaaraf_s001_t000.edf,F7-T7,2400.078
tusz,tusz_v2.0.6/edf/eval/aaaaaraf/s001_2014/01_tcp_ar/aaaaaraf_s001_t000.edf,Fp1-F7,2321.275
tusz,tusz_v2.0.6/edf/eval/aaaaaraf/s001_2014/01_tcp_ar/aaaaaraf_s001_t000.edf,P3-O1,830.532
tusz,tusz_v2.0.6/edf/eval/aaaaaraf/s001_2014/01_tcp_ar/aaaaaraf_s001_t000.edf,P7-O1,831.285
tusz,tusz_v2.0.6/edf/eval/aaaaaraf/s001_2014/01_tcp_ar/aaaaaraf_s001_t001.edf,P3-O1,726.632
tusz,tusz_v2.0.6/edf/eval/aaaaaraf/s001_2014/01_tcp_ar/aaaaaraf_s001_t001.edf,P7-O1,735.249
tusz,tusz_v2.0.6/edf/eval/aaaaaraf/s001_2014/01_tcp_ar/aaaaaraf_s001_t002.edf,P3-O1,224.197
tusz,tusz_v2.0.6/edf/eval/aaaaaraf/s001_2014/01_tcp_ar/aaaaaraf_s001_t002.edf,P7-O1,205.458
tusz,tusz_v2.0.6/edf/eval/aaaaarei/s008_2015/01_tcp_ar/aaaaarei_s008_t000.edf,C4-P4,1750.242
tusz,tusz_v2.0.6/edf/eval/aaaaarei/s008_2015/01_tcp_ar/aaaaarei_s008_t000.edf,P4-O2,1750.242
tusz,tusz_v2.0.6/edf/eval/aaaaarei/s008_2015/01_tcp_ar/aaaaarei_s008_t008.edf,P4-O2,2040.61
tusz,tusz_v2.0.6/edf/eval/aaaaarei/s008_2015/01_tcp_ar/aaaaarei_s008_t008.edf,P8-O2,2116.988
tusz,tusz_v2.0.6/edf/eval/aaaaarei/s008_2015/01_tcp_ar/aaaaarei_s008_t009.edf,P4-O2,833.377
tusz,tusz_v2.0.6/edf/eval/aaaaarei/s008_2015/01_tcp_ar/aaaaarei_s008_t009.edf,P8-O2,955.849
tusz,tusz_v2.0.6/edf/eval/aaaaarjc/s010_2015/01_tcp_ar/aaaaarjc_s010_t005.edf,F8-T8,1670.267
tusz,tusz_v2.0.6/edf/eval/aaaaarjc/s010_2015/01_tcp_ar/aaaaarjc_s010_t005.edf,Fp2-F4,1641.991
tusz,tusz_v2.0.6/edf/eval/aaaaarjc/s010_2015/01_tcp_ar/aaaaarjc_s010_t005.edf,Fp2-F8,419.951
tusz,tusz_v2.0.6/edf/eval/aaaaarjc/s010_2015/01_tcp_ar/aaaaarjc_s010_t007.edf,F4-C4,2872.9
tusz,tusz_v2.0.6/edf/eval/aaaaarjc/s010_2015/01_tcp_ar/aaaaarjc_s010_t007.edf,Fp2-F4,2458.888
tusz,tusz_v2.0.6/edf/eval/aaaaarjc/s010_2015/01_tcp_ar/aaaaarjc_s010_t007.edf,Fp2-F8,1019.929
tusz,tusz_v2.0.6/edf/eval/aaaaarjc/s010_2015/01_tcp_ar/aaaaarjc_s010_t008.edf,Fp2-F4,729.477
tusz,tusz_v2.0.6/edf/eval/aaaaarjc/s010_2015/01_tcp_ar/aaaaarjc_s010_t008.edf,Fp2-F8,693.505
tusz,tusz_v2.0.6/edf/eval/aaaaasfw/s005_2015/01_tcp_ar/aaaaasfw_s005_t011.edf,Fp1-F3,227.878
tusz,tusz_v2.0.6/edf/eval/aaaaasfw/s005_2015/01_tcp_ar/aaaaasfw_s005_t011.edf,Fp1-F7,224.364
tusz,tusz_v2.0.6/edf/eval/aaaaasip/s002_2015/01_tcp_ar/aaaaasip_s002_t006.edf,Fp2-F4,520.003
tusz,tusz_v2.0.6/edf/eval/aaaaasip/s002_2015/01_tcp_ar/aaaaasip_s002_t006.edf,Fp2-F8,519.668
tusz,tusz_v2.0.6/edf/eval/aaaaasip/s002_2015/01_tcp_ar/aaaaasip_s002_t007.edf,Fp2-F4,266.694
tusz,tusz_v2.0.6/edf/eval/aaaaasip/s002_2015/01_tcp_ar/aaaaasip_s002_t007.edf,Fp2-F8,266.527
tusz,tusz_v2.0.6/edf/eval/aaaaasip/s003_2015/01_tcp_ar/aaaaasip_s003_t000.edf,Fp2-F4,591.11
tusz,tusz_v2.0.6/edf/eval/aaaaasip/s003_2015/01_tcp_ar/aaaaasip_s003_t000.edf,Fp2-F8,604.328
tusz,tusz_v2.0.6/edf/eval/aaaaasip/s003_2015/01_tcp_ar/aaaaasip_s003_t001.edf,Fp2-F4,632.101
tusz,tusz_v2.0.6/edf/eval/aaaaasip/s003_2015/01_tcp_ar/aaaaasip_s003_t001.edf,Fp2-F8,637.874
tusz,tusz_v2.0.6/edf/eval/aaaaasnu/s006_2015/03_tcp_ar_a/aaaaasnu_s006_t008.edf,F7-T7,921.382
tusz,tusz_v2.0.6/edf/eval/aaaaasnu/s006_2015/03_tcp_ar_a/aaaaasnu_s006_t008.edf,Fp1-F7,915.694
tusz,tusz_v2.0.6/edf/eval/aaaaasnu/s006_2015/03_tcp_ar_a/aaaaasnu_s006_t009.edf,C3-P3,213.824
tusz,tusz_v2.0.6/edf/eval/aaaaasnu/s006_2015/03_tcp_ar_a/aaaaasnu_s006_t009.edf,C4-P4,895.784
tusz,tusz_v2.0.6/edf/eval/aaaaasnu/s006_2015/03_tcp_ar_a/aaaaasnu_s006_t009.edf,P3-O1,303.67
tusz,tusz_v2.0.6/edf/eval/aaaaasnu/s006_2015/03_tcp_ar_a/aaaaasnu_s006_t009.edf,P4-O2,897.792
tusz,tusz_v2.0.6/edf/eval/aaaaasnu/s007_2015/03_tcp_ar_a/aaaaasnu_s007_t000.edf,C3-P3,205.458
tusz,tusz_v2.0.6/edf/eval/aaaaasnu/s007_2015/03_tcp_ar_a/aaaaasnu_s007_t000.edf,C4-P4,614.032
tusz,tusz_v2.0.6/edf/eval/aaaaasnu/s007_2015/03_tcp_ar_a/aaaaasnu_s007_t000.edf,P3-O1,290.118
tusz,tusz_v2.0.6/edf/eval/aaaaasnu/s007_2015/03_tcp_ar_a/aaaaasnu_s007_t000.edf,P4-O2,616.374
tusz,tusz_v2.0.6/edf/eval/aaaaasnu/s007_2015/03_tcp_ar_a/aaaaasnu_s007_t001.edf,C3-P3,214.995
tusz,tusz_v2.0.6/edf/eval/aaaaasnu/s007_2015/03_tcp_ar_a/aaaaasnu_s007_t001.edf,C4-P4,638.459
tusz,tusz_v2.0.6/edf/eval/aaaaasnu/s007_2015/03_tcp_ar_a/aaaaasnu_s007_t001.edf,P3-O1,299.654
tusz,tusz_v2.0.6/edf/eval/aaaaasnu/s007_2015/03_tcp_ar_a/aaaaasnu_s007_t001.edf,P4-O2,640.467
tusz,tusz_v2.0.6/edf/eval/aaaaasnu/s007_2015/03_tcp_ar_a/aaaaasnu_s007_t002.edf,P3-O1,261.675
tusz,tusz_v2.0.6/edf/eval/aaaaasnu/s007_2015/03_tcp_ar_a/aaaaasnu_s007_t003.edf,C4-P4,223.862
tusz,tusz_v2.0.6/edf/eval/aaaaasnu/s007_2015/03_tcp_ar_a/aaaaasnu_s007_t003.edf,P3-O1,231.224
tusz,tusz_v2.0.6/edf/eval/aaaaasnu/s007_2015/03_tcp_ar_a/aaaaasnu_s007_t003.edf,P4-O2,225.87
tusz,tusz_v2.0.6/edf/eval/aaaaasoc/s004_2015/01_tcp_ar/aaaaasoc_s004_t008.edf,Cz-Pz,285.767
tusz,tusz_v2.0.6/edf/eval/aaaaatdt/s004_2015/01_tcp_ar/aaaaatdt_s004_t008.edf,F3-C3,262.678
tusz,tusz_v2.0.6/edf/eval/aaaaatdt/s004_2015/01_tcp_ar/aaaaatdt_s004_t008.edf,Fp1-F3,242.099
tusz,tusz_v2.0.6/edf/eval/aaaaatdt/s004_2015/01_tcp_ar/aaaaatdt_s004_t008.edf,T7-P7,211.816
tusz,tusz_v2.0.6/edf/train/aaaaaakm/s007_2003/01_tcp_ar/aaaaaakm_s007_t002.edf,Cz-Pz,411.911
tusz,tusz_v2.0.6/edf/train/aaaaaakm/s007_2003/01_tcp_ar/aaaaaakm_s007_t003.edf,Cz-Pz,453.38
tusz,tusz_v2.0.6/edf/train/aaaaaakm/s008_2003/01_tcp_ar/aaaaaakm_s008_t000.edf,C3-P3,630.275
tusz,tusz_v2.0.6/edf/train/aaaaaakm/s008_2003/01_tcp_ar/aaaaaakm_s008_t000.edf,F4-C4,504.02
tusz,tusz_v2.0.6/edf/train/aaaaaakm/s008_2003/01_tcp_ar/aaaaaakm_s008_t000.edf,Fp2-F4,481.596
tusz,tusz_v2.0.6/edf/train/aaaaaakm/s008_2003/01_tcp_ar/aaaaaakm_s008_t000.edf,P3-O1,601.611
tusz,tusz_v2.0.6/edf/train/aaaaaakm/s008_2003/01_tcp_ar/aaaaaakm_s008_t000.edf,P4-O2,0.803
tusz,tusz_v2.0.6/edf/train/aaaaaakm/s008_2003/01_tcp_ar/aaaaaakm_s008_t001.edf,C3-P3,598.011
tusz,tusz_v2.0.6/edf/train/aaaaaakm/s008_2003/01_tcp_ar/aaaaaakm_s008_t001.edf,F4-C4,499.658
tusz,tusz_v2.0.6/edf/train/aaaaaakm/s008_2003/01_tcp_ar/aaaaaakm_s008_t001.edf,Fp2-F4,481.344
tusz,tusz_v2.0.6/edf/train/aaaaaakm/s008_2003/01_tcp_ar/aaaaaakm_s008_t001.edf,P3-O1,573.358
tusz,tusz_v2.0.6/edf/train/aaaaaakm/s008_2003/01_tcp_ar/aaaaaakm_s008_t001.edf,P4-O2,0.768
tusz,tusz_v2.0.6/edf/train/aaaaaakm/s008_2003/01_tcp_ar/aaaaaakm_s008_t002.edf,C3-P3,573.493
tusz,tusz_v2.0.6/edf/train/aaaaaakm/s008_2003/01_tcp_ar/aaaaaakm_s008_t002.edf,F4-C4,502.497
tusz,tusz_v2.0.6/edf/train/aaaaaakm/s008_2003/01_tcp_ar/aaaaaakm_s008_t002.edf,Fp2-F4,484.284
tusz,tusz_v2.0.6/edf/train/aaaaaakm/s008_2003/01_tcp_ar/aaaaaakm_s008_t002.edf,P3-O1,553.947
tusz,tusz_v2.0.6/edf/train/aaaaaakm/s008_2003/01_tcp_ar/aaaaaakm_s008_t002.edf,P4-O2,0.834
tusz,tusz_v2.0.6/edf/train/aaaaaakm/s008_2003/01_tcp_ar/aaaaaakm_s008_t003.edf,C3-P3,1290.118
tusz,tusz_v2.0.6/edf/train/aaaaaakm/s008_2003/01_tcp_ar/aaaaaakm_s008_t003.edf,F4-C4,1092.76
tusz,tusz_v2.0.6/edf/train/aaaaaakm/s008_2003/01_tcp_ar/aaaaaakm_s008_t003.edf,Fp2-F4,1055.07
tusz,tusz_v2.0.6/edf/train/aaaaaakm/s008_2003/01_tcp_ar/aaaaaakm_s008_t003.edf,P3-O1,1257.403
tusz,tusz_v2.0.6/edf/train/aaaaaakm/s008_2003/01_tcp_ar/aaaaaakm_s008_t003.edf,P4-O2,0.808
tusz,tusz_v2.0.6/edf/train/aaaaaakm/s008_2003/01_tcp_ar/aaaaaakm_s008_t004.edf,C3-P3,1284.317
tusz,tusz_v2.0.6/edf/train/aaaaaakm/s008_2003/01_tcp_ar/aaaaaakm_s008_t004.edf,F4-C4,1087.698
tusz,tusz_v2.0.6/edf/train/aaaaaakm/s008_2003/01_tcp_ar/aaaaaakm_s008_t004.edf,Fp2-F4,1052.549
tusz,tusz_v2.0.6/edf/train/aaaaaakm/s008_2003/01_tcp_ar/aaaaaakm_s008_t004.edf,P3-O1,1251.357
tusz,tusz_v2.0.6/edf/train/aaaaaakm/s008_2003/01_tcp_ar/aaaaaakm_s008_t004.edf,P4-O2,0.826
tusz,tusz_v2.0.6/edf/train/aaaaaakm/s008_2003/01_tcp_ar/aaaaaakm_s008_t005.edf,C3-P3,331.684
tusz,tusz_v2.0.6/edf/train/aaaaaakm/s008_2003/01_tcp_ar/aaaaaakm_s008_t005.edf,F4-C4,303.076
tusz,tusz_v2.0.6/edf/train/aaaaaakm/s008_2003/01_tcp_ar/aaaaaakm_s008_t005.edf,Fp2-F4,294.229
tusz,tusz_v2.0.6/edf/train/aaaaaakm/s008_2003/01_tcp_ar/aaaaaakm_s008_t005.edf,P3-O1,321.418
tusz,tusz_v2.0.6/edf/train/aaaaaakm/s008_2003/01_tcp_ar/aaaaaakm_s008_t005.edf,P4-O2,0.856
tusz,tusz_v2.0.6/edf/train/aaaaaaug/s002_2003/02_tcp_le/aaaaaaug_s002_t007.edf,Fp1-F7,200.011
tusz,tusz_v2.0.6/edf/train/aaaaaaug/s003_2003/02_tcp_le/aaaaaaug_s003_t000.edf,P8-O2,3750.337
tusz,tusz_v2.0.6/edf/train/aaaaaaug/s003_2003/02_tcp_le/aaaaaaug_s003_t000.edf,T8-P8,3774.579
tusz,tusz_v2.0.6/edf/train/aaaaaaug/s003_2003/02_tcp_le/aaaaaaug_s003_t001.edf,P8-O2,3754.372
tusz,tusz_v2.0.6/edf/train/aaaaaaug/s003_2003/02_tcp_le/aaaaaaug_s003_t001.edf,T8-P8,3774.313
tusz,tusz_v2.0.6/edf/train/aaaaabdv/s001_2003/02_tcp_le/aaaaabdv_s001_t000.edf,C3-P3,393.617
tusz,tusz_v2.0.6/edf/train/aaaaabdv/s001_2003/02_tcp_le/aaaaabdv_s001_t000.edf,C4-P4,394.99
tusz,tusz_v2.0.6/edf/train/aaaaabdv/s001_2003/02_tcp_le/aaaaabdv_s001_t000.edf,Cz-Pz,248.979
tusz,tusz_v2.0.6/edf/train/aaaaabdv/s001_2003/02_tcp_le/aaaaabdv_s001_t000.edf,F3-C3,1034.433
tusz,tusz_v2.0.6/edf/train/aaaaabdv/s001_2003/02_tcp_le/aaaaabdv_s001_t000.edf,F4-C4,200.182
tusz,tusz_v2.0.6/edf/train/aaaaabdv/s001_2003/02_tcp_le/aaaaabdv_s001_t000.edf,Fp1-F3,1069.969
tusz,tusz_v2.0.6/edf/train/aaaaabdv/s001_2003/02_tcp_le/aaaaabdv_s001_t000.edf,P3-O1,593.407
tusz,tusz_v2.0.6/edf/train/aaaaabdv/s001_2003/02_tcp_le/aaaaabdv_s001_t000.edf,P4-O2,1507.72
tusz,tusz_v2.0.6/edf/train/aaaaabdv/s001_2003/02_tcp_le/aaaaabdv_s001_t000.edf,P7-O1,849.224
tusz,tusz_v2.0.6/edf/train/aaaaabdv/s001_2003/02_tcp_le/aaaaabdv_s001_t000.edf,P8-O2,974.038
tusz,tusz_v2.0.6/edf/train/aaaaabdv/s001_2003/02_tcp_le/aaaaabdv_s001_t000.edf,T7-P7,221.135
tusz,tusz_v2.0.6/edf/train/aaaaabdv/s001_2003/02_tcp_le/aaaaabdv_s001_t000.edf,T8-P8,544.635
tusz,tusz_v2.0.6/edf/train/aaaaabdv/s001_2003/02_tcp_le/aaaaabdv_s001_t001.edf,P8-O2,221.95
tusz,tusz_v2.0.6/edf/train/aaaaabgs/s001_2003/02_tcp_le/aaaaabgs_s001_t001.edf,Fp1-F3,230.42
tusz,tusz_v2.0.6/edf/train/aaaaabgs/s001_2003/02_tcp_le/aaaaabgs_s001_t001.edf,Fp1-F7,257.692
tusz,tusz_v2.0.6/edf/train/aaaaabgs/s001_2003/02_tcp_le/aaaaabgs_s001_t001.edf,Fp2-F4,571.009
tusz,tusz_v2.0.6/edf/train/aaaaabgs/s001_2003/02_tcp_le/aaaaabgs_s001_t001.edf,Fp2-F8,563.919
tusz,tusz_v2.0.6/edf/train/aaaaabgs/s001_2003/02_tcp_le/aaaaabgs_s001_t001.edf,P4-O2,208.909
tusz,tusz_v2.0.6/edf/train/aaaaabgs/s001_2003/02_tcp_le/aaaaabgs_s001_t001.edf,P8-O2,214.474
tusz,tusz_v2.0.6/edf/train/aaaaabhz/s009_2010/03_tcp_ar_a/aaaaabhz_s009_t006.edf,Cz-Pz,236.249
tusz,tusz_v2.0.6/edf/train/aaaaabiw/s016_2012/01_tcp_ar/aaaaabiw_s016_t003.edf,P7-O1,1717.449
tusz,tusz_v2.0.6/edf/train/aaaaabiw/s016_2012/01_tcp_ar/aaaaabiw_s016_t003.edf,T7-P7,1711.844
tusz,tusz_v2.0.6/edf/train/aaaaabjm/s001_2003/02_tcp_le/aaaaabjm_s001_t001.edf,Fp2-F4,270.346
tusz,tusz_v2.0.6/edf/train/aaaaabln/s003_2004/03_tcp_ar_a/aaaaabln_s003_t007.edf,C4-P4,652.264
tusz,tusz_v2.0.6/edf/train/aaaaabln/s003_2004/03_tcp_ar_a/aaaaabln_s003_t007.edf,Cz-Pz,232.835
tusz,tusz_v2.0.6/edf/train/aaaaabln/s003_2004/03_tcp_ar_a/aaaaabln_s003_t007.edf,Fz-Cz,236.463
tusz,tusz_v2.0.6/edf/train/aaaaabln/s003_2004/03_tcp_ar_a/aaaaabln_s003_t007.edf,P4-O2,653.568
tusz,tusz_v2.0.6/edf/train/aaaaabln/s003_2004/03_tcp_ar_a/aaaaabln_s003_t008.edf,C4-P4,248.12
tusz,tusz_v2.0.6/edf/train/aaaaabln/s003_2004/03_tcp_ar_a/aaaaabln_s003_t008.edf,P4-O2,248.202
tusz,tusz_v2.0.6/edf/train/aaaaabms/s002_2003/02_tcp_le/aaaaabms_s002_t000.edf,C3-P3,3805.124
tusz,tusz_v2.0.6/edf/train/aaaaabms/s002_2003/02_tcp_le/aaaaabms_s002_t000.edf,F3-C3,3795.568
tusz,tusz_v2.0.6/edf/train/aaaaabms/s002_2003/02_tcp_le/aaaaabms_s002_t001.edf,C3-P3,3801.956
tusz,tusz_v2.0.6/edf/train/aaaaabms/s002_2003/02_tcp_le/aaaaabms_s002_t001.edf,F3-C3,3812.724
tusz,tusz_v2.0.6/edf/train/aaaaabms/s002_2003/02_tcp_le/aaaaabms_s002_t002.edf,C3-P3,3804.897
tusz,tusz_v2.0.6/edf/train/aaaaabms/s002_2003/02_tcp_le/aaaaabms_s002_t002.edf,F3-C3,3813.438
tusz,tusz_v2.0.6/edf/train/aaaaabms/s002_2003/02_tcp_le/aaaaabms_s002_t003.edf,C3-P3,3810.581
tusz,tusz_v2.0.6/edf/train/aaaaabms/s002_2003/02_tcp_le/aaaaabms_s002_t003.edf,F3-C3,3814.735
tusz,tusz_v2.0.6/edf/train/aaaaabms/s002_2003/02_tcp_le/aaaaabms_s002_t004.edf,C3-P3,3809.285
tusz,tusz_v2.0.6/edf/train/aaaaabms/s002_2003/02_tcp_le/aaaaabms_s002_t004.edf,F3-C3,3821.622
tusz,tusz_v2.0.6/edf/train/aaaaabms/s002_2003/02_tcp_le/aaaaabms_s002_t005.edf,C3-P3,3809.643
tusz,tusz_v2.0.6/edf/train/aaaaabms/s002_2003/02_tcp_le/aaaaabms_s002_t005.edf,F3-C3,3818.215
tusz,tusz_v2.0.6/edf/train/aaaaabms/s002_2003/02_tcp_le/aaaaabms_s002_t006.edf,C3-P3,3813.511
tusz,tusz_v2.0.6/edf/train/aaaaabms/s002_2003/02_tcp_le/aaaaabms_s002_t006.edf,F3-C3,3818.674
tusz,tusz_v2.0.6/edf/train/aaaaabms/s002_2003/02_tcp_le/aaaaabms_s002_t007.edf,C3-P3,3811.679
tusz,tusz_v2.0.6/edf/train/aaaaabms/s002_2003/02_tcp_le/aaaaabms_s002_t007.edf,F3-C3,3815.985
tusz,tusz_v2.0.6/edf/train/aaaaabms/s003_2003/02_tcp_le/aaaaabms_s003_t000.edf,Fz-Cz,4926.031
tusz,tusz_v2.0.6/edf/train/aaaaabms/s003_2003/02_tcp_le/aaaaabms_s003_t001.edf,Fz-Cz,4950.816
tusz,tusz_v2.0.6/edf/train/aaaaabnn/s004_2004/01_tcp_ar/aaaaabnn_s004_t000.edf,P8-O2,457.876
tusz,tusz_v2.0.6/edf/train/aaaaabnn/s004_2004/01_tcp_ar/aaaaabnn_s004_t000.edf,T8-P8,455.112
tusz,tusz_v2.0.6/edf/train/aaaaabom/s005_2006/03_tcp_ar_a/aaaaabom_s005_t003.edf,T8-P8,201.143
tusz,tusz_v2.0.6/edf/train/aaaaabom/s005_2006/03_tcp_ar_a/aaaaabom_s005_t014.edf,P3-O1,314.99
tusz,tusz_v2.0.6/edf/train/aaaaabom/s005_2006/03_tcp_ar_a/aaaaabom_s005_t014.edf,P7-O1,268.169
tusz,tusz_v2.0.6/edf/train/aaaaabpp/s001_2004/02_tcp_le/aaaaabpp_s001_t000.edf,C4-P4,305.752
tusz,tusz_v2.0.6/edf/train/aaaaabpp/s001_2004/02_tcp_le/aaaaabpp_s001_t000.edf,P4-O2,308.953
tusz,tusz_v2.0.6/edf/train/aaaaabpp/s001_2004/02_tcp_le/aaaaabpp_s001_t001.edf,C4-P4,414.237
tusz,tusz_v2.0.6/edf/train/aaaaabpp/s001_2004/02_tcp_le/aaaaabpp_s001_t001.edf,P4-O2,413.363
tusz,tusz_v2.0.6/edf/train/aaaaabui/s002_2004/01_tcp_ar/aaaaabui_s002_t001.edf,F3-C3,214.072
tusz,tusz_v2.0.6/edf/train/aaaaacna/s001_2004/02_tcp_le/aaaaacna_s001_t000.edf,F3-C3,350.047
tusz,tusz_v2.0.6/edf/train/aaaaacna/s001_2004/02_tcp_le/aaaaacna_s001_t000.edf,F7-T7,310.501
tusz,tusz_v2.0.6/edf/train/aaaaacna/s001_2004/02_tcp_le/aaaaacna_s001_t000.edf,Fp1-F3,349.825
tusz,tusz_v2.0.6/edf/train/aaaaacna/s001_2004/02_tcp_le/aaaaacna_s001_t000.edf,Fp1-F7,313.305
tusz,tusz_v2.0.6/edf/train/aaaaacna/s001_2004/02_tcp_le/aaaaacna_s001_t001.edf,F3-C3,362.54
tusz,tusz_v2.0.6/edf/train/aaaaacna/s001_2004/02_tcp_le/aaaaacna_s001_t001.edf,F7-T7,321.99
tusz,tusz_v2.0.6/edf/train/aaaaacna/s001_2004/02_tcp_le/aaaaacna_s001_t001.edf,Fp1-F3,361.003
tusz,tusz_v2.0.6/edf/train/aaaaacna/s001_2004/02_tcp_le/aaaaacna_s001_t001.edf,Fp1-F7,321.231
tusz,tusz_v2.0.6/edf/train/aaaaacpl/s004_2006/03_tcp_ar_a/aaaaacpl_s004_t001.edf,F8-T8,215.279
tusz,tusz_v2.0.6/edf/train/aaaaacpl/s004_2006/03_tcp_ar_a/aaaaacpl_s004_t001.edf,Fp2-F8,216.946
tusz,tusz_v2.0.6/edf/train/aaaaacyf/s009_2015/01_tcp_ar/aaaaacyf_s009_t000.edf,Fp2-F4,707.475
tusz,tusz_v2.0.6/edf/train/aaaaacyf/s009_2015/01_tcp_ar/aaaaacyf_s009_t000.edf,Fp2-F8,706.722
tusz,tusz_v2.0.6/edf/train/aaaaacyk/s002_2006/02_tcp_le/aaaaacyk_s002_t000.edf,C3-P3,357.387
tusz,tusz_v2.0.6/edf/train/aaaaacyk/s002_2006/02_tcp_le/aaaaacyk_s002_t000.edf,F3-C3,392.959
tusz,tusz_v2.0.6/edf/train/aaaaacyk/s002_2006/02_tcp_le/aaaaacyk_s002_t000.edf,F8-T8,260.743
tusz,tusz_v2.0.6/edf/train/aaaaacyk/s002_2006/02_tcp_le/aaaaacyk_s002_t000.edf,Fp1-F3,426.21
tusz,tusz_v2.0.6/edf/train/aaaaacyk/s002_2006/02_tcp_le/aaaaacyk_s002_t000.edf,Fp1-F7,267.776
tusz,tusz_v2.0.6/edf/train/aaaaacyk/s002_2006/02_tcp_le/aaaaacyk_s002_t000.edf,Fp2-F8,303.619
tusz,tusz_v2.0.6/edf/train/aaaaacyk/s002_2006/02_tcp_le/aaaaacyk_s002_t000.edf,P3-O1,438.921
tusz,tusz_v2.0.6/edf/train/aaaaacyk/s002_2006/02_tcp_le/aaaaacyk_s002_t000.edf,P4-O2,412.884
tusz,tusz_v2.0.6/edf/train/aaaaacyk/s002_2006/02_tcp_le/aaaaacyk_s002_t000.edf,P7-O1,411.462
tusz,tusz_v2.0.6/edf/train/aaaaacyk/s002_2006/02_tcp_le/aaaaacyk_s002_t000.edf,P8-O2,348.199
tusz,tusz_v2.0.6/edf/train/aaaaacyk/s002_2006/02_tcp_le/aaaaacyk_s002_t000.edf,T8-P8,442.753
tusz,tusz_v2.0.6/edf/train/aaaaacyy/s001_2004/02_tcp_le/aaaaacyy_s001_t000.edf,Cz-Pz,5067.62
tusz,tusz_v2.0.6/edf/train/aaaaacyy/s001_2004/02_tcp_le/aaaaacyy_s001_t000.edf,Fp1-F3,5017.883
tusz,tusz_v2.0.6/edf/train/aaaaacyy/s001_2004/02_tcp_le/aaaaacyy_s001_t000.edf,Fp1-F7,5018.172
tusz,tusz_v2.0.6/edf/train/aaaaacyy/s001_2004/02_tcp_le/aaaaacyy_s001_t000.edf,Fz-Cz,5035.38
tusz,tusz_v2.0.6/edf/train/aaaaadhe/s001_2004/02_tcp_le/aaaaadhe_s001_t000.edf,F3-C3,396.807
tusz,tusz_v2.0.6/edf/train/aaaaadhe/s001_2004/02_tcp_le/aaaaadhe_s001_t000.edf,F7-T7,440.813
tusz,tusz_v2.0.6/edf/train/aaaaadhe/s001_2004/02_tcp_le/aaaaadhe_s001_t000.edf,F8-T8,891.162
tusz,tusz_v2.0.6/edf/train/aaaaadhe/s001_2004/02_tcp_le/aaaaadhe_s001_t000.edf,Fp1-F3,393.822
tusz,tusz_v2.0.6/edf/train/aaaaadhe/s001_2004/02_tcp_le/aaaaadhe_s001_t000.edf,Fp1-F7,436.674
tusz,tusz_v2.0.6/edf/train/aaaaadhe/s001_2004/02_tcp_le/aaaaadhe_s001_t000.edf,Fp2-F8,892.452
tusz,tusz_v2.0.6/edf/train/aaaaadhe/s001_2004/02_tcp_le/aaaaadhe_s001_t001.edf,C3-P3,298.554
tusz,tusz_v2.0.6/edf/train/aaaaadhe/s001_2004/02_tcp_le/aaaaadhe_s001_t001.edf,F3-C3,326.448
tusz,tusz_v2.0.6/edf/train/aaaaadhe/s001_2004/02_tcp_le/aaaaadhe_s001_t001.edf,F7-T7,327.691
tusz,tusz_v2.0.6/edf/train/aaaaadhe/s001_2004/02_tcp_le/aaaaadhe_s001_t001.edf,F8-T8,650.201
tusz,tusz_v2.0.6/edf/train/aaaaadhe/s001_2004/02_tcp_le/aaaaadhe_s001_t001.edf,Fp1-F3,327.357
tusz,tusz_v2.0.6/edf/train/aaaaadhe/s001_2004/02_tcp_le/aaaaadhe_s001_t001.edf,Fp1-F7,327.26
tusz,tusz_v2.0.6/edf/train/aaaaadhe/s001_2004/02_tcp_le/aaaaadhe_s001_t001.edf,Fp2-F8,648.726
tusz,tusz_v2.0.6/edf/train/aaaaadhe/s001_2004/02_tcp_le/aaaaadhe_s001_t001.edf,P3-O1,292.015
tusz,tusz_v2.0.6/edf/train/aaaaadhe/s001_2004/02_tcp_le/aaaaadhe_s001_t001.edf,P8-O2,293.587
tusz,tusz_v2.0.6/edf/train/aaaaadhe/s001_2004/02_tcp_le/aaaaadhe_s001_t001.edf,T8-P8,293.429
tusz,tusz_v2.0.6/edf/train/aaaaadjj/s001_2005/02_tcp_le/aaaaadjj_s001_t001.edf,F4-C4,4940.736
tusz,tusz_v2.0.6/edf/train/aaaaadjj/s001_2005/02_tcp_le/aaaaadjj_s001_t001.edf,Fp2-F4,4936.911
tusz,tusz_v2.0.6/edf/train/aaaaadmi/s013_2015/01_tcp_ar/aaaaadmi_s013_t016.edf,Fz-Cz,242.768
tusz,tusz_v2.0.6/edf/train/aaaaaebw/s001_2006/02_tcp_le/aaaaaebw_s001_t000.edf,Fp1-F7,204.92
tusz,tusz_v2.0.6/edf/train/aaaaaeet/s001_2006/02_tcp_le/aaaaaeet_s001_t000.edf,F3-C3,4972.369
tusz,tusz_v2.0.6/edf/train/aaaaaeet/s001_2006/02_tcp_le/aaaaaeet_s001_t000.edf,F7-T7,5043.241
tusz,tusz_v2.0.6/edf/train/aaaaaeet/s001_2006/02_tcp_le/aaaaaeet_s001_t000.edf,Fp1-F3,5006.775
tusz,tusz_v2.0.6/edf/train/aaaaaeet/s001_2006/02_tcp_le/aaaaaeet_s001_t000.edf,T7-P7,5049.676
tusz,tusz_v2.0.6/edf/train/aaaaaelv/s001_2006/02_tcp_le/aaaaaelv_s001_t001.edf,P8-O2,2167.666
tusz,tusz_v2.0.6/edf/train/aaaaaelv/s001_2006/02_tcp_le/aaaaaelv_s001_t001.edf,T8-P8,2173.295
tusz,tusz_v2.0.6/edf/train/aaaaaelv/s001_2006/02_tcp_le/aaaaaelv_s001_t002.edf,P8-O2,2149.381
tusz,tusz_v2.0.6/edf/train/aaaaaelv/s001_2006/02_tcp_le/aaaaaelv_s001_t002.edf,T8-P8,2152.686
tusz,tusz_v2.0.6/edf/train/aaaaaeph/s002_2006/02_tcp_le/aaaaaeph_s002_t000.edf,Cz-Pz,1249.165
tusz,tusz_v2.0.6/edf/train/aaaaaeph/s002_2006/02_tcp_le/aaaaaeph_s002_t000.edf,F8-T8,3718.858
tusz,tusz_v2.0.6/edf/train/aaaaaeph/s002_2006/02_tcp_le/aaaaaeph_s002_t000.edf,T8-P8,3662.194
tusz,tusz_v2.0.6/edf/train/aaaaaeph/s002_2006/02_tcp_le/aaaaaeph_s002_t001.edf,F4-C4,409.877
tusz,tusz_v2.0.6/edf/train/aaaaaeph/s002_2006/02_tcp_le/aaaaaeph_s002_t001.edf,Fp2-F4,383.51
tusz,tusz_v2.0.6/edf/train/aaaaaeph/s002_2006/02_tcp_le/aaaaaeph_s002_t002.edf,Cz-Pz,303.226
tusz,tusz_v2.0.6/edf/train/aaaaaeph/s002_2006/02_tcp_le/aaaaaeph_s002_t003.edf,Cz-Pz,302.596
tusz,tusz_v2.0.6/edf/train/aaaaaeph/s002_2006/02_tcp_le/aaaaaeph_s002_t004.edf,Cz-Pz,321.394
tusz,tusz_v2.0.6/edf/train/aaaaaeph/s003_2006/02_tcp_le/aaaaaeph_s003_t000.edf,Cz-Pz,3443.866
tusz,tusz_v2.0.6/edf/train/aaaaaeph/s003_2006/02_tcp_le/aaaaaeph_s003_t000.edf,F4-C4,316.497
tusz,tusz_v2.0.6/edf/train/aaaaaeph/s003_2006/02_tcp_le/aaaaaeph_s003_t000.edf,Fp2-F4,313.703
tusz,tusz_v2.0.6/edf/train/aaaaaeph/s003_2006/02_tcp_le/aaaaaeph_s003_t001.edf,Cz-Pz,3429.592
tusz,tusz_v2.0.6/edf/train/aaaaaeph/s003_2006/02_tcp_le/aaaaaeph_s003_t002.edf,Cz-Pz,3450.392
tusz,tusz_v2.0.6/edf/train/aaaaaeph/s003_2006/02_tcp_le/aaaaaeph_s003_t002.edf,Fp1-F3,256.498
tusz,tusz_v2.0.6/edf/train/aaaaaeph/s003_2006/02_tcp_le/aaaaaeph_s003_t002.edf,Fp1-F7,252.231
tusz,tusz_v2.0.6/edf/train/aaaaaeph/s003_2006/02_tcp_le/aaaaaeph_s003_t003.edf,Cz-Pz,3480.442
tusz,tusz_v2.0.6/edf/train/aaaaaeph/s003_2006/02_tcp_le/aaaaaeph_s003_t004.edf,Cz-Pz,3337.263
tusz,tusz_v2.0.6/edf/train/aaaaaeph/s003_2006/02_tcp_le/aaaaaeph_s003_t004.edf,F7-T7,221.377
tusz,tusz_v2.0.6/edf/train/aaaaaeph/s003_2006/02_tcp_le/aaaaaeph_s003_t004.edf,F8-T8,242.814
tusz,tusz_v2.0.6/edf/train/aaaaaeph/s003_2006/02_tcp_le/aaaaaeph_s003_t004.edf,Fp2-F8,205.287
tusz,tusz_v2.0.6/edf/train/aaaaaeph/s003_2006/02_tcp_le/aaaaaeph_s003_t005.edf,Cz-Pz,3369.802
tusz,tusz_v2.0.6/edf/train/aaaaaeph/s003_2006/02_tcp_le/aaaaaeph_s003_t005.edf,P7-O1,208.874
tusz,tusz_v2.0.6/edf/train/aaaaaeph/s003_2006/02_tcp_le/aaaaaeph_s003_t006.edf,Cz-Pz,3412.065
tusz,tusz_v2.0.6/edf/train/aaaaaeph/s003_2006/02_tcp_le/aaaaaeph_s003_t007.edf,Cz-Pz,3287.189
tusz,tusz_v2.0.6/edf/train/aaaaaeph/s003_2006/02_tcp_le/aaaaaeph_s003_t007.edf,F8-T8,236.863
tusz,tusz_v2.0.6/edf/train/aaaaaeph/s003_2006/02_tcp_le/aaaaaeph_s003_t008.edf,Cz-Pz,3320.355
tusz,tusz_v2.0.6/edf/train/aaaaaeph/s003_2006/02_tcp_le/aaaaaeph_s003_t009.edf,Cz-Pz,3342.939
tusz,tusz_v2.0.6/edf/train/aaaaaeph/s003_2006/02_tcp_le/aaaaaeph_s003_t010.edf,C4-P4,276.366
tusz,tusz_v2.0.6/edf/train/aaaaaeph/s003_2006/02_tcp_le/aaaaaeph_s003_t010.edf,Cz-Pz,3302.041
tusz,tusz_v2.0.6/edf/train/aaaaaeph/s003_2006/02_tcp_le/aaaaaeph_s003_t010.edf,F4-C4,278.223
tusz,tusz_v2.0.6/edf/train/aaaaaeph/s003_2006/02_tcp_le/aaaaaeph_s003_t010.edf,Fp1-F3,312.779
tusz,tusz_v2.0.6/edf/train/aaaaaeph/s003_2006/02_tcp_le/aaaaaeph_s003_t010.edf,Fp1-F7,320.065
tusz,tusz_v2.0.6/edf/train/aaaaaeph/s003_2006/02_tcp_le/aaaaaeph_s003_t011.edf,Cz-Pz,3504.288
tusz,tusz_v2.0.6/edf/train/aaaaaeph/s003_2006/02_tcp_le/aaaaaeph_s003_t012.edf,Cz-Pz,3457.981
tusz,tusz_v2.0.6/edf/train/aaaaaeph/s003_2006/02_tcp_le/aaaaaeph_s003_t013.edf,Cz-Pz,3493.154
tusz,tusz_v2.0.6/edf/train/aaaaaeph/s003_2006/02_tcp_le/aaaaaeph_s003_t014.edf,Cz-Pz,3452.457
tusz,tusz_v2.0.6/edf/train/aaaaaeph/s003_2006/02_tcp_le/aaaaaeph_s003_t015.edf,Cz-Pz,3438.832
tusz,tusz_v2.0.6/edf/train/aaaaaeph/s003_2006/02_tcp_le/aaaaaeph_s003_t016.edf,Cz-Pz,3481.207
tusz,tusz_v2.0.6/edf/train/aaaaaeph/s003_2006/02_tcp_le/aaaaaeph_s003_t017.edf,Cz-Pz,3429.574
tusz,tusz_v2.0.6/edf/train/aaaaaeph/s003_2006/02_tcp_le/aaaaaeph_s003_t017.edf,F4-C4,335.672
tusz,tusz_v2.0.6/edf/train/aaaaaeph/s003_2006/02_tcp_le/aaaaaeph_s003_t017.edf,Fp2-F4,215.614
tusz,tusz_v2.0.6/edf/train/aaaaaeph/s003_2006/02_tcp_le/aaaaaeph_s003_t018.edf,Cz-Pz,3445.793
tusz,tusz_v2.0.6/edf/train/aaaaaeph/s003_2006/02_tcp_le/aaaaaeph_s003_t018.edf,F4-C4,249.021
tusz,tusz_v2.0.6/edf/train/aaaaaeqh/s002_2006/03_tcp_ar_a/aaaaaeqh_s002_t001.edf,Fz-Cz,202.434
tusz,tusz_v2.0.6/edf/train/aaaaaeqh/s002_2006/03_tcp_ar_a/aaaaaeqh_s002_t002.edf,Cz-Pz,240.234
tusz,tusz_v2.0.6/edf/train/aaaaaeqh/s002_2006/03_tcp_ar_a/aaaaaeqh_s002_t002.edf,Fz-Cz,217.473
tusz,tusz_v2.0.6/edf/train/aaaaaerk/s004_2006/03_tcp_ar_a/aaaaaerk_s004_t002.edf,Fp1-F3,672.528
tusz,tusz_v2.0.6/edf/train/aaaaaerk/s004_2006/03_tcp_ar_a/aaaaaerk_s004_t002.edf,Fp1-F7,701.863
tusz,tusz_v2.0.6/edf/train/aaaaaetm/s002_2006/03_tcp_ar_a/aaaaaetm_s002_t003.edf,Cz-Pz,1462.008
tusz,tusz_v2.0.6/edf/train/aaaaaewi/s001_2006/02_tcp_le/aaaaaewi_s001_t000.edf,Fp1-F3,210.482
tusz,tusz_v2.0.6/edf/train/aaaaaewi/s001_2006/02_tcp_le/aaaaaewi_s001_t000.edf,P3-O1,210.84
tusz,tusz_v2.0.6/edf/train/aaaaafav/s001_2006/02_tcp_le/aaaaafav_s001_t001.edf,Fp1-F3,1313.183
tusz,tusz_v2.0.6/edf/train/aaaaafav/s001_2006/02_tcp_le/aaaaafav_s001_t001.edf,Fp1-F7,1310.22
tusz,tusz_v2.0.6/edf/train/aaaaafav/s001_2006/02_tcp_le/aaaaafav_s001_t001.edf,P3-O1,546.779
tusz,tusz_v2.0.6/edf/train/aaaaafav/s001_2006/02_tcp_le/aaaaafav_s001_t001.edf,P7-O1,599.02
tusz,tusz_v2.0.6/edf/train/aaaaafav/s001_2006/02_tcp_le/aaaaafav_s001_t002.edf,Fp1-F3,1816.59
tusz,tusz_v2.0.6/edf/train/aaaaafav/s001_2006/02_tcp_le/aaaaafav_s001_t002.edf,Fp1-F7,1794.36
tusz,tusz_v2.0.6/edf/train/aaaaafrv/s002_2007/02_tcp_le/aaaaafrv_s002_t000.edf,C3-P3,207.314
tusz,tusz_v2.0.6/edf/train/aaaaafsb/s001_2007/02_tcp_le/aaaaafsb_s001_t000.edf,C4-P4,518.224
tusz,tusz_v2.0.6/edf/train/aaaaafsb/s001_2007/02_tcp_le/aaaaafsb_s001_t000.edf,Fp1-F3,4066.204
tusz,tusz_v2.0.6/edf/train/aaaaafsb/s001_2007/02_tcp_le/aaaaafsb_s001_t000.edf,Fp1-F7,4077.135
tusz,tusz_v2.0.6/edf/train/aaaaafsb/s001_2007/02_tcp_le/aaaaafsb_s001_t000.edf,P4-O2,569.785
tusz,tusz_v2.0.6/edf/train/aaaaaftk/s002_2007/02_tcp_le/aaaaaftk_s002_t000.edf,C3-P3,0.0
tusz,tusz_v2.0.6/edf/train/aaaaaftk/s002_2007/02_tcp_le/aaaaaftk_s002_t000.edf,C4-P4,0.0
tusz,tusz_v2.0.6/edf/train/aaaaaftk/s002_2007/02_tcp_le/aaaaaftk_s002_t000.edf,Cz-Pz,0.0
tusz,tusz_v2.0.6/edf/train/aaaaaftk/s002_2007/02_tcp_le/aaaaaftk_s002_t000.edf,F3-C3,0.0
tusz,tusz_v2.0.6/edf/train/aaaaaftk/s002_2007/02_tcp_le/aaaaaftk_s002_t000.edf,F4-C4,0.0
tusz,tusz_v2.0.6/edf/train/aaaaaftk/s002_2007/02_tcp_le/aaaaaftk_s002_t000.edf,F7-T7,0.0
tusz,tusz_v2.0.6/edf/train/aaaaaftk/s002_2007/02_tcp_le/aaaaaftk_s002_t000.edf,F8-T8,0.0
tusz,tusz_v2.0.6/edf/train/aaaaaftk/s002_2007/02_tcp_le/aaaaaftk_s002_t000.edf,Fp1-F3,0.0
tusz,tusz_v2.0.6/edf/train/aaaaaftk/s002_2007/02_tcp_le/aaaaaftk_s002_t000.edf,Fp1-F7,0.0
tusz,tusz_v2.0.6/edf/train/aaaaaftk/s002_2007/02_tcp_le/aaaaaftk_s002_t000.edf,Fp2-F4,0.0
tusz,tusz_v2.0.6/edf/train/aaaaaftk/s002_2007/02_tcp_le/aaaaaftk_s002_t000.edf,Fp2-F8,0.0
tusz,tusz_v2.0.6/edf/train/aaaaaftk/s002_2007/02_tcp_le/aaaaaftk_s002_t000.edf,Fz-Cz,0.0
tusz,tusz_v2.0.6/edf/train/aaaaaftk/s002_2007/02_tcp_le/aaaaaftk_s002_t000.edf,P3-O1,0.0
tusz,tusz_v2.0.6/edf/train/aaaaaftk/s002_2007/02_tcp_le/aaaaaftk_s002_t000.edf,P4-O2,0.0
tusz,tusz_v2.0.6/edf/train/aaaaaftk/s002_2007/02_tcp_le/aaaaaftk_s002_t000.edf,P7-O1,0.0
tusz,tusz_v2.0.6/edf/train/aaaaaftk/s002_2007/02_tcp_le/aaaaaftk_s002_t000.edf,P8-O2,0.0
tusz,tusz_v2.0.6/edf/train/aaaaaftk/s002_2007/02_tcp_le/aaaaaftk_s002_t000.edf,T7-P7,0.0
tusz,tusz_v2.0.6/edf/train/aaaaaftk/s002_2007/02_tcp_le/aaaaaftk_s002_t000.edf,T8-P8,0.0
tusz,tusz_v2.0.6/edf/train/aaaaaftk/s002_2007/02_tcp_le/aaaaaftk_s002_t001.edf,C4-P4,321.422
tusz,tusz_v2.0.6/edf/train/aaaaafxr/s004_2007/03_tcp_ar_a/aaaaafxr_s004_t000.edf,Fp2-F4,337.064
tusz,tusz_v2.0.6/edf/train/aaaaafxr/s004_2007/03_tcp_ar_a/aaaaafxr_s004_t000.edf,Fp2-F8,335.807
tusz,tusz_v2.0.6/edf/train/aaaaafye/s002_2007/03_tcp_ar_a/aaaaafye_s002_t001.edf,Fp1-F3,1619.922
tusz,tusz_v2.0.6/edf/train/aaaaafye/s002_2007/03_tcp_ar_a/aaaaafye_s002_t001.edf,Fp1-F7,1570.169
tusz,tusz_v2.0.6/edf/train/aaaaafye/s002_2007/03_tcp_ar_a/aaaaafye_s002_t002.edf,F4-C4,1664.924
tusz,tusz_v2.0.6/edf/train/aaaaafye/s002_2007/03_tcp_ar_a/aaaaafye_s002_t002.edf,F7-T7,1539.369
tusz,tusz_v2.0.6/edf/train/aaaaafye/s002_2007/03_tcp_ar_a/aaaaafye_s002_t002.edf,Fp1-F3,1667.039
tusz,tusz_v2.0.6/edf/train/aaaaafye/s002_2007/03_tcp_ar_a/aaaaafye_s002_t002.edf,T8-P8,1464.138
tusz,tusz_v2.0.6/edf/train/aaaaafye/s002_2007/03_tcp_ar_a/aaaaafye_s002_t003.edf,F3-C3,678.422
tusz,tusz_v2.0.6/edf/train/aaaaafye/s002_2007/03_tcp_ar_a/aaaaafye_s002_t003.edf,F4-C4,1578.543
tusz,tusz_v2.0.6/edf/train/aaaaafye/s002_2007/03_tcp_ar_a/aaaaafye_s002_t003.edf,F7-T7,935.638
tusz,tusz_v2.0.6/edf/train/aaaaafye/s002_2007/03_tcp_ar_a/aaaaafye_s002_t003.edf,F8-T8,1739.337
tusz,tusz_v2.0.6/edf/train/aaaaafye/s002_2007/03_tcp_ar_a/aaaaafye_s002_t003.edf,Fp1-F3,868.19
tusz,tusz_v2.0.6/edf/train/aaaaafye/s002_2007/03_tcp_ar_a/aaaaafye_s002_t003.edf,Fp1-F7,673.197
tusz,tusz_v2.0.6/edf/train/aaaaafye/s002_2007/03_tcp_ar_a/aaaaafye_s002_t003.edf,T8-P8,345.352
tusz,tusz_v2.0.6/edf/train/aaaaagcs/s001_2007/02_tcp_le/aaaaagcs_s001_t000.edf,F4-C4,299.146
tusz,tusz_v2.0.6/edf/train/aaaaagcs/s001_2007/02_tcp_le/aaaaagcs_s001_t000.edf,Fp2-F4,272.909
tusz,tusz_v2.0.6/edf/train/aaaaagdh/s001_2007/02_tcp_le/aaaaagdh_s001_t001.edf,F4-C4,238.634
tusz,tusz_v2.0.6/edf/train/aaaaagkw/s001_2007/02_tcp_le/aaaaagkw_s001_t001.edf,P3-O1,202.845
tusz,tusz_v2.0.6/edf/train/aaaaagkw/s001_2007/02_tcp_le/aaaaagkw_s001_t001.edf,P4-O2,339.415
tusz,tusz_v2.0.6/edf/train/aaaaagkw/s001_2007/02_tcp_le/aaaaagkw_s001_t001.edf,P8-O2,313.796
tusz,tusz_v2.0.6/edf/train/aaaaagpk/s009_2010/02_tcp_le/aaaaagpk_s009_t001.edf,Cz-Pz,209.606
tusz,tusz_v2.0.6/edf/train/aaaaagpk/s012_2014/01_tcp_ar/aaaaagpk_s012_t000.edf,C3-P3,0.768
tusz,tusz_v2.0.6/edf/train/aaaaagpk/s012_2014/01_tcp_ar/aaaaagpk_s012_t000.edf,C4-P4,0.758
tusz,tusz_v2.0.6/edf/train/aaaaagpk/s012_2014/01_tcp_ar/aaaaagpk_s012_t000.edf,Cz-Pz,0.993
tusz,tusz_v2.0.6/edf/train/aaaaagpk/s012_2014/01_tcp_ar/aaaaagpk_s012_t000.edf,F4-C4,0.756
tusz,tusz_v2.0.6/edf/train/aaaaagpk/s012_2014/01_tcp_ar/aaaaagpk_s012_t000.edf,F7-T7,0.582
tusz,tusz_v2.0.6/edf/train/aaaaagpk/s012_2014/01_tcp_ar/aaaaagpk_s012_t000.edf,F8-T8,0.84
tusz,tusz_v2.0.6/edf/train/aaaaagpk/s012_2014/01_tcp_ar/aaaaagpk_s012_t000.edf,Fp1-F7,0.605
tusz,tusz_v2.0.6/edf/train/aaaaagpk/s012_2014/01_tcp_ar/aaaaagpk_s012_t000.edf,Fp2-F8,0.718
tusz,tusz_v2.0.6/edf/train/aaaaagpk/s012_2014/01_tcp_ar/aaaaagpk_s012_t000.edf,Fz-Cz,0.965
tusz,tusz_v2.0.6/edf/train/aaaaagpk/s012_2014/01_tcp_ar/aaaaagpk_s012_t000.edf,P3-O1,0.889
tusz,tusz_v2.0.6/edf/train/aaaaagpk/s012_2014/01_tcp_ar/aaaaagpk_s012_t000.edf,P7-O1,0.864
tusz,tusz_v2.0.6/edf/train/aaaaagpk/s012_2014/01_tcp_ar/aaaaagpk_s012_t000.edf,T7-P7,0.572
tusz,tusz_v2.0.6/edf/train/aaaaagtt/s002_2008/03_tcp_ar_a/aaaaagtt_s002_t001.edf,F7-T7,1124.604
tusz,tusz_v2.0.6/edf/train/aaaaagtt/s002_2008/03_tcp_ar_a/aaaaagtt_s002_t001.edf,T7-P7,1128.744
tusz,tusz_v2.0.6/edf/train/aaaaagtt/s002_2008/03_tcp_ar_a/aaaaagtt_s002_t003.edf,F7-T7,1142.775
tusz,tusz_v2.0.6/edf/train/aaaaagtt/s002_2008/03_tcp_ar_a/aaaaagtt_s002_t003.edf,T7-P7,1144.06
tusz,tusz_v2.0.6/edf/train/aaaaagtt/s002_2008/03_tcp_ar_a/aaaaagtt_s002_t004.edf,F7-T7,1520.358
tusz,tusz_v2.0.6/edf/train/aaaaagtt/s002_2008/03_tcp_ar_a/aaaaagtt_s002_t004.edf,T7-P7,1533.369
tusz,tusz_v2.0.6/edf/train/aaaaahfd/s002_2009/02_tcp_le/aaaaahfd_s002_t000.edf,F4-C4,243.018
tusz,tusz_v2.0.6/edf/train/aaaaahfd/s002_2009/02_tcp_le/aaaaahfd_s002_t000.edf,P4-O2,223.877
tusz,tusz_v2.0.6/edf/train/aaaaahnz/s001_2008/02_tcp_le/aaaaahnz_s001_t000.edf,Cz-Pz,5023.977
tusz,tusz_v2.0.6/edf/train/aaaaahnz/s001_2008/02_tcp_le/aaaaahnz_s001_t000.edf,Fz-Cz,5000.964
tusz,tusz_v2.0.6/edf/train/aaaaahnz/s001_2008/02_tcp_le/aaaaahnz_s001_t001.edf,Cz-Pz,5060.852
tusz,tusz_v2.0.6/edf/train/aaaaahnz/s001_2008/02_tcp_le/aaaaahnz_s001_t001.edf,Fz-Cz,5042.807
tusz,tusz_v2.0.6/edf/train/aaaaahof/s003_2008/03_tcp_ar_a/aaaaahof_s003_t000.edf,C3-P3,0.853
tusz,tusz_v2.0.6/edf/train/aaaaahof/s003_2008/03_tcp_ar_a/aaaaahof_s003_t000.edf,C4-P4,0.93
tusz,tusz_v2.0.6/edf/train/aaaaahof/s003_2008/03_tcp_ar_a/aaaaahof_s003_t000.edf,Cz-Pz,0.835
tusz,tusz_v2.0.6/edf/train/aaaaahof/s003_2008/03_tcp_ar_a/aaaaahof_s003_t000.edf,F3-C3,0.875
tusz,tusz_v2.0.6/edf/train/aaaaahof/s003_2008/03_tcp_ar_a/aaaaahof_s003_t000.edf,F4-C4,0.936
tusz,tusz_v2.0.6/edf/train/aaaaahof/s003_2008/03_tcp_ar_a/aaaaahof_s003_t000.edf,F7-T7,0.888
tusz,tusz_v2.0.6/edf/train/aaaaahof/s003_2008/03_tcp_ar_a/aaaaahof_s003_t000.edf,F8-T8,0.98
tusz,tusz_v2.0.6/edf/train/aaaaahof/s003_2008/03_tcp_ar_a/aaaaahof_s003_t000.edf,Fp2-F4,0.959
tusz,tusz_v2.0.6/edf/train/aaaaahof/s003_2008/03_tcp_ar_a/aaaaahof_s003_t000.edf,Fp2-F8,1.0
tusz,tusz_v2.0.6/edf/train/aaaaahof/s003_2008/03_tcp_ar_a/aaaaahof_s003_t000.edf,Fz-Cz,0.686
tusz,tusz_v2.0.6/edf/train/aaaaahof/s003_2008/03_tcp_ar_a/aaaaahof_s003_t000.edf,T7-P7,0.774
tusz,tusz_v2.0.6/edf/train/aaaaahof/s003_2008/03_tcp_ar_a/aaaaahof_s003_t000.edf,T8-P8,0.9
tusz,tusz_v2.0.6/edf/train/aaaaahof/s003_2008/03_tcp_ar_a/aaaaahof_s003_t001.edf,C3-P3,0.864
tusz,tusz_v2.0.6/edf/train/aaaaahof/s003_2008/03_tcp_ar_a/aaaaahof_s003_t001.edf,C4-P4,0.949
tusz,tusz_v2.0.6/edf/train/aaaaahof/s003_2008/03_tcp_ar_a/aaaaahof_s003_t001.edf,Cz-Pz,0.872
tusz,tusz_v2.0.6/edf/train/aaaaahof/s003_2008/03_tcp_ar_a/aaaaahof_s003_t001.edf,F3-C3,0.874
tusz,tusz_v2.0.6/edf/train/aaaaahof/s003_2008/03_tcp_ar_a/aaaaahof_s003_t001.edf,F4-C4,0.929
tusz,tusz_v2.0.6/edf/train/aaaaahof/s003_2008/03_tcp_ar_a/aaaaahof_s003_t001.edf,F7-T7,0.884
tusz,tusz_v2.0.6/edf/train/aaaaahof/s003_2008/03_tcp_ar_a/aaaaahof_s003_t001.edf,F8-T8,0.933
tusz,tusz_v2.0.6/edf/train/aaaaahof/s003_2008/03_tcp_ar_a/aaaaahof_s003_t001.edf,Fz-Cz,0.721
tusz,tusz_v2.0.6/edf/train/aaaaahof/s003_2008/03_tcp_ar_a/aaaaahof_s003_t001.edf,P4-O2,0.864
tusz,tusz_v2.0.6/edf/train/aaaaahof/s003_2008/03_tcp_ar_a/aaaaahof_s003_t001.edf,T7-P7,0.782
tusz,tusz_v2.0.6/edf/train/aaaaahof/s003_2008/03_tcp_ar_a/aaaaahof_s003_t001.edf,T8-P8,0.812
tusz,tusz_v2.0.6/edf/train/aaaaahof/s003_2008/03_tcp_ar_a/aaaaahof_s003_t002.edf,C3-P3,0.864
tusz,tusz_v2.0.6/edf/train/aaaaahof/s003_2008/03_tcp_ar_a/aaaaahof_s003_t002.edf,C4-P4,0.919
tusz,tusz_v2.0.6/edf/train/aaaaahof/s003_2008/03_tcp_ar_a/aaaaahof_s003_t002.edf,Cz-Pz,0.878
tusz,tusz_v2.0.6/edf/train/aaaaahof/s003_2008/03_tcp_ar_a/aaaaahof_s003_t002.edf,F3-C3,0.91
tusz,tusz_v2.0.6/edf/train/aaaaahof/s003_2008/03_tcp_ar_a/aaaaahof_s003_t002.edf,F4-C4,0.886
tusz,tusz_v2.0.6/edf/train/aaaaahof/s003_2008/03_tcp_ar_a/aaaaahof_s003_t002.edf,F7-T7,0.813
tusz,tusz_v2.0.6/edf/train/aaaaahof/s003_2008/03_tcp_ar_a/aaaaahof_s003_t002.edf,F8-T8,0.944
tusz,tusz_v2.0.6/edf/train/aaaaahof/s003_2008/03_tcp_ar_a/aaaaahof_s003_t002.edf,Fz-Cz,0.736
tusz,tusz_v2.0.6/edf/train/aaaaahof/s003_2008/03_tcp_ar_a/aaaaahof_s003_t002.edf,P4-O2,0.917
tusz,tusz_v2.0.6/edf/train/aaaaahof/s003_2008/03_tcp_ar_a/aaaaahof_s003_t002.edf,T7-P7,0.771
tusz,tusz_v2.0.6/edf/train/aaaaahof/s003_2008/03_tcp_ar_a/aaaaahof_s003_t002.edf,T8-P8,0.767
tusz,tusz_v2.0.6/edf/train/aaaaahof/s003_2008/03_tcp_ar_a/aaaaahof_s003_t003.edf,C3-P3,0.908
tusz,tusz_v2.0.6/edf/train/aaaaahof/s003_2008/03_tcp_ar_a/aaaaahof_s003_t003.edf,C4-P4,0.964
tusz,tusz_v2.0.6/edf/train/aaaaahof/s003_2008/03_tcp_ar_a/aaaaahof_s003_t003.edf,Cz-Pz,0.875
tusz,tusz_v2.0.6/edf/train/aaaaahof/s003_2008/03_tcp_ar_a/aaaaahof_s003_t003.edf,F3-C3,0.917
tusz,tusz_v2.0.6/edf/train/aaaaahof/s003_2008/03_tcp_ar_a/aaaaahof_s003_t003.edf,F4-C4,0.949
tusz,tusz_v2.0.6/edf/train/aaaaahof/s003_2008/03_tcp_ar_a/aaaaahof_s003_t003.edf,F7-T7,0.863
tusz,tusz_v2.0.6/edf/train/aaaaahof/s003_2008/03_tcp_ar_a/aaaaahof_s003_t003.edf,F8-T8,0.926
tusz,tusz_v2.0.6/edf/train/aaaaahof/s003_2008/03_tcp_ar_a/aaaaahof_s003_t003.edf,Fz-Cz,0.721
tusz,tusz_v2.0.6/edf/train/aaaaahof/s003_2008/03_tcp_ar_a/aaaaahof_s003_t003.edf,P4-O2,0.957
tusz,tusz_v2.0.6/edf/train/aaaaahof/s003_2008/03_tcp_ar_a/aaaaahof_s003_t003.edf,T7-P7,0.833
tusz,tusz_v2.0.6/edf/train/aaaaahof/s003_2008/03_tcp_ar_a/aaaaahof_s003_t003.edf,T8-P8,0.813
tusz,tusz_v2.0.6/edf/train/aaaaahof/s003_2008/03_tcp_ar_a/aaaaahof_s003_t004.edf,C3-P3,0.873
tusz,tusz_v2.0.6/edf/train/aaaaahof/s003_2008/03_tcp_ar_a/aaaaahof_s003_t004.edf,F3-C3,0.894
tusz,tusz_v2.0.6/edf/train/aaaaahof/s003_2008/03_tcp_ar_a/aaaaahof_s003_t004.edf,F4-C4,0.988
tusz,tusz_v2.0.6/edf/train/aaaaahof/s003_2008/03_tcp_ar_a/aaaaahof_s003_t004.edf,F7-T7,0.793
tusz,tusz_v2.0.6/edf/train/aaaaahof/s003_2008/03_tcp_ar_a/aaaaahof_s003_t004.edf,F8-T8,0.979
tusz,tusz_v2.0.6/edf/train/aaaaahof/s003_2008/03_tcp_ar_a/aaaaahof_s003_t004.edf,Fp2-F4,0.901
tusz,tusz_v2.0.6/edf/train/aaaaahof/s003_2008/03_tcp_ar_a/aaaaahof_s003_t004.edf,Fp2-F8,0.997
tusz,tusz_v2.0.6/edf/train/aaaaahof/s003_2008/03_tcp_ar_a/aaaaahof_s003_t004.edf,Fz-Cz,0.878
tusz,tusz_v2.0.6/edf/train/aaaaahof/s003_2008/03_tcp_ar_a/aaaaahof_s003_t004.edf,P4-O2,0.852
tusz,tusz_v2.0.6/edf/train/aaaaahof/s003_2008/03_tcp_ar_a/aaaaahof_s003_t004.edf,P7-O1,0.995
tusz,tusz_v2.0.6/edf/train/aaaaahof/s003_2008/03_tcp_ar_a/aaaaahof_s003_t004.edf,T7-P7,0.783
tusz,tusz_v2.0.6/edf/train/aaaaahof/s003_2008/03_tcp_ar_a/aaaaahof_s003_t004.edf,T8-P8,0.941
tusz,tusz_v2.0.6/edf/train/aaaaahun/s006_2009/02_tcp_le/aaaaahun_s006_t000.edf,C3-P3,224.65
tusz,tusz_v2.0.6/edf/train/aaaaahun/s006_2009/02_tcp_le/aaaaahun_s006_t000.edf,P3-O1,217.142
tusz,tusz_v2.0.6/edf/train/aaaaahux/s001_2009/02_tcp_le/aaaaahux_s001_t000.edf,C4-P4,790.358
tusz,tusz_v2.0.6/edf/train/aaaaahux/s001_2009/02_tcp_le/aaaaahux_s001_t000.edf,Cz-Pz,731.663
tusz,tusz_v2.0.6/edf/train/aaaaahux/s001_2009/02_tcp_le/aaaaahux_s001_t000.edf,F4-C4,686.85
tusz,tusz_v2.0.6/edf/train/aaaaahux/s001_2009/02_tcp_le/aaaaahux_s001_t000.edf,Fp1-F3,4634.46
tusz,tusz_v2.0.6/edf/train/aaaaahux/s001_2009/02_tcp_le/aaaaahux_s001_t000.edf,Fp1-F7,4071.65
tusz,tusz_v2.0.6/edf/train/aaaaahux/s001_2009/02_tcp_le/aaaaahux_s001_t000.edf,Fz-Cz,605.266
tusz,tusz_v2.0.6/edf/train/aaaaahux/s001_2009/02_tcp_le/aaaaahux_s001_t001.edf,C4-P4,362.281
tusz,tusz_v2.0.6/edf/train/aaaaahux/s001_2009/02_tcp_le/aaaaahux_s001_t001.edf,Cz-Pz,282.48
tusz,tusz_v2.0.6/edf/train/aaaaahux/s001_2009/02_tcp_le/aaaaahux_s001_t001.edf,F4-C4,365.864
tusz,tusz_v2.0.6/edf/train/aaaaahux/s001_2009/02_tcp_le/aaaaahux_s001_t001.edf,Fp1-F3,236.642
tusz,tusz_v2.0.6/edf/train/aaaaahux/s001_2009/02_tcp_le/aaaaahux_s001_t001.edf,Fp1-F7,275.132
tusz,tusz_v2.0.6/edf/train/aaaaahux/s001_2009/02_tcp_le/aaaaahux_s001_t001.edf,Fz-Cz,283.978
tusz,tusz_v2.0.6/edf/train/aaaaahxr/s001_2008/02_tcp_le/aaaaahxr_s001_t001.edf,F7-T7,216.001
tusz,tusz_v2.0.6/edf/train/aaaaahxr/s001_2008/02_tcp_le/aaaaahxr_s001_t001.edf,Fp1-F3,304.335
tusz,tusz_v2.0.6/edf/train/aaaaahxr/s001_2008/02_tcp_le/aaaaahxr_s001_t001.edf,Fp1-F7,215.665
tusz,tusz_v2.0.6/edf/train/aaaaaiad/s002_2009/02_tcp_le/aaaaaiad_s002_t000.edf,C4-P4,4949.7
tusz,tusz_v2.0.6/edf/train/aaaaaiad/s002_2009/02_tcp_le/aaaaaiad_s002_t000.edf,F4-C4,4981.235
tusz,tusz_v2.0.6/edf/train/aaaaaiad/s002_2009/02_tcp_le/aaaaaiad_s002_t001.edf,C4-P4,4944.902
tusz,tusz_v2.0.6/edf/train/aaaaaiad/s002_2009/02_tcp_le/aaaaaiad_s002_t001.edf,F4-C4,4975.201
tusz,tusz_v2.0.6/edf/train/aaaaaiat/s008_2012/01_tcp_ar/aaaaaiat_s008_t002.edf,C4-P4,1666.754
tusz,tusz_v2.0.6/edf/train/aaaaaiat/s008_2012/01_tcp_ar/aaaaaiat_s008_t002.edf,F4-C4,1664.746
tusz,tusz_v2.0.6/edf/train/aaaaaiat/s008_2012/01_tcp_ar/aaaaaiat_s008_t002.edf,Fp1-F3,1730.666
tusz,tusz_v2.0.6/edf/train/aaaaaiat/s008_2012/01_tcp_ar/aaaaaiat_s008_t002.edf,Fp1-F7,1730.666
tusz,tusz_v2.0.6/edf/train/aaaaaiat/s008_2012/01_tcp_ar/aaaaaiat_s008_t002.edf,Fp2-F4,1605.685
tusz,tusz_v2.0.6/edf/train/aaaaaiat/s008_2012/01_tcp_ar/aaaaaiat_s008_t002.edf,Fp2-F8,1605.685
tusz,tusz_v2.0.6/edf/train/aaaaaiat/s008_2012/01_tcp_ar/aaaaaiat_s008_t002.edf,P4-O2,1561.849
tusz,tusz_v2.0.6/edf/train/aaaaaiat/s008_2012/01_tcp_ar/aaaaaiat_s008_t002.edf,T8-P8,1570.633
tusz,tusz_v2.0.6/edf/train/aaaaaiat/s008_2012/01_tcp_ar/aaaaaiat_s008_t003.edf,C4-P4,2536.27
tusz,tusz_v2.0.6/edf/train/aaaaaiat/s008_2012/01_tcp_ar/aaaaaiat_s008_t003.edf,Cz-Pz,409.41
tusz,tusz_v2.0.6/edf/train/aaaaaiat/s008_2012/01_tcp_ar/aaaaaiat_s008_t003.edf,F4-C4,1491.244
tusz,tusz_v2.0.6/edf/train/aaaaaiat/s008_2012/01_tcp_ar/aaaaaiat_s008_t003.edf,Fp1-F3,2559.526
tusz,tusz_v2.0.6/edf/train/aaaaaiat/s008_2012/01_tcp_ar/aaaaaiat_s008_t003.edf,Fp1-F7,2557.518
tusz,tusz_v2.0.6/edf/train/aaaaaiat/s008_2012/01_tcp_ar/aaaaaiat_s008_t003.edf,Fp2-F4,1483.046
tusz,tusz_v2.0.6/edf/train/aaaaaiat/s008_2012/01_tcp_ar/aaaaaiat_s008_t003.edf,Fp2-F8,2472.357
tusz,tusz_v2.0.6/edf/train/aaaaaiat/s008_2012/01_tcp_ar/aaaaaiat_s008_t003.edf,Fz-Cz,204.454
tusz,tusz_v2.0.6/edf/train/aaaaaiat/s008_2012/01_tcp_ar/aaaaaiat_s008_t003.edf,P4-O2,2528.071
tusz,tusz_v2.0.6/edf/train/aaaaaiat/s008_2012/01_tcp_ar/aaaaaiat_s008_t003.edf,T8-P8,2567.055
tusz,tusz_v2.0.6/edf/train/aaaaaiat/s008_2012/01_tcp_ar/aaaaaiat_s008_t004.edf,Cz-Pz,277.904
tusz,tusz_v2.0.6/edf/train/aaaaaiat/s008_2012/01_tcp_ar/aaaaaiat_s008_t004.edf,F4-C4,981.363
tusz,tusz_v2.0.6/edf/train/aaaaaiat/s008_2012/01_tcp_ar/aaaaaiat_s008_t004.edf,Fp2-F4,979.774
tusz,tusz_v2.0.6/edf/train/aaaaaiat/s009_2012/01_tcp_ar/aaaaaiat_s009_t000.edf,Cz-Pz,250.13
tusz,tusz_v2.0.6/edf/train/aaaaaiat/s009_2012/01_tcp_ar/aaaaaiat_s009_t000.edf,F4-C4,968.062
tusz,tusz_v2.0.6/edf/train/aaaaaiat/s009_2012/01_tcp_ar/aaaaaiat_s009_t000.edf,Fp2-F4,970.405
tusz,tusz_v2.0.6/edf/train/aaaaaiat/s009_2012/01_tcp_ar/aaaaaiat_s009_t002.edf,F4-C4,591.612
tusz,tusz_v2.0.6/edf/train/aaaaaiat/s009_2012/01_tcp_ar/aaaaaiat_s009_t002.edf,Fp2-F4,592.281
tusz,tusz_v2.0.6/edf/train/aaaaaiat/s009_2012/01_tcp_ar/aaaaaiat_s009_t004.edf,F4-C4,610.016
tusz,tusz_v2.0.6/edf/train/aaaaaiat/s009_2012/01_tcp_ar/aaaaaiat_s009_t004.edf,Fp2-F4,610.184
tusz,tusz_v2.0.6/edf/train/aaaaaiat/s009_2012/01_tcp_ar/aaaaaiat_s009_t006.edf,P8-O2,1383.245
tusz,tusz_v2.0.6/edf/train/aaaaaiat/s009_2012/01_tcp_ar/aaaaaiat_s009_t006.edf,T8-P8,1385.336
tusz,tusz_v2.0.6/edf/train/aaaaaike/s002_2009/03_tcp_ar_a/aaaaaike_s002_t000.edf,Fp1-F3,245.82
tusz,tusz_v2.0.6/edf/train/aaaaaike/s002_2009/03_tcp_ar_a/aaaaaike_s002_t000.edf,Fp1-F7,248.344
tusz,tusz_v2.0.6/edf/train/aaaaaike/s003_2009/03_tcp_ar_a/aaaaaike_s003_t004.edf,C4-P4,764.988
tusz,tusz_v2.0.6/edf/train/aaaaaike/s003_2009/03_tcp_ar_a/aaaaaike_s003_t004.edf,F4-C4,766.74
tusz,tusz_v2.0.6/edf/train/aaaaaimu/s005_2014/01_tcp_ar/aaaaaimu_s005_t003.edf,C3-P3,0.0
tusz,tusz_v2.0.6/edf/train/aaaaaimu/s005_2014/01_tcp_ar/aaaaaimu_s005_t003.edf,C4-P4,0.0
tusz,tusz_v2.0.6/edf/train/aaaaaimu/s005_2014/01_tcp_ar/aaaaaimu_s005_t003.edf,F3-C3,0.0
tusz,tusz_v2.0.6/edf/train/aaaaaimu/s005_2014/01_tcp_ar/aaaaaimu_s005_t003.edf,F4-C4,0.0
tusz,tusz_v2.0.6/edf/train/aaaaaimu/s005_2014/01_tcp_ar/aaaaaimu_s005_t003.edf,F7-T7,0.0
tusz,tusz_v2.0.6/edf/train/aaaaaimu/s005_2014/01_tcp_ar/aaaaaimu_s005_t003.edf,F8-T8,0.0
tusz,tusz_v2.0.6/edf/train/aaaaaimu/s005_2014/01_tcp_ar/aaaaaimu_s005_t003.edf,Fp1-F3,0.0
tusz,tusz_v2.0.6/edf/train/aaaaaimu/s005_2014/01_tcp_ar/aaaaaimu_s005_t003.edf,Fp1-F7,0.0
tusz,tusz_v2.0.6/edf/train/aaaaaimu/s005_2014/01_tcp_ar/aaaaaimu_s005_t003.edf,Fp2-F4,0.0
tusz,tusz_v2.0.6/edf/train/aaaaaimu/s005_2014/01_tcp_ar/aaaaaimu_s005_t003.edf,Fp2-F8,0.0
tusz,tusz_v2.0.6/edf/train/aaaaaimu/s005_2014/01_tcp_ar/aaaaaimu_s005_t003.edf,P3-O1,0.0
tusz,tusz_v2.0.6/edf/train/aaaaaimu/s005_2014/01_tcp_ar/aaaaaimu_s005_t003.edf,P4-O2,0.0
tusz,tusz_v2.0.6/edf/train/aaaaaimu/s005_2014/01_tcp_ar/aaaaaimu_s005_t003.edf,P7-O1,0.0
tusz,tusz_v2.0.6/edf/train/aaaaaimu/s005_2014/01_tcp_ar/aaaaaimu_s005_t003.edf,P8-O2,0.0
tusz,tusz_v2.0.6/edf/train/aaaaaimu/s005_2014/01_tcp_ar/aaaaaimu_s005_t003.edf,T7-P7,0.0
tusz,tusz_v2.0.6/edf/train/aaaaaimu/s005_2014/01_tcp_ar/aaaaaimu_s005_t003.edf,T8-P8,0.0
tusz,tusz_v2.0.6/edf/train/aaaaaimu/s005_2014/01_tcp_ar/aaaaaimu_s005_t004.edf,C3-P3,10964.568
tusz,tusz_v2.0.6/edf/train/aaaaaimu/s005_2014/01_tcp_ar/aaaaaimu_s005_t004.edf,C4-P4,0.0
tusz,tusz_v2.0.6/edf/train/aaaaaimu/s005_2014/01_tcp_ar/aaaaaimu_s005_t004.edf,F3-C3,0.0
tusz,tusz_v2.0.6/edf/train/aaaaaimu/s005_2014/01_tcp_ar/aaaaaimu_s005_t004.edf,F4-C4,10964.568
tusz,tusz_v2.0.6/edf/train/aaaaaimu/s005_2014/01_tcp_ar/aaaaaimu_s005_t004.edf,F7-T7,10964.568
tusz,tusz_v2.0.6/edf/train/aaaaaimu/s005_2014/01_tcp_ar/aaaaaimu_s005_t004.edf,F8-T8,0.0
tusz,tusz_v2.0.6/edf/train/aaaaaimu/s005_2014/01_tcp_ar/aaaaaimu_s005_t004.edf,Fp1-F3,10964.568
tusz,tusz_v2.0.6/edf/train/aaaaaimu/s005_2014/01_tcp_ar/aaaaaimu_s005_t004.edf,Fp1-F7,10964.568
tusz,tusz_v2.0.6/edf/train/aaaaaimu/s005_2014/01_tcp_ar/aaaaaimu_s005_t004.edf,Fp2-F4,0.0
tusz,tusz_v2.0.6/edf/train/aaaaaimu/s005_2014/01_tcp_ar/aaaaaimu_s005_t004.edf,Fp2-F8,10964.568
tusz,tusz_v2.0.6/edf/train/aaaaaimu/s005_2014/01_tcp_ar/aaaaaimu_s005_t004.edf,P3-O1,0.0
tusz,tusz_v2.0.6/edf/train/aaaaaimu/s005_2014/01_tcp_ar/aaaaaimu_s005_t004.edf,P4-O2,0.0
tusz,tusz_v2.0.6/edf/train/aaaaaimu/s005_2014/01_tcp_ar/aaaaaimu_s005_t004.edf,P7-O1,10964.568
tusz,tusz_v2.0.6/edf/train/aaaaaimu/s005_2014/01_tcp_ar/aaaaaimu_s005_t004.edf,P8-O2,0.0
tusz,tusz_v2.0.6/edf/train/aaaaaimu/s005_2014/01_tcp_ar/aaaaaimu_s005_t004.edf,T7-P7,10964.568
tusz,tusz_v2.0.6/edf/train/aaaaaimu/s005_2014/01_tcp_ar/aaaaaimu_s005_t004.edf,T8-P8,0.0
tusz,tusz_v2.0.6/edf/train/aaaaaimu/s005_2014/01_tcp_ar/aaaaaimu_s005_t005.edf,C3-P3,0.0
tusz,tusz_v2.0.6/edf/train/aaaaaimu/s005_2014/01_tcp_ar/aaaaaimu_s005_t005.edf,C4-P4,0.0
tusz,tusz_v2.0.6/edf/train/aaaaaimu/s005_2014/01_tcp_ar/aaaaaimu_s005_t005.edf,F3-C3,0.0
tusz,tusz_v2.0.6/edf/train/aaaaaimu/s005_2014/01_tcp_ar/aaaaaimu_s005_t005.edf,F4-C4,0.0
tusz,tusz_v2.0.6/edf/train/aaaaaimu/s005_2014/01_tcp_ar/aaaaaimu_s005_t005.edf,F7-T7,0.0
tusz,tusz_v2.0.6/edf/train/aaaaaimu/s005_2014/01_tcp_ar/aaaaaimu_s005_t005.edf,F8-T8,0.0
tusz,tusz_v2.0.6/edf/train/aaaaaimu/s005_2014/01_tcp_ar/aaaaaimu_s005_t005.edf,Fp1-F3,0.0
tusz,tusz_v2.0.6/edf/train/aaaaaimu/s005_2014/01_tcp_ar/aaaaaimu_s005_t005.edf,Fp1-F7,0.0
tusz,tusz_v2.0.6/edf/train/aaaaaimu/s005_2014/01_tcp_ar/aaaaaimu_s005_t005.edf,Fp2-F4,0.0
tusz,tusz_v2.0.6/edf/train/aaaaaimu/s005_2014/01_tcp_ar/aaaaaimu_s005_t005.edf,Fp2-F8,0.0
tusz,tusz_v2.0.6/edf/train/aaaaaimu/s005_2014/01_tcp_ar/aaaaaimu_s005_t005.edf,P3-O1,0.0
tusz,tusz_v2.0.6/edf/train/aaaaaimu/s005_2014/01_tcp_ar/aaaaaimu_s005_t005.edf,P4-O2,0.0
tusz,tusz_v2.0.6/edf/train/aaaaaimu/s005_2014/01_tcp_ar/aaaaaimu_s005_t005.edf,P7-O1,0.0
tusz,tusz_v2.0.6/edf/train/aaaaaimu/s005_2014/01_tcp_ar/aaaaaimu_s005_t005.edf,P8-O2,0.0
tusz,tusz_v2.0.6/edf/train/aaaaaimu/s005_2014/01_tcp_ar/aaaaaimu_s005_t005.edf,T7-P7,0.0
tusz,tusz_v2.0.6/edf/train/aaaaaimu/s005_2014/01_tcp_ar/aaaaaimu_s005_t005.edf,T8-P8,0.0
tusz,tusz_v2.0.6/edf/train/aaaaaimu/s005_2014/01_tcp_ar/aaaaaimu_s005_t006.edf,C3-P3,0.0
tusz,tusz_v2.0.6/edf/train/aaaaaimu/s005_2014/01_tcp_ar/aaaaaimu_s005_t006.edf,C4-P4,0.0
tusz,tusz_v2.0.6/edf/train/aaaaaimu/s005_2014/01_tcp_ar/aaaaaimu_s005_t006.edf,F3-C3,0.0
tusz,tusz_v2.0.6/edf/train/aaaaaimu/s005_2014/01_tcp_ar/aaaaaimu_s005_t006.edf,F4-C4,0.0
tusz,tusz_v2.0.6/edf/train/aaaaaimu/s005_2014/01_tcp_ar/aaaaaimu_s005_t006.edf,F7-T7,0.0
tusz,tusz_v2.0.6/edf/train/aaaaaimu/s005_2014/01_tcp_ar/aaaaaimu_s005_t006.edf,F8-T8,0.0
tusz,tusz_v2.0.6/edf/train/aaaaaimu/s005_2014/01_tcp_ar/aaaaaimu_s005_t006.edf,Fp1-F3,0.0
tusz,tusz_v2.0.6/edf/train/aaaaaimu/s005_2014/01_tcp_ar/aaaaaimu_s005_t006.edf,Fp1-F7,0.0
tusz,tusz_v2.0.6/edf/train/aaaaaimu/s005_2014/01_tcp_ar/aaaaaimu_s005_t006.edf,Fp2-F4,0.0
tusz,tusz_v2.0.6/edf/train/aaaaaimu/s005_2014/01_tcp_ar/aaaaaimu_s005_t006.edf,Fp2-F8,0.0
tusz,tusz_v2.0.6/edf/train/aaaaaimu/s005_2014/01_tcp_ar/aaaaaimu_s005_t006.edf,P3-O1,0.0
tusz,tusz_v2.0.6/edf/train/aaaaaimu/s005_2014/01_tcp_ar/aaaaaimu_s005_t006.edf,P4-O2,0.0
tusz,tusz_v2.0.6/edf/train/aaaaaimu/s005_2014/01_tcp_ar/aaaaaimu_s005_t006.edf,P7-O1,0.0
tusz,tusz_v2.0.6/edf/train/aaaaaimu/s005_2014/01_tcp_ar/aaaaaimu_s005_t006.edf,P8-O2,0.0
tusz,tusz_v2.0.6/edf/train/aaaaaimu/s005_2014/01_tcp_ar/aaaaaimu_s005_t006.edf,T7-P7,0.0
tusz,tusz_v2.0.6/edf/train/aaaaaimu/s005_2014/01_tcp_ar/aaaaaimu_s005_t006.edf,T8-P8,0.0
tusz,tusz_v2.0.6/edf/train/aaaaaimu/s005_2014/01_tcp_ar/aaaaaimu_s005_t007.edf,C3-P3,0.0
tusz,tusz_v2.0.6/edf/train/aaaaaimu/s005_2014/01_tcp_ar/aaaaaimu_s005_t007.edf,C4-P4,0.0
tusz,tusz_v2.0.6/edf/train/aaaaaimu/s005_2014/01_tcp_ar/aaaaaimu_s005_t007.edf,F3-C3,0.0
tusz,tusz_v2.0.6/edf/train/aaaaaimu/s005_2014/01_tcp_ar/aaaaaimu_s005_t007.edf,F4-C4,0.0
tusz,tusz_v2.0.6/edf/train/aaaaaimu/s005_2014/01_tcp_ar/aaaaaimu_s005_t007.edf,F7-T7,0.0
tusz,tusz_v2.0.6/edf/train/aaaaaimu/s005_2014/01_tcp_ar/aaaaaimu_s005_t007.edf,F8-T8,0.0
tusz,tusz_v2.0.6/edf/train/aaaaaimu/s005_2014/01_tcp_ar/aaaaaimu_s005_t007.edf,Fp1-F3,0.0
tusz,tusz_v2.0.6/edf/train/aaaaaimu/s005_2014/01_tcp_ar/aaaaaimu_s005_t007.edf,Fp1-F7,0.0
tusz,tusz_v2.0.6/edf/train/aaaaaimu/s005_2014/01_tcp_ar/aaaaaimu_s005_t007.edf,Fp2-F4,0.0
tusz,tusz_v2.0.6/edf/train/aaaaaimu/s005_2014/01_tcp_ar/aaaaaimu_s005_t007.edf,Fp2-F8,0.0
tusz,tusz_v2.0.6/edf/train/aaaaaimu/s005_2014/01_tcp_ar/aaaaaimu_s005_t007.edf,P3-O1,0.0
tusz,tusz_v2.0.6/edf/train/aaaaaimu/s005_2014/01_tcp_ar/aaaaaimu_s005_t007.edf,P4-O2,0.0
tusz,tusz_v2.0.6/edf/train/aaaaaimu/s005_2014/01_tcp_ar/aaaaaimu_s005_t007.edf,P7-O1,0.0
tusz,tusz_v2.0.6/edf/train/aaaaaimu/s005_2014/01_tcp_ar/aaaaaimu_s005_t007.edf,P8-O2,0.0
tusz,tusz_v2.0.6/edf/train/aaaaaimu/s005_2014/01_tcp_ar/aaaaaimu_s005_t007.edf,T7-P7,0.0
tusz,tusz_v2.0.6/edf/train/aaaaaimu/s005_2014/01_tcp_ar/aaaaaimu_s005_t007.edf,T8-P8,0.0
tusz,tusz_v2.0.6/edf/train/aaaaaimu/s005_2014/01_tcp_ar/aaaaaimu_s005_t008.edf,C3-P3,0.0
tusz,tusz_v2.0.6/edf/train/aaaaaimu/s005_2014/01_tcp_ar/aaaaaimu_s005_t008.edf,C4-P4,0.0
tusz,tusz_v2.0.6/edf/train/aaaaaimu/s005_2014/01_tcp_ar/aaaaaimu_s005_t008.edf,F3-C3,0.0
tusz,tusz_v2.0.6/edf/train/aaaaaimu/s005_2014/01_tcp_ar/aaaaaimu_s005_t008.edf,F4-C4,0.0
tusz,tusz_v2.0.6/edf/train/aaaaaimu/s005_2014/01_tcp_ar/aaaaaimu_s005_t008.edf,F7-T7,0.0
tusz,tusz_v2.0.6/edf/train/aaaaaimu/s005_2014/01_tcp_ar/aaaaaimu_s005_t008.edf,F8-T8,0.0
tusz,tusz_v2.0.6/edf/train/aaaaaimu/s005_2014/01_tcp_ar/aaaaaimu_s005_t008.edf,Fp1-F3,0.0
tusz,tusz_v2.0.6/edf/train/aaaaaimu/s005_2014/01_tcp_ar/aaaaaimu_s005_t008.edf,Fp1-F7,0.0
tusz,tusz_v2.0.6/edf/train/aaaaaimu/s005_2014/01_tcp_ar/aaaaaimu_s005_t008.edf,Fp2-F4,0.0
tusz,tusz_v2.0.6/edf/train/aaaaaimu/s005_2014/01_tcp_ar/aaaaaimu_s005_t008.edf,Fp2-F8,0.0
tusz,tusz_v2.0.6/edf/train/aaaaaimu/s005_2014/01_tcp_ar/aaaaaimu_s005_t008.edf,P3-O1,0.0
tusz,tusz_v2.0.6/edf/train/aaaaaimu/s005_2014/01_tcp_ar/aaaaaimu_s005_t008.edf,P4-O2,0.0
tusz,tusz_v2.0.6/edf/train/aaaaaimu/s005_2014/01_tcp_ar/aaaaaimu_s005_t008.edf,P7-O1,0.0
tusz,tusz_v2.0.6/edf/train/aaaaaimu/s005_2014/01_tcp_ar/aaaaaimu_s005_t008.edf,P8-O2,0.0
tusz,tusz_v2.0.6/edf/train/aaaaaimu/s005_2014/01_tcp_ar/aaaaaimu_s005_t008.edf,T7-P7,0.0
tusz,tusz_v2.0.6/edf/train/aaaaaimu/s005_2014/01_tcp_ar/aaaaaimu_s005_t008.edf,T8-P8,0.0
tusz,tusz_v2.0.6/edf/train/aaaaaimu/s005_2014/01_tcp_ar/aaaaaimu_s005_t009.edf,C3-P3,0.0
tusz,tusz_v2.0.6/edf/train/aaaaaimu/s005_2014/01_tcp_ar/aaaaaimu_s005_t009.edf,C4-P4,0.0
tusz,tusz_v2.0.6/edf/train/aaaaaimu/s005_2014/01_tcp_ar/aaaaaimu_s005_t009.edf,F3-C3,0.0
tusz,tusz_v2.0.6/edf/train/aaaaaimu/s005_2014/01_tcp_ar/aaaaaimu_s005_t009.edf,F4-C4,0.0
tusz,tusz_v2.0.6/edf/train/aaaaaimu/s005_2014/01_tcp_ar/aaaaaimu_s005_t009.edf,F7-T7,0.0
tusz,tusz_v2.0.6/edf/train/aaaaaimu/s005_2014/01_tcp_ar/aaaaaimu_s005_t009.edf,F8-T8,0.0
tusz,tusz_v2.0.6/edf/train/aaaaaimu/s005_2014/01_tcp_ar/aaaaaimu_s005_t009.edf,Fp1-F3,0.0
tusz,tusz_v2.0.6/edf/train/aaaaaimu/s005_2014/01_tcp_ar/aaaaaimu_s005_t009.edf,Fp1-F7,0.0
tusz,tusz_v2.0.6/edf/train/aaaaaimu/s005_2014/01_tcp_ar/aaaaaimu_s005_t009.edf,Fp2-F4,0.0
tusz,tusz_v2.0.6/edf/train/aaaaaimu/s005_2014/01_tcp_ar/aaaaaimu_s005_t009.edf,Fp2-F8,0.0
tusz,tusz_v2.0.6/edf/train/aaaaaimu/s005_2014/01_tcp_ar/aaaaaimu_s005_t009.edf,P3-O1,0.0
tusz,tusz_v2.0.6/edf/train/aaaaaimu/s005_2014/01_tcp_ar/aaaaaimu_s005_t009.edf,P4-O2,0.0
tusz,tusz_v2.0.6/edf/train/aaaaaimu/s005_2014/01_tcp_ar/aaaaaimu_s005_t009.edf,P7-O1,0.0
tusz,tusz_v2.0.6/edf/train/aaaaaimu/s005_2014/01_tcp_ar/aaaaaimu_s005_t009.edf,P8-O2,0.0
tusz,tusz_v2.0.6/edf/train/aaaaaimu/s005_2014/01_tcp_ar/aaaaaimu_s005_t009.edf,T7-P7,0.0
tusz,tusz_v2.0.6/edf/train/aaaaaimu/s005_2014/01_tcp_ar/aaaaaimu_s005_t009.edf,T8-P8,0.0
tusz,tusz_v2.0.6/edf/train/aaaaaimu/s008_2014/01_tcp_ar/aaaaaimu_s008_t000.edf,Cz-Pz,235.072
tusz,tusz_v2.0.6/edf/train/aaaaaipg/s001_2008/02_tcp_le/aaaaaipg_s001_t000.edf,C4-P4,5049.818
tusz,tusz_v2.0.6/edf/train/aaaaaipg/s001_2008/02_tcp_le/aaaaaipg_s001_t000.edf,F4-C4,5044.558
tusz,tusz_v2.0.6/edf/train/aaaaaipg/s001_2008/02_tcp_le/aaaaaipg_s001_t000.edf,F8-T8,3748.028
tusz,tusz_v2.0.6/edf/train/aaaaaipg/s001_2008/02_tcp_le/aaaaaipg_s001_t000.edf,T8-P8,3773.492
tusz,tusz_v2.0.6/edf/train/aaaaaipg/s002_2008/02_tcp_le/aaaaaipg_s002_t000.edf,F8-T8,3755.233
tusz,tusz_v2.0.6/edf/train/aaaaaipg/s002_2008/02_tcp_le/aaaaaipg_s002_t000.edf,T8-P8,3789.01
tusz,tusz_v2.0.6/edf/train/aaaaaipg/s002_2008/02_tcp_le/aaaaaipg_s002_t005.edf,F3-C3,232.408
tusz,tusz_v2.0.6/edf/train/aaaaaipg/s002_2008/02_tcp_le/aaaaaipg_s002_t005.edf,Fp1-F3,236.243
tusz,tusz_v2.0.6/edf/train/aaaaaipg/s002_2008/02_tcp_le/aaaaaipg_s002_t006.edf,F8-T8,429.648
tusz,tusz_v2.0.6/edf/train/aaaaaipg/s002_2008/02_tcp_le/aaaaaipg_s002_t006.edf,Fp2-F4,998.102
tusz,tusz_v2.0.6/edf/train/aaaaaipg/s002_2008/02_tcp_le/aaaaaipg_s002_t006.edf,Fp2-F8,798.799
tusz,tusz_v2.0.6/edf/train/aaaaaipg/s002_2008/02_tcp_le/aaaaaipg_s002_t006.edf,Fz-Cz,259.847
tusz,tusz_v2.0.6/edf/train/aaaaaiui/s001_2009/01_tcp_ar/aaaaaiui_s001_t001.edf,Cz-Pz,223.493
tusz,tusz_v2.0.6/edf/train/aaaaaiui/s001_2009/01_tcp_ar/aaaaaiui_s001_t001.edf,Fz-Cz,222.256
tusz,tusz_v2.0.6/edf/train/aaaaaiwu/s001_2009/03_tcp_ar_a/aaaaaiwu_s001_t009.edf,F3-C3,1412.314
tusz,tusz_v2.0.6/edf/train/aaaaaiwu/s001_2009/03_tcp_ar_a/aaaaaiwu_s001_t009.edf,Fp1-F3,1412.638
tusz,tusz_v2.0.6/edf/train/aaaaaiwu/s001_2009/03_tcp_ar_a/aaaaaiwu_s001_t009.edf,P7-O1,930.0
tusz,tusz_v2.0.6/edf/train/aaaaaiwu/s001_2009/03_tcp_ar_a/aaaaaiwu_s001_t009.edf,P8-O2,1543.318
tusz,tusz_v2.0.6/edf/train/aaaaaiwu/s001_2009/03_tcp_ar_a/aaaaaiwu_s001_t009.edf,T7-P7,927.522
tusz,tusz_v2.0.6/edf/train/aaaaaiwu/s001_2009/03_tcp_ar_a/aaaaaiwu_s001_t009.edf,T8-P8,1574.984
tusz,tusz_v2.0.6/edf/train/aaaaaizz/s004_2010/02_tcp_le/aaaaaizz_s004_t001.edf,C3-P3,251.527
tusz,tusz_v2.0.6/edf/train/aaaaaizz/s004_2010/02_tcp_le/aaaaaizz_s004_t001.edf,F4-C4,443.715
tusz,tusz_v2.0.6/edf/train/aaaaaizz/s004_2010/02_tcp_le/aaaaaizz_s004_t001.edf,Fp2-F4,481.747
tusz,tusz_v2.0.6/edf/train/aaaaaizz/s004_2010/02_tcp_le/aaaaaizz_s004_t001.edf,P4-O2,220.288
tusz,tusz_v2.0.6/edf/train/aaaaaizz/s004_2010/02_tcp_le/aaaaaizz_s004_t001.edf,P8-O2,241.023
tusz,tusz_v2.0.6/edf/train/aaaaajat/s006_2010/03_tcp_ar_a/aaaaajat_s006_t007.edf,Fp1-F3,285.277
tusz,tusz_v2.0.6/edf/train/aaaaajat/s006_2010/03_tcp_ar_a/aaaaajat_s006_t007.edf,Fp1-F7,283.931
tusz,tusz_v2.0.6/edf/train/aaaaajby/s001_2009/02_tcp_le/aaaaajby_s001_t000.edf,Cz-Pz,3652.271
tusz,tusz_v2.0.6/edf/train/aaaaajby/s001_2009/02_tcp_le/aaaaajby_s001_t000.edf,Fz-Cz,3631.129
tusz,tusz_v2.0.6/edf/train/aaaaajby/s001_2009/02_tcp_le/aaaaajby_s001_t000.edf,P8-O2,5000.835
tusz,tusz_v2.0.6/edf/train/aaaaajby/s001_2009/02_tcp_le/aaaaajby_s001_t000.edf,T8-P8,5014.12
tusz,tusz_v2.0.6/edf/train/aaaaajoh/s006_2014/01_tcp_ar/aaaaajoh_s006_t008.edf,C3-P3,2241.802
tusz,tusz_v2.0.6/edf/train/aaaaajoh/s006_2014/01_tcp_ar/aaaaajoh_s006_t008.edf,F3-C3,2608.046
tusz,tusz_v2.0.6/edf/train/aaaaajoh/s006_2014/01_tcp_ar/aaaaajoh_s006_t008.edf,Fp1-F3,2770.589
tusz,tusz_v2.0.6/edf/train/aaaaajoh/s006_2014/01_tcp_ar/aaaaajoh_s006_t008.edf,Fp2-F4,390.253
tusz,tusz_v2.0.6/edf/train/aaaaajoh/s006_2014/01_tcp_ar/aaaaajoh_s006_t008.edf,Fp2-F8,481.521
tusz,tusz_v2.0.6/edf/train/aaaaajoh/s006_2014/01_tcp_ar/aaaaajoh_s006_t008.edf,P3-O1,2530.916
tusz,tusz_v2.0.6/edf/train/aaaaajpi/s001_2010/02_tcp_le/aaaaajpi_s001_t002.edf,C4-P4,240.811
tusz,tusz_v2.0.6/edf/train/aaaaajqo/s007_2010/02_tcp_le/aaaaajqo_s007_t000.edf,C3-P3,0.0
tusz,tusz_v2.0.6/edf/train/aaaaajqo/s007_2010/02_tcp_le/aaaaajqo_s007_t000.edf,C4-P4,0.0
tusz,tusz_v2.0.6/edf/train/aaaaajqo/s007_2010/02_tcp_le/aaaaajqo_s007_t000.edf,Cz-Pz,0.0
tusz,tusz_v2.0.6/edf/train/aaaaajqo/s007_2010/02_tcp_le/aaaaajqo_s007_t000.edf,F3-C3,0.0
tusz,tusz_v2.0.6/edf/train/aaaaajqo/s007_2010/02_tcp_le/aaaaajqo_s007_t000.edf,F4-C4,0.0
tusz,tusz_v2.0.6/edf/train/aaaaajqo/s007_2010/02_tcp_le/aaaaajqo_s007_t000.edf,F7-T7,0.0
tusz,tusz_v2.0.6/edf/train/aaaaajqo/s007_2010/02_tcp_le/aaaaajqo_s007_t000.edf,F8-T8,0.0
tusz,tusz_v2.0.6/edf/train/aaaaajqo/s007_2010/02_tcp_le/aaaaajqo_s007_t000.edf,Fp1-F3,0.0
tusz,tusz_v2.0.6/edf/train/aaaaajqo/s007_2010/02_tcp_le/aaaaajqo_s007_t000.edf,Fp1-F7,0.0
tusz,tusz_v2.0.6/edf/train/aaaaajqo/s007_2010/02_tcp_le/aaaaajqo_s007_t000.edf,Fp2-F4,0.0
tusz,tusz_v2.0.6/edf/train/aaaaajqo/s007_2010/02_tcp_le/aaaaajqo_s007_t000.edf,Fp2-F8,0.0
tusz,tusz_v2.0.6/edf/train/aaaaajqo/s007_2010/02_tcp_le/aaaaajqo_s007_t000.edf,Fz-Cz,0.0
tusz,tusz_v2.0.6/edf/train/aaaaajqo/s007_2010/02_tcp_le/aaaaajqo_s007_t000.edf,P3-O1,0.0
tusz,tusz_v2.0.6/edf/train/aaaaajqo/s007_2010/02_tcp_le/aaaaajqo_s007_t000.edf,P4-O2,0.0
tusz,tusz_v2.0.6/edf/train/aaaaajqo/s007_2010/02_tcp_le/aaaaajqo_s007_t000.edf,P7-O1,0.0
tusz,tusz_v2.0.6/edf/train/aaaaajqo/s007_2010/02_tcp_le/aaaaajqo_s007_t000.edf,P8-O2,0.0
tusz,tusz_v2.0.6/edf/train/aaaaajqo/s007_2010/02_tcp_le/aaaaajqo_s007_t000.edf,T7-P7,0.0
tusz,tusz_v2.0.6/edf/train/aaaaajqo/s007_2010/02_tcp_le/aaaaajqo_s007_t000.edf,T8-P8,0.0
tusz,tusz_v2.0.6/edf/train/aaaaajqo/s011_2010/03_tcp_ar_a/aaaaajqo_s011_t016.edf,Fz-Cz,283.76
tusz,tusz_v2.0.6/edf/train/aaaaajqo/s019_2010/02_tcp_le/aaaaajqo_s019_t001.edf,Fp1-F7,218.411
tusz,tusz_v2.0.6/edf/train/aaaaajqo/s025_2010/02_tcp_le/aaaaajqo_s025_t000.edf,Cz-Pz,4977.212
tusz,tusz_v2.0.6/edf/train/aaaaajqu/s007_2010/03_tcp_ar_a/aaaaajqu_s007_t004.edf,Cz-Pz,211.271
tusz,tusz_v2.0.6/edf/train/aaaaajrj/s005_2012/01_tcp_ar/aaaaajrj_s005_t009.edf,Cz-Pz,510.801
tusz,tusz_v2.0.6/edf/train/aaaaajrj/s006_2012/01_tcp_ar/aaaaajrj_s006_t000.edf,Cz-Pz,2065.54
tusz,tusz_v2.0.6/edf/train/aaaaajrj/s006_2012/01_tcp_ar/aaaaajrj_s006_t000.edf,P3-O1,311.199
tusz,tusz_v2.0.6/edf/train/aaaaajrj/s006_2012/01_tcp_ar/aaaaajrj_s006_t000.edf,P7-O1,325.42
tusz,tusz_v2.0.6/edf/train/aaaaajrj/s006_2012/01_tcp_ar/aaaaajrj_s006_t001.edf,Cz-Pz,4444.955
tusz,tusz_v2.0.6/edf/train/aaaaajrj/s006_2012/01_tcp_ar/aaaaajrj_s006_t006.edf,Cz-Pz,1603.677
tusz,tusz_v2.0.6/edf/train/aaaaajrj/s006_2012/01_tcp_ar/aaaaajrj_s006_t010.edf,P4-O2,1284.364
tusz,tusz_v2.0.6/edf/train/aaaaajrj/s006_2012/01_tcp_ar/aaaaajrj_s006_t010.edf,P8-O2,1279.177
tusz,tusz_v2.0.6/edf/train/aaaaajrs/s001_2010/02_tcp_le/aaaaajrs_s001_t000.edf,F7-T7,4952.526
tusz,tusz_v2.0.6/edf/train/aaaaajrs/s001_2010/02_tcp_le/aaaaajrs_s001_t000.edf,Fp1-F7,4926.386
tusz,tusz_v2.0.6/edf/train/aaaaajsj/s005_2010/03_tcp_ar_a/aaaaajsj_s005_t001.edf,Fp1-F3,674.742
tusz,tusz_v2.0.6/edf/train/aaaaajsj/s005_2010/03_tcp_ar_a/aaaaajsj_s005_t001.edf,Fp1-F7,674.84
tusz,tusz_v2.0.6/edf/train/aaaaajsj/s005_2010/03_tcp_ar_a/aaaaajsj_s005_t001.edf,Fp2-F4,309.93
tusz,tusz_v2.0.6/edf/train/aaaaajsj/s005_2010/03_tcp_ar_a/aaaaajsj_s005_t001.edf,Fp2-F8,310.476
tusz,tusz_v2.0.6/edf/train/aaaaajsl/s002_2010/01_tcp_ar/aaaaajsl_s002_t001.edf,C4-P4,5442.799
tusz,tusz_v2.0.6/edf/train/aaaaajsl/s002_2010/01_tcp_ar/aaaaajsl_s002_t001.edf,P4-O2,5416.614
tusz,tusz_v2.0.6/edf/train/aaaaajsl/s002_2010/01_tcp_ar/aaaaajsl_s002_t002.edf,C4-P4,5441.962
tusz,tusz_v2.0.6/edf/train/aaaaajsl/s002_2010/01_tcp_ar/aaaaajsl_s002_t002.edf,P4-O2,5414.356
tusz,tusz_v2.0.6/edf/train/aaaaakal/s003_2010/02_tcp_le/aaaaakal_s003_t000.edf,F8-T8,4970.671
tusz,tusz_v2.0.6/edf/train/aaaaakal/s003_2010/02_tcp_le/aaaaakal_s003_t000.edf,T8-P8,4966.233
tusz,tusz_v2.0.6/edf/train/aaaaakbz/s003_2010/03_tcp_ar_a/aaaaakbz_s003_t006.edf,F8-T8,276.75
tusz,tusz_v2.0.6/edf/train/aaaaakbz/s003_2010/03_tcp_ar_a/aaaaakbz_s003_t006.edf,Fp1-F3,225.282
tusz,tusz_v2.0.6/edf/train/aaaaakbz/s003_2010/03_tcp_ar_a/aaaaakbz_s003_t006.edf,Fp2-F4,253.74
tusz,tusz_v2.0.6/edf/train/aaaaakbz/s003_2010/03_tcp_ar_a/aaaaakbz_s003_t007.edf,C3-P3,403.207
tusz,tusz_v2.0.6/edf/train/aaaaakbz/s003_2010/03_tcp_ar_a/aaaaakbz_s003_t007.edf,F3-C3,402.239
tusz,tusz_v2.0.6/edf/train/aaaaakbz/s003_2010/03_tcp_ar_a/aaaaakbz_s003_t007.edf,F8-T8,369.559
tusz,tusz_v2.0.6/edf/train/aaaaakbz/s003_2010/03_tcp_ar_a/aaaaakbz_s003_t007.edf,Fp2-F4,420.903
tusz,tusz_v2.0.6/edf/train/aaaaakbz/s003_2010/03_tcp_ar_a/aaaaakbz_s003_t007.edf,P3-O1,374.527
tusz,tusz_v2.0.6/edf/train/aaaaakbz/s003_2010/03_tcp_ar_a/aaaaakbz_s003_t007.edf,P7-O1,362.538
tusz,tusz_v2.0.6/edf/train/aaaaakfo/s008_2010/01_tcp_ar/aaaaakfo_s008_t000.edf,C3-P3,0.248
tusz,tusz_v2.0.6/edf/train/aaaaakfo/s008_2010/01_tcp_ar/aaaaakfo_s008_t000.edf,C4-P4,0.24
tusz,tusz_v2.0.6/edf/train/aaaaakfo/s008_2010/01_tcp_ar/aaaaakfo_s008_t000.edf,F3-C3,0.252
tusz,tusz_v2.0.6/edf/train/aaaaakfo/s008_2010/01_tcp_ar/aaaaakfo_s008_t000.edf,F4-C4,0.204
tusz,tusz_v2.0.6/edf/train/aaaaakfo/s008_2010/01_tcp_ar/aaaaakfo_s008_t000.edf,F7-T7,0.251
tusz,tusz_v2.0.6/edf/train/aaaaakfo/s008_2010/01_tcp_ar/aaaaakfo_s008_t000.edf,F8-T8,0.238
tusz,tusz_v2.0.6/edf/train/aaaaakfo/s008_2010/01_tcp_ar/aaaaakfo_s008_t000.edf,Fp1-F3,0.239
tusz,tusz_v2.0.6/edf/train/aaaaakfo/s008_2010/01_tcp_ar/aaaaakfo_s008_t000.edf,Fp1-F7,0.257
tusz,tusz_v2.0.6/edf/train/aaaaakfo/s008_2010/01_tcp_ar/aaaaakfo_s008_t000.edf,Fp2-F4,0.212
tusz,tusz_v2.0.6/edf/train/aaaaakfo/s008_2010/01_tcp_ar/aaaaakfo_s008_t000.edf,Fp2-F8,0.244
tusz,tusz_v2.0.6/edf/train/aaaaakfo/s008_2010/01_tcp_ar/aaaaakfo_s008_t000.edf,P3-O1,0.226
tusz,tusz_v2.0.6/edf/train/aaaaakfo/s008_2010/01_tcp_ar/aaaaakfo_s008_t000.edf,P4-O2,0.25
tusz,tusz_v2.0.6/edf/train/aaaaakfo/s008_2010/01_tcp_ar/aaaaakfo_s008_t000.edf,P7-O1,0.23
tusz,tusz_v2.0.6/edf/train/aaaaakfo/s008_2010/01_tcp_ar/aaaaakfo_s008_t000.edf,P8-O2,0.272
tusz,tusz_v2.0.6/edf/train/aaaaakfo/s008_2010/01_tcp_ar/aaaaakfo_s008_t000.edf,T7-P7,0.236
tusz,tusz_v2.0.6/edf/train/aaaaakfo/s008_2010/01_tcp_ar/aaaaakfo_s008_t000.edf,T8-P8,0.273
tusz,tusz_v2.0.6/edf/train/aaaaakfo/s008_2010/01_tcp_ar/aaaaakfo_s008_t001.edf,Cz-Pz,1758.831
tusz,tusz_v2.0.6/edf/train/aaaaakfo/s008_2010/01_tcp_ar/aaaaakfo_s008_t001.edf,Fz-Cz,409.555
tusz,tusz_v2.0.6/edf/train/aaaaakfo/s008_2010/01_tcp_ar/aaaaakfo_s008_t002.edf,C4-P4,1022.829
tusz,tusz_v2.0.6/edf/train/aaaaakfo/s008_2010/01_tcp_ar/aaaaakfo_s008_t002.edf,Cz-Pz,1281.103
tusz,tusz_v2.0.6/edf/train/aaaaakfo/s008_2010/01_tcp_ar/aaaaakfo_s008_t002.edf,F4-C4,218.504
tusz,tusz_v2.0.6/edf/train/aaaaakfo/s008_2010/01_tcp_ar/aaaaakfo_s008_t002.edf,F8-T8,601.471
tusz,tusz_v2.0.6/edf/train/aaaaakfo/s008_2010/01_tcp_ar/aaaaakfo_s008_t002.edf,Fp2-F4,471.883
tusz,tusz_v2.0.6/edf/train/aaaaakfo/s008_2010/01_tcp_ar/aaaaakfo_s008_t002.edf,Fp2-F8,506.663
tusz,tusz_v2.0.6/edf/train/aaaaakfo/s008_2010/01_tcp_ar/aaaaakfo_s008_t002.edf,Fz-Cz,759.388
tusz,tusz_v2.0.6/edf/train/aaaaakfo/s008_2010/01_tcp_ar/aaaaakfo_s008_t002.edf,P4-O2,1546.774
tusz,tusz_v2.0.6/edf/train/aaaaakfo/s008_2010/01_tcp_ar/aaaaakfo_s008_t002.edf,P8-O2,1478.277
tusz,tusz_v2.0.6/edf/train/aaaaakfo/s008_2010/01_tcp_ar/aaaaakfo_s008_t002.edf,T8-P8,825.6
tusz,tusz_v2.0.6/edf/train/aaaaakfo/s008_2010/01_tcp_ar/aaaaakfo_s008_t003.edf,C3-P3,1963.737
tusz,tusz_v2.0.6/edf/train/aaaaakfo/s008_2010/01_tcp_ar/aaaaakfo_s008_t003.edf,C4-P4,1927.213
tusz,tusz_v2.0.6/edf/train/aaaaakfo/s008_2010/01_tcp_ar/aaaaakfo_s008_t003.edf,Cz-Pz,1647.724
tusz,tusz_v2.0.6/edf/train/aaaaakfo/s008_2010/01_tcp_ar/aaaaakfo_s008_t003.edf,F4-C4,1795.102
tusz,tusz_v2.0.6/edf/train/aaaaakfo/s008_2010/01_tcp_ar/aaaaakfo_s008_t003.edf,F7-T7,0.924
tusz,tusz_v2.0.6/edf/train/aaaaakfo/s008_2010/01_tcp_ar/aaaaakfo_s008_t003.edf,F8-T8,752.629
tusz,tusz_v2.0.6/edf/train/aaaaakfo/s008_2010/01_tcp_ar/aaaaakfo_s008_t003.edf,Fp1-F7,2211.267
tusz,tusz_v2.0.6/edf/train/aaaaakfo/s008_2010/01_tcp_ar/aaaaakfo_s008_t003.edf,Fp2-F4,1618.416
tusz,tusz_v2.0.6/edf/train/aaaaakfo/s008_2010/01_tcp_ar/aaaaakfo_s008_t003.edf,Fp2-F8,752.922
tusz,tusz_v2.0.6/edf/train/aaaaakfo/s008_2010/01_tcp_ar/aaaaakfo_s008_t003.edf,Fz-Cz,247.63
tusz,tusz_v2.0.6/edf/train/aaaaakfo/s008_2010/01_tcp_ar/aaaaakfo_s008_t003.edf,P3-O1,1960.081
tusz,tusz_v2.0.6/edf/train/aaaaakfo/s008_2010/01_tcp_ar/aaaaakfo_s008_t003.edf,P4-O2,378.783
tusz,tusz_v2.0.6/edf/train/aaaaakfo/s008_2010/01_tcp_ar/aaaaakfo_s008_t003.edf,P7-O1,994.207
tusz,tusz_v2.0.6/edf/train/aaaaakfo/s008_2010/01_tcp_ar/aaaaakfo_s008_t003.edf,P8-O2,1170.68
tusz,tusz_v2.0.6/edf/train/aaaaakfo/s008_2010/01_tcp_ar/aaaaakfo_s008_t003.edf,T7-P7,1795.188
tusz,tusz_v2.0.6/edf/train/aaaaakfo/s008_2010/01_tcp_ar/aaaaakfo_s008_t003.edf,T8-P8,673.535
tusz,tusz_v2.0.6/edf/train/aaaaakkm/s004_2010/03_tcp_ar_a/aaaaakkm_s004_t002.edf,P3-O1,639.877
tusz,tusz_v2.0.6/edf/train/aaaaakkm/s004_2010/03_tcp_ar_a/aaaaakkm_s004_t002.edf,P7-O1,639.552
tusz,tusz_v2.0.6/edf/train/aaaaakkm/s004_2010/03_tcp_ar_a/aaaaakkm_s004_t003.edf,P3-O1,1106.879
tusz,tusz_v2.0.6/edf/train/aaaaakkm/s004_2010/03_tcp_ar_a/aaaaakkm_s004_t003.edf,P7-O1,1106.241
tusz,tusz_v2.0.6/edf/train/aaaaakkm/s006_2011/03_tcp_ar_a/aaaaakkm_s006_t002.edf,C3-P3,4079.046
tusz,tusz_v2.0.6/edf/train/aaaaakkm/s006_2011/03_tcp_ar_a/aaaaakkm_s006_t002.edf,C4-P4,1115.965
tusz,tusz_v2.0.6/edf/train/aaaaakkm/s006_2011/03_tcp_ar_a/aaaaakkm_s006_t002.edf,Cz-Pz,1626.097
tusz,tusz_v2.0.6/edf/train/aaaaakkm/s006_2011/03_tcp_ar_a/aaaaakkm_s006_t002.edf,F3-C3,3412.478
tusz,tusz_v2.0.6/edf/train/aaaaakkm/s006_2011/03_tcp_ar_a/aaaaakkm_s006_t002.edf,F4-C4,4270.951
tusz,tusz_v2.0.6/edf/train/aaaaakkm/s006_2011/03_tcp_ar_a/aaaaakkm_s006_t002.edf,F8-T8,532.886
tusz,tusz_v2.0.6/edf/train/aaaaakkm/s006_2011/03_tcp_ar_a/aaaaakkm_s006_t002.edf,Fp1-F3,2071.312
tusz,tusz_v2.0.6/edf/train/aaaaakkm/s006_2011/03_tcp_ar_a/aaaaakkm_s006_t002.edf,Fp2-F4,4807.685
tusz,tusz_v2.0.6/edf/train/aaaaakkm/s006_2011/03_tcp_ar_a/aaaaakkm_s006_t002.edf,Fp2-F8,788.454
tusz,tusz_v2.0.6/edf/train/aaaaakkm/s006_2011/03_tcp_ar_a/aaaaakkm_s006_t002.edf,Fz-Cz,4538.984
tusz,tusz_v2.0.6/edf/train/aaaaakkm/s006_2011/03_tcp_ar_a/aaaaakkm_s006_t002.edf,P4-O2,264.184
tusz,tusz_v2.0.6/edf/train/aaaaakkm/s006_2011/03_tcp_ar_a/aaaaakkm_s006_t002.edf,T8-P8,585.589
tusz,tusz_v2.0.6/edf/train/aaaaakkm/s007_2011/03_tcp_ar_a/aaaaakkm_s007_t002.edf,Cz-Pz,238.418
tusz,tusz_v2.0.6/edf/train/aaaaakkm/s007_2011/03_tcp_ar_a/aaaaakkm_s007_t003.edf,Cz-Pz,327.261
tusz,tusz_v2.0.6/edf/train/aaaaakkm/s007_2011/03_tcp_ar_a/aaaaakkm_s007_t004.edf,Cz-Pz,322.576
tusz,tusz_v2.0.6/edf/train/aaaaakkm/s007_2011/03_tcp_ar_a/aaaaakkm_s007_t005.edf,Cz-Pz,1035.656
tusz,tusz_v2.0.6/edf/train/aaaaakkm/s007_2011/03_tcp_ar_a/aaaaakkm_s007_t005.edf,P3-O1,200.773
tusz,tusz_v2.0.6/edf/train/aaaaakmw/s003_2010/01_tcp_ar/aaaaakmw_s003_t008.edf,F3-C3,0.898
tusz,tusz_v2.0.6/edf/train/aaaaakmw/s003_2010/01_tcp_ar/aaaaakmw_s003_t009.edf,C4-P4,0.991
tusz,tusz_v2.0.6/edf/train/aaaaakmw/s003_2010/01_tcp_ar/aaaaakmw_s003_t009.edf,F3-C3,0.752
tusz,tusz_v2.0.6/edf/train/aaaaakpu/s003_2010/03_tcp_ar_a/aaaaakpu_s003_t004.edf,P8-O2,298.449
tusz,tusz_v2.0.6/edf/train/aaaaakpu/s003_2010/03_tcp_ar_a/aaaaakpu_s003_t004.edf,T8-P8,299.979
tusz,tusz_v2.0.6/edf/train/aaaaaksh/s004_2010/03_tcp_ar_a/aaaaaksh_s004_t002.edf,C4-P4,211.816
tusz,tusz_v2.0.6/edf/train/aaaaaksh/s004_2010/03_tcp_ar_a/aaaaaksh_s004_t002.edf,P4-O2,206.127
tusz,tusz_v2.0.6/edf/train/aaaaaktk/s002_2010/03_tcp_ar_a/aaaaaktk_s002_t001.edf,Cz-Pz,663.559
tusz,tusz_v2.0.6/edf/train/aaaaakvh/s001_2010/01_tcp_ar/aaaaakvh_s001_t000.edf,T7-P7,0.998
tusz,tusz_v2.0.6/edf/train/aaaaakvh/s001_2010/01_tcp_ar/aaaaakvh_s001_t000.edf,T8-P8,0.875
tusz,tusz_v2.0.6/edf/train/aaaaalak/s003_2015/01_tcp_ar/aaaaalak_s003_t000.edf,Cz-Pz,3309.247
tusz,tusz_v2.0.6/edf/train/aaaaalak/s003_2015/01_tcp_ar/aaaaalak_s003_t000.edf,Fz-Cz,3309.163
tusz,tusz_v2.0.6/edf/train/aaaaalak/s003_2015/01_tcp_ar/aaaaalak_s003_t001.edf,Cz-Pz,3155.655
tusz,tusz_v2.0.6/edf/train/aaaaalak/s003_2015/01_tcp_ar/aaaaalak_s003_t001.edf,Fz-Cz,3152.142
tusz,tusz_v2.0.6/edf/train/aaaaalak/s003_2015/01_tcp_ar/aaaaalak_s003_t002.edf,Cz-Pz,4685.13
tusz,tusz_v2.0.6/edf/train/aaaaalak/s003_2015/01_tcp_ar/aaaaalak_s003_t002.edf,Fz-Cz,4682.035
tusz,tusz_v2.0.6/edf/train/aaaaalak/s003_2015/01_tcp_ar/aaaaalak_s003_t003.edf,Cz-Pz,2170.025
tusz,tusz_v2.0.6/edf/train/aaaaalak/s003_2015/01_tcp_ar/aaaaalak_s003_t003.edf,Fz-Cz,2169.524
tusz,tusz_v2.0.6/edf/train/aaaaalak/s003_2015/01_tcp_ar/aaaaalak_s003_t004.edf,Cz-Pz,2372.974
tusz,tusz_v2.0.6/edf/train/aaaaalak/s003_2015/01_tcp_ar/aaaaalak_s003_t004.edf,Fz-Cz,2370.799
tusz,tusz_v2.0.6/edf/train/aaaaalak/s003_2015/01_tcp_ar/aaaaalak_s003_t005.edf,Cz-Pz,1308.373
tusz,tusz_v2.0.6/edf/train/aaaaalak/s003_2015/01_tcp_ar/aaaaalak_s003_t005.edf,Fz-Cz,1307.202
tusz,tusz_v2.0.6/edf/train/aaaaalak/s003_2015/01_tcp_ar/aaaaalak_s003_t006.edf,Cz-Pz,1784.792
tusz,tusz_v2.0.6/edf/train/aaaaalak/s003_2015/01_tcp_ar/aaaaalak_s003_t006.edf,Fz-Cz,1782.366
tusz,tusz_v2.0.6/edf/train/aaaaalak/s003_2015/01_tcp_ar/aaaaalak_s003_t007.edf,Cz-Pz,1499.275
tusz,tusz_v2.0.6/edf/train/aaaaalak/s003_2015/01_tcp_ar/aaaaalak_s003_t007.edf,Fz-Cz,1498.94
tusz,tusz_v2.0.6/edf/train/aaaaalak/s003_2015/01_tcp_ar/aaaaalak_s003_t008.edf,Cz-Pz,469.642
tusz,tusz_v2.0.6/edf/train/aaaaalak/s003_2015/01_tcp_ar/aaaaalak_s003_t008.edf,Fz-Cz,469.475
tusz,tusz_v2.0.6/edf/train/aaaaalak/s003_2015/01_tcp_ar/aaaaalak_s003_t009.edf,Cz-Pz,508.96
tusz,tusz_v2.0.6/edf/train/aaaaalak/s003_2015/01_tcp_ar/aaaaalak_s003_t009.edf,Fz-Cz,507.957
tusz,tusz_v2.0.6/edf/train/aaaaalak/s007_2015/01_tcp_ar/aaaaalak_s007_t007.edf,F3-C3,529.874
tusz,tusz_v2.0.6/edf/train/aaaaalak/s007_2015/01_tcp_ar/aaaaalak_s007_t007.edf,F7-T7,341.817
tusz,tusz_v2.0.6/edf/train/aaaaalak/s007_2015/01_tcp_ar/aaaaalak_s007_t007.edf,Fp1-F7,362.563
tusz,tusz_v2.0.6/edf/train/aaaaalak/s007_2015/01_tcp_ar/aaaaalak_s007_t007.edf,Fz-Cz,942.464
tusz,tusz_v2.0.6/edf/train/aaaaalak/s007_2015/01_tcp_ar/aaaaalak_s007_t007.edf,P7-O1,200.857
tusz,tusz_v2.0.6/edf/train/aaaaalak/s007_2015/01_tcp_ar/aaaaalak_s007_t008.edf,C3-P3,400.961
tusz,tusz_v2.0.6/edf/train/aaaaalak/s007_2015/01_tcp_ar/aaaaalak_s007_t008.edf,Cz-Pz,1248.894
tusz,tusz_v2.0.6/edf/train/aaaaalak/s007_2015/01_tcp_ar/aaaaalak_s007_t008.edf,F4-C4,737.675
tusz,tusz_v2.0.6/edf/train/aaaaalak/s007_2015/01_tcp_ar/aaaaalak_s007_t008.edf,F8-T8,2965.255
tusz,tusz_v2.0.6/edf/train/aaaaalak/s007_2015/01_tcp_ar/aaaaalak_s007_t008.edf,Fp2-F4,603.993
tusz,tusz_v2.0.6/edf/train/aaaaalak/s007_2015/01_tcp_ar/aaaaalak_s007_t008.edf,Fp2-F8,2802.796
tusz,tusz_v2.0.6/edf/train/aaaaalak/s007_2015/01_tcp_ar/aaaaalak_s007_t008.edf,Fz-Cz,4374.852
tusz,tusz_v2.0.6/edf/train/aaaaalak/s007_2015/01_tcp_ar/aaaaalak_s007_t008.edf,P3-O1,247.955
tusz,tusz_v2.0.6/edf/train/aaaaalak/s007_2015/01_tcp_ar/aaaaalak_s007_t008.edf,P4-O2,336.881
tusz,tusz_v2.0.6/edf/train/aaaaalak/s007_2015/01_tcp_ar/aaaaalak_s007_t008.edf,P8-O2,1113.037
tusz,tusz_v2.0.6/edf/train/aaaaalak/s007_2015/01_tcp_ar/aaaaalak_s007_t008.edf,T8-P8,912.515
tusz,tusz_v2.0.6/edf/train/aaaaalak/s007_2015/01_tcp_ar/aaaaalak_s007_t009.edf,F3-C3,206.462
tusz,tusz_v2.0.6/edf/train/aaaaalak/s007_2015/01_tcp_ar/aaaaalak_s007_t009.edf,Fp1-F3,225.703
tusz,tusz_v2.0.6/edf/train/aaaaalak/s007_2015/01_tcp_ar/aaaaalak_s007_t009.edf,P3-O1,203.283
tusz,tusz_v2.0.6/edf/train/aaaaalfs/s002_2010/03_tcp_ar_a/aaaaalfs_s002_t002.edf,Cz-Pz,5372.695
tusz,tusz_v2.0.6/edf/train/aaaaalfs/s002_2010/03_tcp_ar_a/aaaaalfs_s002_t002.edf,F4-C4,3093.834
tusz,tusz_v2.0.6/edf/train/aaaaalfs/s002_2010/03_tcp_ar_a/aaaaalfs_s002_t002.edf,Fp2-F4,2425.008
tusz,tusz_v2.0.6/edf/train/aaaaalfs/s002_2010/03_tcp_ar_a/aaaaalfs_s002_t002.edf,P4-O2,5368.345
tusz,tusz_v2.0.6/edf/train/aaaaalfs/s002_2010/03_tcp_ar_a/aaaaalfs_s002_t003.edf,C4-P4,241.932
tusz,tusz_v2.0.6/edf/train/aaaaalfs/s002_2010/03_tcp_ar_a/aaaaalfs_s002_t003.edf,Cz-Pz,5386.247
tusz,tusz_v2.0.6/edf/train/aaaaalfs/s002_2010/03_tcp_ar_a/aaaaalfs_s002_t003.edf,F4-C4,3219.066
tusz,tusz_v2.0.6/edf/train/aaaaalfs/s002_2010/03_tcp_ar_a/aaaaalfs_s002_t003.edf,Fp2-F4,2062.11
tusz,tusz_v2.0.6/edf/train/aaaaalfs/s002_2010/03_tcp_ar_a/aaaaalfs_s002_t003.edf,P4-O2,5381.563
tusz,tusz_v2.0.6/edf/train/aaaaalfs/s002_2010/03_tcp_ar_a/aaaaalfs_s002_t004.edf,C4-P4,1125.502
tusz,tusz_v2.0.6/edf/train/aaaaalfs/s002_2010/03_tcp_ar_a/aaaaalfs_s002_t004.edf,Cz-Pz,1029.549
tusz,tusz_v2.0.6/edf/train/aaaaalfs/s002_2010/03_tcp_ar_a/aaaaalfs_s002_t004.edf,F4-C4,288.444
tusz,tusz_v2.0.6/edf/train/aaaaalfs/s002_2010/03_tcp_ar_a/aaaaalfs_s002_t004.edf,P4-O2,1032.142
tusz,tusz_v2.0.6/edf/train/aaaaalfs/s002_2010/03_tcp_ar_a/aaaaalfs_s002_t005.edf,C4-P4,217.839
tusz,tusz_v2.0.6/edf/train/aaaaaljo/s001_2011/01_tcp_ar/aaaaaljo_s001_t000.edf,Cz-Pz,0.695
tusz,tusz_v2.0.6/edf/train/aaaaaljo/s001_2011/01_tcp_ar/aaaaaljo_s001_t000.edf,Fp1-F7,0.975
tusz,tusz_v2.0.6/edf/train/aaaaalmz/s005_2011/01_tcp_ar/aaaaalmz_s005_t000.edf,P3-O1,864.664
tusz,tusz_v2.0.6/edf/train/aaaaalmz/s005_2011/01_tcp_ar/aaaaalmz_s005_t000.edf,P7-O1,858.975
tusz,tusz_v2.0.6/edf/train/aaaaalmz/s005_2011/01_tcp_ar/aaaaalmz_s005_t002.edf,P3-O1,553.633
tusz,tusz_v2.0.6/edf/train/aaaaalmz/s005_2011/01_tcp_ar/aaaaalmz_s005_t002.edf,P7-O1,552.294
tusz,tusz_v2.0.6/edf/train/aaaaalmz/s005_2011/01_tcp_ar/aaaaalmz_s005_t003.edf,P3-O1,1797.089
tusz,tusz_v2.0.6/edf/train/aaaaalmz/s005_2011/01_tcp_ar/aaaaalmz_s005_t003.edf,P7-O1,1792.237
tusz,tusz_v2.0.6/edf/train/aaaaalmz/s005_2011/01_tcp_ar/aaaaalmz_s005_t004.edf,P3-O1,1724.141
tusz,tusz_v2.0.6/edf/train/aaaaalmz/s005_2011/01_tcp_ar/aaaaalmz_s005_t004.edf,P7-O1,1719.289
tusz,tusz_v2.0.6/edf/train/aaaaalmz/s007_2011/01_tcp_ar/aaaaalmz_s007_t001.edf,P3-O1,3641.611
tusz,tusz_v2.0.6/edf/train/aaaaalmz/s007_2011/01_tcp_ar/aaaaalmz_s007_t001.edf,P7-O1,3634.333
tusz,tusz_v2.0.6/edf/train/aaaaalnt/s002_2011/03_tcp_ar_a/aaaaalnt_s002_t000.edf,Cz-Pz,445.737
tusz,tusz_v2.0.6/edf/train/aaaaalnt/s002_2011/03_tcp_ar_a/aaaaalnt_s002_t001.edf,Cz-Pz,210.915
tusz,tusz_v2.0.6/edf/train/aaaaalnt/s002_2011/03_tcp_ar_a/aaaaalnt_s002_t002.edf,Cz-Pz,211.828
tusz,tusz_v2.0.6/edf/train/aaaaalnt/s002_2011/03_tcp_ar_a/aaaaalnt_s002_t003.edf,Cz-Pz,352.576
tusz,tusz_v2.0.6/edf/train/aaaaalnt/s002_2011/03_tcp_ar_a/aaaaalnt_s002_t004.edf,Cz-Pz,1897.589
tusz,tusz_v2.0.6/edf/train/aaaaalnt/s002_2011/03_tcp_ar_a/aaaaalnt_s002_t004.edf,F7-T7,2133.336
tusz,tusz_v2.0.6/edf/train/aaaaalnt/s002_2011/03_tcp_ar_a/aaaaalnt_s002_t004.edf,Fp1-F3,2142.134
tusz,tusz_v2.0.6/edf/train/aaaaalnt/s002_2011/03_tcp_ar_a/aaaaalnt_s002_t005.edf,C4-P4,221.433
tusz,tusz_v2.0.6/edf/train/aaaaalnt/s002_2011/03_tcp_ar_a/aaaaalnt_s002_t005.edf,Cz-Pz,1627.171
tusz,tusz_v2.0.6/edf/train/aaaaalnt/s002_2011/03_tcp_ar_a/aaaaalnt_s002_t005.edf,F3-C3,450.172
tusz,tusz_v2.0.6/edf/train/aaaaalnt/s002_2011/03_tcp_ar_a/aaaaalnt_s002_t005.edf,F8-T8,1334.124
tusz,tusz_v2.0.6/edf/train/aaaaalnt/s002_2011/03_tcp_ar_a/aaaaalnt_s002_t005.edf,Fp1-F3,1864.127
tusz,tusz_v2.0.6/edf/train/aaaaalnt/s002_2011/03_tcp_ar_a/aaaaalnt_s002_t005.edf,Fp2-F4,1200.869
tusz,tusz_v2.0.6/edf/train/aaaaalnt/s002_2011/03_tcp_ar_a/aaaaalnt_s002_t005.edf,P8-O2,448.475
tusz,tusz_v2.0.6/edf/train/aaaaalnt/s002_2011/03_tcp_ar_a/aaaaalnt_s002_t005.edf,T7-P7,1341.714
tusz,tusz_v2.0.6/edf/train/aaaaalnt/s002_2011/03_tcp_ar_a/aaaaalnt_s002_t005.edf,T8-P8,262.534
tusz,tusz_v2.0.6/edf/train/aaaaalnv/s006_2015/01_tcp_ar/aaaaalnv_s006_t008.edf,Fp2-F4,253.393
tusz,tusz_v2.0.6/edf/train/aaaaalnv/s009_2015/01_tcp_ar/aaaaalnv_s009_t002.edf,Fp1-F3,363.4
tusz,tusz_v2.0.6/edf/train/aaaaalnv/s009_2015/01_tcp_ar/aaaaalnv_s009_t002.edf,Fp1-F7,335.459
tusz,tusz_v2.0.6/edf/train/aaaaalnx/s003_2011/03_tcp_ar_a/aaaaalnx_s003_t002.edf,P3-O1,201.275
tusz,tusz_v2.0.6/edf/train/aaaaalnx/s003_2011/03_tcp_ar_a/aaaaalnx_s003_t004.edf,C3-P3,245.111
tusz,tusz_v2.0.6/edf/train/aaaaalnx/s003_2011/03_tcp_ar_a/aaaaalnx_s003_t004.edf,P3-O1,232.395
tusz,tusz_v2.0.6/edf/train/aaaaalnx/s003_2011/03_tcp_ar_a/aaaaalnx_s003_t005.edf,C3-P3,389.835
tusz,tusz_v2.0.6/edf/train/aaaaalnx/s003_2011/03_tcp_ar_a/aaaaalnx_s003_t005.edf,P3-O1,384.314
tusz,tusz_v2.0.6/edf/train/aaaaalnx/s003_2011/03_tcp_ar_a/aaaaalnx_s003_t005.edf,P4-O2,1201.629
tusz,tusz_v2.0.6/edf/train/aaaaalnx/s003_2011/03_tcp_ar_a/aaaaalnx_s003_t005.edf,P8-O2,1203.72
tusz,tusz_v2.0.6/edf/train/aaaaalnx/s003_2011/03_tcp_ar_a/aaaaalnx_s003_t006.edf,P4-O2,326.926
tusz,tusz_v2.0.6/edf/train/aaaaalnx/s003_2011/03_tcp_ar_a/aaaaalnx_s003_t006.edf,P8-O2,331.276
tusz,tusz_v2.0.6/edf/train/aaaaaltg/s008_2014/01_tcp_ar/aaaaaltg_s008_t007.edf,Cz-Pz,271.044
tusz,tusz_v2.0.6/edf/train/aaaaalxt/s003_2011/03_tcp_ar_a/aaaaalxt_s003_t007.edf,C4-P4,203.618
tusz,tusz_v2.0.6/edf/train/aaaaalxt/s003_2011/03_tcp_ar_a/aaaaalxt_s003_t007.edf,P4-O2,207.131
tusz,tusz_v2.0.6/edf/train/aaaaalxt/s003_2011/03_tcp_ar_a/aaaaalxt_s003_t008.edf,C4-P4,235.909
tusz,tusz_v2.0.6/edf/train/aaaaalxt/s003_2011/03_tcp_ar_a/aaaaalxt_s003_t008.edf,P4-O2,240.091
tusz,tusz_v2.0.6/edf/train/aaaaalxt/s003_2011/03_tcp_ar_a/aaaaalxt_s003_t009.edf,C4-P4,1010.894
tusz,tusz_v2.0.6/edf/train/aaaaalxt/s003_2011/03_tcp_ar_a/aaaaalxt_s003_t009.edf,P4-O2,1026.119
tusz,tusz_v2.0.6/edf/train/aaaaamca/s004_2013/01_tcp_ar/aaaaamca_s004_t007.edf,Cz-Pz,200.439
tusz,tusz_v2.0.6/edf/train/aaaaamhb/s002_2011/01_tcp_ar/aaaaamhb_s002_t004.edf,Cz-Pz,241.932
tusz,tusz_v2.0.6/edf/train/aaaaamhb/s004_2012/01_tcp_ar/aaaaamhb_s004_t004.edf,C4-P4,231.559
tusz,tusz_v2.0.6/edf/train/aaaaamhb/s004_2012/01_tcp_ar/aaaaamhb_s004_t004.edf,P4-O2,232.897
tusz,tusz_v2.0.6/edf/train/aaaaamhb/s004_2012/01_tcp_ar/aaaaamhb_s004_t005.edf,C4-P4,958.191
tusz,tusz_v2.0.6/edf/train/aaaaamhb/s004_2012/01_tcp_ar/aaaaamhb_s004_t005.edf,P4-O2,963.879
tusz,tusz_v2.0.6/edf/train/aaaaamhb/s004_2012/01_tcp_ar/aaaaamhb_s004_t006.edf,C4-P4,1686.496
tusz,tusz_v2.0.6/edf/train/aaaaamhb/s004_2012/01_tcp_ar/aaaaamhb_s004_t006.edf,F4-C4,2925.101
tusz,tusz_v2.0.6/edf/train/aaaaamhb/s004_2012/01_tcp_ar/aaaaamhb_s004_t006.edf,Fp2-F4,2970.944
tusz,tusz_v2.0.6/edf/train/aaaaamhb/s004_2012/01_tcp_ar/aaaaamhb_s004_t006.edf,P4-O2,1728.157
tusz,tusz_v2.0.6/edf/train/aaaaamhb/s004_2012/01_tcp_ar/aaaaamhb_s004_t007.edf,C4-P4,1562.017
tusz,tusz_v2.0.6/edf/train/aaaaamhb/s004_2012/01_tcp_ar/aaaaamhb_s004_t007.edf,F4-C4,5354.626
tusz,tusz_v2.0.6/edf/train/aaaaamhb/s004_2012/01_tcp_ar/aaaaamhb_s004_t007.edf,Fp2-F4,5438.281
tusz,tusz_v2.0.6/edf/train/aaaaamhb/s004_2012/01_tcp_ar/aaaaamhb_s004_t007.edf,P4-O2,1637.976
tusz,tusz_v2.0.6/edf/train/aaaaamhb/s004_2012/01_tcp_ar/aaaaamhb_s004_t008.edf,C3-P3,0.0
tusz,tusz_v2.0.6/edf/train/aaaaamhb/s004_2012/01_tcp_ar/aaaaamhb_s004_t008.edf,C4-P4,661.548
tusz,tusz_v2.0.6/edf/train/aaaaamhb/s004_2012/01_tcp_ar/aaaaamhb_s004_t008.edf,Cz-Pz,0.0
tusz,tusz_v2.0.6/edf/train/aaaaamhb/s004_2012/01_tcp_ar/aaaaamhb_s004_t008.edf,F3-C3,0.0
tusz,tusz_v2.0.6/edf/train/aaaaamhb/s004_2012/01_tcp_ar/aaaaamhb_s004_t008.edf,F4-C4,6308.383
tusz,tusz_v2.0.6/edf/train/aaaaamhb/s004_2012/01_tcp_ar/aaaaamhb_s004_t008.edf,F7-T7,0.0
tusz,tusz_v2.0.6/edf/train/aaaaamhb/s004_2012/01_tcp_ar/aaaaamhb_s004_t008.edf,F8-T8,1415.787
tusz,tusz_v2.0.6/edf/train/aaaaamhb/s004_2012/01_tcp_ar/aaaaamhb_s004_t008.edf,Fp1-F3,4396.184
tusz,tusz_v2.0.6/edf/train/aaaaamhb/s004_2012/01_tcp_ar/aaaaamhb_s004_t008.edf,Fp1-F7,4394.26
tusz,tusz_v2.0.6/edf/train/aaaaamhb/s004_2012/01_tcp_ar/aaaaamhb_s004_t008.edf,Fp2-F4,5544.607
tusz,tusz_v2.0.6/edf/train/aaaaamhb/s004_2012/01_tcp_ar/aaaaamhb_s004_t008.edf,Fp2-F8,0.0
tusz,tusz_v2.0.6/edf/train/aaaaamhb/s004_2012/01_tcp_ar/aaaaamhb_s004_t008.edf,Fz-Cz,0.0
tusz,tusz_v2.0.6/edf/train/aaaaamhb/s004_2012/01_tcp_ar/aaaaamhb_s004_t008.edf,P3-O1,0.0
tusz,tusz_v2.0.6/edf/train/aaaaamhb/s004_2012/01_tcp_ar/aaaaamhb_s004_t008.edf,P4-O2,0.0
tusz,tusz_v2.0.6/edf/train/aaaaamhb/s004_2012/01_tcp_ar/aaaaamhb_s004_t008.edf,P7-O1,0.0
tusz,tusz_v2.0.6/edf/train/aaaaamhb/s004_2012/01_tcp_ar/aaaaamhb_s004_t008.edf,P8-O2,0.0
tusz,tusz_v2.0.6/edf/train/aaaaamhb/s004_2012/01_tcp_ar/aaaaamhb_s004_t008.edf,T7-P7,0.0
tusz,tusz_v2.0.6/edf/train/aaaaamhb/s004_2012/01_tcp_ar/aaaaamhb_s004_t008.edf,T8-P8,1411.939
tusz,tusz_v2.0.6/edf/train/aaaaamhb/s004_2012/01_tcp_ar/aaaaamhb_s004_t009.edf,C3-P3,1601.837
tusz,tusz_v2.0.6/edf/train/aaaaamhb/s004_2012/01_tcp_ar/aaaaamhb_s004_t009.edf,Cz-Pz,1795.834
tusz,tusz_v2.0.6/edf/train/aaaaamhb/s004_2012/01_tcp_ar/aaaaamhb_s004_t009.edf,F3-C3,4013.125
tusz,tusz_v2.0.6/edf/train/aaaaamhb/s004_2012/01_tcp_ar/aaaaamhb_s004_t009.edf,F4-C4,3363.623
tusz,tusz_v2.0.6/edf/train/aaaaamhb/s004_2012/01_tcp_ar/aaaaamhb_s004_t009.edf,F8-T8,220.181
tusz,tusz_v2.0.6/edf/train/aaaaamhb/s004_2012/01_tcp_ar/aaaaamhb_s004_t009.edf,Fp1-F3,4509.537
tusz,tusz_v2.0.6/edf/train/aaaaamhb/s004_2012/01_tcp_ar/aaaaamhb_s004_t009.edf,Fp1-F7,3632.325
tusz,tusz_v2.0.6/edf/train/aaaaamhb/s004_2012/01_tcp_ar/aaaaamhb_s004_t009.edf,Fp2-F4,4651.501
tusz,tusz_v2.0.6/edf/train/aaaaamhb/s004_2012/01_tcp_ar/aaaaamhb_s004_t009.edf,Fp2-F8,4695.169
tusz,tusz_v2.0.6/edf/train/aaaaamhb/s004_2012/01_tcp_ar/aaaaamhb_s004_t009.edf,Fz-Cz,5241.021
tusz,tusz_v2.0.6/edf/train/aaaaamhb/s004_2012/01_tcp_ar/aaaaamhb_s004_t009.edf,P3-O1,340.813
tusz,tusz_v2.0.6/edf/train/aaaaamhb/s004_2012/01_tcp_ar/aaaaamhb_s004_t009.edf,P4-O2,3503.997
tusz,tusz_v2.0.6/edf/train/aaaaamhb/s004_2012/01_tcp_ar/aaaaamhb_s004_t009.edf,P7-O1,320.401
tusz,tusz_v2.0.6/edf/train/aaaaamhb/s004_2012/01_tcp_ar/aaaaamhb_s004_t009.edf,T7-P7,4482.349
tusz,tusz_v2.0.6/edf/train/aaaaamhb/s004_2012/01_tcp_ar/aaaaamhb_s004_t009.edf,T8-P8,338.136
tusz,tusz_v2.0.6/edf/train/aaaaamhb/s007_2012/01_tcp_ar/aaaaamhb_s007_t007.edf,Fp1-F3,1842.671
tusz,tusz_v2.0.6/edf/train/aaaaamhb/s007_2012/01_tcp_ar/aaaaamhb_s007_t007.edf,Fp1-F7,1843.143
tusz,tusz_v2.0.6/edf/train/aaaaamhb/s007_2012/01_tcp_ar/aaaaamhb_s007_t008.edf,Fp1-F3,386.145
tusz,tusz_v2.0.6/edf/train/aaaaamhb/s007_2012/01_tcp_ar/aaaaamhb_s007_t008.edf,Fp1-F7,386.412
tusz,tusz_v2.0.6/edf/train/aaaaamhb/s007_2012/01_tcp_ar/aaaaamhb_s007_t009.edf,Fp1-F3,428.642
tusz,tusz_v2.0.6/edf/train/aaaaamhb/s007_2012/01_tcp_ar/aaaaamhb_s007_t009.edf,Fp1-F7,428.276
tusz,tusz_v2.0.6/edf/train/aaaaamhb/s012_2012/01_tcp_ar/aaaaamhb_s012_t000.edf,Fz-Cz,205.659
tusz,tusz_v2.0.6/edf/train/aaaaamhb/s012_2012/01_tcp_ar/aaaaamhb_s012_t001.edf,Fz-Cz,210.93
tusz,tusz_v2.0.6/edf/train/aaaaamhb/s012_2012/01_tcp_ar/aaaaamhb_s012_t002.edf,Cz-Pz,261.221
tusz,tusz_v2.0.6/edf/train/aaaaamhb/s012_2012/01_tcp_ar/aaaaamhb_s012_t002.edf,Fz-Cz,261.518
tusz,tusz_v2.0.6/edf/train/aaaaamhb/s012_2012/01_tcp_ar/aaaaamhb_s012_t003.edf,Cz-Pz,281.767
tusz,tusz_v2.0.6/edf/train/aaaaamhb/s012_2012/01_tcp_ar/aaaaamhb_s012_t003.edf,Fz-Cz,281.995
tusz,tusz_v2.0.6/edf/train/aaaaamhb/s012_2012/01_tcp_ar/aaaaamhb_s012_t004.edf,Cz-Pz,204.485
tusz,tusz_v2.0.6/edf/train/aaaaamhb/s012_2012/01_tcp_ar/aaaaamhb_s012_t004.edf,Fz-Cz,204.959
tusz,tusz_v2.0.6/edf/train/aaaaammu/s004_2012/01_tcp_ar/aaaaammu_s004_t000.edf,F7-T7,1754.759
tusz,tusz_v2.0.6/edf/train/aaaaammu/s004_2012/01_tcp_ar/aaaaammu_s004_t000.edf,F8-T8,1412.441
tusz,tusz_v2.0.6/edf/train/aaaaammu/s004_2012/01_tcp_ar/aaaaammu_s004_t000.edf,T7-P7,1766.973
tusz,tusz_v2.0.6/edf/train/aaaaammu/s004_2012/01_tcp_ar/aaaaammu_s004_t000.edf,T8-P8,1402.569
tusz,tusz_v2.0.6/edf/train/aaaaammu/s004_2012/01_tcp_ar/aaaaammu_s004_t006.edf,C4-P4,911.009
tusz,tusz_v2.0.6/edf/train/aaaaammu/s004_2012/01_tcp_ar/aaaaammu_s004_t006.edf,F4-C4,585.756
tusz,tusz_v2.0.6/edf/train/aaaaammu/s004_2012/01_tcp_ar/aaaaammu_s004_t006.edf,F7-T7,558.485
tusz,tusz_v2.0.6/edf/train/aaaaammu/s004_2012/01_tcp_ar/aaaaammu_s004_t006.edf,Fp1-F7,557.648
tusz,tusz_v2.0.6/edf/train/aaaaammu/s004_2012/01_tcp_ar/aaaaammu_s004_t006.edf,Fp2-F4,326.089
tusz,tusz_v2.0.6/edf/train/aaaaammu/s004_2012/01_tcp_ar/aaaaammu_s004_t006.edf,Fp2-F8,664.393
tusz,tusz_v2.0.6/edf/train/aaaaammu/s004_2012/01_tcp_ar/aaaaammu_s004_t006.edf,T8-P8,697.353
tusz,tusz_v2.0.6/edf/train/aaaaammu/s004_2012/01_tcp_ar/aaaaammu_s004_t007.edf,C4-P4,1046.113
tusz,tusz_v2.0.6/edf/train/aaaaammu/s004_2012/01_tcp_ar/aaaaammu_s004_t007.edf,F4-C4,841.324
tusz,tusz_v2.0.6/edf/train/aaaaammu/s004_2012/01_tcp_ar/aaaaammu_s004_t007.edf,F8-T8,894.613
tusz,tusz_v2.0.6/edf/train/aaaaammu/s004_2012/01_tcp_ar/aaaaammu_s004_t007.edf,Fp2-F4,231.224
tusz,tusz_v2.0.6/edf/train/aaaaammu/s004_2012/01_tcp_ar/aaaaammu_s004_t007.edf,Fp2-F8,1200.959
tusz,tusz_v2.0.6/edf/train/aaaaammu/s004_2012/01_tcp_ar/aaaaammu_s004_t007.edf,T8-P8,507.622
tusz,tusz_v2.0.6/edf/train/aaaaammu/s004_2012/01_tcp_ar/aaaaammu_s004_t008.edf,C3-P3,441.199
tusz,tusz_v2.0.6/edf/train/aaaaammu/s004_2012/01_tcp_ar/aaaaammu_s004_t008.edf,C4-P4,691.33
tusz,tusz_v2.0.6/edf/train/aaaaammu/s004_2012/01_tcp_ar/aaaaammu_s004_t008.edf,Cz-Pz,297.145
tusz,tusz_v2.0.6/edf/train/aaaaammu/s004_2012/01_tcp_ar/aaaaammu_s004_t008.edf,F3-C3,226.707
tusz,tusz_v2.0.6/edf/train/aaaaammu/s004_2012/01_tcp_ar/aaaaammu_s004_t008.edf,F4-C4,331.276
tusz,tusz_v2.0.6/edf/train/aaaaammu/s004_2012/01_tcp_ar/aaaaammu_s004_t008.edf,F7-T7,576.554
tusz,tusz_v2.0.6/edf/train/aaaaammu/s004_2012/01_tcp_ar/aaaaammu_s004_t008.edf,Fp1-F3,301.829
tusz,tusz_v2.0.6/edf/train/aaaaammu/s004_2012/01_tcp_ar/aaaaammu_s004_t008.edf,Fp1-F7,673.762
tusz,tusz_v2.0.6/edf/train/aaaaammu/s004_2012/01_tcp_ar/aaaaammu_s004_t008.edf,Fp2-F4,508.124
tusz,tusz_v2.0.6/edf/train/aaaaammu/s004_2012/01_tcp_ar/aaaaammu_s004_t008.edf,Fp2-F8,976.428
tusz,tusz_v2.0.6/edf/train/aaaaammu/s004_2012/01_tcp_ar/aaaaammu_s004_t008.edf,Fz-Cz,231.308
tusz,tusz_v2.0.6/edf/train/aaaaammu/s004_2012/01_tcp_ar/aaaaammu_s004_t008.edf,P3-O1,306.514
tusz,tusz_v2.0.6/edf/train/aaaaammu/s004_2012/01_tcp_ar/aaaaammu_s004_t008.edf,P7-O1,322.576
tusz,tusz_v2.0.6/edf/train/aaaaammu/s004_2012/01_tcp_ar/aaaaammu_s004_t008.edf,T7-P7,210.31
tusz,tusz_v2.0.6/edf/train/aaaaammu/s004_2012/01_tcp_ar/aaaaammu_s004_t008.edf,T8-P8,948.654
tusz,tusz_v2.0.6/edf/train/aaaaamoa/s003_2012/01_tcp_ar/aaaaamoa_s003_t011.edf,Fp2-F4,242.601
tusz,tusz_v2.0.6/edf/train/aaaaamoa/s003_2012/01_tcp_ar/aaaaamoa_s003_t011.edf,Fp2-F8,241.597
tusz,tusz_v2.0.6/edf/train/aaaaamoa/s004_2012/01_tcp_ar/aaaaamoa_s004_t005.edf,F8-T8,276.565
tusz,tusz_v2.0.6/edf/train/aaaaamoa/s004_2012/01_tcp_ar/aaaaamoa_s004_t005.edf,Fp2-F8,276.231
tusz,tusz_v2.0.6/edf/train/aaaaamoa/s004_2012/01_tcp_ar/aaaaamoa_s004_t006.edf,C4-P4,2222.728
tusz,tusz_v2.0.6/edf/train/aaaaamoa/s004_2012/01_tcp_ar/aaaaamoa_s004_t006.edf,F7-T7,692.501
tusz,tusz_v2.0.6/edf/train/aaaaamoa/s004_2012/01_tcp_ar/aaaaamoa_s004_t006.edf,P4-O2,2224.067
tusz,tusz_v2.0.6/edf/train/aaaaamoa/s004_2012/01_tcp_ar/aaaaamoa_s004_t006.edf,T7-P7,693.505
tusz,tusz_v2.0.6/edf/train/aaaaamoa/s004_2012/01_tcp_ar/aaaaamoa_s004_t007.edf,C4-P4,2569.23
tusz,tusz_v2.0.6/edf/train/aaaaamoa/s004_2012/01_tcp_ar/aaaaamoa_s004_t007.edf,F7-T7,2177.22
tusz,tusz_v2.0.6/edf/train/aaaaamoa/s004_2012/01_tcp_ar/aaaaamoa_s004_t007.edf,F8-T8,528.703
tusz,tusz_v2.0.6/edf/train/aaaaamoa/s004_2012/01_tcp_ar/aaaaamoa_s004_t007.edf,Fp2-F8,527.699
tusz,tusz_v2.0.6/edf/train/aaaaamoa/s004_2012/01_tcp_ar/aaaaamoa_s004_t007.edf,P4-O2,2571.489
tusz,tusz_v2.0.6/edf/train/aaaaamoa/s004_2012/01_tcp_ar/aaaaamoa_s004_t007.edf,T7-P7,2178.893
tusz,tusz_v2.0.6/edf/train/aaaaamoa/s004_2012/01_tcp_ar/aaaaamoa_s004_t008.edf,C4-P4,412.087
tusz,tusz_v2.0.6/edf/train/aaaaamoa/s004_2012/01_tcp_ar/aaaaamoa_s004_t008.edf,F7-T7,355.703
tusz,tusz_v2.0.6/edf/train/aaaaamoa/s004_2012/01_tcp_ar/aaaaamoa_s004_t008.edf,P4-O2,412.757
tusz,tusz_v2.0.6/edf/train/aaaaamoa/s004_2012/01_tcp_ar/aaaaamoa_s004_t008.edf,T7-P7,355.703
tusz,tusz_v2.0.6/edf/train/aaaaamoa/s004_2012/01_tcp_ar/aaaaamoa_s004_t009.edf,C4-P4,2564.545
tusz,tusz_v2.0.6/edf/train/aaaaamoa/s004_2012/01_tcp_ar/aaaaamoa_s004_t009.edf,F7-T7,452.577
tusz,tusz_v2.0.6/edf/train/aaaaamoa/s004_2012/01_tcp_ar/aaaaamoa_s004_t009.edf,P4-O2,2569.732
tusz,tusz_v2.0.6/edf/train/aaaaamoa/s004_2012/01_tcp_ar/aaaaamoa_s004_t009.edf,T7-P7,465.627
tusz,tusz_v2.0.6/edf/train/aaaaamoa/s004_2012/01_tcp_ar/aaaaamoa_s004_t010.edf,C4-P4,2575.253
tusz,tusz_v2.0.6/edf/train/aaaaamoa/s004_2012/01_tcp_ar/aaaaamoa_s004_t010.edf,F7-T7,764.445
tusz,tusz_v2.0.6/edf/train/aaaaamoa/s004_2012/01_tcp_ar/aaaaamoa_s004_t010.edf,P4-O2,2579.603
tusz,tusz_v2.0.6/edf/train/aaaaamoa/s004_2012/01_tcp_ar/aaaaamoa_s004_t010.edf,T7-P7,748.383
tusz,tusz_v2.0.6/edf/train/aaaaamoa/s006_2012/01_tcp_ar/aaaaamoa_s006_t008.edf,Fp2-F4,3763.999
tusz,tusz_v2.0.6/edf/train/aaaaamoa/s006_2012/01_tcp_ar/aaaaamoa_s006_t008.edf,Fp2-F8,3763.999
tusz,tusz_v2.0.6/edf/train/aaaaamoa/s006_2012/01_tcp_ar/aaaaamoa_s006_t009.edf,Fp2-F4,368.921
tusz,tusz_v2.0.6/edf/train/aaaaamoa/s006_2012/01_tcp_ar/aaaaamoa_s006_t009.edf,Fp2-F8,368.252
tusz,tusz_v2.0.6/edf/train/aaaaamoa/s006_2012/01_tcp_ar/aaaaamoa_s006_t011.edf,Fp1-F3,1294.988
tusz,tusz_v2.0.6/edf/train/aaaaamoa/s006_2012/01_tcp_ar/aaaaamoa_s006_t011.edf,Fp1-F7,1293.482
tusz,tusz_v2.0.6/edf/train/aaaaamof/s002_2012/01_tcp_ar/aaaaamof_s002_t000.edf,C3-P3,0.669
tusz,tusz_v2.0.6/edf/train/aaaaamof/s002_2012/01_tcp_ar/aaaaamof_s002_t000.edf,C4-P4,0.837
tusz,tusz_v2.0.6/edf/train/aaaaamof/s002_2012/01_tcp_ar/aaaaamof_s002_t000.edf,F4-C4,0.837
tusz,tusz_v2.0.6/edf/train/aaaaamoq/s005_2012/01_tcp_ar/aaaaamoq_s005_t004.edf,Fp1-F3,328.529
tusz,tusz_v2.0.6/edf/train/aaaaamoq/s005_2012/01_tcp_ar/aaaaamoq_s005_t004.edf,Fp1-F7,327.583
tusz,tusz_v2.0.6/edf/train/aaaaamoq/s005_2012/01_tcp_ar/aaaaamoq_s005_t009.edf,Fp2-F4,357.837
tusz,tusz_v2.0.6/edf/train/aaaaamoq/s005_2012/01_tcp_ar/aaaaamoq_s005_t009.edf,Fp2-F8,353.797
tusz,tusz_v2.0.6/edf/train/aaaaampz/s003_2015/01_tcp_ar/aaaaampz_s003_t000.edf,C4-P4,0.335
tusz,tusz_v2.0.6/edf/train/aaaaampz/s003_2015/01_tcp_ar/aaaaampz_s003_t000.edf,Cz-Pz,0.335
tusz,tusz_v2.0.6/edf/train/aaaaampz/s003_2015/01_tcp_ar/aaaaampz_s003_t000.edf,F3-C3,0.837
tusz,tusz_v2.0.6/edf/train/aaaaampz/s003_2015/01_tcp_ar/aaaaampz_s003_t000.edf,F4-C4,0.335
tusz,tusz_v2.0.6/edf/train/aaaaampz/s003_2015/01_tcp_ar/aaaaampz_s003_t000.edf,F7-T7,0.335
tusz,tusz_v2.0.6/edf/train/aaaaampz/s003_2015/01_tcp_ar/aaaaampz_s003_t000.edf,F8-T8,0.335
tusz,tusz_v2.0.6/edf/train/aaaaampz/s003_2015/01_tcp_ar/aaaaampz_s003_t000.edf,Fp1-F3,0.502
tusz,tusz_v2.0.6/edf/train/aaaaampz/s003_2015/01_tcp_ar/aaaaampz_s003_t000.edf,Fp1-F7,0.335
tusz,tusz_v2.0.6/edf/train/aaaaampz/s003_2015/01_tcp_ar/aaaaampz_s003_t000.edf,Fp2-F4,0.335
tusz,tusz_v2.0.6/edf/train/aaaaampz/s003_2015/01_tcp_ar/aaaaampz_s003_t000.edf,Fp2-F8,0.335
tusz,tusz_v2.0.6/edf/train/aaaaampz/s003_2015/01_tcp_ar/aaaaampz_s003_t000.edf,Fz-Cz,0.335
tusz,tusz_v2.0.6/edf/train/aaaaampz/s003_2015/01_tcp_ar/aaaaampz_s003_t000.edf,P3-O1,0.669
tusz,tusz_v2.0.6/edf/train/aaaaampz/s003_2015/01_tcp_ar/aaaaampz_s003_t000.edf,P4-O2,0.335
tusz,tusz_v2.0.6/edf/train/aaaaampz/s003_2015/01_tcp_ar/aaaaampz_s003_t000.edf,P8-O2,0.335
tusz,tusz_v2.0.6/edf/train/aaaaampz/s003_2015/01_tcp_ar/aaaaampz_s003_t000.edf,T8-P8,0.335
tusz,tusz_v2.0.6/edf/train/aaaaampz/s004_2015/01_tcp_ar/aaaaampz_s004_t002.edf,P4-O2,393.181
tusz,tusz_v2.0.6/edf/train/aaaaampz/s004_2015/01_tcp_ar/aaaaampz_s004_t002.edf,P8-O2,392.01
tusz,tusz_v2.0.6/edf/train/aaaaampz/s004_2015/01_tcp_ar/aaaaampz_s004_t005.edf,P4-O2,453.58
tusz,tusz_v2.0.6/edf/train/aaaaampz/s004_2015/01_tcp_ar/aaaaampz_s004_t005.edf,P8-O2,452.744
tusz,tusz_v2.0.6/edf/train/aaaaampz/s005_2015/01_tcp_ar/aaaaampz_s005_t000.edf,P4-O2,460.273
tusz,tusz_v2.0.6/edf/train/aaaaampz/s005_2015/01_tcp_ar/aaaaampz_s005_t000.edf,P8-O2,460.608
tusz,tusz_v2.0.6/edf/train/aaaaampz/s005_2015/01_tcp_ar/aaaaampz_s005_t001.edf,P4-O2,208.47
tusz,tusz_v2.0.6/edf/train/aaaaampz/s005_2015/01_tcp_ar/aaaaampz_s005_t001.edf,P8-O2,210.477
tusz,tusz_v2.0.6/edf/train/aaaaampz/s005_2015/01_tcp_ar/aaaaampz_s005_t002.edf,C3-P3,258.496
tusz,tusz_v2.0.6/edf/train/aaaaampz/s005_2015/01_tcp_ar/aaaaampz_s005_t002.edf,C4-P4,491.895
tusz,tusz_v2.0.6/edf/train/aaaaampz/s005_2015/01_tcp_ar/aaaaampz_s005_t002.edf,Cz-Pz,257.826
tusz,tusz_v2.0.6/edf/train/aaaaampz/s005_2015/01_tcp_ar/aaaaampz_s005_t002.edf,F3-C3,411.585
tusz,tusz_v2.0.6/edf/train/aaaaampz/s005_2015/01_tcp_ar/aaaaampz_s005_t002.edf,F4-C4,294.97
tusz,tusz_v2.0.6/edf/train/aaaaampz/s005_2015/01_tcp_ar/aaaaampz_s005_t002.edf,Fp1-F3,293.966
tusz,tusz_v2.0.6/edf/train/aaaaampz/s005_2015/01_tcp_ar/aaaaampz_s005_t002.edf,Fp2-F4,651.844
tusz,tusz_v2.0.6/edf/train/aaaaampz/s005_2015/01_tcp_ar/aaaaampz_s005_t002.edf,Fp2-F8,3995.557
tusz,tusz_v2.0.6/edf/train/aaaaampz/s005_2015/01_tcp_ar/aaaaampz_s005_t002.edf,P4-O2,249.461
tusz,tusz_v2.0.6/edf/train/aaaaampz/s005_2015/01_tcp_ar/aaaaampz_s005_t002.edf,P7-O1,487.21
tusz,tusz_v2.0.6/edf/train/aaaaampz/s005_2015/01_tcp_ar/aaaaampz_s005_t002.edf,P8-O2,684.804
tusz,tusz_v2.0.6/edf/train/aaaaampz/s005_2015/01_tcp_ar/aaaaampz_s005_t002.edf,T7-P7,236.578
tusz,tusz_v2.0.6/edf/train/aaaaampz/s005_2015/01_tcp_ar/aaaaampz_s005_t002.edf,T8-P8,2834.502
tusz,tusz_v2.0.6/edf/train/aaaaampz/s005_2015/01_tcp_ar/aaaaampz_s005_t004.edf,P3-O1,316.051
tusz,tusz_v2.0.6/edf/train/aaaaampz/s005_2015/01_tcp_ar/aaaaampz_s005_t004.edf,P7-O1,315.549
tusz,tusz_v2.0.6/edf/train/aaaaampz/s005_2015/01_tcp_ar/aaaaampz_s005_t006.edf,F3-C3,792.386
tusz,tusz_v2.0.6/edf/train/aaaaampz/s005_2015/01_tcp_ar/aaaaampz_s005_t006.edf,Fp1-F3,791.716
tusz,tusz_v2.0.6/edf/train/aaaaampz/s005_2015/01_tcp_ar/aaaaampz_s005_t006.edf,P3-O1,638.794
tusz,tusz_v2.0.6/edf/train/aaaaampz/s005_2015/01_tcp_ar/aaaaampz_s005_t006.edf,P7-O1,638.627
tusz,tusz_v2.0.6/edf/train/aaaaampz/s005_2015/01_tcp_ar/aaaaampz_s005_t007.edf,F3-C3,4648.238
tusz,tusz_v2.0.6/edf/train/aaaaampz/s005_2015/01_tcp_ar/aaaaampz_s005_t007.edf,Fp1-F3,4650.246
tusz,tusz_v2.0.6/edf/train/aaaaampz/s005_2015/01_tcp_ar/aaaaampz_s005_t007.edf,P3-O1,335.292
tusz,tusz_v2.0.6/edf/train/aaaaampz/s005_2015/01_tcp_ar/aaaaampz_s005_t007.edf,P7-O1,334.12
tusz,tusz_v2.0.6/edf/train/aaaaampz/s005_2015/01_tcp_ar/aaaaampz_s005_t008.edf,C4-P4,1033.481
tusz,tusz_v2.0.6/edf/train/aaaaampz/s005_2015/01_tcp_ar/aaaaampz_s005_t008.edf,F3-C3,1493.252
tusz,tusz_v2.0.6/edf/train/aaaaampz/s005_2015/01_tcp_ar/aaaaampz_s005_t008.edf,Fp1-F3,1494.758
tusz,tusz_v2.0.6/edf/train/aaaaampz/s005_2015/01_tcp_ar/aaaaampz_s005_t008.edf,P3-O1,1241.616
tusz,tusz_v2.0.6/edf/train/aaaaampz/s005_2015/01_tcp_ar/aaaaampz_s005_t008.edf,P4-O2,1032.644
tusz,tusz_v2.0.6/edf/train/aaaaampz/s005_2015/01_tcp_ar/aaaaampz_s005_t008.edf,P7-O1,1241.365
tusz,tusz_v2.0.6/edf/train/aaaaampz/s005_2015/01_tcp_ar/aaaaampz_s005_t009.edf,C4-P4,383.644
tusz,tusz_v2.0.6/edf/train/aaaaampz/s005_2015/01_tcp_ar/aaaaampz_s005_t009.edf,F3-C3,343.49
tusz,tusz_v2.0.6/edf/train/aaaaampz/s005_2015/01_tcp_ar/aaaaampz_s005_t009.edf,Fp1-F3,348.007
tusz,tusz_v2.0.6/edf/train/aaaaampz/s005_2015/01_tcp_ar/aaaaampz_s005_t009.edf,P3-O1,765.114
tusz,tusz_v2.0.6/edf/train/aaaaampz/s005_2015/01_tcp_ar/aaaaampz_s005_t009.edf,P4-O2,376.785
tusz,tusz_v2.0.6/edf/train/aaaaampz/s005_2015/01_tcp_ar/aaaaampz_s005_t009.edf,P7-O1,764.612
tusz,tusz_v2.0.6/edf/train/aaaaamqy/s007_2013/01_tcp_ar/aaaaamqy_s007_t006.edf,C3-P3,240.928
tusz,tusz_v2.0.6/edf/train/aaaaamqy/s007_2013/01_tcp_ar/aaaaamqy_s007_t006.edf,C4-P4,2827.307
tusz,tusz_v2.0.6/edf/train/aaaaamqy/s007_2013/01_tcp_ar/aaaaamqy_s007_t006.edf,Cz-Pz,1452.428
tusz,tusz_v2.0.6/edf/train/aaaaamqy/s007_2013/01_tcp_ar/aaaaamqy_s007_t006.edf,F3-C3,346.669
tusz,tusz_v2.0.6/edf/train/aaaaamqy/s007_2013/01_tcp_ar/aaaaamqy_s007_t006.edf,F4-C4,4136.433
tusz,tusz_v2.0.6/edf/train/aaaaamqy/s007_2013/01_tcp_ar/aaaaamqy_s007_t006.edf,F7-T7,669.579
tusz,tusz_v2.0.6/edf/train/aaaaamqy/s007_2013/01_tcp_ar/aaaaamqy_s007_t006.edf,F8-T8,2153.629
tusz,tusz_v2.0.6/edf/train/aaaaamqy/s007_2013/01_tcp_ar/aaaaamqy_s007_t006.edf,Fp1-F3,0.0
tusz,tusz_v2.0.6/edf/train/aaaaamqy/s007_2013/01_tcp_ar/aaaaamqy_s007_t006.edf,Fp1-F7,333.953
tusz,tusz_v2.0.6/edf/train/aaaaamqy/s007_2013/01_tcp_ar/aaaaamqy_s007_t006.edf,Fp2-F4,4279.317
tusz,tusz_v2.0.6/edf/train/aaaaamqy/s007_2013/01_tcp_ar/aaaaamqy_s007_t006.edf,Fp2-F8,3222.914
tusz,tusz_v2.0.6/edf/train/aaaaamqy/s007_2013/01_tcp_ar/aaaaamqy_s007_t006.edf,Fz-Cz,2659.411
tusz,tusz_v2.0.6/edf/train/aaaaamqy/s007_2013/01_tcp_ar/aaaaamqy_s007_t006.edf,P3-O1,611.355
tusz,tusz_v2.0.6/edf/train/aaaaamqy/s007_2013/01_tcp_ar/aaaaamqy_s007_t006.edf,P4-O2,497.751
tusz,tusz_v2.0.6/edf/train/aaaaamqy/s007_2013/01_tcp_ar/aaaaamqy_s007_t006.edf,P7-O1,0.0
tusz,tusz_v2.0.6/edf/train/aaaaamqy/s007_2013/01_tcp_ar/aaaaamqy_s007_t006.edf,P8-O2,3377.761
tusz,tusz_v2.0.6/edf/train/aaaaamqy/s007_2013/01_tcp_ar/aaaaamqy_s007_t006.edf,T7-P7,235.072
tusz,tusz_v2.0.6/edf/train/aaaaamqy/s007_2013/01_tcp_ar/aaaaamqy_s007_t006.edf,T8-P8,1623.253
tusz,tusz_v2.0.6/edf/train/aaaaamqy/s009_2013/01_tcp_ar/aaaaamqy_s009_t006.edf,Fp1-F7,202.614
tusz,tusz_v2.0.6/edf/train/aaaaamrh/s002_2011/01_tcp_ar/aaaaamrh_s002_t005.edf,Cz-Pz,503.607
tusz,tusz_v2.0.6/edf/train/aaaaamrh/s002_2011/01_tcp_ar/aaaaamrh_s002_t006.edf,C3-P3,820.828
tusz,tusz_v2.0.6/edf/train/aaaaamrh/s002_2011/01_tcp_ar/aaaaamrh_s002_t006.edf,C4-P4,1657.886
tusz,tusz_v2.0.6/edf/train/aaaaamrh/s002_2011/01_tcp_ar/aaaaamrh_s002_t006.edf,Cz-Pz,2887.121
tusz,tusz_v2.0.6/edf/train/aaaaamrh/s002_2011/01_tcp_ar/aaaaamrh_s002_t006.edf,F3-C3,537.571
tusz,tusz_v2.0.6/edf/train/aaaaamrh/s002_2011/01_tcp_ar/aaaaamrh_s002_t006.edf,F4-C4,1469.661
tusz,tusz_v2.0.6/edf/train/aaaaamrh/s002_2011/01_tcp_ar/aaaaamrh_s002_t006.edf,F7-T7,1757.436
tusz,tusz_v2.0.6/edf/train/aaaaamrh/s002_2011/01_tcp_ar/aaaaamrh_s002_t006.edf,F8-T8,3779.726
tusz,tusz_v2.0.6/edf/train/aaaaamrh/s002_2011/01_tcp_ar/aaaaamrh_s002_t006.edf,Fp1-F3,972.329
tusz,tusz_v2.0.6/edf/train/aaaaamrh/s002_2011/01_tcp_ar/aaaaamrh_s002_t006.edf,Fp1-F7,1659.894
tusz,tusz_v2.0.6/edf/train/aaaaamrh/s002_2011/01_tcp_ar/aaaaamrh_s002_t006.edf,Fp2-F4,1669.681
tusz,tusz_v2.0.6/edf/train/aaaaamrh/s002_2011/01_tcp_ar/aaaaamrh_s002_t006.edf,Fp2-F8,1792.906
tusz,tusz_v2.0.6/edf/train/aaaaamrh/s002_2011/01_tcp_ar/aaaaamrh_s002_t006.edf,Fz-Cz,1068.449
tusz,tusz_v2.0.6/edf/train/aaaaamrh/s002_2011/01_tcp_ar/aaaaamrh_s002_t006.edf,P3-O1,1287.125
tusz,tusz_v2.0.6/edf/train/aaaaamrh/s002_2011/01_tcp_ar/aaaaamrh_s002_t006.edf,P4-O2,2563.709
tusz,tusz_v2.0.6/edf/train/aaaaamrh/s002_2011/01_tcp_ar/aaaaamrh_s002_t006.edf,P7-O1,1296.912
tusz,tusz_v2.0.6/edf/train/aaaaamrh/s002_2011/01_tcp_ar/aaaaamrh_s002_t006.edf,P8-O2,3191.46
tusz,tusz_v2.0.6/edf/train/aaaaamrh/s002_2011/01_tcp_ar/aaaaamrh_s002_t006.edf,T7-P7,2340.85
tusz,tusz_v2.0.6/edf/train/aaaaamrh/s002_2011/01_tcp_ar/aaaaamrh_s002_t006.edf,T8-P8,1388.18
tusz,tusz_v2.0.6/edf/train/aaaaamrh/s002_2011/01_tcp_ar/aaaaamrh_s002_t007.edf,C3-P3,3964.939
tusz,tusz_v2.0.6/edf/train/aaaaamrh/s002_2011/01_tcp_ar/aaaaamrh_s002_t007.edf,C4-P4,1623.253
tusz,tusz_v2.0.6/edf/train/aaaaamrh/s002_2011/01_tcp_ar/aaaaamrh_s002_t007.edf,Cz-Pz,2676.476
tusz,tusz_v2.0.6/edf/train/aaaaamrh/s002_2011/01_tcp_ar/aaaaamrh_s002_t007.edf,F3-C3,3743.252
tusz,tusz_v2.0.6/edf/train/aaaaamrh/s002_2011/01_tcp_ar/aaaaamrh_s002_t007.edf,F4-C4,464.958
tusz,tusz_v2.0.6/edf/train/aaaaamrh/s002_2011/01_tcp_ar/aaaaamrh_s002_t007.edf,F7-T7,467.635
tusz,tusz_v2.0.6/edf/train/aaaaamrh/s002_2011/01_tcp_ar/aaaaamrh_s002_t007.edf,F8-T8,1750.409
tusz,tusz_v2.0.6/edf/train/aaaaamrh/s002_2011/01_tcp_ar/aaaaamrh_s002_t007.edf,Fp1-F3,4551.198
tusz,tusz_v2.0.6/edf/train/aaaaamrh/s002_2011/01_tcp_ar/aaaaamrh_s002_t007.edf,Fp1-F7,233.399
tusz,tusz_v2.0.6/edf/train/aaaaamrh/s002_2011/01_tcp_ar/aaaaamrh_s002_t007.edf,Fp2-F4,356.707
tusz,tusz_v2.0.6/edf/train/aaaaamrh/s002_2011/01_tcp_ar/aaaaamrh_s002_t007.edf,Fp2-F8,1138.05
tusz,tusz_v2.0.6/edf/train/aaaaamrh/s002_2011/01_tcp_ar/aaaaamrh_s002_t007.edf,Fz-Cz,4368.828
tusz,tusz_v2.0.6/edf/train/aaaaamrh/s002_2011/01_tcp_ar/aaaaamrh_s002_t007.edf,P4-O2,2816.348
tusz,tusz_v2.0.6/edf/train/aaaaamrh/s002_2011/01_tcp_ar/aaaaamrh_s002_t007.edf,P7-O1,1564.192
tusz,tusz_v2.0.6/edf/train/aaaaamrh/s002_2011/01_tcp_ar/aaaaamrh_s002_t007.edf,P8-O2,4731.894
tusz,tusz_v2.0.6/edf/train/aaaaamrh/s002_2011/01_tcp_ar/aaaaamrh_s002_t007.edf,T7-P7,2344.698
tusz,tusz_v2.0.6/edf/train/aaaaamvc/s005_2013/01_tcp_ar/aaaaamvc_s005_t001.edf,C4-P4,1619.737
tusz,tusz_v2.0.6/edf/train/aaaaamvc/s005_2013/01_tcp_ar/aaaaamvc_s005_t001.edf,F4-C4,1619.88
tusz,tusz_v2.0.6/edf/train/aaaaamvc/s005_2013/01_tcp_ar/aaaaamvc_s005_t003.edf,Cz-Pz,300.919
tusz,tusz_v2.0.6/edf/train/aaaaamww/s005_2012/01_tcp_ar/aaaaamww_s005_t000.edf,Cz-Pz,369.016
tusz,tusz_v2.0.6/edf/train/aaaaamww/s005_2012/01_tcp_ar/aaaaamww_s005_t000.edf,P4-O2,1225.353
tusz,tusz_v2.0.6/edf/train/aaaaamww/s005_2012/01_tcp_ar/aaaaamww_s005_t000.edf,P8-O2,1334.362
tusz,tusz_v2.0.6/edf/train/aaaaamww/s005_2012/01_tcp_ar/aaaaamww_s005_t005.edf,P3-O1,202.125
tusz,tusz_v2.0.6/edf/train/aaaaamww/s005_2012/01_tcp_ar/aaaaamww_s005_t005.edf,P7-O1,236.127
tusz,tusz_v2.0.6/edf/train/aaaaamyc/s004_2013/01_tcp_ar/aaaaamyc_s004_t007.edf,C3-P3,4528.945
tusz,tusz_v2.0.6/edf/train/aaaaamyc/s004_2013/01_tcp_ar/aaaaamyc_s004_t007.edf,C4-P4,446.721
tusz,tusz_v2.0.6/edf/train/aaaaamyc/s004_2013/01_tcp_ar/aaaaamyc_s004_t007.edf,Cz-Pz,4769.539
tusz,tusz_v2.0.6/edf/train/aaaaamyc/s004_2013/01_tcp_ar/aaaaamyc_s004_t007.edf,F3-C3,3023.396
tusz,tusz_v2.0.6/edf/train/aaaaamyc/s004_2013/01_tcp_ar/aaaaamyc_s004_t007.edf,F4-C4,2009.239
tusz,tusz_v2.0.6/edf/train/aaaaamyc/s004_2013/01_tcp_ar/aaaaamyc_s004_t007.edf,F7-T7,3217.56
tusz,tusz_v2.0.6/edf/train/aaaaamyc/s004_2013/01_tcp_ar/aaaaamyc_s004_t007.edf,F8-T8,255.651
tusz,tusz_v2.0.6/edf/train/aaaaamyc/s004_2013/01_tcp_ar/aaaaamyc_s004_t007.edf,Fp1-F3,2664.932
tusz,tusz_v2.0.6/edf/train/aaaaamyc/s004_2013/01_tcp_ar/aaaaamyc_s004_t007.edf,Fp1-F7,5931.431
tusz,tusz_v2.0.6/edf/train/aaaaamyc/s004_2013/01_tcp_ar/aaaaamyc_s004_t007.edf,Fp2-F4,489.552
tusz,tusz_v2.0.6/edf/train/aaaaamyc/s004_2013/01_tcp_ar/aaaaamyc_s004_t007.edf,Fp2-F8,1504.964
tusz,tusz_v2.0.6/edf/train/aaaaamyc/s004_2013/01_tcp_ar/aaaaamyc_s004_t007.edf,Fz-Cz,5862.666
tusz,tusz_v2.0.6/edf/train/aaaaamyc/s004_2013/01_tcp_ar/aaaaamyc_s004_t007.edf,P3-O1,2838.35
tusz,tusz_v2.0.6/edf/train/aaaaamyc/s004_2013/01_tcp_ar/aaaaamyc_s004_t007.edf,P4-O2,1758.775
tusz,tusz_v2.0.6/edf/train/aaaaamyc/s004_2013/01_tcp_ar/aaaaamyc_s004_t007.edf,P7-O1,4821.907
tusz,tusz_v2.0.6/edf/train/aaaaamyc/s004_2013/01_tcp_ar/aaaaamyc_s004_t007.edf,P8-O2,1616.226
tusz,tusz_v2.0.6/edf/train/aaaaamyc/s004_2013/01_tcp_ar/aaaaamyc_s004_t007.edf,T7-P7,4364.646
tusz,tusz_v2.0.6/edf/train/aaaaamyc/s004_2013/01_tcp_ar/aaaaamyc_s004_t007.edf,T8-P8,2494.358
tusz,tusz_v2.0.6/edf/train/aaaaanme/s008_2014/01_tcp_ar/aaaaanme_s008_t004.edf,Fz-Cz,2266.731
tusz,tusz_v2.0.6/edf/train/aaaaanme/s008_2014/01_tcp_ar/aaaaanme_s008_t005.edf,Fz-Cz,5070.782
tusz,tusz_v2.0.6/edf/train/aaaaanme/s010_2014/01_tcp_ar/aaaaanme_s010_t002.edf,P3-O1,329.436
tusz,tusz_v2.0.6/edf/train/aaaaanme/s010_2014/01_tcp_ar/aaaaanme_s010_t002.edf,P7-O1,332.447
tusz,tusz_v2.0.6/edf/train/aaaaanme/s011_2014/01_tcp_ar/aaaaanme_s011_t000.edf,C3-P3,0.0
tusz,tusz_v2.0.6/edf/train/aaaaanme/s011_2014/01_tcp_ar/aaaaanme_s011_t000.edf,C4-P4,0.0
tusz,tusz_v2.0.6/edf/train/aaaaanme/s011_2014/01_tcp_ar/aaaaanme_s011_t000.edf,Cz-Pz,0.0
tusz,tusz_v2.0.6/edf/train/aaaaanme/s011_2014/01_tcp_ar/aaaaanme_s011_t000.edf,F3-C3,0.0
tusz,tusz_v2.0.6/edf/train/aaaaanme/s011_2014/01_tcp_ar/aaaaanme_s011_t000.edf,F4-C4,0.0
tusz,tusz_v2.0.6/edf/train/aaaaanme/s011_2014/01_tcp_ar/aaaaanme_s011_t000.edf,F7-T7,0.0
tusz,tusz_v2.0.6/edf/train/aaaaanme/s011_2014/01_tcp_ar/aaaaanme_s011_t000.edf,F8-T8,0.0
tusz,tusz_v2.0.6/edf/train/aaaaanme/s011_2014/01_tcp_ar/aaaaanme_s011_t000.edf,Fp1-F3,0.0
tusz,tusz_v2.0.6/edf/train/aaaaanme/s011_2014/01_tcp_ar/aaaaanme_s011_t000.edf,Fp1-F7,0.0
tusz,tusz_v2.0.6/edf/train/aaaaanme/s011_2014/01_tcp_ar/aaaaanme_s011_t000.edf,Fp2-F4,0.0
tusz,tusz_v2.0.6/edf/train/aaaaanme/s011_2014/01_tcp_ar/aaaaanme_s011_t000.edf,Fp2-F8,0.0
tusz,tusz_v2.0.6/edf/train/aaaaanme/s011_2014/01_tcp_ar/aaaaanme_s011_t000.edf,Fz-Cz,0.0
tusz,tusz_v2.0.6/edf/train/aaaaanme/s011_2014/01_tcp_ar/aaaaanme_s011_t000.edf,P3-O1,0.0
tusz,tusz_v2.0.6/edf/train/aaaaanme/s011_2014/01_tcp_ar/aaaaanme_s011_t000.edf,P4-O2,0.0
tusz,tusz_v2.0.6/edf/train/aaaaanme/s011_2014/01_tcp_ar/aaaaanme_s011_t000.edf,P7-O1,0.0
tusz,tusz_v2.0.6/edf/train/aaaaanme/s011_2014/01_tcp_ar/aaaaanme_s011_t000.edf,P8-O2,0.0
tusz,tusz_v2.0.6/edf/train/aaaaanme/s011_2014/01_tcp_ar/aaaaanme_s011_t000.edf,T7-P7,0.0
tusz,tusz_v2.0.6/edf/train/aaaaanme/s011_2014/01_tcp_ar/aaaaanme_s011_t000.edf,T8-P8,0.0
tusz,tusz_v2.0.6/edf/train/aaaaanog/s004_2012/01_tcp_ar/aaaaanog_s004_t004.edf,Fp1-F3,730.982
tusz,tusz_v2.0.6/edf/train/aaaaanog/s004_2012/01_tcp_ar/aaaaanog_s004_t004.edf,Fp1-F7,730.982
tusz,tusz_v2.0.6/edf/train/aaaaanog/s004_2012/01_tcp_ar/aaaaanog_s004_t004.edf,Fp2-F4,309.693
tusz,tusz_v2.0.6/edf/train/aaaaanog/s004_2012/01_tcp_ar/aaaaanog_s004_t004.edf,Fp2-F8,310.195
tusz,tusz_v2.0.6/edf/train/aaaaanok/s003_2012/03_tcp_ar_a/aaaaanok_s003_t009.edf,P3-O1,326.424
tusz,tusz_v2.0.6/edf/train/aaaaanok/s003_2012/03_tcp_ar_a/aaaaanok_s003_t009.edf,P7-O1,325.42
tusz,tusz_v2.0.6/edf/train/aaaaanok/s003_2012/03_tcp_ar_a/aaaaanok_s003_t010.edf,P3-O1,245.111
tusz,tusz_v2.0.6/edf/train/aaaaanok/s003_2012/03_tcp_ar_a/aaaaanok_s003_t010.edf,P7-O1,244.274
tusz,tusz_v2.0.6/edf/train/aaaaanwk/s004_2012/01_tcp_ar/aaaaanwk_s004_t005.edf,C3-P3,223.832
tusz,tusz_v2.0.6/edf/train/aaaaanwk/s004_2012/01_tcp_ar/aaaaanwk_s004_t005.edf,F3-C3,252.215
tusz,tusz_v2.0.6/edf/train/aaaaanwk/s004_2012/01_tcp_ar/aaaaanwk_s004_t006.edf,F3-C3,223.774
tusz,tusz_v2.0.6/edf/train/aaaaaooy/s003_2013/01_tcp_ar/aaaaaooy_s003_t002.edf,C3-P3,5259.426
tusz,tusz_v2.0.6/edf/train/aaaaaooy/s003_2013/01_tcp_ar/aaaaaooy_s003_t002.edf,P3-O1,4612.601
tusz,tusz_v2.0.6/edf/train/aaaaaooy/s003_2013/01_tcp_ar/aaaaaooy_s003_t002.edf,P4-O2,4152.579
tusz,tusz_v2.0.6/edf/train/aaaaaooy/s003_2013/01_tcp_ar/aaaaaooy_s003_t002.edf,P7-O1,621.728
tusz,tusz_v2.0.6/edf/train/aaaaaooy/s003_2013/01_tcp_ar/aaaaaooy_s003_t002.edf,P8-O2,4150.655
tusz,tusz_v2.0.6/edf/train/aaaaaooy/s003_2013/01_tcp_ar/aaaaaooy_s003_t003.edf,C3-P3,2020.784
tusz,tusz_v2.0.6/edf/train/aaaaaooy/s003_2013/01_tcp_ar/aaaaaooy_s003_t003.edf,P3-O1,1097.728
tusz,tusz_v2.0.6/edf/train/aaaaaooy/s003_2013/01_tcp_ar/aaaaaooy_s003_t003.edf,P4-O2,4903.387
tusz,tusz_v2.0.6/edf/train/aaaaaooy/s003_2013/01_tcp_ar/aaaaaooy_s003_t003.edf,P7-O1,936.942
tusz,tusz_v2.0.6/edf/train/aaaaaooy/s003_2013/01_tcp_ar/aaaaaooy_s003_t003.edf,P8-O2,4904.224
tusz,tusz_v2.0.6/edf/train/aaaaaooy/s003_2013/01_tcp_ar/aaaaaooy_s003_t004.edf,C3-P3,4144.966
tusz,tusz_v2.0.6/edf/train/aaaaaooy/s003_2013/01_tcp_ar/aaaaaooy_s003_t004.edf,P3-O1,3673.651
tusz,tusz_v2.0.6/edf/train/aaaaaooy/s003_2013/01_tcp_ar/aaaaaooy_s003_t004.edf,P4-O2,3704.77
tusz,tusz_v2.0.6/edf/train/aaaaaooy/s003_2013/01_tcp_ar/aaaaaooy_s003_t004.edf,P7-O1,874.033
tusz,tusz_v2.0.6/edf/train/aaaaaooy/s003_2013/01_tcp_ar/aaaaaooy_s003_t004.edf,P8-O2,3704.603
tusz,tusz_v2.0.6/edf/train/aaaaaooy/s003_2013/01_tcp_ar/aaaaaooy_s003_t005.edf,C3-P3,4465.869
tusz,tusz_v2.0.6/edf/train/aaaaaooy/s003_2013/01_tcp_ar/aaaaaooy_s003_t005.edf,P3-O1,4485.026
tusz,tusz_v2.0.6/edf/train/aaaaaooy/s003_2013/01_tcp_ar/aaaaaooy_s003_t005.edf,P4-O2,5003.941
tusz,tusz_v2.0.6/edf/train/aaaaaooy/s003_2013/01_tcp_ar/aaaaaooy_s003_t005.edf,P7-O1,883.235
tusz,tusz_v2.0.6/edf/train/aaaaaooy/s003_2013/01_tcp_ar/aaaaaooy_s003_t005.edf,P8-O2,5002.603
tusz,tusz_v2.0.6/edf/train/aaaaaooy/s003_2013/01_tcp_ar/aaaaaooy_s003_t006.edf,C3-P3,1338.489
tusz,tusz_v2.0.6/edf/train/aaaaaooy/s003_2013/01_tcp_ar/aaaaaooy_s003_t006.edf,C4-P4,1036.074
tusz,tusz_v2.0.6/edf/train/aaaaaooy/s003_2013/01_tcp_ar/aaaaaooy_s003_t006.edf,Cz-Pz,1147.085
tusz,tusz_v2.0.6/edf/train/aaaaaooy/s003_2013/01_tcp_ar/aaaaaooy_s003_t006.edf,F3-C3,1416.623
tusz,tusz_v2.0.6/edf/train/aaaaaooy/s003_2013/01_tcp_ar/aaaaaooy_s003_t006.edf,F7-T7,2822.204
tusz,tusz_v2.0.6/edf/train/aaaaaooy/s003_2013/01_tcp_ar/aaaaaooy_s003_t006.edf,F8-T8,308.689
tusz,tusz_v2.0.6/edf/train/aaaaaooy/s003_2013/01_tcp_ar/aaaaaooy_s003_t006.edf,Fp1-F3,1276.082
tusz,tusz_v2.0.6/edf/train/aaaaaooy/s003_2013/01_tcp_ar/aaaaaooy_s003_t006.edf,Fp1-F7,1558.503
tusz,tusz_v2.0.6/edf/train/aaaaaooy/s003_2013/01_tcp_ar/aaaaaooy_s003_t006.edf,Fp2-F4,710.738
tusz,tusz_v2.0.6/edf/train/aaaaaooy/s003_2013/01_tcp_ar/aaaaaooy_s003_t006.edf,Fp2-F8,697.018
tusz,tusz_v2.0.6/edf/train/aaaaaooy/s003_2013/01_tcp_ar/aaaaaooy_s003_t006.edf,Fz-Cz,1143.404
tusz,tusz_v2.0.6/edf/train/aaaaaooy/s003_2013/01_tcp_ar/aaaaaooy_s003_t006.edf,P3-O1,2244.981
tusz,tusz_v2.0.6/edf/train/aaaaaooy/s003_2013/01_tcp_ar/aaaaaooy_s003_t006.edf,P4-O2,900.803
tusz,tusz_v2.0.6/edf/train/aaaaaooy/s003_2013/01_tcp_ar/aaaaaooy_s003_t006.edf,P7-O1,1642.828
tusz,tusz_v2.0.6/edf/train/aaaaaooy/s003_2013/01_tcp_ar/aaaaaooy_s003_t006.edf,P8-O2,774.483
tusz,tusz_v2.0.6/edf/train/aaaaaooy/s003_2013/01_tcp_ar/aaaaaooy_s003_t006.edf,T7-P7,1108.604
tusz,tusz_v2.0.6/edf/train/aaaaaooy/s003_2013/01_tcp_ar/aaaaaooy_s003_t006.edf,T8-P8,785.358
tusz,tusz_v2.0.6/edf/train/aaaaaosa/s008_2014/01_tcp_ar/aaaaaosa_s008_t005.edf,F8-T8,236.076
tusz,tusz_v2.0.6/edf/train/aaaaaosa/s008_2014/01_tcp_ar/aaaaaosa_s008_t005.edf,Fp2-F8,241.43
tusz,tusz_v2.0.6/edf/train/aaaaaosc/s003_2013/01_tcp_ar/aaaaaosc_s003_t003.edf,Cz-Pz,530.376
tusz,tusz_v2.0.6/edf/train/aaaaaosc/s003_2013/01_tcp_ar/aaaaaosc_s003_t003.edf,P3-O1,758.756
tusz,tusz_v2.0.6/edf/train/aaaaaosc/s003_2013/01_tcp_ar/aaaaaosc_s003_t003.edf,P7-O1,757.418
tusz,tusz_v2.0.6/edf/train/aaaaaosc/s003_2013/01_tcp_ar/aaaaaosc_s003_t005.edf,Cz-Pz,1235.258
tusz,tusz_v2.0.6/edf/train/aaaaaosc/s003_2013/01_tcp_ar/aaaaaosc_s003_t005.edf,F4-C4,1042.348
tusz,tusz_v2.0.6/edf/train/aaaaaosc/s003_2013/01_tcp_ar/aaaaaosc_s003_t005.edf,Fp2-F4,1047.702
tusz,tusz_v2.0.6/edf/train/aaaaaosc/s003_2013/01_tcp_ar/aaaaaosc_s003_t005.edf,P3-O1,5206.053
tusz,tusz_v2.0.6/edf/train/aaaaaosc/s003_2013/01_tcp_ar/aaaaaosc_s003_t005.edf,P7-O1,5207.141
tusz,tusz_v2.0.6/edf/train/aaaaaoya/s008_2015/01_tcp_ar/aaaaaoya_s008_t006.edf,P3-O1,239.924
tusz,tusz_v2.0.6/edf/train/aaaaaoya/s008_2015/01_tcp_ar/aaaaaoya_s008_t006.edf,P7-O1,228.547
tusz,tusz_v2.0.6/edf/train/aaaaaoya/s008_2015/01_tcp_ar/aaaaaoya_s008_t006.edf,P8-O2,718.601
tusz,tusz_v2.0.6/edf/train/aaaaaoya/s008_2015/01_tcp_ar/aaaaaoya_s008_t006.edf,T8-P8,721.111
tusz,tusz_v2.0.6/edf/train/aaaaaoya/s008_2015/01_tcp_ar/aaaaaoya_s008_t007.edf,P8-O2,412.255
tusz,tusz_v2.0.6/edf/train/aaaaaoya/s008_2015/01_tcp_ar/aaaaaoya_s008_t007.edf,T8-P8,413.928
tusz,tusz_v2.0.6/edf/train/aaaaaoya/s008_2015/01_tcp_ar/aaaaaoya_s008_t008.edf,P3-O1,514.984
tusz,tusz_v2.0.6/edf/train/aaaaaoya/s008_2015/01_tcp_ar/aaaaaoya_s008_t008.edf,P7-O1,329.77
tusz,tusz_v2.0.6/edf/train/aaaaaoya/s008_2015/01_tcp_ar/aaaaaoya_s008_t008.edf,T7-P7,216.835
tusz,tusz_v2.0.6/edf/train/aaaaaoya/s008_2015/01_tcp_ar/aaaaaoya_s008_t008.edf,T8-P8,428.818
tusz,tusz_v2.0.6/edf/train/aaaaaoya/s008_2015/01_tcp_ar/aaaaaoya_s008_t009.edf,P7-O1,253.811
tusz,tusz_v2.0.6/edf/train/aaaaaoya/s008_2015/01_tcp_ar/aaaaaoya_s008_t009.edf,T7-P7,254.48
tusz,tusz_v2.0.6/edf/train/aaaaaoya/s009_2015/01_tcp_ar/aaaaaoya_s009_t001.edf,P8-O2,298.483
tusz,tusz_v2.0.6/edf/train/aaaaaoya/s009_2015/01_tcp_ar/aaaaaoya_s009_t001.edf,T8-P8,298.818
tusz,tusz_v2.0.6/edf/train/aaaaaoya/s009_2015/01_tcp_ar/aaaaaoya_s009_t004.edf,Fp1-F3,224.532
tusz,tusz_v2.0.6/edf/train/aaaaaoya/s009_2015/01_tcp_ar/aaaaaoya_s009_t004.edf,Fp1-F7,221.018
tusz,tusz_v2.0.6/edf/train/aaaaaoya/s010_2015/01_tcp_ar/aaaaaoya_s010_t000.edf,Fp1-F3,346.669
tusz,tusz_v2.0.6/edf/train/aaaaaoya/s010_2015/01_tcp_ar/aaaaaoya_s010_t000.edf,Fp1-F7,335.961
tusz,tusz_v2.0.6/edf/train/aaaaaoya/s010_2015/01_tcp_ar/aaaaaoya_s010_t000.edf,Fp2-F4,1010.392
tusz,tusz_v2.0.6/edf/train/aaaaaoya/s010_2015/01_tcp_ar/aaaaaoya_s010_t000.edf,Fp2-F8,1012.734
tusz,tusz_v2.0.6/edf/train/aaaaaoya/s010_2015/01_tcp_ar/aaaaaoya_s010_t001.edf,Fp2-F4,366.913
tusz,tusz_v2.0.6/edf/train/aaaaaoya/s010_2015/01_tcp_ar/aaaaaoya_s010_t001.edf,Fp2-F8,374.108
tusz,tusz_v2.0.6/edf/train/aaaaaoya/s010_2015/01_tcp_ar/aaaaaoya_s010_t002.edf,P7-O1,302.833
tusz,tusz_v2.0.6/edf/train/aaaaaoya/s010_2015/01_tcp_ar/aaaaaoya_s010_t002.edf,T7-P7,297.479
tusz,tusz_v2.0.6/edf/train/aaaaaoya/s010_2015/01_tcp_ar/aaaaaoya_s010_t006.edf,F3-C3,216.333
tusz,tusz_v2.0.6/edf/train/aaaaaoya/s010_2015/01_tcp_ar/aaaaaoya_s010_t008.edf,C3-P3,273.721
tusz,tusz_v2.0.6/edf/train/aaaaaoya/s010_2015/01_tcp_ar/aaaaaoya_s010_t008.edf,F3-C3,276.733
tusz,tusz_v2.0.6/edf/train/aaaaaoya/s010_2015/01_tcp_ar/aaaaaoya_s010_t009.edf,C3-P3,285.935
tusz,tusz_v2.0.6/edf/train/aaaaaoya/s010_2015/01_tcp_ar/aaaaaoya_s010_t009.edf,F3-C3,293.798
tusz,tusz_v2.0.6/edf/train/aaaaaoya/s011_2015/01_tcp_ar/aaaaaoya_s011_t000.edf,C3-P3,1289.969
tusz,tusz_v2.0.6/edf/train/aaaaaoya/s011_2015/01_tcp_ar/aaaaaoya_s011_t000.edf,F3-C3,1295.239
tusz,tusz_v2.0.6/edf/train/aaaaaoya/s011_2015/01_tcp_ar/aaaaaoya_s011_t007.edf,C4-P4,291.623
tusz,tusz_v2.0.6/edf/train/aaaaaoya/s011_2015/01_tcp_ar/aaaaaoya_s011_t007.edf,P4-O2,296.475
tusz,tusz_v2.0.6/edf/train/aaaaaoya/s011_2015/01_tcp_ar/aaaaaoya_s011_t008.edf,C4-P4,612.359
tusz,tusz_v2.0.6/edf/train/aaaaaoya/s011_2015/01_tcp_ar/aaaaaoya_s011_t008.edf,P4-O2,609.514
tusz,tusz_v2.0.6/edf/train/aaaaaozv/s002_2013/01_tcp_ar/aaaaaozv_s002_t007.edf,C4-P4,5417.702
tusz,tusz_v2.0.6/edf/train/aaaaaozv/s002_2013/01_tcp_ar/aaaaaozv_s002_t007.edf,F4-C4,5442.966
tusz,tusz_v2.0.6/edf/train/aaaaaozv/s002_2013/01_tcp_ar/aaaaaozv_s002_t008.edf,C4-P4,5424.562
tusz,tusz_v2.0.6/edf/train/aaaaaozv/s002_2013/01_tcp_ar/aaaaaozv_s002_t008.edf,F4-C4,5446.479
tusz,tusz_v2.0.6/edf/train/aaaaapks/s002_2013/01_tcp_ar/aaaaapks_s002_t006.edf,C4-P4,3996.143
tusz,tusz_v2.0.6/edf/train/aaaaapks/s002_2013/01_tcp_ar/aaaaapks_s002_t006.edf,Cz-Pz,2980.983
tusz,tusz_v2.0.6/edf/train/aaaaapks/s002_2013/01_tcp_ar/aaaaapks_s002_t006.edf,F4-C4,5138.627
tusz,tusz_v2.0.6/edf/train/aaaaapks/s002_2013/01_tcp_ar/aaaaapks_s002_t006.edf,F7-T7,479.346
tusz,tusz_v2.0.6/edf/train/aaaaapks/s002_2013/01_tcp_ar/aaaaapks_s002_t006.edf,Fp1-F7,4930.659
tusz,tusz_v2.0.6/edf/train/aaaaapks/s002_2013/01_tcp_ar/aaaaapks_s002_t006.edf,Fp2-F4,5102.822
tusz,tusz_v2.0.6/edf/train/aaaaapks/s002_2013/01_tcp_ar/aaaaapks_s002_t006.edf,Fz-Cz,3041.549
tusz,tusz_v2.0.6/edf/train/aaaaapks/s002_2013/01_tcp_ar/aaaaapks_s002_t006.edf,P4-O2,4000.911
tusz,tusz_v2.0.6/edf/train/aaaaapks/s002_2013/01_tcp_ar/aaaaapks_s002_t006.edf,T7-P7,4747.872
tusz,tusz_v2.0.6/edf/train/aaaaapks/s007_2013/01_tcp_ar/aaaaapks_s007_t002.edf,Cz-Pz,232.061
tusz,tusz_v2.0.6/edf/train/aaaaapks/s007_2013/01_tcp_ar/aaaaapks_s007_t003.edf,Cz-Pz,244.776
tusz,tusz_v2.0.6/edf/train/aaaaapks/s007_2013/01_tcp_ar/aaaaapks_s007_t005.edf,C3-P3,0.0
tusz,tusz_v2.0.6/edf/train/aaaaapks/s007_2013/01_tcp_ar/aaaaapks_s007_t005.edf,C4-P4,0.0
tusz,tusz_v2.0.6/edf/train/aaaaapks/s007_2013/01_tcp_ar/aaaaapks_s007_t005.edf,Cz-Pz,0.0
tusz,tusz_v2.0.6/edf/train/aaaaapks/s007_2013/01_tcp_ar/aaaaapks_s007_t005.edf,F3-C3,0.0
tusz,tusz_v2.0.6/edf/train/aaaaapks/s007_2013/01_tcp_ar/aaaaapks_s007_t005.edf,F4-C4,0.0
tusz,tusz_v2.0.6/edf/train/aaaaapks/s007_2013/01_tcp_ar/aaaaapks_s007_t005.edf,F7-T7,0.0
tusz,tusz_v2.0.6/edf/train/aaaaapks/s007_2013/01_tcp_ar/aaaaapks_s007_t005.edf,F8-T8,0.0
tusz,tusz_v2.0.6/edf/train/aaaaapks/s007_2013/01_tcp_ar/aaaaapks_s007_t005.edf,Fp1-F3,0.0
tusz,tusz_v2.0.6/edf/train/aaaaapks/s007_2013/01_tcp_ar/aaaaapks_s007_t005.edf,Fp1-F7,0.0
tusz,tusz_v2.0.6/edf/train/aaaaapks/s007_2013/01_tcp_ar/aaaaapks_s007_t005.edf,Fp2-F4,0.0
tusz,tusz_v2.0.6/edf/train/aaaaapks/s007_2013/01_tcp_ar/aaaaapks_s007_t005.edf,Fp2-F8,0.0
tusz,tusz_v2.0.6/edf/train/aaaaapks/s007_2013/01_tcp_ar/aaaaapks_s007_t005.edf,Fz-Cz,0.0
tusz,tusz_v2.0.6/edf/train/aaaaapks/s007_2013/01_tcp_ar/aaaaapks_s007_t005.edf,P3-O1,0.0
tusz,tusz_v2.0.6/edf/train/aaaaapks/s007_2013/01_tcp_ar/aaaaapks_s007_t005.edf,P4-O2,0.0
tusz,tusz_v2.0.6/edf/train/aaaaapks/s007_2013/01_tcp_ar/aaaaapks_s007_t005.edf,P7-O1,0.0
tusz,tusz_v2.0.6/edf/train/aaaaapks/s007_2013/01_tcp_ar/aaaaapks_s007_t005.edf,P8-O2,0.0
tusz,tusz_v2.0.6/edf/train/aaaaapks/s007_2013/01_tcp_ar/aaaaapks_s007_t005.edf,T7-P7,0.0
tusz,tusz_v2.0.6/edf/train/aaaaapks/s007_2013/01_tcp_ar/aaaaapks_s007_t005.edf,T8-P8,0.0
tusz,tusz_v2.0.6/edf/train/aaaaapks/s013_2014/03_tcp_ar_a/aaaaapks_s013_t000.edf,C3-P3,0.0
tusz,tusz_v2.0.6/edf/train/aaaaapks/s013_2014/03_tcp_ar_a/aaaaapks_s013_t000.edf,C4-P4,0.0
tusz,tusz_v2.0.6/edf/train/aaaaapks/s013_2014/03_tcp_ar_a/aaaaapks_s013_t000.edf,Cz-Pz,0.0
tusz,tusz_v2.0.6/edf/train/aaaaapks/s013_2014/03_tcp_ar_a/aaaaapks_s013_t000.edf,F3-C3,0.0
tusz,tusz_v2.0.6/edf/train/aaaaapks/s013_2014/03_tcp_ar_a/aaaaapks_s013_t000.edf,F4-C4,0.0
tusz,tusz_v2.0.6/edf/train/aaaaapks/s013_2014/03_tcp_ar_a/aaaaapks_s013_t000.edf,F7-T7,0.0
tusz,tusz_v2.0.6/edf/train/aaaaapks/s013_2014/03_tcp_ar_a/aaaaapks_s013_t000.edf,F8-T8,0.0
tusz,tusz_v2.0.6/edf/train/aaaaapks/s013_2014/03_tcp_ar_a/aaaaapks_s013_t000.edf,Fp1-F3,0.0
tusz,tusz_v2.0.6/edf/train/aaaaapks/s013_2014/03_tcp_ar_a/aaaaapks_s013_t000.edf,Fp1-F7,0.0
tusz,tusz_v2.0.6/edf/train/aaaaapks/s013_2014/03_tcp_ar_a/aaaaapks_s013_t000.edf,Fp2-F4,0.0
tusz,tusz_v2.0.6/edf/train/aaaaapks/s013_2014/03_tcp_ar_a/aaaaapks_s013_t000.edf,Fp2-F8,0.0
tusz,tusz_v2.0.6/edf/train/aaaaapks/s013_2014/03_tcp_ar_a/aaaaapks_s013_t000.edf,Fz-Cz,0.0
tusz,tusz_v2.0.6/edf/train/aaaaapks/s013_2014/03_tcp_ar_a/aaaaapks_s013_t000.edf,P3-O1,0.0
tusz,tusz_v2.0.6/edf/train/aaaaapks/s013_2014/03_tcp_ar_a/aaaaapks_s013_t000.edf,P4-O2,0.0
tusz,tusz_v2.0.6/edf/train/aaaaapks/s013_2014/03_tcp_ar_a/aaaaapks_s013_t000.edf,P7-O1,0.0
tusz,tusz_v2.0.6/edf/train/aaaaapks/s013_2014/03_tcp_ar_a/aaaaapks_s013_t000.edf,P8-O2,0.0
tusz,tusz_v2.0.6/edf/train/aaaaapks/s013_2014/03_tcp_ar_a/aaaaapks_s013_t000.edf,T7-P7,0.0
tusz,tusz_v2.0.6/edf/train/aaaaapks/s013_2014/03_tcp_ar_a/aaaaapks_s013_t000.edf,T8-P8,0.0
tusz,tusz_v2.0.6/edf/train/aaaaapnc/s023_2013/01_tcp_ar/aaaaapnc_s023_t003.edf,Cz-Pz,221.018
tusz,tusz_v2.0.6/edf/train/aaaaapnc/s023_2013/01_tcp_ar/aaaaapnc_s023_t003.edf,P8-O2,238.418
tusz,tusz_v2.0.6/edf/train/aaaaapnc/s023_2013/01_tcp_ar/aaaaapnc_s023_t003.edf,T8-P8,240.761
tusz,tusz_v2.0.6/edf/train/aaaaapnc/s024_2013/01_tcp_ar/aaaaapnc_s024_t006.edf,Cz-Pz,227.209
tusz,tusz_v2.0.6/edf/train/aaaaapnc/s024_2013/01_tcp_ar/aaaaapnc_s024_t006.edf,Fp2-F4,218.006
tusz,tusz_v2.0.6/edf/train/aaaaapnc/s024_2013/01_tcp_ar/aaaaapnc_s024_t006.edf,Fp2-F8,262.846
tusz,tusz_v2.0.6/edf/train/aaaaapnc/s024_2013/01_tcp_ar/aaaaapnc_s024_t006.edf,P8-O2,200.439
tusz,tusz_v2.0.6/edf/train/aaaaapnl/s002_2013/01_tcp_ar/aaaaapnl_s002_t000.edf,F7-T7,0.96
tusz,tusz_v2.0.6/edf/train/aaaaapnl/s002_2013/01_tcp_ar/aaaaapnl_s002_t000.edf,P8-O2,0.972
tusz,tusz_v2.0.6/edf/train/aaaaapnl/s006_2013/01_tcp_ar/aaaaapnl_s006_t008.edf,C3-P3,3107.302
tusz,tusz_v2.0.6/edf/train/aaaaapnl/s006_2013/01_tcp_ar/aaaaapnl_s006_t008.edf,Cz-Pz,3697.743
tusz,tusz_v2.0.6/edf/train/aaaaapnl/s006_2013/01_tcp_ar/aaaaapnl_s006_t008.edf,F3-C3,855.964
tusz,tusz_v2.0.6/edf/train/aaaaapnl/s006_2013/01_tcp_ar/aaaaapnl_s006_t008.edf,F4-C4,0.335
tusz,tusz_v2.0.6/edf/train/aaaaapnl/s006_2013/01_tcp_ar/aaaaapnl_s006_t008.edf,F7-T7,4719.513
tusz,tusz_v2.0.6/edf/train/aaaaapnl/s006_2013/01_tcp_ar/aaaaapnl_s006_t008.edf,Fp1-F3,901.472
tusz,tusz_v2.0.6/edf/train/aaaaapnl/s006_2013/01_tcp_ar/aaaaapnl_s006_t008.edf,Fp1-F7,1166.159
tusz,tusz_v2.0.6/edf/train/aaaaapnl/s006_2013/01_tcp_ar/aaaaapnl_s006_t008.edf,Fp2-F4,852.618
tusz,tusz_v2.0.6/edf/train/aaaaapnl/s006_2013/01_tcp_ar/aaaaapnl_s006_t008.edf,Fp2-F8,853.454
tusz,tusz_v2.0.6/edf/train/aaaaapnl/s006_2013/01_tcp_ar/aaaaapnl_s006_t008.edf,Fz-Cz,1829.715
tusz,tusz_v2.0.6/edf/train/aaaaapnl/s006_2013/01_tcp_ar/aaaaapnl_s006_t008.edf,P3-O1,835.552
tusz,tusz_v2.0.6/edf/train/aaaaapnl/s006_2013/01_tcp_ar/aaaaapnl_s006_t008.edf,P7-O1,4828.683
tusz,tusz_v2.0.6/edf/train/aaaaapnl/s006_2013/01_tcp_ar/aaaaapnl_s006_t008.edf,T7-P7,369.423
tusz,tusz_v2.0.6/edf/train/aaaaapnl/s007_2013/01_tcp_ar/aaaaapnl_s007_t006.edf,Fp1-F3,767.038
tusz,tusz_v2.0.6/edf/train/aaaaapnl/s007_2013/01_tcp_ar/aaaaapnl_s007_t006.edf,Fp1-F7,728.138
tusz,tusz_v2.0.6/edf/train/aaaaapnl/s007_2013/01_tcp_ar/aaaaapnl_s007_t006.edf,Fp2-F4,577.056
tusz,tusz_v2.0.6/edf/train/aaaaapnl/s007_2013/01_tcp_ar/aaaaapnl_s007_t006.edf,Fp2-F8,572.204
tusz,tusz_v2.0.6/edf/train/aaaaapnl/s007_2013/01_tcp_ar/aaaaapnl_s007_t006.edf,T8-P8,216.835
tusz,tusz_v2.0.6/edf/train/aaaaappv/s002_2013/01_tcp_ar/aaaaappv_s002_t006.edf,F3-C3,998.429
tusz,tusz_v2.0.6/edf/train/aaaaappv/s002_2013/01_tcp_ar/aaaaappv_s002_t006.edf,Fp1-F3,1005.456
tusz,tusz_v2.0.6/edf/train/aaaaappv/s002_2013/01_tcp_ar/aaaaappv_s002_t006.edf,Fp2-F4,814.973
tusz,tusz_v2.0.6/edf/train/aaaaappv/s002_2013/01_tcp_ar/aaaaappv_s002_t006.edf,Fp2-F8,814.973
tusz,tusz_v2.0.6/edf/train/aaaaappv/s002_2013/01_tcp_ar/aaaaappv_s002_t006.edf,P3-O1,661.632
tusz,tusz_v2.0.6/edf/train/aaaaappv/s002_2013/01_tcp_ar/aaaaappv_s002_t006.edf,P4-O2,1153.276
tusz,tusz_v2.0.6/edf/train/aaaaappv/s002_2013/01_tcp_ar/aaaaappv_s002_t006.edf,P7-O1,641.638
tusz,tusz_v2.0.6/edf/train/aaaaappv/s002_2013/01_tcp_ar/aaaaappv_s002_t006.edf,P8-O2,1153.443
tusz,tusz_v2.0.6/edf/train/aaaaappv/s002_2013/01_tcp_ar/aaaaappv_s002_t006.edf,T7-P7,613.279
tusz,tusz_v2.0.6/edf/train/aaaaappv/s002_2013/01_tcp_ar/aaaaappv_s002_t007.edf,F3-C3,772.81
tusz,tusz_v2.0.6/edf/train/aaaaappv/s002_2013/01_tcp_ar/aaaaappv_s002_t007.edf,Fp1-F3,777.16
tusz,tusz_v2.0.6/edf/train/aaaaappv/s002_2013/01_tcp_ar/aaaaappv_s002_t007.edf,Fp2-F4,660.21
tusz,tusz_v2.0.6/edf/train/aaaaappv/s002_2013/01_tcp_ar/aaaaappv_s002_t007.edf,Fp2-F8,660.21
tusz,tusz_v2.0.6/edf/train/aaaaappv/s002_2013/01_tcp_ar/aaaaappv_s002_t007.edf,P3-O1,419.114
tusz,tusz_v2.0.6/edf/train/aaaaappv/s002_2013/01_tcp_ar/aaaaappv_s002_t007.edf,P4-O2,826.517
tusz,tusz_v2.0.6/edf/train/aaaaappv/s002_2013/01_tcp_ar/aaaaappv_s002_t007.edf,P8-O2,825.179
tusz,tusz_v2.0.6/edf/train/aaaaappv/s002_2013/01_tcp_ar/aaaaappv_s002_t007.edf,T7-P7,558.819
tusz,tusz_v2.0.6/edf/train/aaaaappv/s002_2013/01_tcp_ar/aaaaappv_s002_t008.edf,C3-P3,442.956
tusz,tusz_v2.0.6/edf/train/aaaaappv/s002_2013/01_tcp_ar/aaaaappv_s002_t008.edf,C4-P4,456.257
tusz,tusz_v2.0.6/edf/train/aaaaappv/s002_2013/01_tcp_ar/aaaaappv_s002_t008.edf,Cz-Pz,269.622
tusz,tusz_v2.0.6/edf/train/aaaaappv/s002_2013/01_tcp_ar/aaaaappv_s002_t008.edf,F3-C3,450.569
tusz,tusz_v2.0.6/edf/train/aaaaappv/s002_2013/01_tcp_ar/aaaaappv_s002_t008.edf,F7-T7,350.35
tusz,tusz_v2.0.6/edf/train/aaaaappv/s002_2013/01_tcp_ar/aaaaappv_s002_t008.edf,F8-T8,629.424
tusz,tusz_v2.0.6/edf/train/aaaaappv/s002_2013/01_tcp_ar/aaaaappv_s002_t008.edf,Fp1-F3,880.14
tusz,tusz_v2.0.6/edf/train/aaaaappv/s002_2013/01_tcp_ar/aaaaappv_s002_t008.edf,Fp1-F7,985.63
tusz,tusz_v2.0.6/edf/train/aaaaappv/s002_2013/01_tcp_ar/aaaaappv_s002_t008.edf,Fp2-F4,765.783
tusz,tusz_v2.0.6/edf/train/aaaaappv/s002_2013/01_tcp_ar/aaaaappv_s002_t008.edf,Fp2-F8,764.026
tusz,tusz_v2.0.6/edf/train/aaaaappv/s002_2013/01_tcp_ar/aaaaappv_s002_t008.edf,Fz-Cz,452.828
tusz,tusz_v2.0.6/edf/train/aaaaappv/s002_2013/01_tcp_ar/aaaaappv_s002_t008.edf,P3-O1,454.25
tusz,tusz_v2.0.6/edf/train/aaaaappv/s002_2013/01_tcp_ar/aaaaappv_s002_t008.edf,P4-O2,665.145
tusz,tusz_v2.0.6/edf/train/aaaaappv/s002_2013/01_tcp_ar/aaaaappv_s002_t008.edf,P8-O2,412.004
tusz,tusz_v2.0.6/edf/train/aaaaappv/s002_2013/01_tcp_ar/aaaaappv_s002_t008.edf,T7-P7,209.808
tusz,tusz_v2.0.6/edf/train/aaaaappv/s002_2013/01_tcp_ar/aaaaappv_s002_t009.edf,C3-P3,278.071
tusz,tusz_v2.0.6/edf/train/aaaaappv/s002_2013/01_tcp_ar/aaaaappv_s002_t009.edf,C4-P4,235.909
tusz,tusz_v2.0.6/edf/train/aaaaappv/s002_2013/01_tcp_ar/aaaaappv_s002_t009.edf,F3-C3,365.073
tusz,tusz_v2.0.6/edf/train/aaaaappv/s002_2013/01_tcp_ar/aaaaappv_s002_t009.edf,F4-C4,352.106
tusz,tusz_v2.0.6/edf/train/aaaaappv/s002_2013/01_tcp_ar/aaaaappv_s002_t009.edf,F7-T7,323.078
tusz,tusz_v2.0.6/edf/train/aaaaappv/s002_2013/01_tcp_ar/aaaaappv_s002_t009.edf,F8-T8,254.313
tusz,tusz_v2.0.6/edf/train/aaaaappv/s002_2013/01_tcp_ar/aaaaappv_s002_t009.edf,Fp1-F3,1044.189
tusz,tusz_v2.0.6/edf/train/aaaaappv/s002_2013/01_tcp_ar/aaaaappv_s002_t009.edf,Fp2-F4,465.46
tusz,tusz_v2.0.6/edf/train/aaaaappv/s002_2013/01_tcp_ar/aaaaappv_s002_t009.edf,Fp2-F8,776.993
tusz,tusz_v2.0.6/edf/train/aaaaappv/s002_2013/01_tcp_ar/aaaaappv_s002_t009.edf,Fz-Cz,566.683
tusz,tusz_v2.0.6/edf/train/aaaaappv/s002_2013/01_tcp_ar/aaaaappv_s002_t009.edf,P3-O1,345.665
tusz,tusz_v2.0.6/edf/train/aaaaappv/s002_2013/01_tcp_ar/aaaaappv_s002_t009.edf,P4-O2,862.74
tusz,tusz_v2.0.6/edf/train/aaaaappv/s002_2013/01_tcp_ar/aaaaappv_s002_t009.edf,P7-O1,254.48
tusz,tusz_v2.0.6/edf/train/aaaaappv/s002_2013/01_tcp_ar/aaaaappv_s002_t009.edf,P8-O2,483.947
tusz,tusz_v2.0.6/edf/train/aaaaappv/s002_2013/01_tcp_ar/aaaaappv_s002_t009.edf,T7-P7,395.691
tusz,tusz_v2.0.6/edf/train/aaaaappv/s002_2013/01_tcp_ar/aaaaappv_s002_t009.edf,T8-P8,671.587
tusz,tusz_v2.0.6/edf/train/aaaaappz/s002_2013/01_tcp_ar/aaaaappz_s002_t004.edf,F8-T8,811.111
tusz,tusz_v2.0.6/edf/train/aaaaappz/s002_2013/01_tcp_ar/aaaaappz_s002_t004.edf,T7-P7,223.434
tusz,tusz_v2.0.6/edf/train/aaaaappz/s002_2013/01_tcp_ar/aaaaappz_s002_t004.edf,T8-P8,593.807
tusz,tusz_v2.0.6/edf/train/aaaaappz/s002_2013/01_tcp_ar/aaaaappz_s002_t005.edf,C3-P3,913.221
tusz,tusz_v2.0.6/edf/train/aaaaappz/s002_2013/01_tcp_ar/aaaaappz_s002_t005.edf,C4-P4,1755.696
tusz,tusz_v2.0.6/edf/train/aaaaappz/s002_2013/01_tcp_ar/aaaaappz_s002_t005.edf,Cz-Pz,262.197
tusz,tusz_v2.0.6/edf/train/aaaaappz/s002_2013/01_tcp_ar/aaaaappz_s002_t005.edf,F3-C3,1739.712
tusz,tusz_v2.0.6/edf/train/aaaaappz/s002_2013/01_tcp_ar/aaaaappz_s002_t005.edf,F4-C4,2542.889
tusz,tusz_v2.0.6/edf/train/aaaaappz/s002_2013/01_tcp_ar/aaaaappz_s002_t005.edf,F7-T7,423.749
tusz,tusz_v2.0.6/edf/train/aaaaappz/s002_2013/01_tcp_ar/aaaaappz_s002_t005.edf,F8-T8,2598.637
tusz,tusz_v2.0.6/edf/train/aaaaappz/s002_2013/01_tcp_ar/aaaaappz_s002_t005.edf,Fp1-F3,542.737
tusz,tusz_v2.0.6/edf/train/aaaaappz/s002_2013/01_tcp_ar/aaaaappz_s002_t005.edf,Fp1-F7,329.039
tusz,tusz_v2.0.6/edf/train/aaaaappz/s002_2013/01_tcp_ar/aaaaappz_s002_t005.edf,Fp2-F8,473.329
tusz,tusz_v2.0.6/edf/train/aaaaappz/s002_2013/01_tcp_ar/aaaaappz_s002_t005.edf,Fz-Cz,619.387
tusz,tusz_v2.0.6/edf/train/aaaaappz/s002_2013/01_tcp_ar/aaaaappz_s002_t005.edf,P3-O1,418.285
tusz,tusz_v2.0.6/edf/train/aaaaappz/s002_2013/01_tcp_ar/aaaaappz_s002_t005.edf,P4-O2,448.546
tusz,tusz_v2.0.6/edf/train/aaaaappz/s002_2013/01_tcp_ar/aaaaappz_s002_t005.edf,P7-O1,317.871
tusz,tusz_v2.0.6/edf/train/aaaaappz/s002_2013/01_tcp_ar/aaaaappz_s002_t005.edf,P8-O2,608.613
tusz,tusz_v2.0.6/edf/train/aaaaappz/s002_2013/01_tcp_ar/aaaaappz_s002_t005.edf,T7-P7,1065.863
tusz,tusz_v2.0.6/edf/train/aaaaappz/s002_2013/01_tcp_ar/aaaaappz_s002_t005.edf,T8-P8,2351.667
tusz,tusz_v2.0.6/edf/train/aaaaappz/s002_2013/01_tcp_ar/aaaaappz_s002_t006.edf,C3-P3,1789.88
tusz,tusz_v2.0.6/edf/train/aaaaappz/s002_2013/01_tcp_ar/aaaaappz_s002_t006.edf,C4-P4,207.562
tusz,tusz_v2.0.6/edf/train/aaaaappz/s002_2013/01_tcp_ar/aaaaappz_s002_t006.edf,Cz-Pz,1570.03
tusz,tusz_v2.0.6/edf/train/aaaaappz/s002_2013/01_tcp_ar/aaaaappz_s002_t006.edf,F3-C3,1526.211
tusz,tusz_v2.0.6/edf/train/aaaaappz/s002_2013/01_tcp_ar/aaaaappz_s002_t006.edf,F4-C4,1252.861
tusz,tusz_v2.0.6/edf/train/aaaaappz/s002_2013/01_tcp_ar/aaaaappz_s002_t006.edf,F7-T7,1187.824
tusz,tusz_v2.0.6/edf/train/aaaaappz/s002_2013/01_tcp_ar/aaaaappz_s002_t006.edf,F8-T8,1318.677
tusz,tusz_v2.0.6/edf/train/aaaaappz/s002_2013/01_tcp_ar/aaaaappz_s002_t006.edf,Fp1-F3,345.477
tusz,tusz_v2.0.6/edf/train/aaaaappz/s002_2013/01_tcp_ar/aaaaappz_s002_t006.edf,Fp1-F7,252.629
tusz,tusz_v2.0.6/edf/train/aaaaappz/s002_2013/01_tcp_ar/aaaaappz_s002_t006.edf,Fp2-F4,806.813
tusz,tusz_v2.0.6/edf/train/aaaaappz/s002_2013/01_tcp_ar/aaaaappz_s002_t006.edf,Fp2-F8,311.466
tusz,tusz_v2.0.6/edf/train/aaaaappz/s002_2013/01_tcp_ar/aaaaappz_s002_t006.edf,Fz-Cz,1786.005
tusz,tusz_v2.0.6/edf/train/aaaaappz/s002_2013/01_tcp_ar/aaaaappz_s002_t006.edf,P4-O2,2243.971
tusz,tusz_v2.0.6/edf/train/aaaaappz/s002_2013/01_tcp_ar/aaaaappz_s002_t006.edf,P7-O1,587.407
tusz,tusz_v2.0.6/edf/train/aaaaappz/s002_2013/01_tcp_ar/aaaaappz_s002_t006.edf,P8-O2,502.634
tusz,tusz_v2.0.6/edf/train/aaaaappz/s002_2013/01_tcp_ar/aaaaappz_s002_t006.edf,T7-P7,1424.116
tusz,tusz_v2.0.6/edf/train/aaaaappz/s002_2013/01_tcp_ar/aaaaappz_s002_t006.edf,T8-P8,980.863
tusz,tusz_v2.0.6/edf/train/aaaaaprc/s004_2013/01_tcp_ar/aaaaaprc_s004_t005.edf,C3-P3,0.837
tusz,tusz_v2.0.6/edf/train/aaaaaqbb/s009_2014/01_tcp_ar/aaaaaqbb_s009_t003.edf,F4-C4,5452.001
tusz,tusz_v2.0.6/edf/train/aaaaaqbb/s009_2014/01_tcp_ar/aaaaaqbb_s009_t003.edf,Fp2-F4,5443.468
tusz,tusz_v2.0.6/edf/train/aaaaaqfx/s010_2013/01_tcp_ar/aaaaaqfx_s010_t001.edf,P3-O1,518.832
tusz,tusz_v2.0.6/edf/train/aaaaaqfx/s010_2013/01_tcp_ar/aaaaaqfx_s010_t001.edf,P7-O1,519.752
tusz,tusz_v2.0.6/edf/train/aaaaaqkf/s004_2013/01_tcp_ar/aaaaaqkf_s004_t001.edf,Cz-Pz,232.562
tusz,tusz_v2.0.6/edf/train/aaaaaqkf/s004_2013/01_tcp_ar/aaaaaqkf_s004_t002.edf,Cz-Pz,252.305
tusz,tusz_v2.0.6/edf/train/aaaaaqkf/s004_2013/01_tcp_ar/aaaaaqkf_s004_t003.edf,Cz-Pz,272.048
tusz,tusz_v2.0.6/edf/train/aaaaaqkf/s004_2013/01_tcp_ar/aaaaaqkf_s004_t004.edf,Cz-Pz,274.558
tusz,tusz_v2.0.6/edf/train/aaaaaqkh/s002_2013/01_tcp_ar/aaaaaqkh_s002_t003.edf,C4-P4,5434.098
tusz,tusz_v2.0.6/edf/train/aaaaaqkh/s002_2013/01_tcp_ar/aaaaaqkh_s002_t003.edf,P4-O2,5437.612
tusz,tusz_v2.0.6/edf/train/aaaaaqkh/s002_2013/01_tcp_ar/aaaaaqkh_s002_t004.edf,C4-P4,5445.308
tusz,tusz_v2.0.6/edf/train/aaaaaqkh/s002_2013/01_tcp_ar/aaaaaqkh_s002_t004.edf,P4-O2,5451.499
tusz,tusz_v2.0.6/edf/train/aaaaaqro/s002_2014/01_tcp_ar/aaaaaqro_s002_t000.edf,P4-O2,204.622
tusz,tusz_v2.0.6/edf/train/aaaaaqro/s002_2014/01_tcp_ar/aaaaaqro_s002_t000.edf,P8-O2,204.956
tusz,tusz_v2.0.6/edf/train/aaaaaqro/s002_2014/01_tcp_ar/aaaaaqro_s002_t008.edf,P4-O2,204.12
tusz,tusz_v2.0.6/edf/train/aaaaaqro/s002_2014/01_tcp_ar/aaaaaqro_s002_t008.edf,P8-O2,204.12
tusz,tusz_v2.0.6/edf/train/aaaaaqtu/s011_2014/01_tcp_ar/aaaaaqtu_s011_t007.edf,C4-P4,305.845
tusz,tusz_v2.0.6/edf/train/aaaaaqtu/s011_2014/01_tcp_ar/aaaaaqtu_s011_t007.edf,F8-T8,467.133
tusz,tusz_v2.0.6/edf/train/aaaaaqtu/s011_2014/01_tcp_ar/aaaaaqtu_s011_t007.edf,Fp2-F8,277.151
tusz,tusz_v2.0.6/edf/train/aaaaaqtu/s011_2014/01_tcp_ar/aaaaaqtu_s011_t007.edf,P4-O2,316.051
tusz,tusz_v2.0.6/edf/train/aaaaaqtu/s011_2014/01_tcp_ar/aaaaaqtu_s011_t007.edf,P7-O1,0.502
tusz,tusz_v2.0.6/edf/train/aaaaaqtu/s011_2014/01_tcp_ar/aaaaaqtu_s011_t007.edf,P8-O2,224.532
tusz,tusz_v2.0.6/edf/train/aaaaaqtu/s011_2014/01_tcp_ar/aaaaaqtu_s011_t007.edf,T8-P8,262.846
tusz,tusz_v2.0.6/edf/train/aaaaaqtx/s009_2014/01_tcp_ar/aaaaaqtx_s009_t004.edf,Fz-Cz,498.253
tusz,tusz_v2.0.6/edf/train/aaaaaqtx/s009_2014/01_tcp_ar/aaaaaqtx_s009_t005.edf,Fz-Cz,4796.894
tusz,tusz_v2.0.6/edf/train/aaaaaqtx/s009_2014/01_tcp_ar/aaaaaqtx_s009_t006.edf,F4-C4,4426.3
tusz,tusz_v2.0.6/edf/train/aaaaaqtx/s009_2014/01_tcp_ar/aaaaaqtx_s009_t006.edf,Fp2-F4,4425.212
tusz,tusz_v2.0.6/edf/train/aaaaaqtx/s026_2014/01_tcp_ar/aaaaaqtx_s026_t003.edf,P7-O1,0.837
tusz,tusz_v2.0.6/edf/train/aaaaaqtx/s026_2014/01_tcp_ar/aaaaaqtx_s026_t004.edf,F8-T8,0.837
tusz,tusz_v2.0.6/edf/train/aaaaaqtx/s026_2014/01_tcp_ar/aaaaaqtx_s026_t004.edf,T7-P7,0.837
tusz,tusz_v2.0.6/edf/train/aaaaaqtx/s026_2014/01_tcp_ar/aaaaaqtx_s026_t005.edf,F8-T8,0.837
tusz,tusz_v2.0.6/edf/train/aaaaaqtx/s026_2014/01_tcp_ar/aaaaaqtx_s026_t006.edf,F8-T8,0.837
tusz,tusz_v2.0.6/edf/train/aaaaaqtx/s026_2014/01_tcp_ar/aaaaaqtx_s026_t007.edf,F8-T8,0.837
tusz,tusz_v2.0.6/edf/train/aaaaaqtx/s033_2014/01_tcp_ar/aaaaaqtx_s033_t000.edf,C4-P4,0.335
tusz,tusz_v2.0.6/edf/train/aaaaaqtx/s033_2014/01_tcp_ar/aaaaaqtx_s033_t000.edf,Cz-Pz,0.837
tusz,tusz_v2.0.6/edf/train/aaaaaqtx/s033_2014/01_tcp_ar/aaaaaqtx_s033_t000.edf,F8-T8,0.502
tusz,tusz_v2.0.6/edf/train/aaaaaqtx/s033_2014/01_tcp_ar/aaaaaqtx_s033_t000.edf,Fp1-F7,0.837
tusz,tusz_v2.0.6/edf/train/aaaaaqtx/s033_2014/01_tcp_ar/aaaaaqtx_s033_t000.edf,Fp2-F4,0.335
tusz,tusz_v2.0.6/edf/train/aaaaaqtx/s033_2014/01_tcp_ar/aaaaaqtx_s033_t000.edf,Fp2-F8,0.669
tusz,tusz_v2.0.6/edf/train/aaaaaqtx/s033_2014/01_tcp_ar/aaaaaqtx_s033_t000.edf,T7-P7,0.502
tusz,tusz_v2.0.6/edf/train/aaaaaqtx/s033_2014/01_tcp_ar/aaaaaqtx_s033_t000.edf,T8-P8,0.335
tusz,tusz_v2.0.6/edf/train/aaaaaqyo/s003_2014/01_tcp_ar/aaaaaqyo_s003_t000.edf,C4-P4,0.335
tusz,tusz_v2.0.6/edf/train/aaaaaqyo/s003_2014/01_tcp_ar/aaaaaqyo_s003_t000.edf,Cz-Pz,0.669
tusz,tusz_v2.0.6/edf/train/aaaaaqyo/s003_2014/01_tcp_ar/aaaaaqyo_s003_t000.edf,F4-C4,0.669
tusz,tusz_v2.0.6/edf/train/aaaaaqyo/s003_2014/01_tcp_ar/aaaaaqyo_s003_t000.edf,F7-T7,0.837
tusz,tusz_v2.0.6/edf/train/aaaaaqyo/s003_2014/01_tcp_ar/aaaaaqyo_s003_t000.edf,Fz-Cz,0.669
tusz,tusz_v2.0.6/edf/train/aaaaaqyo/s003_2014/01_tcp_ar/aaaaaqyo_s003_t000.edf,P4-O2,0.502
tusz,tusz_v2.0.6/edf/train/aaaaaqyo/s003_2014/01_tcp_ar/aaaaaqyo_s003_t000.edf,P8-O2,0.837
tusz,tusz_v2.0.6/edf/train/aaaaaqyo/s003_2014/01_tcp_ar/aaaaaqyo_s003_t000.edf,T8-P8,0.837
tusz,tusz_v2.0.6/edf/train/aaaaarcf/s003_2014/03_tcp_ar_a/aaaaarcf_s003_t003.edf,Cz-Pz,514.314
tusz,tusz_v2.0.6/edf/train/aaaaarcf/s003_2014/03_tcp_ar_a/aaaaarcf_s003_t003.edf,Fz-Cz,336.379
tusz,tusz_v2.0.6/edf/train/aaaaarcf/s003_2014/03_tcp_ar_a/aaaaarcf_s003_t004.edf,Cz-Pz,769.715
tusz,tusz_v2.0.6/edf/train/aaaaarcf/s003_2014/03_tcp_ar_a/aaaaarcf_s003_t004.edf,Fz-Cz,498.169
tusz,tusz_v2.0.6/edf/train/aaaaardk/s001_2014/03_tcp_ar_a/aaaaardk_s001_t019.edf,Cz-Pz,565.846
tusz,tusz_v2.0.6/edf/train/aaaaardk/s001_2014/03_tcp_ar_a/aaaaardk_s001_t019.edf,Fz-Cz,578.897
tusz,tusz_v2.0.6/edf/train/aaaaardk/s001_2014/03_tcp_ar_a/aaaaardk_s001_t020.edf,Cz-Pz,240.259
tusz,tusz_v2.0.6/edf/train/aaaaardk/s001_2014/03_tcp_ar_a/aaaaardk_s001_t020.edf,Fz-Cz,242.601
tusz,tusz_v2.0.6/edf/train/aaaaardk/s001_2014/03_tcp_ar_a/aaaaardk_s001_t021.edf,Cz-Pz,413.091
tusz,tusz_v2.0.6/edf/train/aaaaardk/s001_2014/03_tcp_ar_a/aaaaardk_s001_t021.edf,Fz-Cz,413.76
tusz,tusz_v2.0.6/edf/train/aaaaardk/s001_2014/03_tcp_ar_a/aaaaardk_s001_t022.edf,Cz-Pz,485.704
tusz,tusz_v2.0.6/edf/train/aaaaardk/s001_2014/03_tcp_ar_a/aaaaardk_s001_t022.edf,Fz-Cz,485.872
tusz,tusz_v2.0.6/edf/train/aaaaardk/s001_2014/03_tcp_ar_a/aaaaardk_s001_t023.edf,Cz-Pz,1055.231
tusz,tusz_v2.0.6/edf/train/aaaaardk/s001_2014/03_tcp_ar_a/aaaaardk_s001_t023.edf,Fz-Cz,1058.912
tusz,tusz_v2.0.6/edf/train/aaaaardk/s002_2014/03_tcp_ar_a/aaaaardk_s002_t001.edf,Cz-Pz,1331.797
tusz,tusz_v2.0.6/edf/train/aaaaardk/s002_2014/03_tcp_ar_a/aaaaardk_s002_t001.edf,F7-T7,241.263
tusz,tusz_v2.0.6/edf/train/aaaaardk/s002_2014/03_tcp_ar_a/aaaaardk_s002_t001.edf,Fz-Cz,1334.808
tusz,tusz_v2.0.6/edf/train/aaaaardk/s002_2014/03_tcp_ar_a/aaaaardk_s002_t001.edf,T7-P7,250.297
tusz,tusz_v2.0.6/edf/train/aaaaardk/s005_2014/03_tcp_ar_a/aaaaardk_s005_t000.edf,C3-P3,0.0
tusz,tusz_v2.0.6/edf/train/aaaaardk/s005_2014/03_tcp_ar_a/aaaaardk_s005_t000.edf,C4-P4,0.0
tusz,tusz_v2.0.6/edf/train/aaaaardk/s005_2014/03_tcp_ar_a/aaaaardk_s005_t000.edf,Cz-Pz,0.0
tusz,tusz_v2.0.6/edf/train/aaaaardk/s005_2014/03_tcp_ar_a/aaaaardk_s005_t000.edf,F3-C3,0.0
tusz,tusz_v2.0.6/edf/train/aaaaardk/s005_2014/03_tcp_ar_a/aaaaardk_s005_t000.edf,F4-C4,0.0
tusz,tusz_v2.0.6/edf/train/aaaaardk/s005_2014/03_tcp_ar_a/aaaaardk_s005_t000.edf,F7-T7,0.0
tusz,tusz_v2.0.6/edf/train/aaaaardk/s005_2014/03_tcp_ar_a/aaaaardk_s005_t000.edf,F8-T8,0.0
tusz,tusz_v2.0.6/edf/train/aaaaardk/s005_2014/03_tcp_ar_a/aaaaardk_s005_t000.edf,Fp1-F3,0.0
tusz,tusz_v2.0.6/edf/train/aaaaardk/s005_2014/03_tcp_ar_a/aaaaardk_s005_t000.edf,Fp1-F7,0.0
tusz,tusz_v2.0.6/edf/train/aaaaardk/s005_2014/03_tcp_ar_a/aaaaardk_s005_t000.edf,Fp2-F4,0.0
tusz,tusz_v2.0.6/edf/train/aaaaardk/s005_2014/03_tcp_ar_a/aaaaardk_s005_t000.edf,Fp2-F8,0.0
tusz,tusz_v2.0.6/edf/train/aaaaardk/s005_2014/03_tcp_ar_a/aaaaardk_s005_t000.edf,Fz-Cz,0.0
tusz,tusz_v2.0.6/edf/train/aaaaardk/s005_2014/03_tcp_ar_a/aaaaardk_s005_t000.edf,P3-O1,0.0
tusz,tusz_v2.0.6/edf/train/aaaaardk/s005_2014/03_tcp_ar_a/aaaaardk_s005_t000.edf,P4-O2,0.0
tusz,tusz_v2.0.6/edf/train/aaaaardk/s005_2014/03_tcp_ar_a/aaaaardk_s005_t000.edf,P7-O1,0.0
tusz,tusz_v2.0.6/edf/train/aaaaardk/s005_2014/03_tcp_ar_a/aaaaardk_s005_t000.edf,P8-O2,0.0
tusz,tusz_v2.0.6/edf/train/aaaaardk/s005_2014/03_tcp_ar_a/aaaaardk_s005_t000.edf,T7-P7,0.0
tusz,tusz_v2.0.6/edf/train/aaaaardk/s005_2014/03_tcp_ar_a/aaaaardk_s005_t000.edf,T8-P8,0.0
tusz,tusz_v2.0.6/edf/train/aaaaardk/s005_2014/03_tcp_ar_a/aaaaardk_s005_t008.edf,C3-P3,201.61
tusz,tusz_v2.0.6/edf/train/aaaaardk/s005_2014/03_tcp_ar_a/aaaaardk_s005_t008.edf,Cz-Pz,492.731
tusz,tusz_v2.0.6/edf/train/aaaaardk/s005_2014/03_tcp_ar_a/aaaaardk_s005_t009.edf,Cz-Pz,404.893
tusz,tusz_v2.0.6/edf/train/aaaaardk/s006_2014/03_tcp_ar_a/aaaaardk_s006_t000.edf,C3-P3,484.366
tusz,tusz_v2.0.6/edf/train/aaaaardk/s006_2014/03_tcp_ar_a/aaaaardk_s006_t000.edf,Cz-Pz,1053.224
tusz,tusz_v2.0.6/edf/train/aaaaardk/s006_2014/03_tcp_ar_a/aaaaardk_s006_t000.edf,F3-C3,395.356
tusz,tusz_v2.0.6/edf/train/aaaaardk/s006_2014/03_tcp_ar_a/aaaaardk_s006_t000.edf,Fz-Cz,213.991
tusz,tusz_v2.0.6/edf/train/aaaaardk/s006_2014/03_tcp_ar_a/aaaaardk_s006_t001.edf,C3-P3,471.315
tusz,tusz_v2.0.6/edf/train/aaaaardk/s006_2014/03_tcp_ar_a/aaaaardk_s006_t001.edf,Cz-Pz,975.759
tusz,tusz_v2.0.6/edf/train/aaaaardk/s006_2014/03_tcp_ar_a/aaaaardk_s006_t001.edf,F3-C3,386.321
tusz,tusz_v2.0.6/edf/train/aaaaardk/s006_2014/03_tcp_ar_a/aaaaardk_s006_t001.edf,Fz-Cz,205.793
tusz,tusz_v2.0.6/edf/train/aaaaardk/s006_2014/03_tcp_ar_a/aaaaardk_s006_t007.edf,C3-P3,0.167
tusz,tusz_v2.0.6/edf/train/aaaaardk/s006_2014/03_tcp_ar_a/aaaaardk_s006_t007.edf,Fp2-F8,0.335
tusz,tusz_v2.0.6/edf/train/aaaaardk/s006_2014/03_tcp_ar_a/aaaaardk_s006_t007.edf,P8-O2,0.335
tusz,tusz_v2.0.6/edf/train/aaaaardk/s006_2014/03_tcp_ar_a/aaaaardk_s006_t008.edf,C3-P3,0.335
tusz,tusz_v2.0.6/edf/train/aaaaardk/s006_2014/03_tcp_ar_a/aaaaardk_s006_t008.edf,F3-C3,0.669
tusz,tusz_v2.0.6/edf/train/aaaaardk/s006_2014/03_tcp_ar_a/aaaaardk_s006_t008.edf,F7-T7,0.837
tusz,tusz_v2.0.6/edf/train/aaaaardk/s006_2014/03_tcp_ar_a/aaaaardk_s006_t008.edf,F8-T8,0.335
tusz,tusz_v2.0.6/edf/train/aaaaardk/s006_2014/03_tcp_ar_a/aaaaardk_s006_t008.edf,Fp2-F8,0.167
tusz,tusz_v2.0.6/edf/train/aaaaardk/s006_2014/03_tcp_ar_a/aaaaardk_s006_t008.edf,P8-O2,0.335
tusz,tusz_v2.0.6/edf/train/aaaaardk/s006_2014/03_tcp_ar_a/aaaaardk_s006_t008.edf,T7-P7,0.669
tusz,tusz_v2.0.6/edf/train/aaaaardk/s006_2014/03_tcp_ar_a/aaaaardk_s006_t009.edf,C3-P3,0.0
tusz,tusz_v2.0.6/edf/train/aaaaardk/s006_2014/03_tcp_ar_a/aaaaardk_s006_t009.edf,C4-P4,0.0
tusz,tusz_v2.0.6/edf/train/aaaaardk/s006_2014/03_tcp_ar_a/aaaaardk_s006_t009.edf,Cz-Pz,0.0
tusz,tusz_v2.0.6/edf/train/aaaaardk/s006_2014/03_tcp_ar_a/aaaaardk_s006_t009.edf,F3-C3,0.0
tusz,tusz_v2.0.6/edf/train/aaaaardk/s006_2014/03_tcp_ar_a/aaaaardk_s006_t009.edf,F4-C4,0.0
tusz,tusz_v2.0.6/edf/train/aaaaardk/s006_2014/03_tcp_ar_a/aaaaardk_s006_t009.edf,F7-T7,0.0
tusz,tusz_v2.0.6/edf/train/aaaaardk/s006_2014/03_tcp_ar_a/aaaaardk_s006_t009.edf,F8-T8,0.0
tusz,tusz_v2.0.6/edf/train/aaaaardk/s006_2014/03_tcp_ar_a/aaaaardk_s006_t009.edf,Fp1-F3,0.0
tusz,tusz_v2.0.6/edf/train/aaaaardk/s006_2014/03_tcp_ar_a/aaaaardk_s006_t009.edf,Fp1-F7,0.0
tusz,tusz_v2.0.6/edf/train/aaaaardk/s006_2014/03_tcp_ar_a/aaaaardk_s006_t009.edf,Fp2-F4,0.0
tusz,tusz_v2.0.6/edf/train/aaaaardk/s006_2014/03_tcp_ar_a/aaaaardk_s006_t009.edf,Fp2-F8,0.0
tusz,tusz_v2.0.6/edf/train/aaaaardk/s006_2014/03_tcp_ar_a/aaaaardk_s006_t009.edf,Fz-Cz,0.0
tusz,tusz_v2.0.6/edf/train/aaaaardk/s006_2014/03_tcp_ar_a/aaaaardk_s006_t009.edf,P3-O1,0.0
tusz,tusz_v2.0.6/edf/train/aaaaardk/s006_2014/03_tcp_ar_a/aaaaardk_s006_t009.edf,P4-O2,0.0
tusz,tusz_v2.0.6/edf/train/aaaaardk/s006_2014/03_tcp_ar_a/aaaaardk_s006_t009.edf,P7-O1,0.0
tusz,tusz_v2.0.6/edf/train/aaaaardk/s006_2014/03_tcp_ar_a/aaaaardk_s006_t009.edf,P8-O2,0.0
tusz,tusz_v2.0.6/edf/train/aaaaardk/s006_2014/03_tcp_ar_a/aaaaardk_s006_t009.edf,T7-P7,0.0
tusz,tusz_v2.0.6/edf/train/aaaaardk/s006_2014/03_tcp_ar_a/aaaaardk_s006_t009.edf,T8-P8,0.0
tusz,tusz_v2.0.6/edf/train/aaaaardk/s006_2014/03_tcp_ar_a/aaaaardk_s006_t010.edf,C3-P3,1777.514
tusz,tusz_v2.0.6/edf/train/aaaaardk/s006_2014/03_tcp_ar_a/aaaaardk_s006_t010.edf,C4-P4,2937.147
tusz,tusz_v2.0.6/edf/train/aaaaardk/s006_2014/03_tcp_ar_a/aaaaardk_s006_t010.edf,Cz-Pz,3097.013
tusz,tusz_v2.0.6/edf/train/aaaaardk/s006_2014/03_tcp_ar_a/aaaaardk_s006_t010.edf,F3-C3,1686.831
tusz,tusz_v2.0.6/edf/train/aaaaardk/s006_2014/03_tcp_ar_a/aaaaardk_s006_t010.edf,F4-C4,4145.05
tusz,tusz_v2.0.6/edf/train/aaaaardk/s006_2014/03_tcp_ar_a/aaaaardk_s006_t010.edf,F7-T7,1796.001
tusz,tusz_v2.0.6/edf/train/aaaaardk/s006_2014/03_tcp_ar_a/aaaaardk_s006_t010.edf,F8-T8,4892.429
tusz,tusz_v2.0.6/edf/train/aaaaardk/s006_2014/03_tcp_ar_a/aaaaardk_s006_t010.edf,Fp1-F3,1221.957
tusz,tusz_v2.0.6/edf/train/aaaaardk/s006_2014/03_tcp_ar_a/aaaaardk_s006_t010.edf,Fp1-F7,1505.8
tusz,tusz_v2.0.6/edf/train/aaaaardk/s006_2014/03_tcp_ar_a/aaaaardk_s006_t010.edf,Fp2-F4,4778.992
tusz,tusz_v2.0.6/edf/train/aaaaardk/s006_2014/03_tcp_ar_a/aaaaardk_s006_t010.edf,Fp2-F8,1699.212
tusz,tusz_v2.0.6/edf/train/aaaaardk/s006_2014/03_tcp_ar_a/aaaaardk_s006_t010.edf,Fz-Cz,3356.094
tusz,tusz_v2.0.6/edf/train/aaaaardk/s006_2014/03_tcp_ar_a/aaaaardk_s006_t010.edf,P4-O2,3002.315
tusz,tusz_v2.0.6/edf/train/aaaaardk/s006_2014/03_tcp_ar_a/aaaaardk_s006_t010.edf,P7-O1,731.401
tusz,tusz_v2.0.6/edf/train/aaaaardk/s006_2014/03_tcp_ar_a/aaaaardk_s006_t010.edf,P8-O2,238.753
tusz,tusz_v2.0.6/edf/train/aaaaardk/s006_2014/03_tcp_ar_a/aaaaardk_s006_t010.edf,T7-P7,307.016
tusz,tusz_v2.0.6/edf/train/aaaaardk/s006_2014/03_tcp_ar_a/aaaaardk_s006_t010.edf,T8-P8,371.347
tusz,tusz_v2.0.6/edf/train/aaaaaron/s001_2014/01_tcp_ar/aaaaaron_s001_t002.edf,P4-O2,450.234
tusz,tusz_v2.0.6/edf/train/aaaaaron/s001_2014/01_tcp_ar/aaaaaron_s001_t002.edf,P8-O2,437.017
tusz,tusz_v2.0.6/edf/train/aaaaaron/s001_2014/01_tcp_ar/aaaaaron_s001_t003.edf,F8-T8,227.878
tusz,tusz_v2.0.6/edf/train/aaaaaron/s004_2014/01_tcp_ar/aaaaaron_s004_t000.edf,C3-P3,0.0
tusz,tusz_v2.0.6/edf/train/aaaaaron/s004_2014/01_tcp_ar/aaaaaron_s004_t000.edf,C4-P4,2233.855
tusz,tusz_v2.0.6/edf/train/aaaaaron/s004_2014/01_tcp_ar/aaaaaron_s004_t000.edf,F3-C3,0.0
tusz,tusz_v2.0.6/edf/train/aaaaaron/s004_2014/01_tcp_ar/aaaaaron_s004_t000.edf,F4-C4,2229.756
tusz,tusz_v2.0.6/edf/train/aaaaaron/s004_2014/01_tcp_ar/aaaaaron_s004_t000.edf,F7-T7,0.0
tusz,tusz_v2.0.6/edf/train/aaaaaron/s004_2014/01_tcp_ar/aaaaaron_s004_t000.edf,F8-T8,3342.877
tusz,tusz_v2.0.6/edf/train/aaaaaron/s004_2014/01_tcp_ar/aaaaaron_s004_t000.edf,Fp1-F3,0.0
tusz,tusz_v2.0.6/edf/train/aaaaaron/s004_2014/01_tcp_ar/aaaaaron_s004_t000.edf,Fp1-F7,0.0
tusz,tusz_v2.0.6/edf/train/aaaaaron/s004_2014/01_tcp_ar/aaaaaron_s004_t000.edf,Fp2-F4,260.671
tusz,tusz_v2.0.6/edf/train/aaaaaron/s004_2014/01_tcp_ar/aaaaaron_s004_t000.edf,Fp2-F8,2759.295
tusz,tusz_v2.0.6/edf/train/aaaaaron/s004_2014/01_tcp_ar/aaaaaron_s004_t000.edf,P3-O1,0.0
tusz,tusz_v2.0.6/edf/train/aaaaaron/s004_2014/01_tcp_ar/aaaaaron_s004_t000.edf,P7-O1,315.716
tusz,tusz_v2.0.6/edf/train/aaaaaron/s004_2014/01_tcp_ar/aaaaaron_s004_t000.edf,P8-O2,692.417
tusz,tusz_v2.0.6/edf/train/aaaaaron/s004_2014/01_tcp_ar/aaaaaron_s004_t000.edf,T7-P7,0.0
tusz,tusz_v2.0.6/edf/train/aaaaaron/s004_2014/01_tcp_ar/aaaaaron_s004_t000.edf,T8-P8,303.67
tusz,tusz_v2.0.6/edf/train/aaaaaron/s005_2014/01_tcp_ar/aaaaaron_s005_t010.edf,F7-T7,3237.136
tusz,tusz_v2.0.6/edf/train/aaaaaron/s005_2014/01_tcp_ar/aaaaaron_s005_t010.edf,Fp1-F7,3236.634
tusz,tusz_v2.0.6/edf/train/aaaaaron/s005_2014/01_tcp_ar/aaaaaron_s005_t011.edf,F7-T7,5330.7
tusz,tusz_v2.0.6/edf/train/aaaaaron/s005_2014/01_tcp_ar/aaaaaron_s005_t011.edf,Fp1-F7,5313.885
tusz,tusz_v2.0.6/edf/train/aaaaaron/s007_2014/01_tcp_ar/aaaaaron_s007_t002.edf,Fp2-F4,0.837
tusz,tusz_v2.0.6/edf/train/aaaaaroo/s002_2014/01_tcp_ar/aaaaaroo_s002_t000.edf,C4-P4,0.837
tusz,tusz_v2.0.6/edf/train/aaaaaroo/s002_2014/01_tcp_ar/aaaaaroo_s002_t001.edf,C4-P4,0.669
tusz,tusz_v2.0.6/edf/train/aaaaaroo/s002_2014/01_tcp_ar/aaaaaroo_s002_t002.edf,C4-P4,0.837
tusz,tusz_v2.0.6/edf/train/aaaaaroo/s002_2014/01_tcp_ar/aaaaaroo_s002_t003.edf,C4-P4,0.837
tusz,tusz_v2.0.6/edf/train/aaaaaroo/s002_2014/01_tcp_ar/aaaaaroo_s002_t004.edf,C3-P3,0.502
tusz,tusz_v2.0.6/edf/train/aaaaaroo/s002_2014/01_tcp_ar/aaaaaroo_s002_t004.edf,C4-P4,0.837
tusz,tusz_v2.0.6/edf/train/aaaaaroo/s002_2014/01_tcp_ar/aaaaaroo_s002_t005.edf,C3-P3,0.669
tusz,tusz_v2.0.6/edf/train/aaaaaroo/s002_2014/01_tcp_ar/aaaaaroo_s002_t005.edf,C4-P4,0.837
tusz,tusz_v2.0.6/edf/train/aaaaaroo/s002_2014/01_tcp_ar/aaaaaroo_s002_t006.edf,C3-P3,0.669
tusz,tusz_v2.0.6/edf/train/aaaaaroo/s002_2014/01_tcp_ar/aaaaaroo_s002_t006.edf,C4-P4,0.837
tusz,tusz_v2.0.6/edf/train/aaaaaroo/s002_2014/01_tcp_ar/aaaaaroo_s002_t006.edf,Fp1-F3,0.837
tusz,tusz_v2.0.6/edf/train/aaaaaroo/s002_2014/01_tcp_ar/aaaaaroo_s002_t006.edf,Fp2-F4,0.837
tusz,tusz_v2.0.6/edf/train/aaaaaroo/s002_2014/01_tcp_ar/aaaaaroo_s002_t007.edf,C3-P3,0.669
tusz,tusz_v2.0.6/edf/train/aaaaaroo/s002_2014/01_tcp_ar/aaaaaroo_s002_t007.edf,C4-P4,0.837
tusz,tusz_v2.0.6/edf/train/aaaaaroo/s002_2014/01_tcp_ar/aaaaaroo_s002_t008.edf,C3-P3,0.669
tusz,tusz_v2.0.6/edf/train/aaaaaroo/s002_2014/01_tcp_ar/aaaaaroo_s002_t008.edf,C4-P4,0.837
tusz,tusz_v2.0.6/edf/train/aaaaaroo/s002_2014/01_tcp_ar/aaaaaroo_s002_t009.edf,C3-P3,0.837
tusz,tusz_v2.0.6/edf/train/aaaaaroo/s002_2014/01_tcp_ar/aaaaaroo_s002_t009.edf,C4-P4,0.837
tusz,tusz_v2.0.6/edf/train/aaaaaroo/s002_2014/01_tcp_ar/aaaaaroo_s002_t010.edf,C3-P3,0.502
tusz,tusz_v2.0.6/edf/train/aaaaaroo/s002_2014/01_tcp_ar/aaaaaroo_s002_t010.edf,C4-P4,0.669
tusz,tusz_v2.0.6/edf/train/aaaaaroo/s002_2014/01_tcp_ar/aaaaaroo_s002_t010.edf,Fp1-F3,0.837
tusz,tusz_v2.0.6/edf/train/aaaaaroo/s002_2014/01_tcp_ar/aaaaaroo_s002_t011.edf,C3-P3,0.502
tusz,tusz_v2.0.6/edf/train/aaaaaroo/s002_2014/01_tcp_ar/aaaaaroo_s002_t011.edf,C4-P4,0.669
tusz,tusz_v2.0.6/edf/train/aaaaaroo/s002_2014/01_tcp_ar/aaaaaroo_s002_t011.edf,Fp1-F3,0.837
tusz,tusz_v2.0.6/edf/train/aaaaaroo/s002_2014/01_tcp_ar/aaaaaroo_s002_t012.edf,C3-P3,0.502
tusz,tusz_v2.0.6/edf/train/aaaaaroo/s002_2014/01_tcp_ar/aaaaaroo_s002_t012.edf,C4-P4,0.669
tusz,tusz_v2.0.6/edf/train/aaaaaroo/s002_2014/01_tcp_ar/aaaaaroo_s002_t012.edf,Fp2-F4,0.837
tusz,tusz_v2.0.6/edf/train/aaaaaroo/s002_2014/01_tcp_ar/aaaaaroo_s002_t012.edf,T8-P8,0.837
tusz,tusz_v2.0.6/edf/train/aaaaaroo/s002_2014/01_tcp_ar/aaaaaroo_s002_t013.edf,C3-P3,0.502
tusz,tusz_v2.0.6/edf/train/aaaaaroo/s002_2014/01_tcp_ar/aaaaaroo_s002_t013.edf,C4-P4,0.669
tusz,tusz_v2.0.6/edf/train/aaaaaroo/s002_2014/01_tcp_ar/aaaaaroo_s002_t013.edf,Fp2-F4,0.837
tusz,tusz_v2.0.6/edf/train/aaaaaroo/s002_2014/01_tcp_ar/aaaaaroo_s002_t014.edf,C3-P3,0.669
tusz,tusz_v2.0.6/edf/train/aaaaaroo/s002_2014/01_tcp_ar/aaaaaroo_s002_t014.edf,C4-P4,0.837
tusz,tusz_v2.0.6/edf/train/aaaaaroo/s002_2014/01_tcp_ar/aaaaaroo_s002_t014.edf,Fp1-F3,0.837
tusz,tusz_v2.0.6/edf/train/aaaaaroo/s002_2014/01_tcp_ar/aaaaaroo_s002_t014.edf,Fp2-F4,0.837
tusz,tusz_v2.0.6/edf/train/aaaaaroo/s002_2014/01_tcp_ar/aaaaaroo_s002_t016.edf,C3-P3,0.837
tusz,tusz_v2.0.6/edf/train/aaaaaroo/s002_2014/01_tcp_ar/aaaaaroo_s002_t016.edf,C4-P4,0.837
tusz,tusz_v2.0.6/edf/train/aaaaaroo/s002_2014/01_tcp_ar/aaaaaroo_s002_t016.edf,F4-C4,340.144
tusz,tusz_v2.0.6/edf/train/aaaaaroo/s002_2014/01_tcp_ar/aaaaaroo_s002_t016.edf,Fp2-F4,340.645
tusz,tusz_v2.0.6/edf/train/aaaaaroo/s002_2014/01_tcp_ar/aaaaaroo_s002_t017.edf,C3-P3,0.837
tusz,tusz_v2.0.6/edf/train/aaaaaroo/s002_2014/01_tcp_ar/aaaaaroo_s002_t017.edf,C4-P4,0.837
tusz,tusz_v2.0.6/edf/train/aaaaaroo/s002_2014/01_tcp_ar/aaaaaroo_s002_t017.edf,F4-C4,352.525
tusz,tusz_v2.0.6/edf/train/aaaaaroo/s002_2014/01_tcp_ar/aaaaaroo_s002_t017.edf,Fp2-F4,353.194
tusz,tusz_v2.0.6/edf/train/aaaaaroo/s004_2014/01_tcp_ar/aaaaaroo_s004_t005.edf,C4-P4,0.502
tusz,tusz_v2.0.6/edf/train/aaaaaroo/s004_2014/01_tcp_ar/aaaaaroo_s004_t005.edf,T8-P8,0.837
tusz,tusz_v2.0.6/edf/train/aaaaaroo/s005_2014/01_tcp_ar/aaaaaroo_s005_t000.edf,C4-P4,0.669
tusz,tusz_v2.0.6/edf/train/aaaaaroo/s005_2014/01_tcp_ar/aaaaaroo_s005_t001.edf,C4-P4,0.669
tusz,tusz_v2.0.6/edf/train/aaaaaroo/s005_2014/01_tcp_ar/aaaaaroo_s005_t002.edf,C4-P4,0.669
tusz,tusz_v2.0.6/edf/train/aaaaaroo/s005_2014/01_tcp_ar/aaaaaroo_s005_t003.edf,C4-P4,0.669
tusz,tusz_v2.0.6/edf/train/aaaaaroo/s005_2014/01_tcp_ar/aaaaaroo_s005_t003.edf,T8-P8,0.837
tusz,tusz_v2.0.6/edf/train/aaaaaroo/s005_2014/01_tcp_ar/aaaaaroo_s005_t004.edf,C4-P4,0.669
tusz,tusz_v2.0.6/edf/train/aaaaaroo/s005_2014/01_tcp_ar/aaaaaroo_s005_t004.edf,T8-P8,0.837
tusz,tusz_v2.0.6/edf/train/aaaaaroo/s005_2014/01_tcp_ar/aaaaaroo_s005_t005.edf,C4-P4,0.669
tusz,tusz_v2.0.6/edf/train/aaaaaroo/s005_2014/01_tcp_ar/aaaaaroo_s005_t006.edf,C4-P4,0.502
tusz,tusz_v2.0.6/edf/train/aaaaaroo/s005_2014/01_tcp_ar/aaaaaroo_s005_t007.edf,C4-P4,0.669
tusz,tusz_v2.0.6/edf/train/aaaaaroo/s006_2014/01_tcp_ar/aaaaaroo_s006_t000.edf,C3-P3,0.502
tusz,tusz_v2.0.6/edf/train/aaaaaroo/s006_2014/01_tcp_ar/aaaaaroo_s006_t000.edf,C4-P4,0.502
tusz,tusz_v2.0.6/edf/train/aaaaaroo/s006_2014/01_tcp_ar/aaaaaroo_s006_t000.edf,Fp1-F3,0.669
tusz,tusz_v2.0.6/edf/train/aaaaaroo/s006_2014/01_tcp_ar/aaaaaroo_s006_t000.edf,Fp2-F4,0.837
tusz,tusz_v2.0.6/edf/train/aaaaaroo/s006_2014/01_tcp_ar/aaaaaroo_s006_t001.edf,C3-P3,0.502
tusz,tusz_v2.0.6/edf/train/aaaaaroo/s006_2014/01_tcp_ar/aaaaaroo_s006_t001.edf,C4-P4,0.669
tusz,tusz_v2.0.6/edf/train/aaaaaroo/s006_2014/01_tcp_ar/aaaaaroo_s006_t001.edf,Fp2-F4,0.837
tusz,tusz_v2.0.6/edf/train/aaaaaroo/s006_2014/01_tcp_ar/aaaaaroo_s006_t002.edf,C4-P4,0.669
tusz,tusz_v2.0.6/edf/train/aaaaaroo/s006_2014/01_tcp_ar/aaaaaroo_s006_t003.edf,C4-P4,0.837
tusz,tusz_v2.0.6/edf/train/aaaaaroo/s006_2014/01_tcp_ar/aaaaaroo_s006_t004.edf,C4-P4,0.669
tusz,tusz_v2.0.6/edf/train/aaaaaroo/s006_2014/01_tcp_ar/aaaaaroo_s006_t005.edf,C4-P4,0.669
tusz,tusz_v2.0.6/edf/train/aaaaaroo/s006_2014/01_tcp_ar/aaaaaroo_s006_t006.edf,C4-P4,0.669
tusz,tusz_v2.0.6/edf/train/aaaaaroo/s007_2014/01_tcp_ar/aaaaaroo_s007_t000.edf,C3-P3,0.837
tusz,tusz_v2.0.6/edf/train/aaaaaroo/s007_2014/01_tcp_ar/aaaaaroo_s007_t000.edf,Fp1-F3,0.837
tusz,tusz_v2.0.6/edf/train/aaaaaroo/s007_2014/01_tcp_ar/aaaaaroo_s007_t001.edf,C3-P3,0.502
tusz,tusz_v2.0.6/edf/train/aaaaaroo/s007_2014/01_tcp_ar/aaaaaroo_s007_t002.edf,C3-P3,0.669
tusz,tusz_v2.0.6/edf/train/aaaaaroo/s007_2014/01_tcp_ar/aaaaaroo_s007_t002.edf,C4-P4,0.837
tusz,tusz_v2.0.6/edf/train/aaaaaroo/s007_2014/01_tcp_ar/aaaaaroo_s007_t002.edf,Fp2-F4,0.669
tusz,tusz_v2.0.6/edf/train/aaaaaroo/s007_2014/01_tcp_ar/aaaaaroo_s007_t002.edf,Fz-Cz,0.837
tusz,tusz_v2.0.6/edf/train/aaaaaroo/s007_2014/01_tcp_ar/aaaaaroo_s007_t002.edf,T8-P8,0.669
tusz,tusz_v2.0.6/edf/train/aaaaaroo/s007_2014/01_tcp_ar/aaaaaroo_s007_t003.edf,C3-P3,0.669
tusz,tusz_v2.0.6/edf/train/aaaaaroo/s007_2014/01_tcp_ar/aaaaaroo_s007_t003.edf,C4-P4,0.837
tusz,tusz_v2.0.6/edf/train/aaaaaroo/s007_2014/01_tcp_ar/aaaaaroo_s007_t003.edf,Fp2-F4,0.669
tusz,tusz_v2.0.6/edf/train/aaaaaroo/s007_2014/01_tcp_ar/aaaaaroo_s007_t003.edf,Fz-Cz,0.837
tusz,tusz_v2.0.6/edf/train/aaaaaroo/s007_2014/01_tcp_ar/aaaaaroo_s007_t003.edf,P7-O1,0.837
tusz,tusz_v2.0.6/edf/train/aaaaaroo/s007_2014/01_tcp_ar/aaaaaroo_s007_t003.edf,T8-P8,0.669
tusz,tusz_v2.0.6/edf/train/aaaaaroo/s007_2014/01_tcp_ar/aaaaaroo_s007_t004.edf,C3-P3,0.502
tusz,tusz_v2.0.6/edf/train/aaaaaroo/s007_2014/01_tcp_ar/aaaaaroo_s007_t004.edf,C4-P4,0.837
tusz,tusz_v2.0.6/edf/train/aaaaaroo/s007_2014/01_tcp_ar/aaaaaroo_s007_t004.edf,Fp1-F3,0.837
tusz,tusz_v2.0.6/edf/train/aaaaaroo/s007_2014/01_tcp_ar/aaaaaroo_s007_t004.edf,Fp2-F4,0.669
tusz,tusz_v2.0.6/edf/train/aaaaaroo/s007_2014/01_tcp_ar/aaaaaroo_s007_t004.edf,T8-P8,0.669
tusz,tusz_v2.0.6/edf/train/aaaaaroo/s007_2014/01_tcp_ar/aaaaaroo_s007_t005.edf,C3-P3,0.837
tusz,tusz_v2.0.6/edf/train/aaaaaroo/s007_2014/01_tcp_ar/aaaaaroo_s007_t005.edf,C4-P4,0.837
tusz,tusz_v2.0.6/edf/train/aaaaaroo/s007_2014/01_tcp_ar/aaaaaroo_s007_t005.edf,Fp2-F4,0.837
tusz,tusz_v2.0.6/edf/train/aaaaaroo/s007_2014/01_tcp_ar/aaaaaroo_s007_t005.edf,T8-P8,0.669
tusz,tusz_v2.0.6/edf/train/aaaaaroo/s007_2014/01_tcp_ar/aaaaaroo_s007_t006.edf,C3-P3,0.669
tusz,tusz_v2.0.6/edf/train/aaaaaroo/s007_2014/01_tcp_ar/aaaaaroo_s007_t006.edf,Fp2-F4,0.837
tusz,tusz_v2.0.6/edf/train/aaaaaroo/s007_2014/01_tcp_ar/aaaaaroo_s007_t007.edf,C3-P3,0.669
tusz,tusz_v2.0.6/edf/train/aaaaaroo/s007_2014/01_tcp_ar/aaaaaroo_s007_t007.edf,C4-P4,0.669
tusz,tusz_v2.0.6/edf/train/aaaaaroo/s007_2014/01_tcp_ar/aaaaaroo_s007_t007.edf,Fp2-F4,0.837
tusz,tusz_v2.0.6/edf/train/aaaaaroo/s007_2014/01_tcp_ar/aaaaaroo_s007_t008.edf,C4-P4,0.837
tusz,tusz_v2.0.6/edf/train/aaaaaroo/s007_2014/01_tcp_ar/aaaaaroo_s007_t009.edf,C4-P4,0.837
tusz,tusz_v2.0.6/edf/train/aaaaaroo/s007_2014/01_tcp_ar/aaaaaroo_s007_t010.edf,C4-P4,0.837
tusz,tusz_v2.0.6/edf/train/aaaaarqh/s002_2014/01_tcp_ar/aaaaarqh_s002_t008.edf,Fp1-F3,214.326
tusz,tusz_v2.0.6/edf/train/aaaaarqh/s002_2014/01_tcp_ar/aaaaarqh_s002_t008.edf,Fp1-F7,214.995
tusz,tusz_v2.0.6/edf/train/aaaaarsm/s002_2014/01_tcp_ar/aaaaarsm_s002_t014.edf,Fp1-F3,652.179
tusz,tusz_v2.0.6/edf/train/aaaaarsm/s002_2014/01_tcp_ar/aaaaarsm_s002_t014.edf,Fp1-F7,651.51
tusz,tusz_v2.0.6/edf/train/aaaaarsm/s004_2014/01_tcp_ar/aaaaarsm_s004_t000.edf,Fp1-F3,273.721
tusz,tusz_v2.0.6/edf/train/aaaaarsm/s004_2014/01_tcp_ar/aaaaarsm_s004_t000.edf,Fp1-F7,273.721
tusz,tusz_v2.0.6/edf/train/aaaaarso/s005_2014/01_tcp_ar/aaaaarso_s005_t005.edf,Cz-Pz,643.646
tusz,tusz_v2.0.6/edf/train/aaaaarso/s005_2014/01_tcp_ar/aaaaarso_s005_t006.edf,Cz-Pz,5317.064
tusz,tusz_v2.0.6/edf/train/aaaaarso/s005_2014/01_tcp_ar/aaaaarso_s005_t007.edf,Cz-Pz,1510.485
tusz,tusz_v2.0.6/edf/train/aaaaarso/s006_2014/01_tcp_ar/aaaaarso_s006_t000.edf,Cz-Pz,771.639
tusz,tusz_v2.0.6/edf/train/aaaaartn/s007_2014/03_tcp_ar_a/aaaaartn_s007_t000.edf,C4-P4,955.263
tusz,tusz_v2.0.6/edf/train/aaaaartn/s007_2014/03_tcp_ar_a/aaaaartn_s007_t000.edf,Cz-Pz,1967.579
tusz,tusz_v2.0.6/edf/train/aaaaartn/s007_2014/03_tcp_ar_a/aaaaartn_s007_t000.edf,F4-C4,955.096
tusz,tusz_v2.0.6/edf/train/aaaaartn/s007_2014/03_tcp_ar_a/aaaaartn_s007_t009.edf,C3-P3,2773.182
tusz,tusz_v2.0.6/edf/train/aaaaartn/s007_2014/03_tcp_ar_a/aaaaartn_s007_t009.edf,Cz-Pz,4353.101
tusz,tusz_v2.0.6/edf/train/aaaaartn/s007_2014/03_tcp_ar_a/aaaaartn_s007_t009.edf,P3-O1,2773.684
tusz,tusz_v2.0.6/edf/train/aaaaartn/s007_2014/03_tcp_ar_a/aaaaartn_s007_t010.edf,C3-P3,2533.425
tusz,tusz_v2.0.6/edf/train/aaaaartn/s007_2014/03_tcp_ar_a/aaaaartn_s007_t010.edf,Cz-Pz,4721.604
tusz,tusz_v2.0.6/edf/train/aaaaartn/s007_2014/03_tcp_ar_a/aaaaartn_s007_t010.edf,P3-O1,2533.927
tusz,tusz_v2.0.6/edf/train/aaaaartn/s007_2014/03_tcp_ar_a/aaaaartn_s007_t011.edf,C3-P3,5454.343
tusz,tusz_v2.0.6/edf/train/aaaaartn/s007_2014/03_tcp_ar_a/aaaaartn_s007_t011.edf,Cz-Pz,5456.351
tusz,tusz_v2.0.6/edf/train/aaaaartn/s007_2014/03_tcp_ar_a/aaaaartn_s007_t011.edf,P3-O1,5450.495
tusz,tusz_v2.0.6/edf/train/aaaaartn/s007_2014/03_tcp_ar_a/aaaaartn_s007_t012.edf,C3-P3,5454.176
tusz,tusz_v2.0.6/edf/train/aaaaartn/s007_2014/03_tcp_ar_a/aaaaartn_s007_t012.edf,Cz-Pz,5456.351
tusz,tusz_v2.0.6/edf/train/aaaaartn/s007_2014/03_tcp_ar_a/aaaaartn_s007_t012.edf,P3-O1,5450.495
tusz,tusz_v2.0.6/edf/train/aaaaartn/s007_2014/03_tcp_ar_a/aaaaartn_s007_t013.edf,C3-P3,5450.997
tusz,tusz_v2.0.6/edf/train/aaaaartn/s007_2014/03_tcp_ar_a/aaaaartn_s007_t013.edf,Cz-Pz,5458.359
tusz,tusz_v2.0.6/edf/train/aaaaartn/s007_2014/03_tcp_ar_a/aaaaartn_s007_t013.edf,P3-O1,5450.662
tusz,tusz_v2.0.6/edf/train/aaaaartn/s007_2014/03_tcp_ar_a/aaaaartn_s007_t014.edf,C3-P3,5447.651
tusz,tusz_v2.0.6/edf/train/aaaaartn/s007_2014/03_tcp_ar_a/aaaaartn_s007_t014.edf,Cz-Pz,5457.187
tusz,tusz_v2.0.6/edf/train/aaaaartn/s007_2014/03_tcp_ar_a/aaaaartn_s007_t014.edf,P3-O1,5450.997
tusz,tusz_v2.0.6/edf/train/aaaaartn/s007_2014/03_tcp_ar_a/aaaaartn_s007_t015.edf,C3-P3,5440.958
tusz,tusz_v2.0.6/edf/train/aaaaartn/s007_2014/03_tcp_ar_a/aaaaartn_s007_t015.edf,Cz-Pz,5456.685
tusz,tusz_v2.0.6/edf/train/aaaaartn/s007_2014/03_tcp_ar_a/aaaaartn_s007_t015.edf,P3-O1,5451.331
tusz,tusz_v2.0.6/edf/train/aaaaartn/s007_2014/03_tcp_ar_a/aaaaartn_s007_t016.edf,C3-P3,5438.448
tusz,tusz_v2.0.6/edf/train/aaaaartn/s007_2014/03_tcp_ar_a/aaaaartn_s007_t016.edf,Cz-Pz,5456.853
tusz,tusz_v2.0.6/edf/train/aaaaartn/s007_2014/03_tcp_ar_a/aaaaartn_s007_t016.edf,P3-O1,5451.164
tusz,tusz_v2.0.6/edf/train/aaaaartn/s007_2014/03_tcp_ar_a/aaaaartn_s007_t017.edf,C3-P3,5436.273
tusz,tusz_v2.0.6/edf/train/aaaaartn/s007_2014/03_tcp_ar_a/aaaaartn_s007_t017.edf,Cz-Pz,5455.514
tusz,tusz_v2.0.6/edf/train/aaaaartn/s007_2014/03_tcp_ar_a/aaaaartn_s007_t017.edf,P3-O1,5450.328
tusz,tusz_v2.0.6/edf/train/aaaaartn/s007_2014/03_tcp_ar_a/aaaaartn_s007_t018.edf,C3-P3,5432.509
tusz,tusz_v2.0.6/edf/train/aaaaartn/s007_2014/03_tcp_ar_a/aaaaartn_s007_t018.edf,Cz-Pz,5454.008
tusz,tusz_v2.0.6/edf/train/aaaaartn/s007_2014/03_tcp_ar_a/aaaaartn_s007_t018.edf,P3-O1,5446.479
tusz,tusz_v2.0.6/edf/train/aaaaartn/s007_2014/03_tcp_ar_a/aaaaartn_s007_t019.edf,C3-P3,5423.725
tusz,tusz_v2.0.6/edf/train/aaaaartn/s007_2014/03_tcp_ar_a/aaaaartn_s007_t019.edf,Cz-Pz,5453.172
tusz,tusz_v2.0.6/edf/train/aaaaartn/s007_2014/03_tcp_ar_a/aaaaartn_s007_t019.edf,P3-O1,5442.966
tusz,tusz_v2.0.6/edf/train/aaaaascj/s006_2014/01_tcp_ar/aaaaascj_s006_t004.edf,C3-P3,334.957
tusz,tusz_v2.0.6/edf/train/aaaaascj/s006_2014/01_tcp_ar/aaaaascj_s006_t004.edf,F3-C3,335.626
tusz,tusz_v2.0.6/edf/train/aaaaascj/s006_2014/01_tcp_ar/aaaaascj_s006_t007.edf,P3-O1,291.289
tusz,tusz_v2.0.6/edf/train/aaaaascj/s006_2014/01_tcp_ar/aaaaascj_s006_t007.edf,P7-O1,290.954
tusz,tusz_v2.0.6/edf/train/aaaaascj/s006_2014/01_tcp_ar/aaaaascj_s006_t009.edf,P3-O1,836.388
tusz,tusz_v2.0.6/edf/train/aaaaascj/s006_2014/01_tcp_ar/aaaaascj_s006_t009.edf,P7-O1,837.811
tusz,tusz_v2.0.6/edf/train/aaaaascj/s006_2014/01_tcp_ar/aaaaascj_s006_t010.edf,P3-O1,373.438
tusz,tusz_v2.0.6/edf/train/aaaaascj/s006_2014/01_tcp_ar/aaaaascj_s006_t010.edf,P7-O1,373.773
tusz,tusz_v2.0.6/edf/train/aaaaascj/s007_2014/01_tcp_ar/aaaaascj_s007_t000.edf,P3-O1,1986.318
tusz,tusz_v2.0.6/edf/train/aaaaascj/s007_2014/01_tcp_ar/aaaaascj_s007_t000.edf,P7-O1,1985.147
tusz,tusz_v2.0.6/edf/train/aaaaasdq/s002_2014/03_tcp_ar_a/aaaaasdq_s002_t000.edf,C3-P3,0.0
tusz,tusz_v2.0.6/edf/train/aaaaasdq/s002_2014/03_tcp_ar_a/aaaaasdq_s002_t000.edf,C4-P4,0.0
tusz,tusz_v2.0.6/edf/train/aaaaasdq/s002_2014/03_tcp_ar_a/aaaaasdq_s002_t000.edf,Cz-Pz,0.0
tusz,tusz_v2.0.6/edf/train/aaaaasdq/s002_2014/03_tcp_ar_a/aaaaasdq_s002_t000.edf,F3-C3,0.0
tusz,tusz_v2.0.6/edf/train/aaaaasdq/s002_2014/03_tcp_ar_a/aaaaasdq_s002_t000.edf,F4-C4,0.0
tusz,tusz_v2.0.6/edf/train/aaaaasdq/s002_2014/03_tcp_ar_a/aaaaasdq_s002_t000.edf,F7-T7,0.0
tusz,tusz_v2.0.6/edf/train/aaaaasdq/s002_2014/03_tcp_ar_a/aaaaasdq_s002_t000.edf,F8-T8,0.0
tusz,tusz_v2.0.6/edf/train/aaaaasdq/s002_2014/03_tcp_ar_a/aaaaasdq_s002_t000.edf,Fp1-F3,0.0
tusz,tusz_v2.0.6/edf/train/aaaaasdq/s002_2014/03_tcp_ar_a/aaaaasdq_s002_t000.edf,Fp1-F7,0.0
tusz,tusz_v2.0.6/edf/train/aaaaasdq/s002_2014/03_tcp_ar_a/aaaaasdq_s002_t000.edf,Fp2-F4,0.0
tusz,tusz_v2.0.6/edf/train/aaaaasdq/s002_2014/03_tcp_ar_a/aaaaasdq_s002_t000.edf,Fp2-F8,0.0
tusz,tusz_v2.0.6/edf/train/aaaaasdq/s002_2014/03_tcp_ar_a/aaaaasdq_s002_t000.edf,Fz-Cz,0.0
tusz,tusz_v2.0.6/edf/train/aaaaasdq/s002_2014/03_tcp_ar_a/aaaaasdq_s002_t000.edf,P3-O1,0.0
tusz,tusz_v2.0.6/edf/train/aaaaasdq/s002_2014/03_tcp_ar_a/aaaaasdq_s002_t000.edf,P4-O2,0.0
tusz,tusz_v2.0.6/edf/train/aaaaasdq/s002_2014/03_tcp_ar_a/aaaaasdq_s002_t000.edf,P7-O1,0.0
tusz,tusz_v2.0.6/edf/train/aaaaasdq/s002_2014/03_tcp_ar_a/aaaaasdq_s002_t000.edf,P8-O2,0.0
tusz,tusz_v2.0.6/edf/train/aaaaasdq/s002_2014/03_tcp_ar_a/aaaaasdq_s002_t000.edf,T7-P7,0.0
tusz,tusz_v2.0.6/edf/train/aaaaasdq/s002_2014/03_tcp_ar_a/aaaaasdq_s002_t000.edf,T8-P8,0.0
tusz,tusz_v2.0.6/edf/train/aaaaasdq/s007_2014/03_tcp_ar_a/aaaaasdq_s007_t000.edf,C4-P4,0.669
tusz,tusz_v2.0.6/edf/train/aaaaasdq/s007_2014/03_tcp_ar_a/aaaaasdq_s007_t000.edf,F3-C3,0.837
tusz,tusz_v2.0.6/edf/train/aaaaasdq/s007_2014/03_tcp_ar_a/aaaaasdq_s007_t000.edf,Fp1-F3,0.837
tusz,tusz_v2.0.6/edf/train/aaaaasdq/s007_2014/03_tcp_ar_a/aaaaasdq_s007_t000.edf,P7-O1,0.837
tusz,tusz_v2.0.6/edf/train/aaaaasme/s003_2015/03_tcp_ar_a/aaaaasme_s003_t003.edf,C4-P4,327.763
tusz,tusz_v2.0.6/edf/train/aaaaasme/s003_2015/03_tcp_ar_a/aaaaasme_s003_t003.edf,Fz-Cz,275.729
tusz,tusz_v2.0.6/edf/train/aaaaasme/s003_2015/03_tcp_ar_a/aaaaasme_s003_t003.edf,P4-O2,327.93
tusz,tusz_v2.0.6/edf/train/aaaaasme/s003_2015/03_tcp_ar_a/aaaaasme_s003_t004.edf,C4-P4,1133.868
tusz,tusz_v2.0.6/edf/train/aaaaasme/s003_2015/03_tcp_ar_a/aaaaasme_s003_t004.edf,P4-O2,1133.198
tusz,tusz_v2.0.6/edf/train/aaaaasrf/s001_2015/01_tcp_ar/aaaaasrf_s001_t000.edf,C3-P3,0.0
tusz,tusz_v2.0.6/edf/train/aaaaasrf/s001_2015/01_tcp_ar/aaaaasrf_s001_t000.edf,C4-P4,0.0
tusz,tusz_v2.0.6/edf/train/aaaaasrf/s001_2015/01_tcp_ar/aaaaasrf_s001_t000.edf,Cz-Pz,0.0
tusz,tusz_v2.0.6/edf/train/aaaaasrf/s001_2015/01_tcp_ar/aaaaasrf_s001_t000.edf,F3-C3,0.0
tusz,tusz_v2.0.6/edf/train/aaaaasrf/s001_2015/01_tcp_ar/aaaaasrf_s001_t000.edf,F4-C4,0.0
tusz,tusz_v2.0.6/edf/train/aaaaasrf/s001_2015/01_tcp_ar/aaaaasrf_s001_t000.edf,F7-T7,0.0
tusz,tusz_v2.0.6/edf/train/aaaaasrf/s001_2015/01_tcp_ar/aaaaasrf_s001_t000.edf,F8-T8,0.0
tusz,tusz_v2.0.6/edf/train/aaaaasrf/s001_2015/01_tcp_ar/aaaaasrf_s001_t000.edf,Fp1-F3,0.0
tusz,tusz_v2.0.6/edf/train/aaaaasrf/s001_2015/01_tcp_ar/aaaaasrf_s001_t000.edf,Fp1-F7,0.0
tusz,tusz_v2.0.6/edf/train/aaaaasrf/s001_2015/01_tcp_ar/aaaaasrf_s001_t000.edf,Fp2-F4,0.0
tusz,tusz_v2.0.6/edf/train/aaaaasrf/s001_2015/01_tcp_ar/aaaaasrf_s001_t000.edf,Fp2-F8,0.0
tusz,tusz_v2.0.6/edf/train/aaaaasrf/s001_2015/01_tcp_ar/aaaaasrf_s001_t000.edf,Fz-Cz,0.0
tusz,tusz_v2.0.6/edf/train/aaaaasrf/s001_2015/01_tcp_ar/aaaaasrf_s001_t000.edf,P3-O1,0.0
tusz,tusz_v2.0.6/edf/train/aaaaasrf/s001_2015/01_tcp_ar/aaaaasrf_s001_t000.edf,P4-O2,0.0
tusz,tusz_v2.0.6/edf/train/aaaaasrf/s001_2015/01_tcp_ar/aaaaasrf_s001_t000.edf,P7-O1,0.0
tusz,tusz_v2.0.6/edf/train/aaaaasrf/s001_2015/01_tcp_ar/aaaaasrf_s001_t000.edf,P8-O2,0.0
tusz,tusz_v2.0.6/edf/train/aaaaasrf/s001_2015/01_tcp_ar/aaaaasrf_s001_t000.edf,T7-P7,0.0
tusz,tusz_v2.0.6/edf/train/aaaaasrf/s001_2015/01_tcp_ar/aaaaasrf_s001_t000.edf,T8-P8,0.0
tusz,tusz_v2.0.6/edf/train/aaaaastr/s003_2015/01_tcp_ar/aaaaastr_s003_t000.edf,C3-P3,0.335
tusz,tusz_v2.0.6/edf/train/aaaaastr/s003_2015/01_tcp_ar/aaaaastr_s003_t000.edf,C4-P4,0.837
tusz,tusz_v2.0.6/edf/train/aaaaastr/s003_2015/01_tcp_ar/aaaaastr_s003_t000.edf,Cz-Pz,0.837
tusz,tusz_v2.0.6/edf/train/aaaaastr/s003_2015/01_tcp_ar/aaaaastr_s003_t000.edf,F3-C3,0.837
tusz,tusz_v2.0.6/edf/train/aaaaastr/s003_2015/01_tcp_ar/aaaaastr_s003_t000.edf,F4-C4,0.837
tusz,tusz_v2.0.6/edf/train/aaaaastr/s003_2015/01_tcp_ar/aaaaastr_s003_t000.edf,F7-T7,0.502
tusz,tusz_v2.0.6/edf/train/aaaaastr/s003_2015/01_tcp_ar/aaaaastr_s003_t000.edf,Fp1-F7,0.669
tusz,tusz_v2.0.6/edf/train/aaaaastr/s003_2015/01_tcp_ar/aaaaastr_s003_t000.edf,Fz-Cz,0.837
tusz,tusz_v2.0.6/edf/train/aaaaastr/s003_2015/01_tcp_ar/aaaaastr_s003_t000.edf,P3-O1,0.502
tusz,tusz_v2.0.6/edf/train/aaaaastr/s003_2015/01_tcp_ar/aaaaastr_s003_t000.edf,P4-O2,0.502
tusz,tusz_v2.0.6/edf/train/aaaaastr/s003_2015/01_tcp_ar/aaaaastr_s003_t000.edf,P7-O1,0.669
tusz,tusz_v2.0.6/edf/train/aaaaastr/s003_2015/01_tcp_ar/aaaaastr_s003_t000.edf,T7-P7,0.502
tusz,tusz_v2.0.6/edf/train/aaaaatds/s001_2015/01_tcp_ar/aaaaatds_s001_t001.edf,C4-P4,310.362
tusz,tusz_v2.0.6/edf/train/aaaaatds/s001_2015/01_tcp_ar/aaaaatds_s001_t001.edf,F4-C4,311.701
tusz,tusz_v2.0.6/edf/train/aaaaatds/s001_2015/01_tcp_ar/aaaaatds_s001_t002.edf,Cz-Pz,3179.915
tusz,tusz_v2.0.6/edf/train/aaaaatds/s001_2015/01_tcp_ar/aaaaatds_s001_t002.edf,Fz-Cz,3181.756
tusz,tusz_v2.0.6/edf/train/aaaaatds/s001_2015/01_tcp_ar/aaaaatds_s001_t003.edf,C4-P4,349.68
tusz,tusz_v2.0.6/edf/train/aaaaatds/s001_2015/01_tcp_ar/aaaaatds_s001_t003.edf,Cz-Pz,396.695
tusz,tusz_v2.0.6/edf/train/aaaaatds/s001_2015/01_tcp_ar/aaaaatds_s001_t003.edf,F4-C4,351.521
tusz,tusz_v2.0.6/edf/train/aaaaatds/s001_2015/01_tcp_ar/aaaaatds_s001_t003.edf,Fz-Cz,377.621
tusz,tusz_v2.0.6/edf/train/aaaaatds/s001_2015/01_tcp_ar/aaaaatds_s001_t004.edf,C4-P4,1326.777
tusz,tusz_v2.0.6/edf/train/aaaaatds/s001_2015/01_tcp_ar/aaaaatds_s001_t004.edf,F4-C4,1326.694
tusz,tusz_v2.0.6/edf/train/aaaaatds/s002_2015/01_tcp_ar/aaaaatds_s002_t000.edf,C4-P4,927.908
tusz,tusz_v2.0.6/edf/train/aaaaatds/s002_2015/01_tcp_ar/aaaaatds_s002_t000.edf,F4-C4,928.075
tusz,tusz_v2.0.6/edf/train/aaaaatds/s002_2015/01_tcp_ar/aaaaatds_s002_t001.edf,C4-P4,761.015
tusz,tusz_v2.0.6/edf/train/aaaaatds/s002_2015/01_tcp_ar/aaaaatds_s002_t001.edf,F4-C4,761.266
tusz,tusz_v2.0.6/edf/train/aaaaatds/s002_2015/01_tcp_ar/aaaaatds_s002_t002.edf,C4-P4,838.563
tusz,tusz_v2.0.6/edf/train/aaaaatds/s002_2015/01_tcp_ar/aaaaatds_s002_t002.edf,F4-C4,839.484
tusz,tusz_v2.0.6/edf/train/aaaaatds/s002_2015/01_tcp_ar/aaaaatds_s002_t003.edf,C4-P4,1264.203
tusz,tusz_v2.0.6/edf/train/aaaaatds/s002_2015/01_tcp_ar/aaaaatds_s002_t003.edf,Cz-Pz,352.692
tusz,tusz_v2.0.6/edf/train/aaaaatds/s002_2015/01_tcp_ar/aaaaatds_s002_t003.edf,F4-C4,1264.621
tusz,tusz_v2.0.6/edf/train/aaaaatds/s002_2015/01_tcp_ar/aaaaatds_s002_t003.edf,Fz-Cz,354.365
tusz,tusz_v2.0.6/edf/train/aaaaatds/s002_2015/01_tcp_ar/aaaaatds_s002_t004.edf,C4-P4,521.676
tusz,tusz_v2.0.6/edf/train/aaaaatds/s002_2015/01_tcp_ar/aaaaatds_s002_t004.edf,Cz-Pz,233.232
tusz,tusz_v2.0.6/edf/train/aaaaatds/s002_2015/01_tcp_ar/aaaaatds_s002_t004.edf,F4-C4,520.84
tusz,tusz_v2.0.6/edf/train/aaaaatds/s002_2015/01_tcp_ar/aaaaatds_s002_t004.edf,Fz-Cz,233.901
tusz,tusz_v2.0.6/edf/train/aaaaatds/s002_2015/01_tcp_ar/aaaaatds_s002_t005.edf,C4-P4,657.7
tusz,tusz_v2.0.6/edf/train/aaaaatds/s002_2015/01_tcp_ar/aaaaatds_s002_t005.edf,F4-C4,658.202
tusz,tusz_v2.0.6/edf/train/aaaaatds/s002_2015/01_tcp_ar/aaaaatds_s002_t006.edf,C4-P4,655.023
tusz,tusz_v2.0.6/edf/train/aaaaatds/s002_2015/01_tcp_ar/aaaaatds_s002_t006.edf,F4-C4,655.525
tusz,tusz_v2.0.6/edf/train/aaaaatds/s002_2015/01_tcp_ar/aaaaatds_s002_t007.edf,C4-P4,407.57
tusz,tusz_v2.0.6/edf/train/aaaaatds/s002_2015/01_tcp_ar/aaaaatds_s002_t007.edf,F4-C4,409.076
tusz,tusz_v2.0.6/edf/train/aaaaatds/s002_2015/01_tcp_ar/aaaaatds_s002_t008.edf,C4-P4,339.642
tusz,tusz_v2.0.6/edf/train/aaaaatds/s002_2015/01_tcp_ar/aaaaatds_s002_t008.edf,F4-C4,340.478
tusz,tusz_v2.0.6/edf/train/aaaaatds/s002_2015/01_tcp_ar/aaaaatds_s002_t009.edf,C4-P4,965.72
tusz,tusz_v2.0.6/edf/train/aaaaatds/s002_2015/01_tcp_ar/aaaaatds_s002_t009.edf,F4-C4,965.636
tusz,tusz_v2.0.6/edf/train/aaaaatds/s003_2015/01_tcp_ar/aaaaatds_s003_t000.edf,C4-P4,1332.131
tusz,tusz_v2.0.6/edf/train/aaaaatds/s003_2015/01_tcp_ar/aaaaatds_s003_t000.edf,F4-C4,1332.968
tusz,tusz_v2.0.6/edf/train/aaaaatds/s003_2015/01_tcp_ar/aaaaatds_s003_t001.edf,C4-P4,612.693
tusz,tusz_v2.0.6/edf/train/aaaaatds/s003_2015/01_tcp_ar/aaaaatds_s003_t001.edf,F4-C4,613.028
tusz,tusz_v2.0.6/edf/train/aaaaatds/s003_2015/01_tcp_ar/aaaaatds_s003_t002.edf,C4-P4,1013.404
tusz,tusz_v2.0.6/edf/train/aaaaatds/s003_2015/01_tcp_ar/aaaaatds_s003_t002.edf,F4-C4,1013.571
tusz,tusz_v2.0.6/edf/train/aaaaatds/s003_2015/01_tcp_ar/aaaaatds_s003_t003.edf,C4-P4,697.855
tusz,tusz_v2.0.6/edf/train/aaaaatds/s003_2015/01_tcp_ar/aaaaatds_s003_t003.edf,F4-C4,698.357
tusz,tusz_v2.0.6/edf/train/aaaaatds/s003_2015/01_tcp_ar/aaaaatds_s003_t004.edf,C4-P4,849.606
tusz,tusz_v2.0.6/edf/train/aaaaatds/s003_2015/01_tcp_ar/aaaaatds_s003_t004.edf,Cz-Pz,221.185
tusz,tusz_v2.0.6/edf/train/aaaaatds/s003_2015/01_tcp_ar/aaaaatds_s003_t004.edf,F4-C4,849.606
tusz,tusz_v2.0.6/edf/train/aaaaatds/s003_2015/01_tcp_ar/aaaaatds_s003_t004.edf,Fz-Cz,220.6
tusz,tusz_v2.0.6/edf/train/aaaaatds/s003_2015/01_tcp_ar/aaaaatds_s003_t005.edf,C4-P4,949.156
tusz,tusz_v2.0.6/edf/train/aaaaatds/s003_2015/01_tcp_ar/aaaaatds_s003_t005.edf,Cz-Pz,275.896
tusz,tusz_v2.0.6/edf/train/aaaaatds/s003_2015/01_tcp_ar/aaaaatds_s003_t005.edf,F4-C4,948.821
tusz,tusz_v2.0.6/edf/train/aaaaatds/s003_2015/01_tcp_ar/aaaaatds_s003_t005.edf,Fz-Cz,275.06
tusz,tusz_v2.0.6/edf/train/aaaaatds/s003_2015/01_tcp_ar/aaaaatds_s003_t006.edf,C4-P4,897.457
tusz,tusz_v2.0.6/edf/train/aaaaatds/s003_2015/01_tcp_ar/aaaaatds_s003_t006.edf,Cz-Pz,363.483
tusz,tusz_v2.0.6/edf/train/aaaaatds/s003_2015/01_tcp_ar/aaaaatds_s003_t006.edf,F4-C4,907.496
tusz,tusz_v2.0.6/edf/train/aaaaatds/s003_2015/01_tcp_ar/aaaaatds_s003_t006.edf,Fz-Cz,360.388
tusz,tusz_v2.0.6/edf/train/aaaaatds/s003_2015/01_tcp_ar/aaaaatds_s003_t007.edf,C4-P4,2094.401
tusz,tusz_v2.0.6/edf/train/aaaaatds/s003_2015/01_tcp_ar/aaaaatds_s003_t007.edf,Cz-Pz,809.786
tusz,tusz_v2.0.6/edf/train/aaaaatds/s003_2015/01_tcp_ar/aaaaatds_s003_t007.edf,F4-C4,2094.568
tusz,tusz_v2.0.6/edf/train/aaaaatds/s003_2015/01_tcp_ar/aaaaatds_s003_t007.edf,Fz-Cz,808.615
tusz,tusz_v2.0.6/edf/train/aaaaatds/s003_2015/01_tcp_ar/aaaaatds_s003_t008.edf,C4-P4,1979.123
tusz,tusz_v2.0.6/edf/train/aaaaatds/s003_2015/01_tcp_ar/aaaaatds_s003_t008.edf,Cz-Pz,1157.626
tusz,tusz_v2.0.6/edf/train/aaaaatds/s003_2015/01_tcp_ar/aaaaatds_s003_t008.edf,F4-C4,1979.04
tusz,tusz_v2.0.6/edf/train/aaaaatds/s003_2015/01_tcp_ar/aaaaatds_s003_t008.edf,Fz-Cz,1155.953
tusz,tusz_v2.0.6/edf/train/aaaaatds/s003_2015/01_tcp_ar/aaaaatds_s003_t009.edf,C4-P4,1901.826
tusz,tusz_v2.0.6/edf/train/aaaaatds/s003_2015/01_tcp_ar/aaaaatds_s003_t009.edf,Cz-Pz,1110.444
tusz,tusz_v2.0.6/edf/train/aaaaatds/s003_2015/01_tcp_ar/aaaaatds_s003_t009.edf,F4-C4,1901.826
tusz,tusz_v2.0.6/edf/train/aaaaatds/s003_2015/01_tcp_ar/aaaaatds_s003_t009.edf,Fz-Cz,1108.938
tusz,tusz_v2.0.6/edf/train/aaaaatds/s003_2015/01_tcp_ar/aaaaatds_s003_t010.edf,C4-P4,2476.121
tusz,tusz_v2.0.6/edf/train/aaaaatds/s003_2015/01_tcp_ar/aaaaatds_s003_t010.edf,Cz-Pz,1625.93
tusz,tusz_v2.0.6/edf/train/aaaaatds/s003_2015/01_tcp_ar/aaaaatds_s003_t010.edf,F4-C4,2475.954
tusz,tusz_v2.0.6/edf/train/aaaaatds/s003_2015/01_tcp_ar/aaaaatds_s003_t010.edf,Fz-Cz,1624.926
tusz,tusz_v2.0.6/edf/train/aaaaatds/s003_2015/01_tcp_ar/aaaaatds_s003_t011.edf,C4-P4,3946.87
tusz,tusz_v2.0.6/edf/train/aaaaatds/s003_2015/01_tcp_ar/aaaaatds_s003_t011.edf,Cz-Pz,2713.619
tusz,tusz_v2.0.6/edf/train/aaaaatds/s003_2015/01_tcp_ar/aaaaatds_s003_t011.edf,F4-C4,3948.208
tusz,tusz_v2.0.6/edf/train/aaaaatds/s003_2015/01_tcp_ar/aaaaatds_s003_t011.edf,Fz-Cz,2787.32
tusz,tusz_v2.0.6/edf/train/aaaaatds/s004_2015/01_tcp_ar/aaaaatds_s004_t000.edf,C4-P4,1411.771
tusz,tusz_v2.0.6/edf/train/aaaaatds/s004_2015/01_tcp_ar/aaaaatds_s004_t000.edf,Cz-Pz,458.433
tusz,tusz_v2.0.6/edf/train/aaaaatds/s004_2015/01_tcp_ar/aaaaatds_s004_t000.edf,F4-C4,1411.269
tusz,tusz_v2.0.6/edf/train/aaaaatds/s004_2015/01_tcp_ar/aaaaatds_s004_t000.edf,Fz-Cz,466.129
tusz,tusz_v2.0.6/edf/train/aaaaatds/s004_2015/01_tcp_ar/aaaaatds_s004_t001.edf,C4-P4,2023.294
tusz,tusz_v2.0.6/edf/train/aaaaatds/s004_2015/01_tcp_ar/aaaaatds_s004_t001.edf,Cz-Pz,858.641
tusz,tusz_v2.0.6/edf/train/aaaaatds/s004_2015/01_tcp_ar/aaaaatds_s004_t001.edf,F4-C4,2024.297
tusz,tusz_v2.0.6/edf/train/aaaaatds/s004_2015/01_tcp_ar/aaaaatds_s004_t001.edf,Fz-Cz,868.596
tusz,tusz_v2.0.6/edf/train/aaaaatds/s004_2015/01_tcp_ar/aaaaatds_s004_t002.edf,C4-P4,871.524
tusz,tusz_v2.0.6/edf/train/aaaaatds/s004_2015/01_tcp_ar/aaaaatds_s004_t002.edf,Cz-Pz,608.343
tusz,tusz_v2.0.6/edf/train/aaaaatds/s004_2015/01_tcp_ar/aaaaatds_s004_t002.edf,F4-C4,872.193
tusz,tusz_v2.0.6/edf/train/aaaaatds/s004_2015/01_tcp_ar/aaaaatds_s004_t002.edf,Fz-Cz,400.877
tusz,tusz_v2.0.6/edf/train/aaaaatds/s004_2015/01_tcp_ar/aaaaatds_s004_t003.edf,C4-P4,2303.54
tusz,tusz_v2.0.6/edf/train/aaaaatds/s004_2015/01_tcp_ar/aaaaatds_s004_t003.edf,Cz-Pz,781.51
tusz,tusz_v2.0.6/edf/train/aaaaatds/s004_2015/01_tcp_ar/aaaaatds_s004_t003.edf,F4-C4,2304.376
tusz,tusz_v2.0.6/edf/train/aaaaatds/s004_2015/01_tcp_ar/aaaaatds_s004_t003.edf,Fz-Cz,780.841
tusz,tusz_v2.0.6/edf/train/aaaaatds/s004_2015/01_tcp_ar/aaaaatds_s004_t004.edf,Cz-Pz,582.912
tusz,tusz_v2.0.6/edf/train/aaaaatds/s004_2015/01_tcp_ar/aaaaatds_s004_t004.edf,Fz-Cz,582.075
tusz,tusz_v2.0.6/edf/train/aaaaatds/s004_2015/01_tcp_ar/aaaaatds_s004_t005.edf,Cz-Pz,410.749
tusz,tusz_v2.0.6/edf/train/aaaaatds/s004_2015/01_tcp_ar/aaaaatds_s004_t005.edf,Fz-Cz,409.578
tusz,tusz_v2.0.6/edf/train/aaaaatds/s004_2015/01_tcp_ar/aaaaatds_s004_t006.edf,C4-P4,759.258
tusz,tusz_v2.0.6/edf/train/aaaaatds/s004_2015/01_tcp_ar/aaaaatds_s004_t006.edf,Cz-Pz,1205.979
tusz,tusz_v2.0.6/edf/train/aaaaatds/s004_2015/01_tcp_ar/aaaaatds_s004_t006.edf,F4-C4,759.425
tusz,tusz_v2.0.6/edf/train/aaaaatds/s004_2015/01_tcp_ar/aaaaatds_s004_t006.edf,Fz-Cz,1204.64
tusz,tusz_v2.0.6/edf/train/aaaaatds/s004_2015/01_tcp_ar/aaaaatds_s004_t007.edf,C4-P4,1040.006
tusz,tusz_v2.0.6/edf/train/aaaaatds/s004_2015/01_tcp_ar/aaaaatds_s004_t007.edf,Cz-Pz,1109.106
tusz,tusz_v2.0.6/edf/train/aaaaatds/s004_2015/01_tcp_ar/aaaaatds_s004_t007.edf,F4-C4,1039.671
tusz,tusz_v2.0.6/edf/train/aaaaatds/s004_2015/01_tcp_ar/aaaaatds_s004_t007.edf,Fz-Cz,1107.265
tusz,tusz_v2.0.6/edf/train/aaaaatds/s004_2015/01_tcp_ar/aaaaatds_s004_t008.edf,C4-P4,1165.991
tusz,tusz_v2.0.6/edf/train/aaaaatds/s004_2015/01_tcp_ar/aaaaatds_s004_t008.edf,Cz-Pz,1566.2
tusz,tusz_v2.0.6/edf/train/aaaaatds/s004_2015/01_tcp_ar/aaaaatds_s004_t008.edf,F4-C4,1166.828
tusz,tusz_v2.0.6/edf/train/aaaaatds/s004_2015/01_tcp_ar/aaaaatds_s004_t008.edf,Fz-Cz,1564.526
tusz,tusz_v2.0.6/edf/train/aaaaatds/s004_2015/01_tcp_ar/aaaaatds_s004_t009.edf,C4-P4,4325.077
tusz,tusz_v2.0.6/edf/train/aaaaatds/s004_2015/01_tcp_ar/aaaaatds_s004_t009.edf,Cz-Pz,1784.541
tusz,tusz_v2.0.6/edf/train/aaaaatds/s004_2015/01_tcp_ar/aaaaatds_s004_t009.edf,F4-C4,4325.327
tusz,tusz_v2.0.6/edf/train/aaaaatds/s004_2015/01_tcp_ar/aaaaatds_s004_t009.edf,Fz-Cz,1781.696
tusz,tusz_v2.0.6/edf/train/aaaaates/s002_2015/01_tcp_ar/aaaaates_s002_t004.edf,C3-P3,4902.049
tusz,tusz_v2.0.6/edf/train/aaaaates/s002_2015/01_tcp_ar/aaaaates_s002_t004.edf,C4-P4,777.328
tusz,tusz_v2.0.6/edf/train/aaaaates/s002_2015/01_tcp_ar/aaaaates_s002_t004.edf,Cz-Pz,388.831
tusz,tusz_v2.0.6/edf/train/aaaaates/s002_2015/01_tcp_ar/aaaaates_s002_t004.edf,F4-C4,1415.285
tusz,tusz_v2.0.6/edf/train/aaaaates/s002_2015/01_tcp_ar/aaaaates_s002_t004.edf,F7-T7,4941.283
tusz,tusz_v2.0.6/edf/train/aaaaates/s002_2015/01_tcp_ar/aaaaates_s002_t004.edf,F8-T8,1319.667
tusz,tusz_v2.0.6/edf/train/aaaaates/s002_2015/01_tcp_ar/aaaaates_s002_t004.edf,Fp1-F3,202.446
tusz,tusz_v2.0.6/edf/train/aaaaates/s002_2015/01_tcp_ar/aaaaates_s002_t004.edf,Fp1-F7,4873.439
tusz,tusz_v2.0.6/edf/train/aaaaates/s002_2015/01_tcp_ar/aaaaates_s002_t004.edf,Fp2-F4,1443.059
tusz,tusz_v2.0.6/edf/train/aaaaates/s002_2015/01_tcp_ar/aaaaates_s002_t004.edf,Fp2-F8,1926.086
tusz,tusz_v2.0.6/edf/train/aaaaates/s002_2015/01_tcp_ar/aaaaates_s002_t004.edf,Fz-Cz,317.557
tusz,tusz_v2.0.6/edf/train/aaaaates/s002_2015/01_tcp_ar/aaaaates_s002_t004.edf,P4-O2,1581.007
tusz,tusz_v2.0.6/edf/train/aaaaates/s002_2015/01_tcp_ar/aaaaates_s002_t004.edf,P7-O1,4898.954
tusz,tusz_v2.0.6/edf/train/aaaaates/s002_2015/01_tcp_ar/aaaaates_s002_t004.edf,P8-O2,2092.56
tusz,tusz_v2.0.6/edf/train/aaaaates/s002_2015/01_tcp_ar/aaaaates_s002_t004.edf,T7-P7,404.726
tusz,tusz_v2.0.6/edf/train/aaaaates/s002_2015/01_tcp_ar/aaaaates_s002_t004.edf,T8-P8,2231.345
tusz,tusz_v2.0.6/edf/train/aaaaates/s007_2015/01_tcp_ar/aaaaates_s007_t004.edf,Fp1-F3,273.47
tusz,tusz_v2.0.6/edf/train/aaaaates/s007_2015/01_tcp_ar/aaaaates_s007_t004.edf,Fp1-F7,277.904
tusz,tusz_v2.0.6/edf/train/aaaaatez/s006_2015/01_tcp_ar/aaaaatez_s006_t013.edf,F3-C3,2061.273
tusz,tusz_v2.0.6/edf/train/aaaaatez/s006_2015/01_tcp_ar/aaaaatez_s006_t013.edf,Fp1-F3,2091.557
tusz,tusz_v2.0.6/edf/train/aaaaatez/s007_2015/01_tcp_ar/aaaaatez_s007_t000.edf,F3-C3,2111.467
tusz,tusz_v2.0.6/edf/train/aaaaatez/s007_2015/01_tcp_ar/aaaaatez_s007_t000.edf,Fp1-F3,2141.415
tusz,tusz_v2.0.6/edf/train/aaaaatez/s007_2015/01_tcp_ar/aaaaatez_s007_t001.edf,F3-C3,2200.643
tusz,tusz_v2.0.6/edf/train/aaaaatez/s007_2015/01_tcp_ar/aaaaatez_s007_t001.edf,Fp1-F3,2227.915
tusz,tusz_v2.0.6/edf/train/aaaaatez/s007_2015/01_tcp_ar/aaaaatez_s007_t003.edf,C3-P3,1021.936
tusz,tusz_v2.0.6/edf/train/aaaaatez/s007_2015/01_tcp_ar/aaaaatez_s007_t003.edf,Cz-Pz,206.797
tusz,tusz_v2.0.6/edf/train/aaaaatez/s007_2015/01_tcp_ar/aaaaatez_s007_t003.edf,P7-O1,818.151
tusz,tusz_v2.0.6/edf/train/aaaaatki/s003_2015/03_tcp_ar_a/aaaaatki_s003_t016.edf,C3-P3,729.811
tusz,tusz_v2.0.6/edf/train/aaaaatki/s003_2015/03_tcp_ar_a/aaaaatki_s003_t016.edf,C4-P4,473.658
tusz,tusz_v2.0.6/edf/train/aaaaatki/s003_2015/03_tcp_ar_a/aaaaatki_s003_t016.edf,Cz-Pz,291.121
tusz,tusz_v2.0.6/edf/train/aaaaatki/s003_2015/03_tcp_ar_a/aaaaatki_s003_t016.edf,F3-C3,2446.925
tusz,tusz_v2.0.6/edf/train/aaaaatki/s003_2015/03_tcp_ar_a/aaaaatki_s003_t016.edf,F4-C4,853.705
tusz,tusz_v2.0.6/edf/train/aaaaatki/s003_2015/03_tcp_ar_a/aaaaatki_s003_t016.edf,F8-T8,1361.243
tusz,tusz_v2.0.6/edf/train/aaaaatki/s003_2015/03_tcp_ar_a/aaaaatki_s003_t016.edf,Fp1-F7,2174.794
tusz,tusz_v2.0.6/edf/train/aaaaatki/s003_2015/03_tcp_ar_a/aaaaatki_s003_t016.edf,Fp2-F4,544.096
tusz,tusz_v2.0.6/edf/train/aaaaatki/s003_2015/03_tcp_ar_a/aaaaatki_s003_t016.edf,Fp2-F8,796.819
tusz,tusz_v2.0.6/edf/train/aaaaatki/s003_2015/03_tcp_ar_a/aaaaatki_s003_t016.edf,P4-O2,442.705
tusz,tusz_v2.0.6/edf/train/aaaaatki/s003_2015/03_tcp_ar_a/aaaaatki_s003_t016.edf,P7-O1,4224.606
tusz,tusz_v2.0.6/edf/train/aaaaatki/s003_2015/03_tcp_ar_a/aaaaatki_s003_t016.edf,P8-O2,351.855
tusz,tusz_v2.0.6/edf/train/aaaaatki/s003_2015/03_tcp_ar_a/aaaaatki_s003_t016.edf,T7-P7,4276.807
tusz,tusz_v2.0.6/edf/train/aaaaatki/s003_2015/03_tcp_ar_a/aaaaatki_s003_t016.edf,T8-P8,1060.669
tusz,tusz_v2.0.6/edf/train/aaaaatki/s003_2015/03_tcp_ar_a/aaaaatki_s003_t017.edf,P7-O1,4681.951
tusz,tusz_v2.0.6/edf/train/aaaaatki/s003_2015/03_tcp_ar_a/aaaaatki_s003_t017.edf,T7-P7,4697.762
tusz,tusz_v2.0.6/edf/train/aaaaatki/s005_2015/03_tcp_ar_a/aaaaatki_s005_t029.edf,P7-O1,277.904
tusz,tusz_v2.0.6/edf/train/aaaaatki/s005_2015/03_tcp_ar_a/aaaaatki_s005_t029.edf,T7-P7,278.573
tusz,tusz_v2.0.6/edf/train/aaaaatki/s005_2015/03_tcp_ar_a/aaaaatki_s005_t030.edf,P7-O1,395.022
tusz,tusz_v2.0.6/edf/train/aaaaatki/s005_2015/03_tcp_ar_a/aaaaatki_s005_t030.edf,T7-P7,394.687
tusz,tusz_v2.0.6/edf/train/aaaaatlp/s004_2015/01_tcp_ar/aaaaatlp_s004_t000.edf,C4-P4,0.837
tusz,tusz_v2.0.6/edf/train/aaaaatlp/s004_2015/01_tcp_ar/aaaaatlp_s004_t000.edf,Cz-Pz,0.837
tusz,tusz_v2.0.6/edf/train/aaaaatlp/s005_2015/01_tcp_ar/aaaaatlp_s005_t005.edf,C4-P4,966.975
tusz,tusz_v2.0.6/edf/train/aaaaatlp/s005_2015/01_tcp_ar/aaaaatlp_s005_t005.edf,F4-C4,916.53
tusz,tusz_v2.0.6/edf/train/aaaaatlp/s005_2015/01_tcp_ar/aaaaatlp_s005_t005.edf,F8-T8,806.942
tusz,tusz_v2.0.6/edf/train/aaaaatlp/s005_2015/01_tcp_ar/aaaaatlp_s005_t005.edf,Fp2-F4,0.0
tusz,tusz_v2.0.6/edf/train/aaaaatlp/s005_2015/01_tcp_ar/aaaaatlp_s005_t005.edf,Fp2-F8,933.011
tusz,tusz_v2.0.6/edf/train/aaaaatlp/s005_2015/01_tcp_ar/aaaaatlp_s005_t005.edf,P8-O2,0.0
tusz,tusz_v2.0.6/edf/train/aaaaatlp/s005_2015/01_tcp_ar/aaaaatlp_s005_t005.edf,T8-P8,0.0
tusz,tusz_v2.0.6/edf/train/aaaaatlp/s005_2015/01_tcp_ar/aaaaatlp_s005_t006.edf,C4-P4,1117.973
tusz,tusz_v2.0.6/edf/train/aaaaatlp/s005_2015/01_tcp_ar/aaaaatlp_s005_t006.edf,F4-C4,1081.165
tusz,tusz_v2.0.6/edf/train/aaaaatlp/s005_2015/01_tcp_ar/aaaaatlp_s005_t006.edf,F8-T8,1198.115
tusz,tusz_v2.0.6/edf/train/aaaaatlp/s005_2015/01_tcp_ar/aaaaatlp_s005_t006.edf,Fp2-F8,1203.134
tusz,tusz_v2.0.6/edf/train/aaaaatlp/s006_2015/01_tcp_ar/aaaaatlp_s006_t005.edf,F7-T7,232.061
tusz,tusz_v2.0.6/edf/train/aaaaatlp/s006_2015/01_tcp_ar/aaaaatlp_s006_t005.edf,Fp1-F7,236.327
tusz,tusz_v2.0.6/edf/train/aaaaatlp/s006_2015/01_tcp_ar/aaaaatlp_s006_t006.edf,F7-T7,212.318
tusz,tusz_v2.0.6/edf/train/aaaaatlp/s006_2015/01_tcp_ar/aaaaatlp_s006_t006.edf,Fp1-F7,212.569
tusz,tusz_v2.0.6/edf/train/aaaaatlp/s006_2015/01_tcp_ar/aaaaatlp_s006_t007.edf,F7-T7,1470.33
tusz,tusz_v2.0.6/edf/train/aaaaatlp/s006_2015/01_tcp_ar/aaaaatlp_s006_t007.edf,Fp1-F7,1470.665
tusz,tusz_v2.0.6/edf/train/aaaaatlp/s006_2015/01_tcp_ar/aaaaatlp_s006_t008.edf,F7-T7,947.734
tusz,tusz_v2.0.6/edf/train/aaaaatlp/s006_2015/01_tcp_ar/aaaaatlp_s006_t008.edf,Fp1-F7,567.687
tusz,tusz_v2.0.6/edf/train/aaaaatlp/s006_2015/01_tcp_ar/aaaaatlp_s006_t008.edf,P3-O1,809.535
tusz,tusz_v2.0.6/edf/train/aaaaatlp/s006_2015/01_tcp_ar/aaaaatlp_s006_t008.edf,P7-O1,349.513
tusz,tusz_v2.0.6/edf/train/aaaaatlp/s006_2015/01_tcp_ar/aaaaatlp_s006_t008.edf,T7-P7,828.692
tusz,tusz_v2.0.6/edf/train/aaaaatlp/s006_2015/01_tcp_ar/aaaaatlp_s006_t009.edf,P3-O1,1184.814
tusz,tusz_v2.0.6/edf/train/aaaaatlp/s006_2015/01_tcp_ar/aaaaatlp_s006_t009.edf,P4-O2,342.319
tusz,tusz_v2.0.6/edf/train/aaaaatlp/s006_2015/01_tcp_ar/aaaaatlp_s006_t009.edf,P7-O1,1145.747
tusz,tusz_v2.0.6/edf/train/aaaaatlp/s006_2015/01_tcp_ar/aaaaatlp_s006_t009.edf,P8-O2,342.486
tusz,tusz_v2.0.6/edf/train/aaaaatlp/s006_2015/01_tcp_ar/aaaaatlp_s006_t010.edf,C3-P3,276.063
tusz,tusz_v2.0.6/edf/train/aaaaatlp/s006_2015/01_tcp_ar/aaaaatlp_s006_t010.edf,F3-C3,268.367
tusz,tusz_v2.0.6/edf/train/aaaaatlp/s006_2015/01_tcp_ar/aaaaatlp_s006_t010.edf,F7-T7,242.768
tusz,tusz_v2.0.6/edf/train/aaaaatlp/s006_2015/01_tcp_ar/aaaaatlp_s006_t010.edf,Fp1-F7,242.601
tusz,tusz_v2.0.6/edf/train/aaaaatlp/s006_2015/01_tcp_ar/aaaaatlp_s006_t010.edf,P3-O1,4349.755
tusz,tusz_v2.0.6/edf/train/aaaaatlp/s006_2015/01_tcp_ar/aaaaatlp_s006_t010.edf,T7-P7,4756.656
tusz,tusz_v2.0.6/edf/train/aaaaatlp/s006_2015/01_tcp_ar/aaaaatlp_s006_t011.edf,C3-P3,528.369
tusz,tusz_v2.0.6/edf/train/aaaaatlp/s006_2015/01_tcp_ar/aaaaatlp_s006_t011.edf,F3-C3,505.447
tusz,tusz_v2.0.6/edf/train/aaaaatlp/s006_2015/01_tcp_ar/aaaaatlp_s006_t011.edf,F7-T7,210.31
tusz,tusz_v2.0.6/edf/train/aaaaatlp/s006_2015/01_tcp_ar/aaaaatlp_s006_t011.edf,Fp1-F7,210.477
tusz,tusz_v2.0.6/edf/train/aaaaatlp/s006_2015/01_tcp_ar/aaaaatlp_s006_t011.edf,P3-O1,3269.845
tusz,tusz_v2.0.6/edf/train/aaaaatlp/s006_2015/01_tcp_ar/aaaaatlp_s006_t011.edf,P4-O2,2536.102
tusz,tusz_v2.0.6/edf/train/aaaaatlp/s006_2015/01_tcp_ar/aaaaatlp_s006_t011.edf,P7-O1,306.012
tusz,tusz_v2.0.6/edf/train/aaaaatlp/s006_2015/01_tcp_ar/aaaaatlp_s006_t011.edf,P8-O2,2536.939
tusz,tusz_v2.0.6/edf/train/aaaaatlp/s006_2015/01_tcp_ar/aaaaatlp_s006_t011.edf,T7-P7,3411.39
tusz,tusz_v2.0.6/edf/train/aaaaatlp/s007_2015/01_tcp_ar/aaaaatlp_s007_t000.edf,C3-P3,210.979
tusz,tusz_v2.0.6/edf/train/aaaaatlp/s007_2015/01_tcp_ar/aaaaatlp_s007_t000.edf,P3-O1,1259.686
tusz,tusz_v2.0.6/edf/train/aaaaatlp/s007_2015/01_tcp_ar/aaaaatlp_s007_t000.edf,P4-O2,806.523
tusz,tusz_v2.0.6/edf/train/aaaaatlp/s007_2015/01_tcp_ar/aaaaatlp_s007_t000.edf,P7-O1,939.117
tusz,tusz_v2.0.6/edf/train/aaaaatlp/s007_2015/01_tcp_ar/aaaaatlp_s007_t000.edf,P8-O2,801.755
tusz,tusz_v2.0.6/edf/train/aaaaatlp/s007_2015/01_tcp_ar/aaaaatlp_s007_t000.edf,T7-P7,1568.877
tusz,tusz_v2.0.6/edf/train/aaaaatvr/s005_2015/01_tcp_ar/aaaaatvr_s005_t004.edf,C4-P4,672.591
tusz,tusz_v2.0.6/edf/train/aaaaatvr/s005_2015/01_tcp_ar/aaaaatvr_s005_t004.edf,Cz-Pz,720.776
tusz,tusz_v2.0.6/edf/train/aaaaatvr/s005_2015/01_tcp_ar/aaaaatvr_s005_t004.edf,F4-C4,411.669
tusz,tusz_v2.0.6/edf/train/aaaaatvr/s005_2015/01_tcp_ar/aaaaatvr_s005_t004.edf,F8-T8,623.82
tusz,tusz_v2.0.6/edf/train/aaaaatvr/s005_2015/01_tcp_ar/aaaaatvr_s005_t004.edf,Fp2-F4,516.155
tusz,tusz_v2.0.6/edf/train/aaaaatvr/s005_2015/01_tcp_ar/aaaaatvr_s005_t004.edf,Fp2-F8,945.559
tusz,tusz_v2.0.6/edf/train/aaaaatvr/s005_2015/01_tcp_ar/aaaaatvr_s005_t004.edf,Fz-Cz,646.574
tusz,tusz_v2.0.6/edf/train/aaaaatvr/s005_2015/01_tcp_ar/aaaaatvr_s005_t004.edf,P4-O2,805.77
tusz,tusz_v2.0.6/edf/train/aaaaatvr/s005_2015/01_tcp_ar/aaaaatvr_s005_t004.edf,P8-O2,491.476
tusz,tusz_v2.0.6/edf/train/aaaaatvr/s005_2015/01_tcp_ar/aaaaatvr_s005_t004.edf,T8-P8,345.916
