dataset,recording,n_present,missing
chbmit,chbmit_v1.0.0/chb01/chb01_01.edf,18,
chbmit,chbmit_v1.0.0/chb01/chb01_02.edf,18,
chbmit,chbmit_v1.0.0/chb01/chb01_03.edf,18,
chbmit,chbmit_v1.0.0/chb01/chb01_04.edf,18,
chbmit,chbmit_v1.0.0/chb01/chb01_05.edf,18,
chbmit,chbmit_v1.0.0/chb01/chb01_06.edf,18,
chbmit,chbmit_v1.0.0/chb01/chb01_07.edf,18,
chbmit,chbmit_v1.0.0/chb01/chb01_08.edf,18,
chbmit,chbmit_v1.0.0/chb01/chb01_09.edf,18,
chbmit,chbmit_v1.0.0/chb01/chb01_10.edf,18,
chbmit,chbmit_v1.0.0/chb01/chb01_11.edf,18,
chbmit,chbmit_v1.0.0/chb01/chb01_12.edf,18,
chbmit,chbmit_v1.0.0/chb01/chb01_13.edf,18,
chbmit,chbmit_v1.0.0/chb01/chb01_14.edf,18,
chbmit,chbmit_v1.0.0/chb01/chb01_15.edf,18,
chbmit,chbmit_v1.0.0/chb01/chb01_16.edf,18,
chbmit,chbmit_v1.0.0/chb01/chb01_17.edf,18,
chbmit,chbmit_v1.0.0/chb01/chb01_18.edf,18,
chbmit,chbmit_v1.0.0/chb01/chb01_19.edf,18,
chbmit,chbmit_v1.0.0/chb01/chb01_20.edf,18,
chbmit,chbmit_v1.0.0/chb01/chb01_21.edf,18,
chbmit,chbmit_v1.0.0/chb01/chb01_22.edf,18,
chbmit,chbmit_v1.0.0/chb01/chb01_23.edf,18,
chbmit,chbmit_v1.0.0/chb01/chb01_24.edf,18,
chbmit,chbmit_v1.0.0/chb01/chb01_25.edf,18,
chbmit,chbmit_v1.0.0/chb01/chb01_26.edf,18,
chbmit,chbmit_v1.0.0/chb01/chb01_27.edf,18,
chbmit,chbmit_v1.0.0/chb01/chb01_29.edf,18,
chbmit,chbmit_v1.0.0/chb01/chb01_30.edf,18,
chbmit,chbmit_v1.0.0/chb01/chb01_31.edf,18,
chbmit,chbmit_v1.0.0/chb01/chb01_32.edf,18,
chbmit,chbmit_v1.0.0/chb01/chb01_33.edf,18,
chbmit,chbmit_v1.0.0/chb01/chb01_34.edf,18,
chbmit,chbmit_v1.0.0/chb01/chb01_36.edf,18,
chbmit,chbmit_v1.0.0/chb01/chb01_37.edf,18,
chbmit,chbmit_v1.0.0/chb01/chb01_38.edf,18,
chbmit,chbmit_v1.0.0/chb01/chb01_39.edf,18,
chbmit,chbmit_v1.0.0/chb01/chb01_40.edf,18,
chbmit,chbmit_v1.0.0/chb01/chb01_41.edf,18,
chbmit,chbmit_v1.0.0/chb01/chb01_42.edf,18,
chbmit,chbmit_v1.0.0/chb01/chb01_43.edf,18,
chbmit,chbmit_v1.0.0/chb01/chb01_46.edf,18,
chbmit,chbmit_v1.0.0/chb02/chb02_01.edf,18,
chbmit,chbmit_v1.0.0/chb02/chb02_02.edf,18,
chbmit,chbmit_v1.0.0/chb02/chb02_03.edf,18,
chbmit,chbmit_v1.0.0/chb02/chb02_04.edf,18,
chbmit,chbmit_v1.0.0/chb02/chb02_05.edf,18,
chbmit,chbmit_v1.0.0/chb02/chb02_06.edf,18,
chbmit,chbmit_v1.0.0/chb02/chb02_07.edf,18,
chbmit,chbmit_v1.0.0/chb02/chb02_08.edf,18,
chbmit,chbmit_v1.0.0/chb02/chb02_09.edf,18,
chbmit,chbmit_v1.0.0/chb02/chb02_10.edf,18,
chbmit,chbmit_v1.0.0/chb02/chb02_11.edf,18,
chbmit,chbmit_v1.0.0/chb02/chb02_12.edf,18,
chbmit,chbmit_v1.0.0/chb02/chb02_13.edf,18,
chbmit,chbmit_v1.0.0/chb02/chb02_14.edf,18,
chbmit,chbmit_v1.0.0/chb02/chb02_15.edf,18,
chbmit,chbmit_v1.0.0/chb02/chb02_16+.edf,18,
chbmit,chbmit_v1.0.0/chb02/chb02_16.edf,18,
chbmit,chbmit_v1.0.0/chb02/chb02_17.edf,18,
chbmit,chbmit_v1.0.0/chb02/chb02_18.edf,18,
chbmit,chbmit_v1.0.0/chb02/chb02_19.edf,18,
chbmit,chbmit_v1.0.0/chb02/chb02_20.edf,18,
chbmit,chbmit_v1.0.0/chb02/chb02_21.edf,18,
chbmit,chbmit_v1.0.0/chb02/chb02_22.edf,18,
chbmit,chbmit_v1.0.0/chb02/chb02_23.edf,18,
chbmit,chbmit_v1.0.0/chb02/chb02_24.edf,18,
chbmit,chbmit_v1.0.0/chb02/chb02_25.edf,18,
chbmit,chbmit_v1.0.0/chb02/chb02_26.edf,18,
chbmit,chbmit_v1.0.0/chb02/chb02_27.edf,18,
chbmit,chbmit_v1.0.0/chb02/chb02_28.edf,18,
chbmit,chbmit_v1.0.0/chb02/chb02_29.edf,18,
chbmit,chbmit_v1.0.0/chb02/chb02_30.edf,18,
chbmit,chbmit_v1.0.0/chb02/chb02_31.edf,18,
chbmit,chbmit_v1.0.0/chb02/chb02_32.edf,18,
chbmit,chbmit_v1.0.0/chb02/chb02_33.edf,18,
chbmit,chbmit_v1.0.0/chb02/chb02_34.edf,18,
chbmit,chbmit_v1.0.0/chb02/chb02_35.edf,18,
chbmit,chbmit_v1.0.0/chb03/chb03_01.edf,18,
chbmit,chbmit_v1.0.0/chb03/chb03_02.edf,18,
chbmit,chbmit_v1.0.0/chb03/chb03_03.edf,18,
chbmit,chbmit_v1.0.0/chb03/chb03_04.edf,18,
chbmit,chbmit_v1.0.0/chb03/chb03_05.edf,18,
chbmit,chbmit_v1.0.0/chb03/chb03_06.edf,18,
chbmit,chbmit_v1.0.0/chb03/chb03_07.edf,18,
chbmit,chbmit_v1.0.0/chb03/chb03_08.edf,18,
chbmit,chbmit_v1.0.0/chb03/chb03_09.edf,18,
chbmit,chbmit_v1.0.0/chb03/chb03_10.edf,18,
chbmit,chbmit_v1.0.0/chb03/chb03_11.edf,18,
chbmit,chbmit_v1.0.0/chb03/chb03_12.edf,18,
chbmit,chbmit_v1.0.0/chb03/chb03_13.edf,18,
chbmit,chbmit_v1.0.0/chb03/chb03_14.edf,18,
chbmit,chbmit_v1.0.0/chb03/chb03_15.edf,18,
chbmit,chbmit_v1.0.0/chb03/chb03_16.edf,18,
chbmit,chbmit_v1.0.0/chb03/chb03_17.edf,18,
chbmit,chbmit_v1.0.0/chb03/chb03_18.edf,18,
chbmit,chbmit_v1.0.0/chb03/chb03_19.edf,18,
chbmit,chbmit_v1.0.0/chb03/chb03_20.edf,18,
chbmit,chbmit_v1.0.0/chb03/chb03_21.edf,18,
chbmit,chbmit_v1.0.0/chb03/chb03_22.edf,18,
chbmit,chbmit_v1.0.0/chb03/chb03_23.edf,18,
chbmit,chbmit_v1.0.0/chb03/chb03_24.edf,18,
chbmit,chbmit_v1.0.0/chb03/chb03_25.edf,18,
chbmit,chbmit_v1.0.0/chb03/chb03_26.edf,18,
chbmit,chbmit_v1.0.0/chb03/chb03_27.edf,18,
chbmit,chbmit_v1.0.0/chb03/chb03_28.edf,18,
chbmit,chbmit_v1.0.0/chb03/chb03_29.edf,18,
chbmit,chbmit_v1.0.0/chb03/chb03_30.edf,18,
chbmit,chbmit_v1.0.0/chb03/chb03_31.edf,18,
chbmit,chbmit_v1.0.0/chb03/chb03_32.edf,18,
chbmit,chbmit_v1.0.0/chb03/chb03_33.edf,18,
chbmit,chbmit_v1.0.0/chb03/chb03_34.edf,18,
chbmit,chbmit_v1.0.0/chb03/chb03_35.edf,18,
chbmit,chbmit_v1.0.0/chb03/chb03_36.edf,18,
chbmit,chbmit_v1.0.0/chb03/chb03_37.edf,18,
chbmit,chbmit_v1.0.0/chb03/chb03_38.edf,18,
chbmit,chbmit_v1.0.0/chb04/chb04_01.edf,18,
chbmit,chbmit_v1.0.0/chb04/chb04_02.edf,18,
chbmit,chbmit_v1.0.0/chb04/chb04_03.edf,18,
chbmit,chbmit_v1.0.0/chb04/chb04_04.edf,18,
chbmit,chbmit_v1.0.0/chb04/chb04_05.edf,18,
chbmit,chbmit_v1.0.0/chb04/chb04_06.edf,18,
chbmit,chbmit_v1.0.0/chb04/chb04_07.edf,18,
chbmit,chbmit_v1.0.0/chb04/chb04_08.edf,18,
chbmit,chbmit_v1.0.0/chb04/chb04_09.edf,18,
chbmit,chbmit_v1.0.0/chb04/chb04_10.edf,18,
chbmit,chbmit_v1.0.0/chb04/chb04_11.edf,18,
chbmit,chbmit_v1.0.0/chb04/chb04_12.edf,18,
chbmit,chbmit_v1.0.0/chb04/chb04_13.edf,18,
chbmit,chbmit_v1.0.0/chb04/chb04_14.edf,18,
chbmit,chbmit_v1.0.0/chb04/chb04_15.edf,18,
chbmit,chbmit_v1.0.0/chb04/chb04_16.edf,18,
chbmit,chbmit_v1.0.0/chb04/chb04_17.edf,18,
chbmit,chbmit_v1.0.0/chb04/chb04_18.edf,18,
chbmit,chbmit_v1.0.0/chb04/chb04_19.edf,18,
chbmit,chbmit_v1.0.0/chb04/chb04_21.edf,18,
chbmit,chbmit_v1.0.0/chb04/chb04_22.edf,18,
chbmit,chbmit_v1.0.0/chb04/chb04_23.edf,18,
chbmit,chbmit_v1.0.0/chb04/chb04_24.edf,18,
chbmit,chbmit_v1.0.0/chb04/chb04_25.edf,18,
chbmit,chbmit_v1.0.0/chb04/chb04_26.edf,18,
chbmit,chbmit_v1.0.0/chb04/chb04_27.edf,18,
chbmit,chbmit_v1.0.0/chb04/chb04_28.edf,18,
chbmit,chbmit_v1.0.0/chb04/chb04_29.edf,18,
chbmit,chbmit_v1.0.0/chb04/chb04_30.edf,18,
chbmit,chbmit_v1.0.0/chb04/chb04_31.edf,18,
chbmit,chbmit_v1.0.0/chb04/chb04_32.edf,18,
chbmit,chbmit_v1.0.0/chb04/chb04_33.edf,18,
chbmit,chbmit_v1.0.0/chb04/chb04_34.edf,18,
chbmit,chbmit_v1.0.0/chb04/chb04_35.edf,18,
chbmit,chbmit_v1.0.0/chb04/chb04_36.edf,18,
chbmit,chbmit_v1.0.0/chb04/chb04_37.edf,18,
chbmit,chbmit_v1.0.0/chb04/chb04_38.edf,18,
chbmit,chbmit_v1.0.0/chb04/chb04_39.edf,18,
chbmit,chbmit_v1.0.0/chb04/chb04_40.edf,18,
chbmit,chbmit_v1.0.0/chb04/chb04_41.edf,18,
chbmit,chbmit_v1.0.0/chb04/chb04_42.edf,18,
chbmit,chbmit_v1.0.0/chb04/chb04_43.edf,18,
chbmit,chbmit_v1.0.0/chb05/chb05_01.edf,18,
chbmit,chbmit_v1.0.0/chb05/chb05_02.edf,18,
chbmit,chbmit_v1.0.0/chb05/chb05_03.edf,18,
chbmit,chbmit_v1.0.0/chb05/chb05_04.edf,18,
chbmit,chbmit_v1.0.0/chb05/chb05_05.edf,18,
chbmit,chbmit_v1.0.0/chb05/chb05_06.edf,18,
chbmit,chbmit_v1.0.0/chb05/chb05_07.edf,18,
chbmit,chbmit_v1.0.0/chb05/chb05_08.edf,18,
chbmit,chbmit_v1.0.0/chb05/chb05_09.edf,18,
chbmit,chbmit_v1.0.0/chb05/chb05_10.edf,18,
chbmit,chbmit_v1.0.0/chb05/chb05_11.edf,18,
chbmit,chbmit_v1.0.0/chb05/chb05_12.edf,18,
chbmit,chbmit_v1.0.0/chb05/chb05_13.edf,18,
chbmit,chbmit_v1.0.0/chb05/chb05_14.edf,18,
chbmit,chbmit_v1.0.0/chb05/chb05_15.edf,18,
chbmit,chbmit_v1.0.0/chb05/chb05_16.edf,18,
chbmit,chbmit_v1.0.0/chb05/chb05_17.edf,18,
chbmit,chbmit_v1.0.0/chb05/chb05_18.edf,18,
chbmit,chbmit_v1.0.0/chb05/chb05_19.edf,18,
chbmit,chbmit_v1.0.0/chb05/chb05_20.edf,18,
chbmit,chbmit_v1.0.0/chb05/chb05_21.edf,18,
chbmit,chbmit_v1.0.0/chb05/chb05_22.edf,18,
chbmit,chbmit_v1.0.0/chb05/chb05_23.edf,18,
chbmit,chbmit_v1.0.0/chb05/chb05_24.edf,18,
chbmit,chbmit_v1.0.0/chb05/chb05_25.edf,18,
chbmit,chbmit_v1.0.0/chb05/chb05_26.edf,18,
chbmit,chbmit_v1.0.0/chb05/chb05_27.edf,18,
chbmit,chbmit_v1.0.0/chb05/chb05_28.edf,18,
chbmit,chbmit_v1.0.0/chb05/chb05_29.edf,18,
chbmit,chbmit_v1.0.0/chb05/chb05_30.edf,18,
chbmit,chbmit_v1.0.0/chb05/chb05_31.edf,18,
chbmit,chbmit_v1.0.0/chb05/chb05_32.edf,18,
chbmit,chbmit_v1.0.0/chb05/chb05_33.edf,18,
chbmit,chbmit_v1.0.0/chb05/chb05_34.edf,18,
chbmit,chbmit_v1.0.0/chb05/chb05_35.edf,18,
chbmit,chbmit_v1.0.0/chb05/chb05_36.edf,18,
chbmit,chbmit_v1.0.0/chb05/chb05_37.edf,18,
chbmit,chbmit_v1.0.0/chb05/chb05_38.edf,18,
chbmit,chbmit_v1.0.0/chb05/chb05_39.edf,18,
chbmit,chbmit_v1.0.0/chb06/chb06_01.edf,18,
chbmit,chbmit_v1.0.0/chb06/chb06_02.edf,18,
chbmit,chbmit_v1.0.0/chb06/chb06_03.edf,18,
chbmit,chbmit_v1.0.0/chb06/chb06_04.edf,18,
chbmit,chbmit_v1.0.0/chb06/chb06_05.edf,18,
chbmit,chbmit_v1.0.0/chb06/chb06_06.edf,18,
chbmit,chbmit_v1.0.0/chb06/chb06_07.edf,18,
chbmit,chbmit_v1.0.0/chb06/chb06_08.edf,18,
chbmit,chbmit_v1.0.0/chb06/chb06_09.edf,18,
chbmit,chbmit_v1.0.0/chb06/chb06_10.edf,18,
chbmit,chbmit_v1.0.0/chb06/chb06_12.edf,18,
chbmit,chbmit_v1.0.0/chb06/chb06_13.edf,18,
chbmit,chbmit_v1.0.0/chb06/chb06_14.edf,18,
chbmit,chbmit_v1.0.0/chb06/chb06_15.edf,18,
chbmit,chbmit_v1.0.0/chb06/chb06_16.edf,18,
chbmit,chbmit_v1.0.0/chb06/chb06_17.edf,18,
chbmit,chbmit_v1.0.0/chb06/chb06_18.edf,18,
chbmit,chbmit_v1.0.0/chb06/chb06_24.edf,18,
chbmit,chbmit_v1.0.0/chb07/chb07_01.edf,18,
chbmit,chbmit_v1.0.0/chb07/chb07_02.edf,18,
chbmit,chbmit_v1.0.0/chb07/chb07_03.edf,18,
chbmit,chbmit_v1.0.0/chb07/chb07_04.edf,18,
chbmit,chbmit_v1.0.0/chb07/chb07_05.edf,18,
chbmit,chbmit_v1.0.0/chb07/chb07_06.edf,18,
chbmit,chbmit_v1.0.0/chb07/chb07_07.edf,18,
chbmit,chbmit_v1.0.0/chb07/chb07_08.edf,18,
chbmit,chbmit_v1.0.0/chb07/chb07_09.edf,18,
chbmit,chbmit_v1.0.0/chb07/chb07_10.edf,18,
chbmit,chbmit_v1.0.0/chb07/chb07_11.edf,18,
chbmit,chbmit_v1.0.0/chb07/chb07_12.edf,18,
chbmit,chbmit_v1.0.0/chb07/chb07_13.edf,18,
chbmit,chbmit_v1.0.0/chb07/chb07_14.edf,18,
chbmit,chbmit_v1.0.0/chb07/chb07_15.edf,18,
chbmit,chbmit_v1.0.0/chb07/chb07_16.edf,18,
chbmit,chbmit_v1.0.0/chb07/chb07_17.edf,18,
chbmit,chbmit_v1.0.0/chb07/chb07_18.edf,18,
chbmit,chbmit_v1.0.0/chb07/chb07_19.edf,18,
chbmit,chbmit_v1.0.0/chb08/chb08_02.edf,18,
chbmit,chbmit_v1.0.0/chb08/chb08_03.edf,18,
chbmit,chbmit_v1.0.0/chb08/chb08_04.edf,18,
chbmit,chbmit_v1.0.0/chb08/chb08_05.edf,18,
chbmit,chbmit_v1.0.0/chb08/chb08_10.edf,18,
chbmit,chbmit_v1.0.0/chb08/chb08_11.edf,18,
chbmit,chbmit_v1.0.0/chb08/chb08_12.edf,18,
chbmit,chbmit_v1.0.0/chb08/chb08_13.edf,18,
chbmit,chbmit_v1.0.0/chb08/chb08_14.edf,18,
chbmit,chbmit_v1.0.0/chb08/chb08_15.edf,18,
chbmit,chbmit_v1.0.0/chb08/chb08_16.edf,18,
chbmit,chbmit_v1.0.0/chb08/chb08_17.edf,18,
chbmit,chbmit_v1.0.0/chb08/chb08_18.edf,18,
chbmit,chbmit_v1.0.0/chb08/chb08_19.edf,18,
chbmit,chbmit_v1.0.0/chb08/chb08_20.edf,18,
chbmit,chbmit_v1.0.0/chb08/chb08_21.edf,18,
chbmit,chbmit_v1.0.0/chb08/chb08_22.edf,18,
chbmit,chbmit_v1.0.0/chb08/chb08_23.edf,18,
chbmit,chbmit_v1.0.0/chb08/chb08_24.edf,18,
chbmit,chbmit_v1.0.0/chb08/chb08_29.edf,18,
chbmit,chbmit_v1.0.0/chb09/chb09_01.edf,18,
chbmit,chbmit_v1.0.0/chb09/chb09_02.edf,18,
chbmit,chbmit_v1.0.0/chb09/chb09_03.edf,18,
chbmit,chbmit_v1.0.0/chb09/chb09_04.edf,18,
chbmit,chbmit_v1.0.0/chb09/chb09_05.edf,18,
chbmit,chbmit_v1.0.0/chb09/chb09_06.edf,18,
chbmit,chbmit_v1.0.0/chb09/chb09_07.edf,18,
chbmit,chbmit_v1.0.0/chb09/chb09_08.edf,18,
chbmit,chbmit_v1.0.0/chb09/chb09_09.edf,18,
chbmit,chbmit_v1.0.0/chb09/chb09_10.edf,18,
chbmit,chbmit_v1.0.0/chb09/chb09_11.edf,18,
chbmit,chbmit_v1.0.0/chb09/chb09_12.edf,18,
chbmit,chbmit_v1.0.0/chb09/chb09_13.edf,18,
chbmit,chbmit_v1.0.0/chb09/chb09_14.edf,18,
chbmit,chbmit_v1.0.0/chb09/chb09_15.edf,18,
chbmit,chbmit_v1.0.0/chb09/chb09_16.edf,18,
chbmit,chbmit_v1.0.0/chb09/chb09_17.edf,18,
chbmit,chbmit_v1.0.0/chb09/chb09_18.edf,18,
chbmit,chbmit_v1.0.0/chb09/chb09_19.edf,18,
chbmit,chbmit_v1.0.0/chb10/chb10_01.edf,18,
chbmit,chbmit_v1.0.0/chb10/chb10_02.edf,18,
chbmit,chbmit_v1.0.0/chb10/chb10_03.edf,18,
chbmit,chbmit_v1.0.0/chb10/chb10_04.edf,18,
chbmit,chbmit_v1.0.0/chb10/chb10_05.edf,18,
chbmit,chbmit_v1.0.0/chb10/chb10_06.edf,18,
chbmit,chbmit_v1.0.0/chb10/chb10_07.edf,18,
chbmit,chbmit_v1.0.0/chb10/chb10_08.edf,18,
chbmit,chbmit_v1.0.0/chb10/chb10_12.edf,18,
chbmit,chbmit_v1.0.0/chb10/chb10_13.edf,18,
chbmit,chbmit_v1.0.0/chb10/chb10_14.edf,18,
chbmit,chbmit_v1.0.0/chb10/chb10_15.edf,18,
chbmit,chbmit_v1.0.0/chb10/chb10_16.edf,18,
chbmit,chbmit_v1.0.0/chb10/chb10_17.edf,18,
chbmit,chbmit_v1.0.0/chb10/chb10_18.edf,18,
chbmit,chbmit_v1.0.0/chb10/chb10_19.edf,18,
chbmit,chbmit_v1.0.0/chb10/chb10_20.edf,18,
chbmit,chbmit_v1.0.0/chb10/chb10_21.edf,18,
chbmit,chbmit_v1.0.0/chb10/chb10_22.edf,18,
chbmit,chbmit_v1.0.0/chb10/chb10_27.edf,18,
chbmit,chbmit_v1.0.0/chb10/chb10_28.edf,18,
chbmit,chbmit_v1.0.0/chb10/chb10_30.edf,18,
chbmit,chbmit_v1.0.0/chb10/chb10_31.edf,18,
chbmit,chbmit_v1.0.0/chb10/chb10_38.edf,18,
chbmit,chbmit_v1.0.0/chb10/chb10_89.edf,18,
chbmit,chbmit_v1.0.0/chb11/chb11_01.edf,18,
chbmit,chbmit_v1.0.0/chb11/chb11_02.edf,18,
chbmit,chbmit_v1.0.0/chb11/chb11_03.edf,18,
chbmit,chbmit_v1.0.0/chb11/chb11_04.edf,18,
chbmit,chbmit_v1.0.0/chb11/chb11_05.edf,18,
chbmit,chbmit_v1.0.0/chb11/chb11_06.edf,18,
chbmit,chbmit_v1.0.0/chb11/chb11_07.edf,18,
chbmit,chbmit_v1.0.0/chb11/chb11_08.edf,18,
chbmit,chbmit_v1.0.0/chb11/chb11_09.edf,18,
chbmit,chbmit_v1.0.0/chb11/chb11_10.edf,18,
chbmit,chbmit_v1.0.0/chb11/chb11_11.edf,18,
chbmit,chbmit_v1.0.0/chb11/chb11_12.edf,18,
chbmit,chbmit_v1.0.0/chb11/chb11_13.edf,18,
chbmit,chbmit_v1.0.0/chb11/chb11_14.edf,18,
chbmit,chbmit_v1.0.0/chb11/chb11_15.edf,18,
chbmit,chbmit_v1.0.0/chb11/chb11_16.edf,18,
chbmit,chbmit_v1.0.0/chb11/chb11_17.edf,18,
chbmit,chbmit_v1.0.0/chb11/chb11_18.edf,18,
chbmit,chbmit_v1.0.0/chb11/chb11_19.edf,18,
chbmit,chbmit_v1.0.0/chb11/chb11_24.edf,18,
chbmit,chbmit_v1.0.0/chb11/chb11_25.edf,18,
chbmit,chbmit_v1.0.0/chb11/chb11_26.edf,18,
chbmit,chbmit_v1.0.0/chb11/chb11_27.edf,18,
chbmit,chbmit_v1.0.0/chb11/chb11_53.edf,18,
chbmit,chbmit_v1.0.0/chb11/chb11_54.edf,18,
chbmit,chbmit_v1.0.0/chb11/chb11_55.edf,18,
chbmit,chbmit_v1.0.0/chb11/chb11_56.edf,18,
chbmit,chbmit_v1.0.0/chb11/chb11_58.edf,18,
chbmit,chbmit_v1.0.0/chb11/chb11_60.edf,18,
chbmit,chbmit_v1.0.0/chb11/chb11_61.edf,18,
chbmit,chbmit_v1.0.0/chb11/chb11_62.edf,18,
chbmit,chbmit_v1.0.0/chb11/chb11_63.edf,18,
chbmit,chbmit_v1.0.0/chb11/chb11_82.edf,18,
chbmit,chbmit_v1.0.0/chb11/chb11_92.edf,18,
chbmit,chbmit_v1.0.0/chb11/chb11_99.edf,18,
chbmit,chbmit_v1.0.0/chb12/chb12_06.edf,18,
chbmit,chbmit_v1.0.0/chb12/chb12_08.edf,18,
chbmit,chbmit_v1.0.0/chb12/chb12_09.edf,18,
chbmit,chbmit_v1.0.0/chb12/chb12_10.edf,18,
chbmit,chbmit_v1.0.0/chb12/chb12_11.edf,18,
chbmit,chbmit_v1.0.0/chb12/chb12_19.edf,18,
chbmit,chbmit_v1.0.0/chb12/chb12_20.edf,18,
chbmit,chbmit_v1.0.0/chb12/chb12_21.edf,18,
chbmit,chbmit_v1.0.0/chb12/chb12_23.edf,18,
chbmit,chbmit_v1.0.0/chb12/chb12_24.edf,18,
chbmit,chbmit_v1.0.0/chb12/chb12_27.edf,18,
chbmit,chbmit_v1.0.0/chb12/chb12_28.edf,18,
chbmit,chbmit_v1.0.0/chb12/chb12_29.edf,18,
chbmit,chbmit_v1.0.0/chb12/chb12_32.edf,18,
chbmit,chbmit_v1.0.0/chb12/chb12_33.edf,18,
chbmit,chbmit_v1.0.0/chb12/chb12_34.edf,18,
chbmit,chbmit_v1.0.0/chb12/chb12_35.edf,18,
chbmit,chbmit_v1.0.0/chb12/chb12_36.edf,18,
chbmit,chbmit_v1.0.0/chb12/chb12_37.edf,18,
chbmit,chbmit_v1.0.0/chb12/chb12_38.edf,18,
chbmit,chbmit_v1.0.0/chb12/chb12_39.edf,18,
chbmit,chbmit_v1.0.0/chb12/chb12_40.edf,18,
chbmit,chbmit_v1.0.0/chb12/chb12_41.edf,18,
chbmit,chbmit_v1.0.0/chb12/chb12_42.edf,18,
chbmit,chbmit_v1.0.0/chb13/chb13_02.edf,18,
chbmit,chbmit_v1.0.0/chb13/chb13_03.edf,18,
chbmit,chbmit_v1.0.0/chb13/chb13_04.edf,18,
chbmit,chbmit_v1.0.0/chb13/chb13_05.edf,18,
chbmit,chbmit_v1.0.0/chb13/chb13_06.edf,18,
chbmit,chbmit_v1.0.0/chb13/chb13_07.edf,18,
chbmit,chbmit_v1.0.0/chb13/chb13_08.edf,18,
chbmit,chbmit_v1.0.0/chb13/chb13_09.edf,18,
chbmit,chbmit_v1.0.0/chb13/chb13_10.edf,18,
chbmit,chbmit_v1.0.0/chb13/chb13_11.edf,18,
chbmit,chbmit_v1.0.0/chb13/chb13_12.edf,18,
chbmit,chbmit_v1.0.0/chb13/chb13_13.edf,18,
chbmit,chbmit_v1.0.0/chb13/chb13_14.edf,18,
chbmit,chbmit_v1.0.0/chb13/chb13_15.edf,18,
chbmit,chbmit_v1.0.0/chb13/chb13_16.edf,18,
chbmit,chbmit_v1.0.0/chb13/chb13_18.edf,18,
chbmit,chbmit_v1.0.0/chb13/chb13_19.edf,18,
chbmit,chbmit_v1.0.0/chb13/chb13_21.edf,18,
chbmit,chbmit_v1.0.0/chb13/chb13_22.edf,18,
chbmit,chbmit_v1.0.0/chb13/chb13_24.edf,18,
chbmit,chbmit_v1.0.0/chb13/chb13_30.edf,18,
chbmit,chbmit_v1.0.0/chb13/chb13_36.edf,18,
chbmit,chbmit_v1.0.0/chb13/chb13_37.edf,18,
chbmit,chbmit_v1.0.0/chb13/chb13_38.edf,18,
chbmit,chbmit_v1.0.0/chb13/chb13_39.edf,18,
chbmit,chbmit_v1.0.0/chb13/chb13_40.edf,18,
chbmit,chbmit_v1.0.0/chb13/chb13_47.edf,18,
chbmit,chbmit_v1.0.0/chb13/chb13_55.edf,18,
chbmit,chbmit_v1.0.0/chb13/chb13_56.edf,18,
chbmit,chbmit_v1.0.0/chb13/chb13_58.edf,18,
chbmit,chbmit_v1.0.0/chb13/chb13_59.edf,18,
chbmit,chbmit_v1.0.0/chb13/chb13_60.edf,18,
chbmit,chbmit_v1.0.0/chb13/chb13_62.edf,18,
chbmit,chbmit_v1.0.0/chb14/chb14_01.edf,18,
chbmit,chbmit_v1.0.0/chb14/chb14_02.edf,18,
chbmit,chbmit_v1.0.0/chb14/chb14_03.edf,18,
chbmit,chbmit_v1.0.0/chb14/chb14_04.edf,18,
chbmit,chbmit_v1.0.0/chb14/chb14_06.edf,18,
chbmit,chbmit_v1.0.0/chb14/chb14_07.edf,18,
chbmit,chbmit_v1.0.0/chb14/chb14_11.edf,18,
chbmit,chbmit_v1.0.0/chb14/chb14_12.edf,18,
chbmit,chbmit_v1.0.0/chb14/chb14_13.edf,18,
chbmit,chbmit_v1.0.0/chb14/chb14_14.edf,18,
chbmit,chbmit_v1.0.0/chb14/chb14_16.edf,18,
chbmit,chbmit_v1.0.0/chb14/chb14_17.edf,18,
chbmit,chbmit_v1.0.0/chb14/chb14_18.edf,18,
chbmit,chbmit_v1.0.0/chb14/chb14_19.edf,18,
chbmit,chbmit_v1.0.0/chb14/chb14_20.edf,18,
chbmit,chbmit_v1.0.0/chb14/chb14_22.edf,18,
chbmit,chbmit_v1.0.0/chb14/chb14_24.edf,18,
chbmit,chbmit_v1.0.0/chb14/chb14_25.edf,18,
chbmit,chbmit_v1.0.0/chb14/chb14_26.edf,18,
chbmit,chbmit_v1.0.0/chb14/chb14_27.edf,18,
chbmit,chbmit_v1.0.0/chb14/chb14_29.edf,18,
chbmit,chbmit_v1.0.0/chb14/chb14_30.edf,18,
chbmit,chbmit_v1.0.0/chb14/chb14_32.edf,18,
chbmit,chbmit_v1.0.0/chb14/chb14_37.edf,18,
chbmit,chbmit_v1.0.0/chb14/chb14_39.edf,18,
chbmit,chbmit_v1.0.0/chb14/chb14_42.edf,18,
chbmit,chbmit_v1.0.0/chb15/chb15_01.edf,18,
chbmit,chbmit_v1.0.0/chb15/chb15_02.edf,18,
chbmit,chbmit_v1.0.0/chb15/chb15_03.edf,18,
chbmit,chbmit_v1.0.0/chb15/chb15_04.edf,18,
chbmit,chbmit_v1.0.0/chb15/chb15_05.edf,18,
chbmit,chbmit_v1.0.0/chb15/chb15_06.edf,18,
chbmit,chbmit_v1.0.0/chb15/chb15_07.edf,18,
chbmit,chbmit_v1.0.0/chb15/chb15_08.edf,18,
chbmit,chbmit_v1.0.0/chb15/chb15_09.edf,18,
chbmit,chbmit_v1.0.0/chb15/chb15_10.edf,18,
chbmit,chbmit_v1.0.0/chb15/chb15_11.edf,18,
chbmit,chbmit_v1.0.0/chb15/chb15_12.edf,18,
chbmit,chbmit_v1.0.0/chb15/chb15_13.edf,18,
chbmit,chbmit_v1.0.0/chb15/chb15_14.edf,18,
chbmit,chbmit_v1.0.0/chb15/chb15_15.edf,18,
chbmit,chbmit_v1.0.0/chb15/chb15_16.edf,18,
chbmit,chbmit_v1.0.0/chb15/chb15_17.edf,18,
chbmit,chbmit_v1.0.0/chb15/chb15_19.edf,18,
chbmit,chbmit_v1.0.0/chb15/chb15_20.edf,18,
chbmit,chbmit_v1.0.0/chb15/chb15_22.edf,18,
chbmit,chbmit_v1.0.0/chb15/chb15_26.edf,18,
chbmit,chbmit_v1.0.0/chb15/chb15_28.edf,18,
chbmit,chbmit_v1.0.0/chb15/chb15_29.edf,18,
chbmit,chbmit_v1.0.0/chb15/chb15_30.edf,18,
chbmit,chbmit_v1.0.0/chb15/chb15_31.edf,18,
chbmit,chbmit_v1.0.0/chb15/chb15_32.edf,18,
chbmit,chbmit_v1.0.0/chb15/chb15_33.edf,18,
chbmit,chbmit_v1.0.0/chb15/chb15_35.edf,18,
chbmit,chbmit_v1.0.0/chb15/chb15_37.edf,18,
chbmit,chbmit_v1.0.0/chb15/chb15_40.edf,18,
chbmit,chbmit_v1.0.0/chb15/chb15_45.edf,18,
chbmit,chbmit_v1.0.0/chb15/chb15_46.edf,18,
chbmit,chbmit_v1.0.0/chb15/chb15_49.edf,18,
chbmit,chbmit_v1.0.0/chb15/chb15_50.edf,18,
chbmit,chbmit_v1.0.0/chb15/chb15_51.edf,18,
chbmit,chbmit_v1.0.0/chb15/chb15_52.edf,18,
chbmit,chbmit_v1.0.0/chb15/chb15_54.edf,18,
chbmit,chbmit_v1.0.0/chb15/chb15_61.edf,18,
chbmit,chbmit_v1.0.0/chb15/chb15_62.edf,18,
chbmit,chbmit_v1.0.0/chb15/chb15_63.edf,18,
chbmit,chbmit_v1.0.0/chb16/chb16_01.edf,18,
chbmit,chbmit_v1.0.0/chb16/chb16_02.edf,18,
chbmit,chbmit_v1.0.0/chb16/chb16_03.edf,18,
chbmit,chbmit_v1.0.0/chb16/chb16_04.edf,18,
chbmit,chbmit_v1.0.0/chb16/chb16_05.edf,18,
chbmit,chbmit_v1.0.0/chb16/chb16_06.edf,18,
chbmit,chbmit_v1.0.0/chb16/chb16_07.edf,18,
chbmit,chbmit_v1.0.0/chb16/chb16_08.edf,18,
chbmit,chbmit_v1.0.0/chb16/chb16_09.edf,18,
chbmit,chbmit_v1.0.0/chb16/chb16_10.edf,18,
chbmit,chbmit_v1.0.0/chb16/chb16_11.edf,18,
chbmit,chbmit_v1.0.0/chb16/chb16_12.edf,18,
chbmit,chbmit_v1.0.0/chb16/chb16_13.edf,18,
chbmit,chbmit_v1.0.0/chb16/chb16_14.edf,18,
chbmit,chbmit_v1.0.0/chb16/chb16_15.edf,18,
chbmit,chbmit_v1.0.0/chb16/chb16_16.edf,18,
chbmit,chbmit_v1.0.0/chb16/chb16_17.edf,18,
chbmit,chbmit_v1.0.0/chb16/chb16_18.edf,18,
chbmit,chbmit_v1.0.0/chb16/chb16_19.edf,18,
chbmit,chbmit_v1.0.0/chb17/chb17a_03.edf,18,
chbmit,chbmit_v1.0.0/chb17/chb17a_04.edf,18,
chbmit,chbmit_v1.0.0/chb17/chb17a_05.edf,18,
chbmit,chbmit_v1.0.0/chb17/chb17a_06.edf,18,
chbmit,chbmit_v1.0.0/chb17/chb17a_08.edf,18,
chbmit,chbmit_v1.0.0/chb17/chb17b_57.edf,18,
chbmit,chbmit_v1.0.0/chb17/chb17b_58.edf,18,
chbmit,chbmit_v1.0.0/chb17/chb17b_59.edf,18,
chbmit,chbmit_v1.0.0/chb17/chb17b_60.edf,18,
chbmit,chbmit_v1.0.0/chb17/chb17b_63.edf,18,
chbmit,chbmit_v1.0.0/chb17/chb17b_67.edf,18,
chbmit,chbmit_v1.0.0/chb17/chb17b_68.edf,18,
chbmit,chbmit_v1.0.0/chb17/chb17b_69.edf,18,
chbmit,chbmit_v1.0.0/chb17/chb17c_02.edf,18,
chbmit,chbmit_v1.0.0/chb17/chb17c_03.edf,18,
chbmit,chbmit_v1.0.0/chb17/chb17c_04.edf,18,
chbmit,chbmit_v1.0.0/chb17/chb17c_05.edf,18,
chbmit,chbmit_v1.0.0/chb17/chb17c_06.edf,18,
chbmit,chbmit_v1.0.0/chb17/chb17c_07.edf,18,
chbmit,chbmit_v1.0.0/chb17/chb17c_08.edf,18,
chbmit,chbmit_v1.0.0/chb17/chb17c_13.edf,18,
chbmit,chbmit_v1.0.0/chb18/chb18_01.edf,18,
chbmit,chbmit_v1.0.0/chb18/chb18_02.edf,18,
chbmit,chbmit_v1.0.0/chb18/chb18_03.edf,18,
chbmit,chbmit_v1.0.0/chb18/chb18_04.edf,18,
chbmit,chbmit_v1.0.0/chb18/chb18_05.edf,18,
chbmit,chbmit_v1.0.0/chb18/chb18_06.edf,18,
chbmit,chbmit_v1.0.0/chb18/chb18_07.edf,18,
chbmit,chbmit_v1.0.0/chb18/chb18_08.edf,18,
chbmit,chbmit_v1.0.0/chb18/chb18_09.edf,18,
chbmit,chbmit_v1.0.0/chb18/chb18_10.edf,18,
chbmit,chbmit_v1.0.0/chb18/chb18_11.edf,18,
chbmit,chbmit_v1.0.0/chb18/chb18_12.edf,18,
chbmit,chbmit_v1.0.0/chb18/chb18_13.edf,18,
chbmit,chbmit_v1.0.0/chb18/chb18_14.edf,18,
chbmit,chbmit_v1.0.0/chb18/chb18_15.edf,18,
chbmit,chbmit_v1.0.0/chb18/chb18_16.edf,18,
chbmit,chbmit_v1.0.0/chb18/chb18_17.edf,18,
chbmit,chbmit_v1.0.0/chb18/chb18_18.edf,18,
chbmit,chbmit_v1.0.0/chb18/chb18_19.edf,18,
chbmit,chbmit_v1.0.0/chb18/chb18_20.edf,18,
chbmit,chbmit_v1.0.0/chb18/chb18_21.edf,18,
chbmit,chbmit_v1.0.0/chb18/chb18_22.edf,18,
chbmit,chbmit_v1.0.0/chb18/chb18_23.edf,18,
chbmit,chbmit_v1.0.0/chb18/chb18_24.edf,18,
chbmit,chbmit_v1.0.0/chb18/chb18_25.edf,18,
chbmit,chbmit_v1.0.0/chb18/chb18_26.edf,18,
chbmit,chbmit_v1.0.0/chb18/chb18_27.edf,18,
chbmit,chbmit_v1.0.0/chb18/chb18_28.edf,18,
chbmit,chbmit_v1.0.0/chb18/chb18_29.edf,18,
chbmit,chbmit_v1.0.0/chb18/chb18_30.edf,18,
chbmit,chbmit_v1.0.0/chb18/chb18_31.edf,18,
chbmit,chbmit_v1.0.0/chb18/chb18_32.edf,18,
chbmit,chbmit_v1.0.0/chb18/chb18_33.edf,18,
chbmit,chbmit_v1.0.0/chb18/chb18_34.edf,18,
chbmit,chbmit_v1.0.0/chb18/chb18_35.edf,18,
chbmit,chbmit_v1.0.0/chb18/chb18_36.edf,18,
chbmit,chbmit_v1.0.0/chb19/chb19_01.edf,18,
chbmit,chbmit_v1.0.0/chb19/chb19_02.edf,18,
chbmit,chbmit_v1.0.0/chb19/chb19_03.edf,18,
chbmit,chbmit_v1.0.0/chb19/chb19_04.edf,18,
chbmit,chbmit_v1.0.0/chb19/chb19_05.edf,18,
chbmit,chbmit_v1.0.0/chb19/chb19_06.edf,18,
chbmit,chbmit_v1.0.0/chb19/chb19_07.edf,18,
chbmit,chbmit_v1.0.0/chb19/chb19_08.edf,18,
chbmit,chbmit_v1.0.0/chb19/chb19_09.edf,18,
chbmit,chbmit_v1.0.0/chb19/chb19_10.edf,18,
chbmit,chbmit_v1.0.0/chb19/chb19_11.edf,18,
chbmit,chbmit_v1.0.0/chb19/chb19_12.edf,18,
chbmit,chbmit_v1.0.0/chb19/chb19_13.edf,18,
chbmit,chbmit_v1.0.0/chb19/chb19_14.edf,18,
chbmit,chbmit_v1.0.0/chb19/chb19_15.edf,18,
chbmit,chbmit_v1.0.0/chb19/chb19_16.edf,18,
chbmit,chbmit_v1.0.0/chb19/chb19_17.edf,18,
chbmit,chbmit_v1.0.0/chb19/chb19_18.edf,18,
chbmit,chbmit_v1.0.0/chb19/chb19_19.edf,18,
chbmit,chbmit_v1.0.0/chb19/chb19_20.edf,18,
chbmit,chbmit_v1.0.0/chb19/chb19_21.edf,18,
chbmit,chbmit_v1.0.0/chb19/chb19_22.edf,18,
chbmit,chbmit_v1.0.0/chb19/chb19_23.edf,18,
chbmit,chbmit_v1.0.0/chb19/chb19_24.edf,18,
chbmit,chbmit_v1.0.0/chb19/chb19_25.edf,18,
chbmit,chbmit_v1.0.0/chb19/chb19_26.edf,18,
chbmit,chbmit_v1.0.0/chb19/chb19_27.edf,18,
chbmit,chbmit_v1.0.0/chb19/chb19_28.edf,18,
chbmit,chbmit_v1.0.0/chb19/chb19_29.edf,18,
chbmit,chbmit_v1.0.0/chb19/chb19_30.edf,18,
chbmit,chbmit_v1.0.0/chb20/chb20_01.edf,18,
chbmit,chbmit_v1.0.0/chb20/chb20_02.edf,18,
chbmit,chbmit_v1.0.0/chb20/chb20_03.edf,18,
chbmit,chbmit_v1.0.0/chb20/chb20_04.edf,18,
chbmit,chbmit_v1.0.0/chb20/chb20_05.edf,18,
chbmit,chbmit_v1.0.0/chb20/chb20_06.edf,18,
chbmit,chbmit_v1.0.0/chb20/chb20_07.edf,18,
chbmit,chbmit_v1.0.0/chb20/chb20_08.edf,18,
chbmit,chbmit_v1.0.0/chb20/chb20_11.edf,18,
chbmit,chbmit_v1.0.0/chb20/chb20_12.edf,18,
chbmit,chbmit_v1.0.0/chb20/chb20_13.edf,18,
chbmit,chbmit_v1.0.0/chb20/chb20_14.edf,18,
chbmit,chbmit_v1.0.0/chb20/chb20_15.edf,18,
chbmit,chbmit_v1.0.0/chb20/chb20_16.edf,18,
chbmit,chbmit_v1.0.0/chb20/chb20_17.edf,18,
chbmit,chbmit_v1.0.0/chb20/chb20_21.edf,18,
chbmit,chbmit_v1.0.0/chb20/chb20_22.edf,18,
chbmit,chbmit_v1.0.0/chb20/chb20_23.edf,18,
chbmit,chbmit_v1.0.0/chb20/chb20_25.edf,18,
chbmit,chbmit_v1.0.0/chb20/chb20_26.edf,18,
chbmit,chbmit_v1.0.0/chb20/chb20_27.edf,18,
chbmit,chbmit_v1.0.0/chb20/chb20_28.edf,18,
chbmit,chbmit_v1.0.0/chb20/chb20_29.edf,18,
chbmit,chbmit_v1.0.0/chb20/chb20_30.edf,18,
chbmit,chbmit_v1.0.0/chb20/chb20_31.edf,18,
chbmit,chbmit_v1.0.0/chb20/chb20_34.edf,18,
chbmit,chbmit_v1.0.0/chb20/chb20_59.edf,18,
chbmit,chbmit_v1.0.0/chb20/chb20_60.edf,18,
chbmit,chbmit_v1.0.0/chb20/chb20_68.edf,18,
chbmit,chbmit_v1.0.0/chb21/chb21_01.edf,18,
chbmit,chbmit_v1.0.0/chb21/chb21_02.edf,18,
chbmit,chbmit_v1.0.0/chb21/chb21_03.edf,18,
chbmit,chbmit_v1.0.0/chb21/chb21_04.edf,18,
chbmit,chbmit_v1.0.0/chb21/chb21_05.edf,18,
chbmit,chbmit_v1.0.0/chb21/chb21_06.edf,18,
chbmit,chbmit_v1.0.0/chb21/chb21_07.edf,18,
chbmit,chbmit_v1.0.0/chb21/chb21_08.edf,18,
chbmit,chbmit_v1.0.0/chb21/chb21_09.edf,18,
chbmit,chbmit_v1.0.0/chb21/chb21_10.edf,18,
chbmit,chbmit_v1.0.0/chb21/chb21_11.edf,18,
chbmit,chbmit_v1.0.0/chb21/chb21_12.edf,18,
chbmit,chbmit_v1.0.0/chb21/chb21_13.edf,18,
chbmit,chbmit_v1.0.0/chb21/chb21_14.edf,18,
chbmit,chbmit_v1.0.0/chb21/chb21_15.edf,18,
chbmit,chbmit_v1.0.0/chb21/chb21_16.edf,18,
chbmit,chbmit_v1.0.0/chb21/chb21_17.edf,18,
chbmit,chbmit_v1.0.0/chb21/chb21_18.edf,18,
chbmit,chbmit_v1.0.0/chb21/chb21_19.edf,18,
chbmit,chbmit_v1.0.0/chb21/chb21_20.edf,18,
chbmit,chbmit_v1.0.0/chb21/chb21_21.edf,18,
chbmit,chbmit_v1.0.0/chb21/chb21_22.edf,18,
chbmit,chbmit_v1.0.0/chb21/chb21_23.edf,18,
chbmit,chbmit_v1.0.0/chb21/chb21_24.edf,18,
chbmit,chbmit_v1.0.0/chb21/chb21_25.edf,18,
chbmit,chbmit_v1.0.0/chb21/chb21_26.edf,18,
chbmit,chbmit_v1.0.0/chb21/chb21_27.edf,18,
chbmit,chbmit_v1.0.0/chb21/chb21_28.edf,18,
chbmit,chbmit_v1.0.0/chb21/chb21_29.edf,18,
chbmit,chbmit_v1.0.0/chb21/chb21_30.edf,18,
chbmit,chbmit_v1.0.0/chb21/chb21_31.edf,18,
chbmit,chbmit_v1.0.0/chb21/chb21_32.edf,18,
chbmit,chbmit_v1.0.0/chb21/chb21_33.edf,18,
chbmit,chbmit_v1.0.0/chb22/chb22_01.edf,18,
chbmit,chbmit_v1.0.0/chb22/chb22_02.edf,18,
chbmit,chbmit_v1.0.0/chb22/chb22_03.edf,18,
chbmit,chbmit_v1.0.0/chb22/chb22_04.edf,18,
chbmit,chbmit_v1.0.0/chb22/chb22_05.edf,18,
chbmit,chbmit_v1.0.0/chb22/chb22_06.edf,18,
chbmit,chbmit_v1.0.0/chb22/chb22_07.edf,18,
chbmit,chbmit_v1.0.0/chb22/chb22_08.edf,18,
chbmit,chbmit_v1.0.0/chb22/chb22_09.edf,18,
chbmit,chbmit_v1.0.0/chb22/chb22_10.edf,18,
chbmit,chbmit_v1.0.0/chb22/chb22_11.edf,18,
chbmit,chbmit_v1.0.0/chb22/chb22_15.edf,18,
chbmit,chbmit_v1.0.0/chb22/chb22_16.edf,18,
chbmit,chbmit_v1.0.0/chb22/chb22_17.edf,18,
chbmit,chbmit_v1.0.0/chb22/chb22_18.edf,18,
chbmit,chbmit_v1.0.0/chb22/chb22_19.edf,18,
chbmit,chbmit_v1.0.0/chb22/chb22_20.edf,18,
chbmit,chbmit_v1.0.0/chb22/chb22_21.edf,18,
chbmit,chbmit_v1.0.0/chb22/chb22_22.edf,18,
chbmit,chbmit_v1.0.0/chb22/chb22_23.edf,18,
chbmit,chbmit_v1.0.0/chb22/chb22_24.edf,18,
chbmit,chbmit_v1.0.0/chb22/chb22_25.edf,18,
chbmit,chbmit_v1.0.0/chb22/chb22_26.edf,18,
chbmit,chbmit_v1.0.0/chb22/chb22_27.edf,18,
chbmit,chbmit_v1.0.0/chb22/chb22_28.edf,18,
chbmit,chbmit_v1.0.0/chb22/chb22_29.edf,18,
chbmit,chbmit_v1.0.0/chb22/chb22_30.edf,18,
chbmit,chbmit_v1.0.0/chb22/chb22_38.edf,18,
chbmit,chbmit_v1.0.0/chb22/chb22_51.edf,18,
chbmit,chbmit_v1.0.0/chb22/chb22_54.edf,18,
chbmit,chbmit_v1.0.0/chb22/chb22_77.edf,18,
chbmit,chbmit_v1.0.0/chb23/chb23_06.edf,18,
chbmit,chbmit_v1.0.0/chb23/chb23_07.edf,18,
chbmit,chbmit_v1.0.0/chb23/chb23_08.edf,18,
chbmit,chbmit_v1.0.0/chb23/chb23_09.edf,18,
chbmit,chbmit_v1.0.0/chb23/chb23_10.edf,18,
chbmit,chbmit_v1.0.0/chb23/chb23_16.edf,18,
chbmit,chbmit_v1.0.0/chb23/chb23_17.edf,18,
chbmit,chbmit_v1.0.0/chb23/chb23_19.edf,18,
chbmit,chbmit_v1.0.0/chb23/chb23_20.edf,18,
chbmit,chbmit_v1.0.0/chb24/chb24_01.edf,18,
chbmit,chbmit_v1.0.0/chb24/chb24_02.edf,18,
chbmit,chbmit_v1.0.0/chb24/chb24_03.edf,18,
chbmit,chbmit_v1.0.0/chb24/chb24_04.edf,18,
chbmit,chbmit_v1.0.0/chb24/chb24_05.edf,18,
chbmit,chbmit_v1.0.0/chb24/chb24_06.edf,18,
chbmit,chbmit_v1.0.0/chb24/chb24_07.edf,18,
chbmit,chbmit_v1.0.0/chb24/chb24_08.edf,18,
chbmit,chbmit_v1.0.0/chb24/chb24_09.edf,18,
chbmit,chbmit_v1.0.0/chb24/chb24_10.edf,18,
chbmit,chbmit_v1.0.0/chb24/chb24_11.edf,18,
chbmit,chbmit_v1.0.0/chb24/chb24_12.edf,18,
chbmit,chbmit_v1.0.0/chb24/chb24_13.edf,18,
chbmit,chbmit_v1.0.0/chb24/chb24_14.edf,18,
chbmit,chbmit_v1.0.0/chb24/chb24_15.edf,18,
chbmit,chbmit_v1.0.0/chb24/chb24_16.edf,18,
chbmit,chbmit_v1.0.0/chb24/chb24_17.edf,18,
chbmit,chbmit_v1.0.0/chb24/chb24_18.edf,18,
chbmit,chbmit_v1.0.0/chb24/chb24_19.edf,18,
chbmit,chbmit_v1.0.0/chb24/chb24_20.edf,18,
chbmit,chbmit_v1.0.0/chb24/chb24_21.edf,18,
chbmit,chbmit_v1.0.0/chb24/chb24_22.edf,18,
siena,siena_v1.0.0/PN00/PN00-1.edf,18,
siena,siena_v1.0.0/PN00/PN00-2.edf,18,
siena,siena_v1.0.0/PN00/PN00-3.edf,18,
siena,siena_v1.0.0/PN00/PN00-4.edf,18,
siena,siena_v1.0.0/PN00/PN00-5.edf,18,
siena,siena_v1.0.0/PN01/PN01-1.edf,18,
siena,siena_v1.0.0/PN03/PN03-1.edf,18,
siena,siena_v1.0.0/PN03/PN03-2.edf,18,
siena,siena_v1.0.0/PN05/PN05-2.edf,18,
siena,siena_v1.0.0/PN05/PN05-3.edf,18,
siena,siena_v1.0.0/PN05/PN05-4.edf,18,
siena,siena_v1.0.0/PN06/PN06-1.edf,18,
siena,siena_v1.0.0/PN06/PN06-2.edf,18,
siena,siena_v1.0.0/PN06/PN06-3.edf,18,
siena,siena_v1.0.0/PN06/PN06-4.edf,18,
siena,siena_v1.0.0/PN06/PN06-5.edf,18,
siena,siena_v1.0.0/PN07/PN07-1.edf,18,
siena,siena_v1.0.0/PN09/PN09-1.edf,18,
siena,siena_v1.0.0/PN09/PN09-2.edf,18,
siena,siena_v1.0.0/PN09/PN09-3.edf,18,
siena,siena_v1.0.0/PN10/PN10-1.edf,18,
siena,siena_v1.0.0/PN10/PN10-10.edf,18,
siena,siena_v1.0.0/PN10/PN10-2.edf,18,
siena,siena_v1.0.0/PN10/PN10-3.edf,18,
siena,siena_v1.0.0/PN10/PN10-4.5.6.edf,18,
siena,siena_v1.0.0/PN10/PN10-7.8.9.edf,18,
siena,siena_v1.0.0/PN11/PN11-1.edf,18,
siena,siena_v1.0.0/PN12/PN12-1.2.edf,18,
siena,siena_v1.0.0/PN12/PN12-3.edf,18,
siena,siena_v1.0.0/PN12/PN12-4.edf,18,
siena,siena_v1.0.0/PN13/PN13-1.edf,18,
siena,siena_v1.0.0/PN13/PN13-2.edf,18,
siena,siena_v1.0.0/PN13/PN13-3.edf,18,
siena,siena_v1.0.0/PN14/PN14-1.edf,18,
siena,siena_v1.0.0/PN14/PN14-2.edf,18,
siena,siena_v1.0.0/PN14/PN14-3.edf,18,
siena,siena_v1.0.0/PN14/PN14-4.edf,18,
siena,siena_v1.0.0/PN16/PN16-1.edf,18,
siena,siena_v1.0.0/PN16/PN16-2.edf,18,
siena,siena_v1.0.0/PN17/PN17-1.edf,18,
siena,siena_v1.0.0/PN17/PN17-2.edf,18,
tusz,tusz_v2.0.6/edf/dev/aaaaaajy/s001_2003/02_tcp_le/aaaaaajy_s001_t000.edf,18,
tusz,tusz_v2.0.6/edf/dev/aaaaaajy/s002_2003/01_tcp_ar/aaaaaajy_s002_t000.edf,18,
tusz,tusz_v2.0.6/edf/dev/aaaaaajy/s002_2003/01_tcp_ar/aaaaaajy_s002_t001.edf,18,
tusz,tusz_v2.0.6/edf/dev/aaaaaajy/s002_2003/01_tcp_ar/aaaaaajy_s002_t002.edf,18,
tusz,tusz_v2.0.6/edf/dev/aaaaaajy/s003_2003/01_tcp_ar/aaaaaajy_s003_t000.edf,18,
tusz,tusz_v2.0.6/edf/dev/aaaaaajy/s003_2003/01_tcp_ar/aaaaaajy_s003_t001.edf,18,
tusz,tusz_v2.0.6/edf/dev/aaaaaajy/s003_2003/01_tcp_ar/aaaaaajy_s003_t002.edf,18,
tusz,tusz_v2.0.6/edf/dev/aaaaaajy/s003_2003/01_tcp_ar/aaaaaajy_s003_t003.edf,18,
tusz,tusz_v2.0.6/edf/dev/aaaaaajy/s003_2003/01_tcp_ar/aaaaaajy_s003_t004.edf,18,
tusz,tusz_v2.0.6/edf/dev/aaaaaajy/s003_2003/01_tcp_ar/aaaaaajy_s003_t005.edf,18,
tusz,tusz_v2.0.6/edf/dev/aaaaaajy/s004_2003/02_tcp_le/aaaaaajy_s004_t000.edf,18,
tusz,tusz_v2.0.6/edf/dev/aaaaaayf/s001_2003/02_tcp_le/aaaaaayf_s001_t000.edf,18,
tusz,tusz_v2.0.6/edf/dev/aaaaaayf/s001_2003/02_tcp_le/aaaaaayf_s001_t001.edf,18,
tusz,tusz_v2.0.6/edf/dev/aaaaaayf/s002_2003/02_tcp_le/aaaaaayf_s002_t000.edf,18,
tusz,tusz_v2.0.6/edf/dev/aaaaaayf/s002_2003/02_tcp_le/aaaaaayf_s002_t001.edf,18,
tusz,tusz_v2.0.6/edf/dev/aaaaaayf/s002_2003/02_tcp_le/aaaaaayf_s002_t002.edf,18,
tusz,tusz_v2.0.6/edf/dev/aaaaaayf/s003_2003/01_tcp_ar/aaaaaayf_s003_t000.edf,18,
tusz,tusz_v2.0.6/edf/dev/aaaaaayf/s004_2003/01_tcp_ar/aaaaaayf_s004_t000.edf,18,
tusz,tusz_v2.0.6/edf/dev/aaaaaayf/s004_2003/01_tcp_ar/aaaaaayf_s004_t001.edf,18,
tusz,tusz_v2.0.6/edf/dev/aaaaaayf/s004_2003/01_tcp_ar/aaaaaayf_s004_t002.edf,18,
tusz,tusz_v2.0.6/edf/dev/aaaaaayf/s004_2003/01_tcp_ar/aaaaaayf_s004_t003.edf,18,
tusz,tusz_v2.0.6/edf/dev/aaaaaazz/s001_2003/02_tcp_le/aaaaaazz_s001_t001.edf,18,
tusz,tusz_v2.0.6/edf/dev/aaaaaazz/s002_2006/02_tcp_le/aaaaaazz_s002_t001.edf,18,
tusz,tusz_v2.0.6/edf/dev/aaaaabep/s001_2003/02_tcp_le/aaaaabep_s001_t001.edf,18,
tusz,tusz_v2.0.6/edf/dev/aaaaabep/s001_2003/02_tcp_le/aaaaabep_s001_t002.edf,18,
tusz,tusz_v2.0.6/edf/dev/aaaaabxe/s001_2003/02_tcp_le/aaaaabxe_s001_t001.edf,18,
tusz,tusz_v2.0.6/edf/dev/aaaaabxe/s002_2003/01_tcp_ar/aaaaabxe_s002_t000.edf,18,
tusz,tusz_v2.0.6/edf/dev/aaaaabxe/s002_2003/01_tcp_ar/aaaaabxe_s002_t001.edf,18,
tusz,tusz_v2.0.6/edf/dev/aaaaabxe/s002_2003/01_tcp_ar/aaaaabxe_s002_t002.edf,18,
tusz,tusz_v2.0.6/edf/dev/aaaaabxe/s002_2003/01_tcp_ar/aaaaabxe_s002_t003.edf,18,
tusz,tusz_v2.0.6/edf/dev/aaaaabxe/s002_2003/01_tcp_ar/aaaaabxe_s002_t004.edf,18,
tusz,tusz_v2.0.6/edf/dev/aaaaaclc/s001_2004/02_tcp_le/aaaaaclc_s001_t001.edf,18,
tusz,tusz_v2.0.6/edf/dev/aaaaacqc/s001_2004/02_tcp_le/aaaaacqc_s001_t000.edf,18,
tusz,tusz_v2.0.6/edf/dev/aaaaacqc/s001_2004/02_tcp_le/aaaaacqc_s001_t001.edf,18,
tusz,tusz_v2.0.6/edf/dev/aaaaacqc/s002_2004/02_tcp_le/aaaaacqc_s002_t000.edf,18,
tusz,tusz_v2.0.6/edf/dev/aaaaacqc/s003_2006/02_tcp_le/aaaaacqc_s003_t000.edf,18,
tusz,tusz_v2.0.6/edf/dev/aaaaacqc/s003_2006/02_tcp_le/aaaaacqc_s003_t001.edf,18,
tusz,tusz_v2.0.6/edf/dev/aaaaacqc/s004_2006/03_tcp_ar_a/aaaaacqc_s004_t000.edf,18,
tusz,tusz_v2.0.6/edf/dev/aaaaacqc/s004_2006/03_tcp_ar_a/aaaaacqc_s004_t001.edf,18,
tusz,tusz_v2.0.6/edf/dev/aaaaacyi/s001_2004/02_tcp_le/aaaaacyi_s001_t001.edf,18,
tusz,tusz_v2.0.6/edf/dev/aaaaadkb/s001_2005/02_tcp_le/aaaaadkb_s001_t000.edf,18,
tusz,tusz_v2.0.6/edf/dev/aaaaadkb/s002_2012/01_tcp_ar/aaaaadkb_s002_t000.edf,18,
tusz,tusz_v2.0.6/edf/dev/aaaaadkb/s003_2012/01_tcp_ar/aaaaadkb_s003_t000.edf,18,
tusz,tusz_v2.0.6/edf/dev/aaaaadkb/s003_2012/01_tcp_ar/aaaaadkb_s003_t001.edf,18,
tusz,tusz_v2.0.6/edf/dev/aaaaadkb/s003_2012/01_tcp_ar/aaaaadkb_s003_t002.edf,18,
tusz,tusz_v2.0.6/edf/dev/aaaaadkb/s003_2012/01_tcp_ar/aaaaadkb_s003_t003.edf,18,
tusz,tusz_v2.0.6/edf/dev/aaaaadkb/s003_2012/01_tcp_ar/aaaaadkb_s003_t004.edf,18,
tusz,tusz_v2.0.6/edf/dev/aaaaadkb/s003_2012/01_tcp_ar/aaaaadkb_s003_t005.edf,18,
tusz,tusz_v2.0.6/edf/dev/aaaaadkb/s003_2012/01_tcp_ar/aaaaadkb_s003_t006.edf,18,
tusz,tusz_v2.0.6/edf/dev/aaaaadkb/s003_2012/01_tcp_ar/aaaaadkb_s003_t007.edf,18,
tusz,tusz_v2.0.6/edf/dev/aaaaadkb/s003_2012/01_tcp_ar/aaaaadkb_s003_t008.edf,18,
tusz,tusz_v2.0.6/edf/dev/aaaaadkb/s003_2012/01_tcp_ar/aaaaadkb_s003_t009.edf,18,
tusz,tusz_v2.0.6/edf/dev/aaaaadkb/s003_2012/01_tcp_ar/aaaaadkb_s003_t010.edf,18,
tusz,tusz_v2.0.6/edf/dev/aaaaadkb/s003_2012/01_tcp_ar/aaaaadkb_s003_t011.edf,18,
tusz,tusz_v2.0.6/edf/dev/aaaaadkb/s003_2012/01_tcp_ar/aaaaadkb_s003_t012.edf,18,
tusz,tusz_v2.0.6/edf/dev/aaaaadkb/s003_2012/01_tcp_ar/aaaaadkb_s003_t013.edf,18,
tusz,tusz_v2.0.6/edf/dev/aaaaadkb/s004_2012/01_tcp_ar/aaaaadkb_s004_t000.edf,18,
tusz,tusz_v2.0.6/edf/dev/aaaaadkb/s004_2012/01_tcp_ar/aaaaadkb_s004_t005.edf,18,
tusz,tusz_v2.0.6/edf/dev/aaaaadkb/s004_2012/01_tcp_ar/aaaaadkb_s004_t006.edf,18,
tusz,tusz_v2.0.6/edf/dev/aaaaadkb/s004_2012/01_tcp_ar/aaaaadkb_s004_t010.edf,18,
tusz,tusz_v2.0.6/edf/dev/aaaaadkb/s004_2012/01_tcp_ar/aaaaadkb_s004_t011.edf,18,
tusz,tusz_v2.0.6/edf/dev/aaaaadkb/s005_2012/01_tcp_ar/aaaaadkb_s005_t000.edf,18,
tusz,tusz_v2.0.6/edf/dev/aaaaadkb/s005_2012/01_tcp_ar/aaaaadkb_s005_t001.edf,18,
tusz,tusz_v2.0.6/edf/dev/aaaaadkb/s005_2012/01_tcp_ar/aaaaadkb_s005_t002.edf,18,
tusz,tusz_v2.0.6/edf/dev/aaaaadkb/s005_2012/01_tcp_ar/aaaaadkb_s005_t003.edf,18,
tusz,tusz_v2.0.6/edf/dev/aaaaadkb/s005_2012/01_tcp_ar/aaaaadkb_s005_t004.edf,18,
tusz,tusz_v2.0.6/edf/dev/aaaaadkb/s005_2012/01_tcp_ar/aaaaadkb_s005_t005.edf,18,
tusz,tusz_v2.0.6/edf/dev/aaaaadkb/s007_2012/01_tcp_ar/aaaaadkb_s007_t000.edf,18,
tusz,tusz_v2.0.6/edf/dev/aaaaadkb/s007_2012/01_tcp_ar/aaaaadkb_s007_t001.edf,18,
tusz,tusz_v2.0.6/edf/dev/aaaaadkb/s007_2012/01_tcp_ar/aaaaadkb_s007_t002.edf,18,
tusz,tusz_v2.0.6/edf/dev/aaaaadkb/s007_2012/01_tcp_ar/aaaaadkb_s007_t003.edf,18,
tusz,tusz_v2.0.6/edf/dev/aaaaadkb/s007_2012/01_tcp_ar/aaaaadkb_s007_t004.edf,18,
tusz,tusz_v2.0.6/edf/dev/aaaaadkb/s008_2012/01_tcp_ar/aaaaadkb_s008_t000.edf,18,
tusz,tusz_v2.0.6/edf/dev/aaaaadkb/s008_2012/01_tcp_ar/aaaaadkb_s008_t001.edf,18,
tusz,tusz_v2.0.6/edf/dev/aaaaadkb/s008_2012/01_tcp_ar/aaaaadkb_s008_t002.edf,18,
tusz,tusz_v2.0.6/edf/dev/aaaaadkb/s009_2012/01_tcp_ar/aaaaadkb_s009_t000.edf,18,
tusz,tusz_v2.0.6/edf/dev/aaaaadkb/s009_2012/01_tcp_ar/aaaaadkb_s009_t002.edf,18,
tusz,tusz_v2.0.6/edf/dev/aaaaadkb/s009_2012/01_tcp_ar/aaaaadkb_s009_t003.edf,18,
tusz,tusz_v2.0.6/edf/dev/aaaaadkb/s010_2016/01_tcp_ar/aaaaadkb_s010_t001.edf,16,Fz-Cz;Cz-Pz
tusz,tusz_v2.0.6/edf/dev/aaaaadkb/s010_2016/01_tcp_ar/aaaaadkb_s010_t002.edf,16,Fz-Cz;Cz-Pz
tusz,tusz_v2.0.6/edf/dev/aaaaadkb/s010_2016/01_tcp_ar/aaaaadkb_s010_t003.edf,16,Fz-Cz;Cz-Pz
tusz,tusz_v2.0.6/edf/dev/aaaaadkj/s001_2005/02_tcp_le/aaaaadkj_s001_t000.edf,18,
tusz,tusz_v2.0.6/edf/dev/aaaaadkj/s002_2007/02_tcp_le/aaaaadkj_s002_t000.edf,18,
tusz,tusz_v2.0.6/edf/dev/aaaaadkj/s003_2007/03_tcp_ar_a/aaaaadkj_s003_t000.edf,18,
tusz,tusz_v2.0.6/edf/dev/aaaaadkj/s003_2007/03_tcp_ar_a/aaaaadkj_s003_t001.edf,18,
tusz,tusz_v2.0.6/edf/dev/aaaaadkj/s003_2007/03_tcp_ar_a/aaaaadkj_s003_t002.edf,18,
tusz,tusz_v2.0.6/edf/dev/aaaaadkj/s003_2007/03_tcp_ar_a/aaaaadkj_s003_t003.edf,18,
tusz,tusz_v2.0.6/edf/dev/aaaaadkj/s004_2007/03_tcp_ar_a/aaaaadkj_s004_t000.edf,18,
tusz,tusz_v2.0.6/edf/dev/aaaaadkj/s004_2007/03_tcp_ar_a/aaaaadkj_s004_t001.edf,18,
tusz,tusz_v2.0.6/edf/dev/aaaaaewf/s001_2006/02_tcp_le/aaaaaewf_s001_t001.edf,18,
tusz,tusz_v2.0.6/edf/dev/aaaaaewf/s002_2012/01_tcp_ar/aaaaaewf_s002_t000.edf,18,
tusz,tusz_v2.0.6/edf/dev/aaaaaewf/s003_2015/01_tcp_ar/aaaaaewf_s003_t000.edf,18,
tusz,tusz_v2.0.6/edf/dev/aaaaaexe/s001_2006/02_tcp_le/aaaaaexe_s001_t001.edf,18,
tusz,tusz_v2.0.6/edf/dev/aaaaafjv/s001_2006/02_tcp_le/aaaaafjv_s001_t001.edf,18,
tusz,tusz_v2.0.6/edf/dev/aaaaagbf/s001_2007/02_tcp_le/aaaaagbf_s001_t000.edf,18,
tusz,tusz_v2.0.6/edf/dev/aaaaagbf/s002_2007/02_tcp_le/aaaaagbf_s002_t000.edf,18,
tusz,tusz_v2.0.6/edf/dev/aaaaagbf/s003_2007/03_tcp_ar_a/aaaaagbf_s003_t000.edf,18,
tusz,tusz_v2.0.6/edf/dev/aaaaagbf/s003_2007/03_tcp_ar_a/aaaaagbf_s003_t001.edf,18,
tusz,tusz_v2.0.6/edf/dev/aaaaagbf/s003_2007/03_tcp_ar_a/aaaaagbf_s003_t002.edf,18,
tusz,tusz_v2.0.6/edf/dev/aaaaagbf/s003_2007/03_tcp_ar_a/aaaaagbf_s003_t003.edf,18,
tusz,tusz_v2.0.6/edf/dev/aaaaagbf/s003_2007/03_tcp_ar_a/aaaaagbf_s003_t004.edf,18,
tusz,tusz_v2.0.6/edf/dev/aaaaagbf/s004_2015/01_tcp_ar/aaaaagbf_s004_t001.edf,18,
tusz,tusz_v2.0.6/edf/dev/aaaaagbf/s005_2016/01_tcp_ar/aaaaagbf_s005_t000.edf,18,
tusz,tusz_v2.0.6/edf/dev/aaaaagbf/s005_2016/01_tcp_ar/aaaaagbf_s005_t001.edf,18,
tusz,tusz_v2.0.6/edf/dev/aaaaagbf/s005_2016/01_tcp_ar/aaaaagbf_s005_t002.edf,18,
tusz,tusz_v2.0.6/edf/dev/aaaaagbf/s005_2016/01_tcp_ar/aaaaagbf_s005_t003.edf,18,
tusz,tusz_v2.0.6/edf/dev/aaaaagbf/s005_2016/01_tcp_ar/aaaaagbf_s005_t004.edf,18,
tusz,tusz_v2.0.6/edf/dev/aaaaagbf/s006_2016/01_tcp_ar/aaaaagbf_s006_t000.edf,18,
tusz,tusz_v2.0.6/edf/dev/aaaaagbf/s006_2016/01_tcp_ar/aaaaagbf_s006_t001.edf,18,
tusz,tusz_v2.0.6/edf/dev/aaaaagbf/s006_2016/01_tcp_ar/aaaaagbf_s006_t002.edf,18,
tusz,tusz_v2.0.6/edf/dev/aaaaagbf/s006_2016/01_tcp_ar/aaaaagbf_s006_t003.edf,18,
tusz,tusz_v2.0.6/edf/dev/aaaaagbf/s006_2016/01_tcp_ar/aaaaagbf_s006_t004.edf,18,
tusz,tusz_v2.0.6/edf/dev/aaaaagbf/s006_2016/01_tcp_ar/aaaaagbf_s006_t005.edf,18,
tusz,tusz_v2.0.6/edf/dev/aaaaagbf/s006_2016/01_tcp_ar/aaaaagbf_s006_t006.edf,18,
tusz,tusz_v2.0.6/edf/dev/aaaaagbf/s006_2016/01_tcp_ar/aaaaagbf_s006_t007.edf,18,
tusz,tusz_v2.0.6/edf/dev/aaaaagbf/s006_2016/01_tcp_ar/aaaaagbf_s006_t008.edf,18,
tusz,tusz_v2.0.6/edf/dev/aaaaagbf/s006_2016/01_tcp_ar/aaaaagbf_s006_t009.edf,18,
tusz,tusz_v2.0.6/edf/dev/aaaaagbf/s006_2016/01_tcp_ar/aaaaagbf_s006_t010.edf,18,
tusz,tusz_v2.0.6/edf/dev/aaaaagbf/s006_2016/01_tcp_ar/aaaaagbf_s006_t011.edf,18,
tusz,tusz_v2.0.6/edf/dev/aaaaagbf/s006_2016/01_tcp_ar/aaaaagbf_s006_t012.edf,18,
tusz,tusz_v2.0.6/edf/dev/aaaaagbf/s006_2016/01_tcp_ar/aaaaagbf_s006_t013.edf,18,
tusz,tusz_v2.0.6/edf/dev/aaaaagbf/s006_2016/01_tcp_ar/aaaaagbf_s006_t014.edf,18,
tusz,tusz_v2.0.6/edf/dev/aaaaagbf/s006_2016/01_tcp_ar/aaaaagbf_s006_t015.edf,18,
tusz,tusz_v2.0.6/edf/dev/aaaaagbf/s006_2016/01_tcp_ar/aaaaagbf_s006_t016.edf,18,
tusz,tusz_v2.0.6/edf/dev/aaaaagbf/s006_2016/01_tcp_ar/aaaaagbf_s006_t017.edf,18,
tusz,tusz_v2.0.6/edf/dev/aaaaagbf/s006_2016/01_tcp_ar/aaaaagbf_s006_t018.edf,18,
tusz,tusz_v2.0.6/edf/dev/aaaaagbf/s006_2016/01_tcp_ar/aaaaagbf_s006_t019.edf,18,
tusz,tusz_v2.0.6/edf/dev/aaaaagbf/s006_2016/01_tcp_ar/aaaaagbf_s006_t020.edf,18,
tusz,tusz_v2.0.6/edf/dev/aaaaagbf/s006_2016/01_tcp_ar/aaaaagbf_s006_t021.edf,18,
tusz,tusz_v2.0.6/edf/dev/aaaaagbf/s006_2016/01_tcp_ar/aaaaagbf_s006_t022.edf,18,
tusz,tusz_v2.0.6/edf/dev/aaaaagbf/s006_2016/01_tcp_ar/aaaaagbf_s006_t023.edf,18,
tusz,tusz_v2.0.6/edf/dev/aaaaagbf/s006_2016/01_tcp_ar/aaaaagbf_s006_t024.edf,18,
tusz,tusz_v2.0.6/edf/dev/aaaaagbf/s006_2016/01_tcp_ar/aaaaagbf_s006_t025.edf,18,
tusz,tusz_v2.0.6/edf/dev/aaaaagbf/s006_2016/01_tcp_ar/aaaaagbf_s006_t026.edf,18,
tusz,tusz_v2.0.6/edf/dev/aaaaagbf/s007_2016/01_tcp_ar/aaaaagbf_s007_t000.edf,18,
tusz,tusz_v2.0.6/edf/dev/aaaaagbf/s007_2016/01_tcp_ar/aaaaagbf_s007_t001.edf,18,
tusz,tusz_v2.0.6/edf/dev/aaaaagbf/s007_2016/01_tcp_ar/aaaaagbf_s007_t002.edf,18,
tusz,tusz_v2.0.6/edf/dev/aaaaagbf/s007_2016/01_tcp_ar/aaaaagbf_s007_t003.edf,18,
tusz,tusz_v2.0.6/edf/dev/aaaaagbf/s007_2016/01_tcp_ar/aaaaagbf_s007_t004.edf,18,
tusz,tusz_v2.0.6/edf/dev/aaaaagbf/s007_2016/01_tcp_ar/aaaaagbf_s007_t005.edf,18,
tusz,tusz_v2.0.6/edf/dev/aaaaagbf/s007_2016/01_tcp_ar/aaaaagbf_s007_t006.edf,18,
tusz,tusz_v2.0.6/edf/dev/aaaaagbf/s007_2016/01_tcp_ar/aaaaagbf_s007_t007.edf,18,
tusz,tusz_v2.0.6/edf/dev/aaaaagbf/s007_2016/01_tcp_ar/aaaaagbf_s007_t008.edf,18,
tusz,tusz_v2.0.6/edf/dev/aaaaagbf/s007_2016/01_tcp_ar/aaaaagbf_s007_t009.edf,18,
tusz,tusz_v2.0.6/edf/dev/aaaaagbf/s007_2016/01_tcp_ar/aaaaagbf_s007_t010.edf,18,
tusz,tusz_v2.0.6/edf/dev/aaaaagbf/s007_2016/01_tcp_ar/aaaaagbf_s007_t011.edf,18,
tusz,tusz_v2.0.6/edf/dev/aaaaagbf/s007_2016/01_tcp_ar/aaaaagbf_s007_t012.edf,18,
tusz,tusz_v2.0.6/edf/dev/aaaaagbf/s007_2016/01_tcp_ar/aaaaagbf_s007_t013.edf,18,
tusz,tusz_v2.0.6/edf/dev/aaaaagbf/s007_2016/01_tcp_ar/aaaaagbf_s007_t014.edf,18,
tusz,tusz_v2.0.6/edf/dev/aaaaagbf/s007_2016/01_tcp_ar/aaaaagbf_s007_t015.edf,18,
tusz,tusz_v2.0.6/edf/dev/aaaaagbf/s007_2016/01_tcp_ar/aaaaagbf_s007_t016.edf,18,
tusz,tusz_v2.0.6/edf/dev/aaaaagbf/s007_2016/01_tcp_ar/aaaaagbf_s007_t017.edf,18,
tusz,tusz_v2.0.6/edf/dev/aaaaagbf/s007_2016/01_tcp_ar/aaaaagbf_s007_t018.edf,18,
tusz,tusz_v2.0.6/edf/dev/aaaaagbf/s007_2016/01_tcp_ar/aaaaagbf_s007_t019.edf,18,
tusz,tusz_v2.0.6/edf/dev/aaaaagbf/s007_2016/01_tcp_ar/aaaaagbf_s007_t020.edf,18,
tusz,tusz_v2.0.6/edf/dev/aaaaagbf/s007_2016/01_tcp_ar/aaaaagbf_s007_t021.edf,18,
tusz,tusz_v2.0.6/edf/dev/aaaaagbf/s007_2016/01_tcp_ar/aaaaagbf_s007_t022.edf,18,
tusz,tusz_v2.0.6/edf/dev/aaaaagbf/s007_2016/01_tcp_ar/aaaaagbf_s007_t023.edf,18,
tusz,tusz_v2.0.6/edf/dev/aaaaagbf/s007_2016/01_tcp_ar/aaaaagbf_s007_t024.edf,18,
tusz,tusz_v2.0.6/edf/dev/aaaaagbf/s007_2016/01_tcp_ar/aaaaagbf_s007_t025.edf,18,
tusz,tusz_v2.0.6/edf/dev/aaaaagbf/s007_2016/01_tcp_ar/aaaaagbf_s007_t026.edf,18,
tusz,tusz_v2.0.6/edf/dev/aaaaagbf/s007_2016/01_tcp_ar/aaaaagbf_s007_t027.edf,18,
tusz,tusz_v2.0.6/edf/dev/aaaaagbf/s007_2016/01_tcp_ar/aaaaagbf_s007_t028.edf,18,
tusz,tusz_v2.0.6/edf/dev/aaaaagbf/s007_2016/01_tcp_ar/aaaaagbf_s007_t029.edf,18,
tusz,tusz_v2.0.6/edf/dev/aaaaagbf/s007_2016/01_tcp_ar/aaaaagbf_s007_t030.edf,18,
tusz,tusz_v2.0.6/edf/dev/aaaaagbf/s007_2016/01_tcp_ar/aaaaagbf_s007_t031.edf,18,
tusz,tusz_v2.0.6/edf/dev/aaaaagbf/s008_2016/01_tcp_ar/aaaaagbf_s008_t000.edf,18,
tusz,tusz_v2.0.6/edf/dev/aaaaagbf/s008_2016/01_tcp_ar/aaaaagbf_s008_t001.edf,18,
tusz,tusz_v2.0.6/edf/dev/aaaaagbf/s008_2016/01_tcp_ar/aaaaagbf_s008_t002.edf,18,
tusz,tusz_v2.0.6/edf/dev/aaaaagbf/s008_2016/01_tcp_ar/aaaaagbf_s008_t003.edf,18,
tusz,tusz_v2.0.6/edf/dev/aaaaagbf/s008_2016/01_tcp_ar/aaaaagbf_s008_t004.edf,18,
tusz,tusz_v2.0.6/edf/dev/aaaaagbf/s008_2016/01_tcp_ar/aaaaagbf_s008_t005.edf,18,
tusz,tusz_v2.0.6/edf/dev/aaaaagbf/s008_2016/01_tcp_ar/aaaaagbf_s008_t006.edf,18,
tusz,tusz_v2.0.6/edf/dev/aaaaagbf/s008_2016/01_tcp_ar/aaaaagbf_s008_t007.edf,18,
tusz,tusz_v2.0.6/edf/dev/aaaaagbf/s008_2016/01_tcp_ar/aaaaagbf_s008_t008.edf,18,
tusz,tusz_v2.0.6/edf/dev/aaaaagbf/s008_2016/01_tcp_ar/aaaaagbf_s008_t009.edf,18,
tusz,tusz_v2.0.6/edf/dev/aaaaagbf/s008_2016/01_tcp_ar/aaaaagbf_s008_t010.edf,18,
tusz,tusz_v2.0.6/edf/dev/aaaaagbf/s008_2016/01_tcp_ar/aaaaagbf_s008_t011.edf,18,
tusz,tusz_v2.0.6/edf/dev/aaaaagbf/s008_2016/01_tcp_ar/aaaaagbf_s008_t012.edf,18,
tusz,tusz_v2.0.6/edf/dev/aaaaagbf/s008_2016/01_tcp_ar/aaaaagbf_s008_t013.edf,18,
tusz,tusz_v2.0.6/edf/dev/aaaaagbf/s008_2016/01_tcp_ar/aaaaagbf_s008_t014.edf,18,
tusz,tusz_v2.0.6/edf/dev/aaaaagbf/s008_2016/01_tcp_ar/aaaaagbf_s008_t015.edf,18,
tusz,tusz_v2.0.6/edf/dev/aaaaagbf/s008_2016/01_tcp_ar/aaaaagbf_s008_t016.edf,18,
tusz,tusz_v2.0.6/edf/dev/aaaaagbf/s008_2016/01_tcp_ar/aaaaagbf_s008_t017.edf,18,
tusz,tusz_v2.0.6/edf/dev/aaaaagbf/s008_2016/01_tcp_ar/aaaaagbf_s008_t018.edf,18,
tusz,tusz_v2.0.6/edf/dev/aaaaagbf/s008_2016/01_tcp_ar/aaaaagbf_s008_t019.edf,18,
tusz,tusz_v2.0.6/edf/dev/aaaaagbf/s008_2016/01_tcp_ar/aaaaagbf_s008_t020.edf,18,
tusz,tusz_v2.0.6/edf/dev/aaaaagbf/s008_2016/01_tcp_ar/aaaaagbf_s008_t021.edf,18,
tusz,tusz_v2.0.6/edf/dev/aaaaagbf/s008_2016/01_tcp_ar/aaaaagbf_s008_t022.edf,18,
tusz,tusz_v2.0.6/edf/dev/aaaaagbf/s008_2016/01_tcp_ar/aaaaagbf_s008_t023.edf,18,
tusz,tusz_v2.0.6/edf/dev/aaaaagbf/s008_2016/01_tcp_ar/aaaaagbf_s008_t024.edf,18,
tusz,tusz_v2.0.6/edf/dev/aaaaagbf/s008_2016/01_tcp_ar/aaaaagbf_s008_t025.edf,18,
tusz,tusz_v2.0.6/edf/dev/aaaaagbf/s008_2016/01_tcp_ar/aaaaagbf_s008_t026.edf,18,
tusz,tusz_v2.0.6/edf/dev/aaaaagbf/s009_2016/01_tcp_ar/aaaaagbf_s009_t000.edf,18,
tusz,tusz_v2.0.6/edf/dev/aaaaagbf/s009_2016/01_tcp_ar/aaaaagbf_s009_t001.edf,18,
tusz,tusz_v2.0.6/edf/dev/aaaaagbf/s009_2016/01_tcp_ar/aaaaagbf_s009_t002.edf,18,
tusz,tusz_v2.0.6/edf/dev/aaaaagbf/s009_2016/01_tcp_ar/aaaaagbf_s009_t003.edf,18,
tusz,tusz_v2.0.6/edf/dev/aaaaagbf/s009_2016/01_tcp_ar/aaaaagbf_s009_t004.edf,18,
tusz,tusz_v2.0.6/edf/dev/aaaaagbf/s009_2016/01_tcp_ar/aaaaagbf_s009_t005.edf,18,
tusz,tusz_v2.0.6/edf/dev/aaaaagbf/s009_2016/01_tcp_ar/aaaaagbf_s009_t006.edf,18,
tusz,tusz_v2.0.6/edf/dev/aaaaagbf/s009_2016/01_tcp_ar/aaaaagbf_s009_t007.edf,18,
tusz,tusz_v2.0.6/edf/dev/aaaaagbf/s009_2016/01_tcp_ar/aaaaagbf_s009_t008.edf,18,
tusz,tusz_v2.0.6/edf/dev/aaaaagbf/s009_2016/01_tcp_ar/aaaaagbf_s009_t009.edf,18,
tusz,tusz_v2.0.6/edf/dev/aaaaagbf/s009_2016/01_tcp_ar/aaaaagbf_s009_t010.edf,18,
tusz,tusz_v2.0.6/edf/dev/aaaaagbf/s009_2016/01_tcp_ar/aaaaagbf_s009_t011.edf,18,
tusz,tusz_v2.0.6/edf/dev/aaaaagbf/s009_2016/01_tcp_ar/aaaaagbf_s009_t012.edf,18,
tusz,tusz_v2.0.6/edf/dev/aaaaagbf/s009_2016/01_tcp_ar/aaaaagbf_s009_t013.edf,18,
tusz,tusz_v2.0.6/edf/dev/aaaaagbf/s009_2016/01_tcp_ar/aaaaagbf_s009_t014.edf,18,
tusz,tusz_v2.0.6/edf/dev/aaaaagbf/s009_2016/01_tcp_ar/aaaaagbf_s009_t015.edf,18,
tusz,tusz_v2.0.6/edf/dev/aaaaagbf/s009_2016/01_tcp_ar/aaaaagbf_s009_t016.edf,18,
tusz,tusz_v2.0.6/edf/dev/aaaaagbf/s009_2016/01_tcp_ar/aaaaagbf_s009_t017.edf,18,
tusz,tusz_v2.0.6/edf/dev/aaaaagbf/s009_2016/01_tcp_ar/aaaaagbf_s009_t018.edf,18,
tusz,tusz_v2.0.6/edf/dev/aaaaagbf/s009_2016/01_tcp_ar/aaaaagbf_s009_t019.edf,18,
tusz,tusz_v2.0.6/edf/dev/aaaaagbf/s009_2016/01_tcp_ar/aaaaagbf_s009_t020.edf,18,
tusz,tusz_v2.0.6/edf/dev/aaaaagbf/s009_2016/01_tcp_ar/aaaaagbf_s009_t021.edf,18,
tusz,tusz_v2.0.6/edf/dev/aaaaagbf/s009_2016/01_tcp_ar/aaaaagbf_s009_t022.edf,18,
tusz,tusz_v2.0.6/edf/dev/aaaaagbf/s009_2016/01_tcp_ar/aaaaagbf_s009_t023.edf,18,
tusz,tusz_v2.0.6/edf/dev/aaaaagbf/s009_2016/01_tcp_ar/aaaaagbf_s009_t024.edf,18,
tusz,tusz_v2.0.6/edf/dev/aaaaagbf/s009_2016/01_tcp_ar/aaaaagbf_s009_t025.edf,18,
tusz,tusz_v2.0.6/edf/dev/aaaaagbf/s009_2016/01_tcp_ar/aaaaagbf_s009_t026.edf,18,
tusz,tusz_v2.0.6/edf/dev/aaaaagbf/s009_2016/01_tcp_ar/aaaaagbf_s009_t027.edf,18,
tusz,tusz_v2.0.6/edf/dev/aaaaagbf/s009_2016/01_tcp_ar/aaaaagbf_s009_t028.edf,18,
tusz,tusz_v2.0.6/edf/dev/aaaaagbf/s009_2016/01_tcp_ar/aaaaagbf_s009_t029.edf,18,
tusz,tusz_v2.0.6/edf/dev/aaaaagbf/s009_2016/01_tcp_ar/aaaaagbf_s009_t030.edf,18,
tusz,tusz_v2.0.6/edf/dev/aaaaagbf/s010_2016/01_tcp_ar/aaaaagbf_s010_t000.edf,18,
tusz,tusz_v2.0.6/edf/dev/aaaaagbf/s010_2016/01_tcp_ar/aaaaagbf_s010_t001.edf,18,
tusz,tusz_v2.0.6/edf/dev/aaaaagbf/s010_2016/01_tcp_ar/aaaaagbf_s010_t002.edf,18,
tusz,tusz_v2.0.6/edf/dev/aaaaagbf/s010_2016/01_tcp_ar/aaaaagbf_s010_t003.edf,18,
tusz,tusz_v2.0.6/edf/dev/aaaaagbf/s010_2016/01_tcp_ar/aaaaagbf_s010_t004.edf,18,
tusz,tusz_v2.0.6/edf/dev/aaaaagbf/s010_2016/01_tcp_ar/aaaaagbf_s010_t005.edf,18,
tusz,tusz_v2.0.6/edf/dev/aaaaagbf/s010_2016/01_tcp_ar/aaaaagbf_s010_t006.edf,18,
tusz,tusz_v2.0.6/edf/dev/aaaaagbf/s010_2016/01_tcp_ar/aaaaagbf_s010_t007.edf,18,
tusz,tusz_v2.0.6/edf/dev/aaaaagdr/s001_2007/02_tcp_le/aaaaagdr_s001_t001.edf,18,
tusz,tusz_v2.0.6/edf/dev/aaaaagdr/s002_2007/02_tcp_le/aaaaagdr_s002_t001.edf,18,
tusz,tusz_v2.0.6/edf/dev/aaaaagdr/s002_2007/02_tcp_le/aaaaagdr_s002_t002.edf,18,
tusz,tusz_v2.0.6/edf/dev/aaaaagdr/s002_2007/02_tcp_le/aaaaagdr_s002_t003.edf,18,
tusz,tusz_v2.0.6/edf/dev/aaaaagus/s001_2008/02_tcp_le/aaaaagus_s001_t000.edf,18,
tusz,tusz_v2.0.6/edf/dev/aaaaagus/s002_2008/02_tcp_le/aaaaagus_s002_t000.edf,18,
tusz,tusz_v2.0.6/edf/dev/aaaaagus/s003_2012/01_tcp_ar/aaaaagus_s003_t000.edf,18,
tusz,tusz_v2.0.6/edf/dev/aaaaagus/s004_2013/01_tcp_ar/aaaaagus_s004_t000.edf,18,
tusz,tusz_v2.0.6/edf/dev/aaaaahie/s001_2008/02_tcp_le/aaaaahie_s001_t000.edf,18,
tusz,tusz_v2.0.6/edf/dev/aaaaahie/s002_2008/02_tcp_le/aaaaahie_s002_t000.edf,18,
tusz,tusz_v2.0.6/edf/dev/aaaaahie/s003_2009/03_tcp_ar_a/aaaaahie_s003_t000.edf,18,
tusz,tusz_v2.0.6/edf/dev/aaaaahie/s004_2009/03_tcp_ar_a/aaaaahie_s004_t000.edf,18,
tusz,tusz_v2.0.6/edf/dev/aaaaahie/s005_2010/01_tcp_ar/aaaaahie_s005_t001.edf,18,
tusz,tusz_v2.0.6/edf/dev/aaaaahie/s006_2014/01_tcp_ar/aaaaahie_s006_t000.edf,18,
tusz,tusz_v2.0.6/edf/dev/aaaaahie/s006_2014/01_tcp_ar/aaaaahie_s006_t001.edf,18,
tusz,tusz_v2.0.6/edf/dev/aaaaahie/s007_2014/01_tcp_ar/aaaaahie_s007_t000.edf,18,
tusz,tusz_v2.0.6/edf/dev/aaaaahie/s007_2014/01_tcp_ar/aaaaahie_s007_t001.edf,18,
tusz,tusz_v2.0.6/edf/dev/aaaaahie/s007_2014/01_tcp_ar/aaaaahie_s007_t002.edf,16,Fz-Cz;Cz-Pz
tusz,tusz_v2.0.6/edf/dev/aaaaahie/s007_2014/01_tcp_ar/aaaaahie_s007_t003.edf,16,Fz-Cz;Cz-Pz
tusz,tusz_v2.0.6/edf/dev/aaaaahie/s007_2014/01_tcp_ar/aaaaahie_s007_t004.edf,16,Fz-Cz;Cz-Pz
tusz,tusz_v2.0.6/edf/dev/aaaaahie/s007_2014/01_tcp_ar/aaaaahie_s007_t005.edf,16,Fz-Cz;Cz-Pz
tusz,tusz_v2.0.6/edf/dev/aaaaahie/s007_2014/01_tcp_ar/aaaaahie_s007_t006.edf,16,Fz-Cz;Cz-Pz
tusz,tusz_v2.0.6/edf/dev/aaaaahie/s007_2014/01_tcp_ar/aaaaahie_s007_t007.edf,16,Fz-Cz;Cz-Pz
tusz,tusz_v2.0.6/edf/dev/aaaaahie/s007_2014/01_tcp_ar/aaaaahie_s007_t008.edf,16,Fz-Cz;Cz-Pz
tusz,tusz_v2.0.6/edf/dev/aaaaahie/s007_2014/01_tcp_ar/aaaaahie_s007_t009.edf,16,Fz-Cz;Cz-Pz
tusz,tusz_v2.0.6/edf/dev/aaaaahie/s007_2014/01_tcp_ar/aaaaahie_s007_t010.edf,16,Fz-Cz;Cz-Pz
tusz,tusz_v2.0.6/edf/dev/aaaaahie/s007_2014/01_tcp_ar/aaaaahie_s007_t011.edf,16,Fz-Cz;Cz-Pz
tusz,tusz_v2.0.6/edf/dev/aaaaahie/s007_2014/01_tcp_ar/aaaaahie_s007_t012.edf,16,Fz-Cz;Cz-Pz
tusz,tusz_v2.0.6/edf/dev/aaaaahie/s007_2014/01_tcp_ar/aaaaahie_s007_t013.edf,16,Fz-Cz;Cz-Pz
tusz,tusz_v2.0.6/edf/dev/aaaaahie/s007_2014/01_tcp_ar/aaaaahie_s007_t014.edf,16,Fz-Cz;Cz-Pz
tusz,tusz_v2.0.6/edf/dev/aaaaahie/s007_2014/01_tcp_ar/aaaaahie_s007_t015.edf,16,Fz-Cz;Cz-Pz
tusz,tusz_v2.0.6/edf/dev/aaaaahie/s007_2014/01_tcp_ar/aaaaahie_s007_t016.edf,16,Fz-Cz;Cz-Pz
tusz,tusz_v2.0.6/edf/dev/aaaaahie/s007_2014/01_tcp_ar/aaaaahie_s007_t017.edf,16,Fz-Cz;Cz-Pz
tusz,tusz_v2.0.6/edf/dev/aaaaahie/s007_2014/01_tcp_ar/aaaaahie_s007_t018.edf,16,Fz-Cz;Cz-Pz
tusz,tusz_v2.0.6/edf/dev/aaaaahie/s007_2014/01_tcp_ar/aaaaahie_s007_t019.edf,16,Fz-Cz;Cz-Pz
tusz,tusz_v2.0.6/edf/dev/aaaaahie/s007_2014/01_tcp_ar/aaaaahie_s007_t020.edf,16,Fz-Cz;Cz-Pz
tusz,tusz_v2.0.6/edf/dev/aaaaahie/s007_2014/01_tcp_ar/aaaaahie_s007_t021.edf,16,Fz-Cz;Cz-Pz
tusz,tusz_v2.0.6/edf/dev/aaaaahie/s007_2014/01_tcp_ar/aaaaahie_s007_t022.edf,16,Fz-Cz;Cz-Pz
tusz,tusz_v2.0.6/edf/dev/aaaaahie/s007_2014/01_tcp_ar/aaaaahie_s007_t023.edf,16,Fz-Cz;Cz-Pz
tusz,tusz_v2.0.6/edf/dev/aaaaahie/s007_2014/01_tcp_ar/aaaaahie_s007_t024.edf,16,Fz-Cz;Cz-Pz
tusz,tusz_v2.0.6/edf/dev/aaaaahie/s007_2014/01_tcp_ar/aaaaahie_s007_t025.edf,16,Fz-Cz;Cz-Pz
tusz,tusz_v2.0.6/edf/dev/aaaaahie/s007_2014/01_tcp_ar/aaaaahie_s007_t026.edf,16,Fz-Cz;Cz-Pz
tusz,tusz_v2.0.6/edf/dev/aaaaahie/s007_2014/01_tcp_ar/aaaaahie_s007_t027.edf,16,Fz-Cz;Cz-Pz
tusz,tusz_v2.0.6/edf/dev/aaaaahie/s007_2014/01_tcp_ar/aaaaahie_s007_t028.edf,16,Fz-Cz;Cz-Pz
tusz,tusz_v2.0.6/edf/dev/aaaaahie/s007_2014/01_tcp_ar/aaaaahie_s007_t029.edf,16,Fz-Cz;Cz-Pz
tusz,tusz_v2.0.6/edf/dev/aaaaahie/s007_2014/01_tcp_ar/aaaaahie_s007_t030.edf,16,Fz-Cz;Cz-Pz
tusz,tusz_v2.0.6/edf/dev/aaaaahie/s007_2014/01_tcp_ar/aaaaahie_s007_t031.edf,16,Fz-Cz;Cz-Pz
tusz,tusz_v2.0.6/edf/dev/aaaaahie/s007_2014/01_tcp_ar/aaaaahie_s007_t032.edf,16,Fz-Cz;Cz-Pz
tusz,tusz_v2.0.6/edf/dev/aaaaahie/s007_2014/01_tcp_ar/aaaaahie_s007_t033.edf,16,Fz-Cz;Cz-Pz
tusz,tusz_v2.0.6/edf/dev/aaaaahie/s007_2014/01_tcp_ar/aaaaahie_s007_t034.edf,16,Fz-Cz;Cz-Pz
tusz,tusz_v2.0.6/edf/dev/aaaaahie/s007_2014/01_tcp_ar/aaaaahie_s007_t035.edf,16,Fz-Cz;Cz-Pz
tusz,tusz_v2.0.6/edf/dev/aaaaahie/s007_2014/01_tcp_ar/aaaaahie_s007_t036.edf,16,Fz-Cz;Cz-Pz
tusz,tusz_v2.0.6/edf/dev/aaaaahie/s007_2014/01_tcp_ar/aaaaahie_s007_t037.edf,16,Fz-Cz;Cz-Pz
tusz,tusz_v2.0.6/edf/dev/aaaaahie/s007_2014/01_tcp_ar/aaaaahie_s007_t038.edf,16,Fz-Cz;Cz-Pz
tusz,tusz_v2.0.6/edf/dev/aaaaahie/s007_2014/01_tcp_ar/aaaaahie_s007_t039.edf,16,Fz-Cz;Cz-Pz
tusz,tusz_v2.0.6/edf/dev/aaaaahie/s007_2014/01_tcp_ar/aaaaahie_s007_t040.edf,16,Fz-Cz;Cz-Pz
tusz,tusz_v2.0.6/edf/dev/aaaaahie/s007_2014/01_tcp_ar/aaaaahie_s007_t041.edf,16,Fz-Cz;Cz-Pz
tusz,tusz_v2.0.6/edf/dev/aaaaahie/s007_2014/01_tcp_ar/aaaaahie_s007_t042.edf,16,Fz-Cz;Cz-Pz
tusz,tusz_v2.0.6/edf/dev/aaaaahie/s008_2014/01_tcp_ar/aaaaahie_s008_t000.edf,16,Fz-Cz;Cz-Pz
tusz,tusz_v2.0.6/edf/dev/aaaaahie/s008_2014/01_tcp_ar/aaaaahie_s008_t001.edf,16,Fz-Cz;Cz-Pz
tusz,tusz_v2.0.6/edf/dev/aaaaahie/s008_2014/01_tcp_ar/aaaaahie_s008_t002.edf,16,Fz-Cz;Cz-Pz
tusz,tusz_v2.0.6/edf/dev/aaaaahie/s008_2014/01_tcp_ar/aaaaahie_s008_t003.edf,18,
tusz,tusz_v2.0.6/edf/dev/aaaaahie/s008_2014/01_tcp_ar/aaaaahie_s008_t004.edf,18,
tusz,tusz_v2.0.6/edf/dev/aaaaahie/s008_2014/01_tcp_ar/aaaaahie_s008_t005.edf,18,
tusz,tusz_v2.0.6/edf/dev/aaaaahie/s008_2014/01_tcp_ar/aaaaahie_s008_t006.edf,18,
tusz,tusz_v2.0.6/edf/dev/aaaaahie/s009_2014/01_tcp_ar/aaaaahie_s009_t000.edf,18,
tusz,tusz_v2.0.6/edf/dev/aaaaahie/s009_2014/01_tcp_ar/aaaaahie_s009_t001.edf,18,
tusz,tusz_v2.0.6/edf/dev/aaaaahie/s009_2014/01_tcp_ar/aaaaahie_s009_t002.edf,18,
tusz,tusz_v2.0.6/edf/dev/aaaaahie/s009_2014/01_tcp_ar/aaaaahie_s009_t003.edf,18,
tusz,tusz_v2.0.6/edf/dev/aaaaahie/s009_2014/01_tcp_ar/aaaaahie_s009_t004.edf,18,
tusz,tusz_v2.0.6/edf/dev/aaaaahie/s009_2014/01_tcp_ar/aaaaahie_s009_t005.edf,18,
tusz,tusz_v2.0.6/edf/dev/aaaaahie/s009_2014/01_tcp_ar/aaaaahie_s009_t006.edf,18,
tusz,tusz_v2.0.6/edf/dev/aaaaahie/s010_2014/03_tcp_ar_a/aaaaahie_s010_t000.edf,16,Fz-Cz;Cz-Pz
tusz,tusz_v2.0.6/edf/dev/aaaaahie/s010_2014/03_tcp_ar_a/aaaaahie_s010_t001.edf,16,Fz-Cz;Cz-Pz
tusz,tusz_v2.0.6/edf/dev/aaaaahie/s010_2014/03_tcp_ar_a/aaaaahie_s010_t002.edf,16,Fz-Cz;Cz-Pz
tusz,tusz_v2.0.6/edf/dev/aaaaahie/s010_2014/03_tcp_ar_a/aaaaahie_s010_t003.edf,16,Fz-Cz;Cz-Pz
tusz,tusz_v2.0.6/edf/dev/aaaaahie/s010_2014/03_tcp_ar_a/aaaaahie_s010_t004.edf,16,Fz-Cz;Cz-Pz
tusz,tusz_v2.0.6/edf/dev/aaaaahie/s010_2014/03_tcp_ar_a/aaaaahie_s010_t005.edf,16,Fz-Cz;Cz-Pz
tusz,tusz_v2.0.6/edf/dev/aaaaahie/s011_2014/03_tcp_ar_a/aaaaahie_s011_t000.edf,18,
tusz,tusz_v2.0.6/edf/dev/aaaaahie/s011_2014/03_tcp_ar_a/aaaaahie_s011_t001.edf,18,
tusz,tusz_v2.0.6/edf/dev/aaaaahie/s011_2014/03_tcp_ar_a/aaaaahie_s011_t002.edf,18,
tusz,tusz_v2.0.6/edf/dev/aaaaahie/s011_2014/03_tcp_ar_a/aaaaahie_s011_t003.edf,18,
tusz,tusz_v2.0.6/edf/dev/aaaaahie/s011_2014/03_tcp_ar_a/aaaaahie_s011_t004.edf,18,
tusz,tusz_v2.0.6/edf/dev/aaaaahie/s011_2014/03_tcp_ar_a/aaaaahie_s011_t005.edf,18,
tusz,tusz_v2.0.6/edf/dev/aaaaahie/s011_2014/03_tcp_ar_a/aaaaahie_s011_t006.edf,18,
tusz,tusz_v2.0.6/edf/dev/aaaaahie/s011_2014/03_tcp_ar_a/aaaaahie_s011_t007.edf,18,
tusz,tusz_v2.0.6/edf/dev/aaaaahie/s012_2014/03_tcp_ar_a/aaaaahie_s012_t000.edf,18,
tusz,tusz_v2.0.6/edf/dev/aaaaahie/s012_2014/03_tcp_ar_a/aaaaahie_s012_t001.edf,18,
tusz,tusz_v2.0.6/edf/dev/aaaaahie/s012_2014/03_tcp_ar_a/aaaaahie_s012_t002.edf,18,
tusz,tusz_v2.0.6/edf/dev/aaaaahie/s012_2014/03_tcp_ar_a/aaaaahie_s012_t003.edf,18,
tusz,tusz_v2.0.6/edf/dev/aaaaahie/s012_2014/03_tcp_ar_a/aaaaahie_s012_t004.edf,18,
tusz,tusz_v2.0.6/edf/dev/aaaaahie/s012_2014/03_tcp_ar_a/aaaaahie_s012_t005.edf,18,
tusz,tusz_v2.0.6/edf/dev/aaaaahie/s012_2014/03_tcp_ar_a/aaaaahie_s012_t007.edf,18,
tusz,tusz_v2.0.6/edf/dev/aaaaahie/s012_2014/03_tcp_ar_a/aaaaahie_s012_t008.edf,18,
tusz,tusz_v2.0.6/edf/dev/aaaaahie/s012_2014/03_tcp_ar_a/aaaaahie_s012_t009.edf,18,
tusz,tusz_v2.0.6/edf/dev/aaaaahie/s012_2014/03_tcp_ar_a/aaaaahie_s012_t010.edf,18,
tusz,tusz_v2.0.6/edf/dev/aaaaahie/s012_2014/03_tcp_ar_a/aaaaahie_s012_t011.edf,18,
tusz,tusz_v2.0.6/edf/dev/aaaaahie/s013_2014/03_tcp_ar_a/aaaaahie_s013_t000.edf,18,
tusz,tusz_v2.0.6/edf/dev/aaaaahie/s013_2014/03_tcp_ar_a/aaaaahie_s013_t001.edf,18,
tusz,tusz_v2.0.6/edf/dev/aaaaahie/s013_2014/03_tcp_ar_a/aaaaahie_s013_t002.edf,18,
tusz,tusz_v2.0.6/edf/dev/aaaaahie/s013_2014/03_tcp_ar_a/aaaaahie_s013_t003.edf,18,
tusz,tusz_v2.0.6/edf/dev/aaaaahie/s013_2014/03_tcp_ar_a/aaaaahie_s013_t004.edf,18,
tusz,tusz_v2.0.6/edf/dev/aaaaahie/s013_2014/03_tcp_ar_a/aaaaahie_s013_t005.edf,18,
tusz,tusz_v2.0.6/edf/dev/aaaaahie/s013_2014/03_tcp_ar_a/aaaaahie_s013_t006.edf,18,
tusz,tusz_v2.0.6/edf/dev/aaaaahie/s013_2014/03_tcp_ar_a/aaaaahie_s013_t007.edf,18,
tusz,tusz_v2.0.6/edf/dev/aaaaahie/s013_2014/03_tcp_ar_a/aaaaahie_s013_t008.edf,18,
tusz,tusz_v2.0.6/edf/dev/aaaaahie/s013_2014/03_tcp_ar_a/aaaaahie_s013_t009.edf,18,
tusz,tusz_v2.0.6/edf/dev/aaaaahie/s014_2014/01_tcp_ar/aaaaahie_s014_t000.edf,18,
tusz,tusz_v2.0.6/edf/dev/aaaaahie/s014_2014/01_tcp_ar/aaaaahie_s014_t001.edf,18,
tusz,tusz_v2.0.6/edf/dev/aaaaahie/s015_2014/01_tcp_ar/aaaaahie_s015_t000.edf,18,
tusz,tusz_v2.0.6/edf/dev/aaaaahie/s016_2015/03_tcp_ar_a/aaaaahie_s016_t000.edf,18,
tusz,tusz_v2.0.6/edf/dev/aaaaahie/s017_2015/01_tcp_ar/aaaaahie_s017_t001.edf,18,
tusz,tusz_v2.0.6/edf/dev/aaaaahie/s018_2016/01_tcp_ar/aaaaahie_s018_t000.edf,18,
tusz,tusz_v2.0.6/edf/dev/aaaaahie/s018_2016/01_tcp_ar/aaaaahie_s018_t001.edf,18,
tusz,tusz_v2.0.6/edf/dev/aaaaahie/s018_2016/01_tcp_ar/aaaaahie_s018_t002.edf,18,
tusz,tusz_v2.0.6/edf/dev/aaaaahie/s019_2016/01_tcp_ar/aaaaahie_s019_t000.edf,18,
tusz,tusz_v2.0.6/edf/dev/aaaaahie/s019_2016/01_tcp_ar/aaaaahie_s019_t001.edf,18,
tusz,tusz_v2.0.6/edf/dev/aaaaahie/s019_2016/01_tcp_ar/aaaaahie_s019_t002.edf,18,
tusz,tusz_v2.0.6/edf/dev/aaaaahie/s019_2016/01_tcp_ar/aaaaahie_s019_t003.edf,18,
tusz,tusz_v2.0.6/edf/dev/aaaaahie/s019_2016/01_tcp_ar/aaaaahie_s019_t004.edf,18,
tusz,tusz_v2.0.6/edf/dev/aaaaahie/s019_2016/01_tcp_ar/aaaaahie_s019_t005.edf,18,
tusz,tusz_v2.0.6/edf/dev/aaaaahie/s019_2016/01_tcp_ar/aaaaahie_s019_t006.edf,18,
tusz,tusz_v2.0.6/edf/dev/aaaaahie/s019_2016/01_tcp_ar/aaaaahie_s019_t007.edf,18,
tusz,tusz_v2.0.6/edf/dev/aaaaahie/s019_2016/01_tcp_ar/aaaaahie_s019_t008.edf,18,
tusz,tusz_v2.0.6/edf/dev/aaaaahie/s019_2016/01_tcp_ar/aaaaahie_s019_t009.edf,18,
tusz,tusz_v2.0.6/edf/dev/aaaaahie/s019_2016/01_tcp_ar/aaaaahie_s019_t010.edf,18,
tusz,tusz_v2.0.6/edf/dev/aaaaahie/s019_2016/01_tcp_ar/aaaaahie_s019_t011.edf,18,
tusz,tusz_v2.0.6/edf/dev/aaaaahie/s019_2016/01_tcp_ar/aaaaahie_s019_t012.edf,18,
tusz,tusz_v2.0.6/edf/dev/aaaaahie/s019_2016/01_tcp_ar/aaaaahie_s019_t013.edf,18,
tusz,tusz_v2.0.6/edf/dev/aaaaahie/s019_2016/01_tcp_ar/aaaaahie_s019_t014.edf,18,
tusz,tusz_v2.0.6/edf/dev/aaaaahie/s019_2016/01_tcp_ar/aaaaahie_s019_t015.edf,18,
tusz,tusz_v2.0.6/edf/dev/aaaaahie/s019_2016/01_tcp_ar/aaaaahie_s019_t016.edf,18,
tusz,tusz_v2.0.6/edf/dev/aaaaahie/s019_2016/01_tcp_ar/aaaaahie_s019_t017.edf,18,
tusz,tusz_v2.0.6/edf/dev/aaaaahie/s019_2016/01_tcp_ar/aaaaahie_s019_t018.edf,18,
tusz,tusz_v2.0.6/edf/dev/aaaaahie/s019_2016/01_tcp_ar/aaaaahie_s019_t019.edf,18,
tusz,tusz_v2.0.6/edf/dev/aaaaahie/s020_2016/01_tcp_ar/aaaaahie_s020_t000.edf,18,
tusz,tusz_v2.0.6/edf/dev/aaaaahie/s020_2016/01_tcp_ar/aaaaahie_s020_t001.edf,18,
tusz,tusz_v2.0.6/edf/dev/aaaaahie/s020_2016/01_tcp_ar/aaaaahie_s020_t002.edf,18,
tusz,tusz_v2.0.6/edf/dev/aaaaahie/s020_2016/01_tcp_ar/aaaaahie_s020_t003.edf,18,
tusz,tusz_v2.0.6/edf/dev/aaaaahie/s020_2016/01_tcp_ar/aaaaahie_s020_t004.edf,18,
tusz,tusz_v2.0.6/edf/dev/aaaaahie/s020_2016/01_tcp_ar/aaaaahie_s020_t005.edf,18,
tusz,tusz_v2.0.6/edf/dev/aaaaahie/s021_2016/01_tcp_ar/aaaaahie_s021_t000.edf,18,
tusz,tusz_v2.0.6/edf/dev/aaaaahie/s021_2016/01_tcp_ar/aaaaahie_s021_t001.edf,18,
tusz,tusz_v2.0.6/edf/dev/aaaaahie/s021_2016/01_tcp_ar/aaaaahie_s021_t002.edf,18,
tusz,tusz_v2.0.6/edf/dev/aaaaahie/s021_2016/01_tcp_ar/aaaaahie_s021_t003.edf,18,
tusz,tusz_v2.0.6/edf/dev/aaaaahie/s021_2016/01_tcp_ar/aaaaahie_s021_t004.edf,18,
tusz,tusz_v2.0.6/edf/dev/aaaaahie/s021_2016/01_tcp_ar/aaaaahie_s021_t005.edf,18,
tusz,tusz_v2.0.6/edf/dev/aaaaahie/s021_2016/01_tcp_ar/aaaaahie_s021_t006.edf,18,
tusz,tusz_v2.0.6/edf/dev/aaaaahie/s022_2016/01_tcp_ar/aaaaahie_s022_t000.edf,16,Fz-Cz;Cz-Pz
tusz,tusz_v2.0.6/edf/dev/aaaaahie/s022_2016/01_tcp_ar/aaaaahie_s022_t001.edf,16,Fz-Cz;Cz-Pz
tusz,tusz_v2.0.6/edf/dev/aaaaahie/s022_2016/01_tcp_ar/aaaaahie_s022_t002.edf,16,Fz-Cz;Cz-Pz
tusz,tusz_v2.0.6/edf/dev/aaaaahie/s022_2016/01_tcp_ar/aaaaahie_s022_t003.edf,16,Fz-Cz;Cz-Pz
tusz,tusz_v2.0.6/edf/dev/aaaaahie/s022_2016/01_tcp_ar/aaaaahie_s022_t004.edf,16,Fz-Cz;Cz-Pz
tusz,tusz_v2.0.6/edf/dev/aaaaahie/s022_2016/01_tcp_ar/aaaaahie_s022_t005.edf,16,Fz-Cz;Cz-Pz
tusz,tusz_v2.0.6/edf/dev/aaaaahie/s022_2016/01_tcp_ar/aaaaahie_s022_t006.edf,16,Fz-Cz;Cz-Pz
tusz,tusz_v2.0.6/edf/dev/aaaaahie/s022_2016/01_tcp_ar/aaaaahie_s022_t007.edf,16,Fz-Cz;Cz-Pz
tusz,tusz_v2.0.6/edf/dev/aaaaahie/s022_2016/01_tcp_ar/aaaaahie_s022_t008.edf,16,Fz-Cz;Cz-Pz
tusz,tusz_v2.0.6/edf/dev/aaaaahie/s022_2016/01_tcp_ar/aaaaahie_s022_t009.edf,16,Fz-Cz;Cz-Pz
tusz,tusz_v2.0.6/edf/dev/aaaaahie/s022_2016/01_tcp_ar/aaaaahie_s022_t010.edf,16,Fz-Cz;Cz-Pz
tusz,tusz_v2.0.6/edf/dev/aaaaahie/s022_2016/01_tcp_ar/aaaaahie_s022_t011.edf,16,Fz-Cz;Cz-Pz
tusz,tusz_v2.0.6/edf/dev/aaaaahie/s022_2016/01_tcp_ar/aaaaahie_s022_t012.edf,16,Fz-Cz;Cz-Pz
tusz,tusz_v2.0.6/edf/dev/aaaaahie/s022_2016/01_tcp_ar/aaaaahie_s022_t013.edf,16,Fz-Cz;Cz-Pz
tusz,tusz_v2.0.6/edf/dev/aaaaahie/s022_2016/01_tcp_ar/aaaaahie_s022_t014.edf,16,Fz-Cz;Cz-Pz
tusz,tusz_v2.0.6/edf/dev/aaaaahie/s022_2016/01_tcp_ar/aaaaahie_s022_t015.edf,16,Fz-Cz;Cz-Pz
tusz,tusz_v2.0.6/edf/dev/aaaaahie/s022_2016/01_tcp_ar/aaaaahie_s022_t016.edf,16,Fz-Cz;Cz-Pz
tusz,tusz_v2.0.6/edf/dev/aaaaahie/s022_2016/01_tcp_ar/aaaaahie_s022_t017.edf,16,Fz-Cz;Cz-Pz
tusz,tusz_v2.0.6/edf/dev/aaaaahie/s022_2016/01_tcp_ar/aaaaahie_s022_t018.edf,16,Fz-Cz;Cz-Pz
tusz,tusz_v2.0.6/edf/dev/aaaaahie/s022_2016/01_tcp_ar/aaaaahie_s022_t019.edf,16,Fz-Cz;Cz-Pz
tusz,tusz_v2.0.6/edf/dev/aaaaahie/s022_2016/01_tcp_ar/aaaaahie_s022_t020.edf,16,Fz-Cz;Cz-Pz
tusz,tusz_v2.0.6/edf/dev/aaaaahie/s022_2016/01_tcp_ar/aaaaahie_s022_t021.edf,16,Fz-Cz;Cz-Pz
tusz,tusz_v2.0.6/edf/dev/aaaaahie/s022_2016/01_tcp_ar/aaaaahie_s022_t022.edf,16,Fz-Cz;Cz-Pz
tusz,tusz_v2.0.6/edf/dev/aaaaahie/s022_2016/01_tcp_ar/aaaaahie_s022_t023.edf,16,Fz-Cz;Cz-Pz
tusz,tusz_v2.0.6/edf/dev/aaaaahie/s022_2016/01_tcp_ar/aaaaahie_s022_t024.edf,16,Fz-Cz;Cz-Pz
tusz,tusz_v2.0.6/edf/dev/aaaaahie/s022_2016/01_tcp_ar/aaaaahie_s022_t025.edf,16,Fz-Cz;Cz-Pz
tusz,tusz_v2.0.6/edf/dev/aaaaahie/s022_2016/01_tcp_ar/aaaaahie_s022_t026.edf,16,Fz-Cz;Cz-Pz
tusz,tusz_v2.0.6/edf/dev/aaaaahie/s022_2016/01_tcp_ar/aaaaahie_s022_t027.edf,16,Fz-Cz;Cz-Pz
tusz,tusz_v2.0.6/edf/dev/aaaaahie/s023_2016/01_tcp_ar/aaaaahie_s023_t000.edf,16,Fz-Cz;Cz-Pz
tusz,tusz_v2.0.6/edf/dev/aaaaahie/s023_2016/01_tcp_ar/aaaaahie_s023_t001.edf,16,Fz-Cz;Cz-Pz
tusz,tusz_v2.0.6/edf/dev/aaaaahie/s023_2016/01_tcp_ar/aaaaahie_s023_t002.edf,16,Fz-Cz;Cz-Pz
tusz,tusz_v2.0.6/edf/dev/aaaaahie/s023_2016/01_tcp_ar/aaaaahie_s023_t003.edf,16,Fz-Cz;Cz-Pz
tusz,tusz_v2.0.6/edf/dev/aaaaahie/s023_2016/01_tcp_ar/aaaaahie_s023_t004.edf,16,Fz-Cz;Cz-Pz
tusz,tusz_v2.0.6/edf/dev/aaaaahie/s023_2016/01_tcp_ar/aaaaahie_s023_t005.edf,16,Fz-Cz;Cz-Pz
tusz,tusz_v2.0.6/edf/dev/aaaaahie/s023_2016/01_tcp_ar/aaaaahie_s023_t006.edf,16,Fz-Cz;Cz-Pz
tusz,tusz_v2.0.6/edf/dev/aaaaahie/s023_2016/01_tcp_ar/aaaaahie_s023_t007.edf,16,Fz-Cz;Cz-Pz
tusz,tusz_v2.0.6/edf/dev/aaaaahie/s023_2016/01_tcp_ar/aaaaahie_s023_t008.edf,16,Fz-Cz;Cz-Pz
tusz,tusz_v2.0.6/edf/dev/aaaaahie/s023_2016/01_tcp_ar/aaaaahie_s023_t009.edf,16,Fz-Cz;Cz-Pz
tusz,tusz_v2.0.6/edf/dev/aaaaahie/s023_2016/01_tcp_ar/aaaaahie_s023_t010.edf,16,Fz-Cz;Cz-Pz
tusz,tusz_v2.0.6/edf/dev/aaaaahie/s023_2016/01_tcp_ar/aaaaahie_s023_t011.edf,16,Fz-Cz;Cz-Pz
tusz,tusz_v2.0.6/edf/dev/aaaaahie/s023_2016/01_tcp_ar/aaaaahie_s023_t012.edf,16,Fz-Cz;Cz-Pz
tusz,tusz_v2.0.6/edf/dev/aaaaahie/s023_2016/01_tcp_ar/aaaaahie_s023_t013.edf,16,Fz-Cz;Cz-Pz
tusz,tusz_v2.0.6/edf/dev/aaaaahie/s023_2016/01_tcp_ar/aaaaahie_s023_t014.edf,16,Fz-Cz;Cz-Pz
tusz,tusz_v2.0.6/edf/dev/aaaaahie/s023_2016/01_tcp_ar/aaaaahie_s023_t015.edf,16,Fz-Cz;Cz-Pz
tusz,tusz_v2.0.6/edf/dev/aaaaahie/s023_2016/01_tcp_ar/aaaaahie_s023_t016.edf,16,Fz-Cz;Cz-Pz
tusz,tusz_v2.0.6/edf/dev/aaaaahie/s023_2016/01_tcp_ar/aaaaahie_s023_t017.edf,16,Fz-Cz;Cz-Pz
tusz,tusz_v2.0.6/edf/dev/aaaaahie/s023_2016/01_tcp_ar/aaaaahie_s023_t018.edf,16,Fz-Cz;Cz-Pz
tusz,tusz_v2.0.6/edf/dev/aaaaahie/s023_2016/01_tcp_ar/aaaaahie_s023_t019.edf,16,Fz-Cz;Cz-Pz
tusz,tusz_v2.0.6/edf/dev/aaaaahie/s023_2016/01_tcp_ar/aaaaahie_s023_t020.edf,16,Fz-Cz;Cz-Pz
tusz,tusz_v2.0.6/edf/dev/aaaaahie/s023_2016/01_tcp_ar/aaaaahie_s023_t021.edf,16,Fz-Cz;Cz-Pz
tusz,tusz_v2.0.6/edf/dev/aaaaahie/s023_2016/01_tcp_ar/aaaaahie_s023_t022.edf,16,Fz-Cz;Cz-Pz
tusz,tusz_v2.0.6/edf/dev/aaaaahie/s023_2016/01_tcp_ar/aaaaahie_s023_t023.edf,16,Fz-Cz;Cz-Pz
tusz,tusz_v2.0.6/edf/dev/aaaaahie/s023_2016/01_tcp_ar/aaaaahie_s023_t024.edf,16,Fz-Cz;Cz-Pz
tusz,tusz_v2.0.6/edf/dev/aaaaahie/s023_2016/01_tcp_ar/aaaaahie_s023_t025.edf,16,Fz-Cz;Cz-Pz
tusz,tusz_v2.0.6/edf/dev/aaaaahie/s023_2016/01_tcp_ar/aaaaahie_s023_t026.edf,16,Fz-Cz;Cz-Pz
tusz,tusz_v2.0.6/edf/dev/aaaaahie/s023_2016/01_tcp_ar/aaaaahie_s023_t027.edf,16,Fz-Cz;Cz-Pz
tusz,tusz_v2.0.6/edf/dev/aaaaahie/s023_2016/01_tcp_ar/aaaaahie_s023_t028.edf,16,Fz-Cz;Cz-Pz
tusz,tusz_v2.0.6/edf/dev/aaaaahie/s024_2016/01_tcp_ar/aaaaahie_s024_t000.edf,18,
tusz,tusz_v2.0.6/edf/dev/aaaaahie/s024_2016/01_tcp_ar/aaaaahie_s024_t001.edf,18,
tusz,tusz_v2.0.6/edf/dev/aaaaahie/s024_2016/01_tcp_ar/aaaaahie_s024_t002.edf,18,
tusz,tusz_v2.0.6/edf/dev/aaaaahie/s024_2016/01_tcp_ar/aaaaahie_s024_t003.edf,18,
tusz,tusz_v2.0.6/edf/dev/aaaaahie/s024_2016/01_tcp_ar/aaaaahie_s024_t004.edf,18,
tusz,tusz_v2.0.6/edf/dev/aaaaahie/s024_2016/01_tcp_ar/aaaaahie_s024_t005.edf,18,
tusz,tusz_v2.0.6/edf/dev/aaaaahie/s024_2016/01_tcp_ar/aaaaahie_s024_t006.edf,18,
tusz,tusz_v2.0.6/edf/dev/aaaaahie/s024_2016/01_tcp_ar/aaaaahie_s024_t007.edf,18,
tusz,tusz_v2.0.6/edf/dev/aaaaahie/s024_2016/01_tcp_ar/aaaaahie_s024_t008.edf,18,
tusz,tusz_v2.0.6/edf/dev/aaaaahie/s025_2016/01_tcp_ar/aaaaahie_s025_t000.edf,18,
tusz,tusz_v2.0.6/edf/dev/aaaaahie/s025_2016/01_tcp_ar/aaaaahie_s025_t001.edf,18,
tusz,tusz_v2.0.6/edf/dev/aaaaahie/s025_2016/01_tcp_ar/aaaaahie_s025_t002.edf,18,
tusz,tusz_v2.0.6/edf/dev/aaaaahie/s025_2016/01_tcp_ar/aaaaahie_s025_t003.edf,18,
tusz,tusz_v2.0.6/edf/dev/aaaaahie/s025_2016/01_tcp_ar/aaaaahie_s025_t004.edf,18,
tusz,tusz_v2.0.6/edf/dev/aaaaahie/s025_2016/01_tcp_ar/aaaaahie_s025_t005.edf,18,
tusz,tusz_v2.0.6/edf/dev/aaaaahie/s025_2016/01_tcp_ar/aaaaahie_s025_t006.edf,18,
tusz,tusz_v2.0.6/edf/dev/aaaaahie/s025_2016/01_tcp_ar/aaaaahie_s025_t007.edf,18,
tusz,tusz_v2.0.6/edf/dev/aaaaahie/s025_2016/01_tcp_ar/aaaaahie_s025_t008.edf,18,
tusz,tusz_v2.0.6/edf/dev/aaaaahie/s026_2016/01_tcp_ar/aaaaahie_s026_t000.edf,18,
tusz,tusz_v2.0.6/edf/dev/aaaaahie/s026_2016/01_tcp_ar/aaaaahie_s026_t001.edf,18,
tusz,tusz_v2.0.6/edf/dev/aaaaahie/s026_2016/01_tcp_ar/aaaaahie_s026_t002.edf,18,
tusz,tusz_v2.0.6/edf/dev/aaaaahie/s026_2016/01_tcp_ar/aaaaahie_s026_t003.edf,18,
tusz,tusz_v2.0.6/edf/dev/aaaaahie/s026_2016/01_tcp_ar/aaaaahie_s026_t004.edf,18,
tusz,tusz_v2.0.6/edf/dev/aaaaahie/s026_2016/01_tcp_ar/aaaaahie_s026_t005.edf,18,
tusz,tusz_v2.0.6/edf/dev/aaaaahie/s026_2016/01_tcp_ar/aaaaahie_s026_t006.edf,18,
tusz,tusz_v2.0.6/edf/dev/aaaaahie/s027_2016/01_tcp_ar/aaaaahie_s027_t000.edf,18,
tusz,tusz_v2.0.6/edf/dev/aaaaahie/s027_2016/01_tcp_ar/aaaaahie_s027_t001.edf,18,
tusz,tusz_v2.0.6/edf/dev/aaaaahie/s027_2016/01_tcp_ar/aaaaahie_s027_t002.edf,18,
tusz,tusz_v2.0.6/edf/dev/aaaaahie/s027_2016/01_tcp_ar/aaaaahie_s027_t003.edf,18,
tusz,tusz_v2.0.6/edf/dev/aaaaahie/s027_2016/01_tcp_ar/aaaaahie_s027_t004.edf,18,
tusz,tusz_v2.0.6/edf/dev/aaaaahie/s027_2016/01_tcp_ar/aaaaahie_s027_t005.edf,18,
tusz,tusz_v2.0.6/edf/dev/aaaaahie/s027_2016/01_tcp_ar/aaaaahie_s027_t006.edf,18,
tusz,tusz_v2.0.6/edf/dev/aaaaahie/s027_2016/01_tcp_ar/aaaaahie_s027_t007.edf,18,
tusz,tusz_v2.0.6/edf/dev/aaaaahie/s027_2016/01_tcp_ar/aaaaahie_s027_t008.edf,18,
tusz,tusz_v2.0.6/edf/dev/aaaaahie/s027_2016/01_tcp_ar/aaaaahie_s027_t009.edf,18,
tusz,tusz_v2.0.6/edf/dev/aaaaahie/s027_2016/01_tcp_ar/aaaaahie_s027_t010.edf,18,
tusz,tusz_v2.0.6/edf/dev/aaaaahie/s027_2016/01_tcp_ar/aaaaahie_s027_t011.edf,18,
tusz,tusz_v2.0.6/edf/dev/aaaaahie/s027_2016/01_tcp_ar/aaaaahie_s027_t012.edf,18,
tusz,tusz_v2.0.6/edf/dev/aaaaahie/s027_2016/01_tcp_ar/aaaaahie_s027_t013.edf,18,
tusz,tusz_v2.0.6/edf/dev/aaaaahie/s027_2016/01_tcp_ar/aaaaahie_s027_t014.edf,18,
tusz,tusz_v2.0.6/edf/dev/aaaaahie/s028_2016/01_tcp_ar/aaaaahie_s028_t000.edf,18,
tusz,tusz_v2.0.6/edf/dev/aaaaahie/s028_2016/01_tcp_ar/aaaaahie_s028_t001.edf,18,
tusz,tusz_v2.0.6/edf/dev/aaaaahie/s028_2016/01_tcp_ar/aaaaahie_s028_t002.edf,18,
tusz,tusz_v2.0.6/edf/dev/aaaaahie/s028_2016/01_tcp_ar/aaaaahie_s028_t003.edf,18,
tusz,tusz_v2.0.6/edf/dev/aaaaahie/s028_2016/01_tcp_ar/aaaaahie_s028_t004.edf,18,
tusz,tusz_v2.0.6/edf/dev/aaaaahie/s028_2016/01_tcp_ar/aaaaahie_s028_t005.edf,18,
tusz,tusz_v2.0.6/edf/dev/aaaaahie/s028_2016/01_tcp_ar/aaaaahie_s028_t006.edf,18,
tusz,tusz_v2.0.6/edf/dev/aaaaahie/s029_2016/01_tcp_ar/aaaaahie_s029_t000.edf,18,
tusz,tusz_v2.0.6/edf/dev/aaaaahie/s029_2016/01_tcp_ar/aaaaahie_s029_t001.edf,18,
tusz,tusz_v2.0.6/edf/dev/aaaaahie/s029_2016/01_tcp_ar/aaaaahie_s029_t002.edf,18,
tusz,tusz_v2.0.6/edf/dev/aaaaahie/s029_2016/01_tcp_ar/aaaaahie_s029_t003.edf,18,
tusz,tusz_v2.0.6/edf/dev/aaaaahie/s029_2016/01_tcp_ar/aaaaahie_s029_t004.edf,18,
tusz,tusz_v2.0.6/edf/dev/aaaaahie/s029_2016/01_tcp_ar/aaaaahie_s029_t005.edf,18,
tusz,tusz_v2.0.6/edf/dev/aaaaahie/s030_2016/01_tcp_ar/aaaaahie_s030_t000.edf,18,
tusz,tusz_v2.0.6/edf/dev/aaaaahie/s030_2016/01_tcp_ar/aaaaahie_s030_t001.edf,18,
tusz,tusz_v2.0.6/edf/dev/aaaaahie/s030_2016/01_tcp_ar/aaaaahie_s030_t002.edf,16,Fz-Cz;Cz-Pz
tusz,tusz_v2.0.6/edf/dev/aaaaahie/s030_2016/01_tcp_ar/aaaaahie_s030_t003.edf,16,Fz-Cz;Cz-Pz
tusz,tusz_v2.0.6/edf/dev/aaaaahie/s030_2016/01_tcp_ar/aaaaahie_s030_t004.edf,16,Fz-Cz;Cz-Pz
tusz,tusz_v2.0.6/edf/dev/aaaaahie/s030_2016/01_tcp_ar/aaaaahie_s030_t005.edf,16,Fz-Cz;Cz-Pz
tusz,tusz_v2.0.6/edf/dev/aaaaahie/s030_2016/01_tcp_ar/aaaaahie_s030_t006.edf,16,Fz-Cz;Cz-Pz
tusz,tusz_v2.0.6/edf/dev/aaaaahie/s030_2016/01_tcp_ar/aaaaahie_s030_t007.edf,16,Fz-Cz;Cz-Pz
tusz,tusz_v2.0.6/edf/dev/aaaaahie/s030_2016/01_tcp_ar/aaaaahie_s030_t008.edf,16,Fz-Cz;Cz-Pz
tusz,tusz_v2.0.6/edf/dev/aaaaahie/s030_2016/01_tcp_ar/aaaaahie_s030_t009.edf,16,Fz-Cz;Cz-Pz
tusz,tusz_v2.0.6/edf/dev/aaaaahie/s030_2016/01_tcp_ar/aaaaahie_s030_t010.edf,16,Fz-Cz;Cz-Pz
tusz,tusz_v2.0.6/edf/dev/aaaaahie/s030_2016/01_tcp_ar/aaaaahie_s030_t011.edf,16,Fz-Cz;Cz-Pz
tusz,tusz_v2.0.6/edf/dev/aaaaahie/s030_2016/01_tcp_ar/aaaaahie_s030_t012.edf,16,Fz-Cz;Cz-Pz
tusz,tusz_v2.0.6/edf/dev/aaaaahie/s030_2016/01_tcp_ar/aaaaahie_s030_t013.edf,16,Fz-Cz;Cz-Pz
tusz,tusz_v2.0.6/edf/dev/aaaaahie/s030_2016/01_tcp_ar/aaaaahie_s030_t014.edf,16,Fz-Cz;Cz-Pz
tusz,tusz_v2.0.6/edf/dev/aaaaahie/s030_2016/01_tcp_ar/aaaaahie_s030_t015.edf,16,Fz-Cz;Cz-Pz
tusz,tusz_v2.0.6/edf/dev/aaaaahie/s030_2016/01_tcp_ar/aaaaahie_s030_t016.edf,16,Fz-Cz;Cz-Pz
tusz,tusz_v2.0.6/edf/dev/aaaaahie/s030_2016/01_tcp_ar/aaaaahie_s030_t017.edf,16,Fz-Cz;Cz-Pz
tusz,tusz_v2.0.6/edf/dev/aaaaahie/s030_2016/01_tcp_ar/aaaaahie_s030_t018.edf,16,Fz-Cz;Cz-Pz
tusz,tusz_v2.0.6/edf/dev/aaaaahie/s030_2016/01_tcp_ar/aaaaahie_s030_t019.edf,16,Fz-Cz;Cz-Pz
tusz,tusz_v2.0.6/edf/dev/aaaaahie/s030_2016/01_tcp_ar/aaaaahie_s030_t020.edf,16,Fz-Cz;Cz-Pz
tusz,tusz_v2.0.6/edf/dev/aaaaahie/s030_2016/01_tcp_ar/aaaaahie_s030_t021.edf,16,Fz-Cz;Cz-Pz
tusz,tusz_v2.0.6/edf/dev/aaaaahie/s030_2016/01_tcp_ar/aaaaahie_s030_t022.edf,16,Fz-Cz;Cz-Pz
tusz,tusz_v2.0.6/edf/dev/aaaaahie/s030_2016/01_tcp_ar/aaaaahie_s030_t023.edf,16,Fz-Cz;Cz-Pz
tusz,tusz_v2.0.6/edf/dev/aaaaahie/s031_2016/01_tcp_ar/aaaaahie_s031_t000.edf,16,Fz-Cz;Cz-Pz
tusz,tusz_v2.0.6/edf/dev/aaaaahie/s031_2016/01_tcp_ar/aaaaahie_s031_t001.edf,16,Fz-Cz;Cz-Pz
tusz,tusz_v2.0.6/edf/dev/aaaaahie/s031_2016/01_tcp_ar/aaaaahie_s031_t002.edf,16,Fz-Cz;Cz-Pz
tusz,tusz_v2.0.6/edf/dev/aaaaahie/s031_2016/01_tcp_ar/aaaaahie_s031_t003.edf,16,Fz-Cz;Cz-Pz
tusz,tusz_v2.0.6/edf/dev/aaaaahie/s031_2016/01_tcp_ar/aaaaahie_s031_t004.edf,16,Fz-Cz;Cz-Pz
tusz,tusz_v2.0.6/edf/dev/aaaaahie/s031_2016/01_tcp_ar/aaaaahie_s031_t005.edf,16,Fz-Cz;Cz-Pz
tusz,tusz_v2.0.6/edf/dev/aaaaahie/s031_2016/01_tcp_ar/aaaaahie_s031_t006.edf,16,Fz-Cz;Cz-Pz
tusz,tusz_v2.0.6/edf/dev/aaaaahie/s031_2016/01_tcp_ar/aaaaahie_s031_t007.edf,16,Fz-Cz;Cz-Pz
tusz,tusz_v2.0.6/edf/dev/aaaaahie/s031_2016/01_tcp_ar/aaaaahie_s031_t008.edf,16,Fz-Cz;Cz-Pz
tusz,tusz_v2.0.6/edf/dev/aaaaahie/s031_2016/01_tcp_ar/aaaaahie_s031_t009.edf,16,Fz-Cz;Cz-Pz
tusz,tusz_v2.0.6/edf/dev/aaaaahie/s031_2016/01_tcp_ar/aaaaahie_s031_t010.edf,16,Fz-Cz;Cz-Pz
tusz,tusz_v2.0.6/edf/dev/aaaaahie/s031_2016/01_tcp_ar/aaaaahie_s031_t011.edf,16,Fz-Cz;Cz-Pz
tusz,tusz_v2.0.6/edf/dev/aaaaahie/s031_2016/01_tcp_ar/aaaaahie_s031_t012.edf,16,Fz-Cz;Cz-Pz
tusz,tusz_v2.0.6/edf/dev/aaaaahie/s031_2016/01_tcp_ar/aaaaahie_s031_t013.edf,16,Fz-Cz;Cz-Pz
tusz,tusz_v2.0.6/edf/dev/aaaaahie/s031_2016/01_tcp_ar/aaaaahie_s031_t014.edf,16,Fz-Cz;Cz-Pz
tusz,tusz_v2.0.6/edf/dev/aaaaahie/s031_2016/01_tcp_ar/aaaaahie_s031_t015.edf,16,Fz-Cz;Cz-Pz
tusz,tusz_v2.0.6/edf/dev/aaaaahie/s031_2016/01_tcp_ar/aaaaahie_s031_t016.edf,16,Fz-Cz;Cz-Pz
tusz,tusz_v2.0.6/edf/dev/aaaaahie/s031_2016/01_tcp_ar/aaaaahie_s031_t017.edf,16,Fz-Cz;Cz-Pz
tusz,tusz_v2.0.6/edf/dev/aaaaahie/s031_2016/01_tcp_ar/aaaaahie_s031_t018.edf,16,Fz-Cz;Cz-Pz
tusz,tusz_v2.0.6/edf/dev/aaaaahie/s031_2016/01_tcp_ar/aaaaahie_s031_t019.edf,16,Fz-Cz;Cz-Pz
tusz,tusz_v2.0.6/edf/dev/aaaaahie/s031_2016/01_tcp_ar/aaaaahie_s031_t020.edf,16,Fz-Cz;Cz-Pz
tusz,tusz_v2.0.6/edf/dev/aaaaahie/s031_2016/01_tcp_ar/aaaaahie_s031_t021.edf,16,Fz-Cz;Cz-Pz
tusz,tusz_v2.0.6/edf/dev/aaaaahie/s031_2016/01_tcp_ar/aaaaahie_s031_t022.edf,16,Fz-Cz;Cz-Pz
tusz,tusz_v2.0.6/edf/dev/aaaaahie/s031_2016/01_tcp_ar/aaaaahie_s031_t023.edf,16,Fz-Cz;Cz-Pz
tusz,tusz_v2.0.6/edf/dev/aaaaahie/s031_2016/01_tcp_ar/aaaaahie_s031_t024.edf,16,Fz-Cz;Cz-Pz
tusz,tusz_v2.0.6/edf/dev/aaaaahie/s031_2016/01_tcp_ar/aaaaahie_s031_t025.edf,16,Fz-Cz;Cz-Pz
tusz,tusz_v2.0.6/edf/dev/aaaaahie/s031_2016/01_tcp_ar/aaaaahie_s031_t026.edf,16,Fz-Cz;Cz-Pz
tusz,tusz_v2.0.6/edf/dev/aaaaahie/s031_2016/01_tcp_ar/aaaaahie_s031_t027.edf,16,Fz-Cz;Cz-Pz
tusz,tusz_v2.0.6/edf/dev/aaaaahie/s031_2016/01_tcp_ar/aaaaahie_s031_t028.edf,16,Fz-Cz;Cz-Pz
tusz,tusz_v2.0.6/edf/dev/aaaaahie/s031_2016/01_tcp_ar/aaaaahie_s031_t029.edf,16,Fz-Cz;Cz-Pz
tusz,tusz_v2.0.6/edf/dev/aaaaahie/s031_2016/01_tcp_ar/aaaaahie_s031_t030.edf,16,Fz-Cz;Cz-Pz
tusz,tusz_v2.0.6/edf/dev/aaaaahie/s031_2016/01_tcp_ar/aaaaahie_s031_t031.edf,16,Fz-Cz;Cz-Pz
tusz,tusz_v2.0.6/edf/dev/aaaaahie/s031_2016/01_tcp_ar/aaaaahie_s031_t032.edf,16,Fz-Cz;Cz-Pz
tusz,tusz_v2.0.6/edf/dev/aaaaahie/s031_2016/01_tcp_ar/aaaaahie_s031_t033.edf,16,Fz-Cz;Cz-Pz
tusz,tusz_v2.0.6/edf/dev/aaaaahie/s031_2016/01_tcp_ar/aaaaahie_s031_t034.edf,16,Fz-Cz;Cz-Pz
tusz,tusz_v2.0.6/edf/dev/aaaaahie/s031_2016/01_tcp_ar/aaaaahie_s031_t035.edf,16,Fz-Cz;Cz-Pz
tusz,tusz_v2.0.6/edf/dev/aaaaahie/s031_2016/01_tcp_ar/aaaaahie_s031_t036.edf,16,Fz-Cz;Cz-Pz
tusz,tusz_v2.0.6/edf/dev/aaaaahie/s031_2016/01_tcp_ar/aaaaahie_s031_t037.edf,16,Fz-Cz;Cz-Pz
tusz,tusz_v2.0.6/edf/dev/aaaaahie/s031_2016/01_tcp_ar/aaaaahie_s031_t038.edf,16,Fz-Cz;Cz-Pz
tusz,tusz_v2.0.6/edf/dev/aaaaahie/s031_2016/01_tcp_ar/aaaaahie_s031_t039.edf,16,Fz-Cz;Cz-Pz
tusz,tusz_v2.0.6/edf/dev/aaaaahie/s031_2016/01_tcp_ar/aaaaahie_s031_t040.edf,16,Fz-Cz;Cz-Pz
tusz,tusz_v2.0.6/edf/dev/aaaaahie/s031_2016/01_tcp_ar/aaaaahie_s031_t041.edf,16,Fz-Cz;Cz-Pz
tusz,tusz_v2.0.6/edf/dev/aaaaahie/s031_2016/01_tcp_ar/aaaaahie_s031_t042.edf,16,Fz-Cz;Cz-Pz
tusz,tusz_v2.0.6/edf/dev/aaaaahie/s031_2016/01_tcp_ar/aaaaahie_s031_t043.edf,16,Fz-Cz;Cz-Pz
tusz,tusz_v2.0.6/edf/dev/aaaaahie/s031_2016/01_tcp_ar/aaaaahie_s031_t044.edf,16,Fz-Cz;Cz-Pz
tusz,tusz_v2.0.6/edf/dev/aaaaahie/s031_2016/01_tcp_ar/aaaaahie_s031_t045.edf,16,Fz-Cz;Cz-Pz
tusz,tusz_v2.0.6/edf/dev/aaaaahie/s031_2016/01_tcp_ar/aaaaahie_s031_t046.edf,16,Fz-Cz;Cz-Pz
tusz,tusz_v2.0.6/edf/dev/aaaaahie/s031_2016/01_tcp_ar/aaaaahie_s031_t047.edf,16,Fz-Cz;Cz-Pz
tusz,tusz_v2.0.6/edf/dev/aaaaahie/s031_2016/01_tcp_ar/aaaaahie_s031_t048.edf,16,Fz-Cz;Cz-Pz
tusz,tusz_v2.0.6/edf/dev/aaaaahie/s031_2016/01_tcp_ar/aaaaahie_s031_t049.edf,16,Fz-Cz;Cz-Pz
tusz,tusz_v2.0.6/edf/dev/aaaaahie/s031_2016/01_tcp_ar/aaaaahie_s031_t050.edf,16,Fz-Cz;Cz-Pz
tusz,tusz_v2.0.6/edf/dev/aaaaahie/s031_2016/01_tcp_ar/aaaaahie_s031_t051.edf,16,Fz-Cz;Cz-Pz
tusz,tusz_v2.0.6/edf/dev/aaaaahie/s031_2016/01_tcp_ar/aaaaahie_s031_t052.edf,16,Fz-Cz;Cz-Pz
tusz,tusz_v2.0.6/edf/dev/aaaaahie/s031_2016/01_tcp_ar/aaaaahie_s031_t053.edf,16,Fz-Cz;Cz-Pz
tusz,tusz_v2.0.6/edf/dev/aaaaahie/s031_2016/01_tcp_ar/aaaaahie_s031_t054.edf,16,Fz-Cz;Cz-Pz
tusz,tusz_v2.0.6/edf/dev/aaaaahie/s031_2016/01_tcp_ar/aaaaahie_s031_t055.edf,16,Fz-Cz;Cz-Pz
tusz,tusz_v2.0.6/edf/dev/aaaaahie/s031_2016/01_tcp_ar/aaaaahie_s031_t056.edf,16,Fz-Cz;Cz-Pz
tusz,tusz_v2.0.6/edf/dev/aaaaahie/s031_2016/01_tcp_ar/aaaaahie_s031_t057.edf,16,Fz-Cz;Cz-Pz
tusz,tusz_v2.0.6/edf/dev/aaaaahie/s031_2016/01_tcp_ar/aaaaahie_s031_t058.edf,16,Fz-Cz;Cz-Pz
tusz,tusz_v2.0.6/edf/dev/aaaaahie/s031_2016/01_tcp_ar/aaaaahie_s031_t059.edf,16,Fz-Cz;Cz-Pz
tusz,tusz_v2.0.6/edf/dev/aaaaahie/s031_2016/01_tcp_ar/aaaaahie_s031_t060.edf,16,Fz-Cz;Cz-Pz
tusz,tusz_v2.0.6/edf/dev/aaaaahie/s031_2016/01_tcp_ar/aaaaahie_s031_t061.edf,16,Fz-Cz;Cz-Pz
tusz,tusz_v2.0.6/edf/dev/aaaaahie/s031_2016/01_tcp_ar/aaaaahie_s031_t062.edf,16,Fz-Cz;Cz-Pz
tusz,tusz_v2.0.6/edf/dev/aaaaahie/s031_2016/01_tcp_ar/aaaaahie_s031_t063.edf,16,Fz-Cz;Cz-Pz
tusz,tusz_v2.0.6/edf/dev/aaaaahie/s031_2016/01_tcp_ar/aaaaahie_s031_t064.edf,16,Fz-Cz;Cz-Pz
tusz,tusz_v2.0.6/edf/dev/aaaaahie/s031_2016/01_tcp_ar/aaaaahie_s031_t065.edf,16,Fz-Cz;Cz-Pz
tusz,tusz_v2.0.6/edf/dev/aaaaahie/s031_2016/01_tcp_ar/aaaaahie_s031_t066.edf,16,Fz-Cz;Cz-Pz
tusz,tusz_v2.0.6/edf/dev/aaaaahie/s031_2016/01_tcp_ar/aaaaahie_s031_t067.edf,16,Fz-Cz;Cz-Pz
tusz,tusz_v2.0.6/edf/dev/aaaaahie/s031_2016/01_tcp_ar/aaaaahie_s031_t068.edf,16,Fz-Cz;Cz-Pz
tusz,tusz_v2.0.6/edf/dev/aaaaahie/s031_2016/01_tcp_ar/aaaaahie_s031_t069.edf,16,Fz-Cz;Cz-Pz
tusz,tusz_v2.0.6/edf/dev/aaaaahie/s032_2016/01_tcp_ar/aaaaahie_s032_t000.edf,16,Fz-Cz;Cz-Pz
tusz,tusz_v2.0.6/edf/dev/aaaaahie/s032_2016/01_tcp_ar/aaaaahie_s032_t001.edf,16,Fz-Cz;Cz-Pz
tusz,tusz_v2.0.6/edf/dev/aaaaahie/s032_2016/01_tcp_ar/aaaaahie_s032_t002.edf,16,Fz-Cz;Cz-Pz
tusz,tusz_v2.0.6/edf/dev/aaaaahie/s032_2016/01_tcp_ar/aaaaahie_s032_t003.edf,16,Fz-Cz;Cz-Pz
tusz,tusz_v2.0.6/edf/dev/aaaaahie/s032_2016/01_tcp_ar/aaaaahie_s032_t004.edf,16,Fz-Cz;Cz-Pz
tusz,tusz_v2.0.6/edf/dev/aaaaahie/s032_2016/01_tcp_ar/aaaaahie_s032_t005.edf,16,Fz-Cz;Cz-Pz
tusz,tusz_v2.0.6/edf/dev/aaaaahie/s032_2016/01_tcp_ar/aaaaahie_s032_t006.edf,16,Fz-Cz;Cz-Pz
tusz,tusz_v2.0.6/edf/dev/aaaaahie/s032_2016/01_tcp_ar/aaaaahie_s032_t007.edf,16,Fz-Cz;Cz-Pz
tusz,tusz_v2.0.6/edf/dev/aaaaahie/s032_2016/01_tcp_ar/aaaaahie_s032_t008.edf,16,Fz-Cz;Cz-Pz
tusz,tusz_v2.0.6/edf/dev/aaaaahie/s032_2016/01_tcp_ar/aaaaahie_s032_t009.edf,16,Fz-Cz;Cz-Pz
tusz,tusz_v2.0.6/edf/dev/aaaaahie/s032_2016/01_tcp_ar/aaaaahie_s032_t010.edf,16,Fz-Cz;Cz-Pz
tusz,tusz_v2.0.6/edf/dev/aaaaahie/s032_2016/01_tcp_ar/aaaaahie_s032_t011.edf,16,Fz-Cz;Cz-Pz
tusz,tusz_v2.0.6/edf/dev/aaaaahie/s032_2016/01_tcp_ar/aaaaahie_s032_t012.edf,16,Fz-Cz;Cz-Pz
tusz,tusz_v2.0.6/edf/dev/aaaaahie/s032_2016/01_tcp_ar/aaaaahie_s032_t013.edf,16,Fz-Cz;Cz-Pz
tusz,tusz_v2.0.6/edf/dev/aaaaahie/s032_2016/01_tcp_ar/aaaaahie_s032_t014.edf,16,Fz-Cz;Cz-Pz
tusz,tusz_v2.0.6/edf/dev/aaaaahie/s032_2016/01_tcp_ar/aaaaahie_s032_t015.edf,16,Fz-Cz;Cz-Pz
tusz,tusz_v2.0.6/edf/dev/aaaaahie/s032_2016/01_tcp_ar/aaaaahie_s032_t016.edf,16,Fz-Cz;Cz-Pz
tusz,tusz_v2.0.6/edf/dev/aaaaahie/s032_2016/01_tcp_ar/aaaaahie_s032_t017.edf,16,Fz-Cz;Cz-Pz
tusz,tusz_v2.0.6/edf/dev/aaaaahie/s032_2016/01_tcp_ar/aaaaahie_s032_t018.edf,16,Fz-Cz;Cz-Pz
tusz,tusz_v2.0.6/edf/dev/aaaaahie/s032_2016/01_tcp_ar/aaaaahie_s032_t019.edf,16,Fz-Cz;Cz-Pz
tusz,tusz_v2.0.6/edf/dev/aaaaahie/s032_2016/01_tcp_ar/aaaaahie_s032_t020.edf,16,Fz-Cz;Cz-Pz
tusz,tusz_v2.0.6/edf/dev/aaaaahie/s032_2016/01_tcp_ar/aaaaahie_s032_t021.edf,16,Fz-Cz;Cz-Pz
tusz,tusz_v2.0.6/edf/dev/aaaaahie/s032_2016/01_tcp_ar/aaaaahie_s032_t022.edf,16,Fz-Cz;Cz-Pz
tusz,tusz_v2.0.6/edf/dev/aaaaahie/s032_2016/01_tcp_ar/aaaaahie_s032_t023.edf,16,Fz-Cz;Cz-Pz
tusz,tusz_v2.0.6/edf/dev/aaaaahie/s032_2016/01_tcp_ar/aaaaahie_s032_t024.edf,16,Fz-Cz;Cz-Pz
tusz,tusz_v2.0.6/edf/dev/aaaaahie/s032_2016/01_tcp_ar/aaaaahie_s032_t025.edf,16,Fz-Cz;Cz-Pz
tusz,tusz_v2.0.6/edf/dev/aaaaahie/s032_2016/01_tcp_ar/aaaaahie_s032_t026.edf,16,Fz-Cz;Cz-Pz
tusz,tusz_v2.0.6/edf/dev/aaaaahie/s032_2016/01_tcp_ar/aaaaahie_s032_t027.edf,16,Fz-Cz;Cz-Pz
tusz,tusz_v2.0.6/edf/dev/aaaaahie/s032_2016/01_tcp_ar/aaaaahie_s032_t028.edf,16,Fz-Cz;Cz-Pz
tusz,tusz_v2.0.6/edf/dev/aaaaahie/s032_2016/01_tcp_ar/aaaaahie_s032_t029.edf,16,Fz-Cz;Cz-Pz
tusz,tusz_v2.0.6/edf/dev/aaaaahie/s032_2016/01_tcp_ar/aaaaahie_s032_t030.edf,16,Fz-Cz;Cz-Pz
tusz,tusz_v2.0.6/edf/dev/aaaaahie/s032_2016/01_tcp_ar/aaaaahie_s032_t031.edf,16,Fz-Cz;Cz-Pz
tusz,tusz_v2.0.6/edf/dev/aaaaahie/s032_2016/01_tcp_ar/aaaaahie_s032_t032.edf,16,Fz-Cz;Cz-Pz
tusz,tusz_v2.0.6/edf/dev/aaaaahie/s032_2016/01_tcp_ar/aaaaahie_s032_t033.edf,16,Fz-Cz;Cz-Pz
tusz,tusz_v2.0.6/edf/dev/aaaaahie/s032_2016/01_tcp_ar/aaaaahie_s032_t034.edf,16,Fz-Cz;Cz-Pz
tusz,tusz_v2.0.6/edf/dev/aaaaahie/s032_2016/01_tcp_ar/aaaaahie_s032_t035.edf,16,Fz-Cz;Cz-Pz
tusz,tusz_v2.0.6/edf/dev/aaaaahie/s032_2016/01_tcp_ar/aaaaahie_s032_t036.edf,16,Fz-Cz;Cz-Pz
tusz,tusz_v2.0.6/edf/dev/aaaaahie/s032_2016/01_tcp_ar/aaaaahie_s032_t037.edf,16,Fz-Cz;Cz-Pz
tusz,tusz_v2.0.6/edf/dev/aaaaahie/s032_2016/01_tcp_ar/aaaaahie_s032_t038.edf,16,Fz-Cz;Cz-Pz
tusz,tusz_v2.0.6/edf/dev/aaaaahie/s032_2016/01_tcp_ar/aaaaahie_s032_t039.edf,16,Fz-Cz;Cz-Pz
tusz,tusz_v2.0.6/edf/dev/aaaaahie/s032_2016/01_tcp_ar/aaaaahie_s032_t040.edf,16,Fz-Cz;Cz-Pz
tusz,tusz_v2.0.6/edf/dev/aaaaahie/s032_2016/01_tcp_ar/aaaaahie_s032_t041.edf,16,Fz-Cz;Cz-Pz
tusz,tusz_v2.0.6/edf/dev/aaaaahie/s032_2016/01_tcp_ar/aaaaahie_s032_t042.edf,16,Fz-Cz;Cz-Pz
tusz,tusz_v2.0.6/edf/dev/aaaaahie/s032_2016/01_tcp_ar/aaaaahie_s032_t043.edf,16,Fz-Cz;Cz-Pz
tusz,tusz_v2.0.6/edf/dev/aaaaahie/s032_2016/01_tcp_ar/aaaaahie_s032_t044.edf,16,Fz-Cz;Cz-Pz
tusz,tusz_v2.0.6/edf/dev/aaaaahie/s032_2016/01_tcp_ar/aaaaahie_s032_t045.edf,16,Fz-Cz;Cz-Pz
tusz,tusz_v2.0.6/edf/dev/aaaaahie/s032_2016/01_tcp_ar/aaaaahie_s032_t046.edf,16,Fz-Cz;Cz-Pz
tusz,tusz_v2.0.6/edf/dev/aaaaahie/s032_2016/01_tcp_ar/aaaaahie_s032_t047.edf,16,Fz-Cz;Cz-Pz
tusz,tusz_v2.0.6/edf/dev/aaaaahie/s032_2016/01_tcp_ar/aaaaahie_s032_t048.edf,16,Fz-Cz;Cz-Pz
tusz,tusz_v2.0.6/edf/dev/aaaaahie/s032_2016/01_tcp_ar/aaaaahie_s032_t049.edf,16,Fz-Cz;Cz-Pz
tusz,tusz_v2.0.6/edf/dev/aaaaahie/s032_2016/01_tcp_ar/aaaaahie_s032_t050.edf,16,Fz-Cz;Cz-Pz
tusz,tusz_v2.0.6/edf/dev/aaaaahie/s032_2016/01_tcp_ar/aaaaahie_s032_t051.edf,16,Fz-Cz;Cz-Pz
tusz,tusz_v2.0.6/edf/dev/aaaaahie/s032_2016/01_tcp_ar/aaaaahie_s032_t052.edf,16,Fz-Cz;Cz-Pz
tusz,tusz_v2.0.6/edf/dev/aaaaahie/s032_2016/01_tcp_ar/aaaaahie_s032_t053.edf,16,Fz-Cz;Cz-Pz
tusz,tusz_v2.0.6/edf/dev/aaaaahie/s032_2016/01_tcp_ar/aaaaahie_s032_t054.edf,16,Fz-Cz;Cz-Pz
tusz,tusz_v2.0.6/edf/dev/aaaaahie/s032_2016/01_tcp_ar/aaaaahie_s032_t055.edf,16,Fz-Cz;Cz-Pz
tusz,tusz_v2.0.6/edf/dev/aaaaahie/s032_2016/01_tcp_ar/aaaaahie_s032_t056.edf,16,Fz-Cz;Cz-Pz
tusz,tusz_v2.0.6/edf/dev/aaaaahie/s032_2016/01_tcp_ar/aaaaahie_s032_t057.edf,16,Fz-Cz;Cz-Pz
tusz,tusz_v2.0.6/edf/dev/aaaaahie/s032_2016/01_tcp_ar/aaaaahie_s032_t058.edf,16,Fz-Cz;Cz-Pz
tusz,tusz_v2.0.6/edf/dev/aaaaahie/s032_2016/01_tcp_ar/aaaaahie_s032_t059.edf,16,Fz-Cz;Cz-Pz
tusz,tusz_v2.0.6/edf/dev/aaaaahie/s032_2016/01_tcp_ar/aaaaahie_s032_t060.edf,16,Fz-Cz;Cz-Pz
tusz,tusz_v2.0.6/edf/dev/aaaaahie/s032_2016/01_tcp_ar/aaaaahie_s032_t061.edf,16,Fz-Cz;Cz-Pz
tusz,tusz_v2.0.6/edf/dev/aaaaahie/s032_2016/01_tcp_ar/aaaaahie_s032_t062.edf,16,Fz-Cz;Cz-Pz
tusz,tusz_v2.0.6/edf/dev/aaaaahie/s032_2016/01_tcp_ar/aaaaahie_s032_t063.edf,16,Fz-Cz;Cz-Pz
tusz,tusz_v2.0.6/edf/dev/aaaaahie/s033_2016/01_tcp_ar/aaaaahie_s033_t000.edf,16,Fz-Cz;Cz-Pz
tusz,tusz_v2.0.6/edf/dev/aaaaahie/s033_2016/01_tcp_ar/aaaaahie_s033_t001.edf,16,Fz-Cz;Cz-Pz
tusz,tusz_v2.0.6/edf/dev/aaaaahie/s033_2016/01_tcp_ar/aaaaahie_s033_t002.edf,16,Fz-Cz;Cz-Pz
tusz,tusz_v2.0.6/edf/dev/aaaaahie/s033_2016/01_tcp_ar/aaaaahie_s033_t003.edf,16,Fz-Cz;Cz-Pz
tusz,tusz_v2.0.6/edf/dev/aaaaahie/s033_2016/01_tcp_ar/aaaaahie_s033_t004.edf,16,Fz-Cz;Cz-Pz
tusz,tusz_v2.0.6/edf/dev/aaaaahie/s033_2016/01_tcp_ar/aaaaahie_s033_t005.edf,16,Fz-Cz;Cz-Pz
tusz,tusz_v2.0.6/edf/dev/aaaaahln/s001_2008/02_tcp_le/aaaaahln_s001_t000.edf,18,
tusz,tusz_v2.0.6/edf/dev/aaaaahln/s002_2008/03_tcp_ar_a/aaaaahln_s002_t000.edf,18,
tusz,tusz_v2.0.6/edf/dev/aaaaahln/s002_2008/03_tcp_ar_a/aaaaahln_s002_t001.edf,18,
tusz,tusz_v2.0.6/edf/dev/aaaaahln/s002_2008/03_tcp_ar_a/aaaaahln_s002_t002.edf,18,
tusz,tusz_v2.0.6/edf/dev/aaaaahln/s002_2008/03_tcp_ar_a/aaaaahln_s002_t003.edf,18,
tusz,tusz_v2.0.6/edf/dev/aaaaahln/s002_2008/03_tcp_ar_a/aaaaahln_s002_t004.edf,18,
tusz,tusz_v2.0.6/edf/dev/aaaaahln/s002_2008/03_tcp_ar_a/aaaaahln_s002_t005.edf,18,
tusz,tusz_v2.0.6/edf/dev/aaaaahln/s003_2011/01_tcp_ar/aaaaahln_s003_t001.edf,18,
tusz,tusz_v2.0.6/edf/dev/aaaaahsn/s001_2007/02_tcp_le/aaaaahsn_s001_t000.edf,18,
tusz,tusz_v2.0.6/edf/dev/aaaaaict/s001_2008/02_tcp_le/aaaaaict_s001_t000.edf,18,
tusz,tusz_v2.0.6/edf/dev/aaaaaict/s001_2008/02_tcp_le/aaaaaict_s001_t001.edf,18,
tusz,tusz_v2.0.6/edf/dev/aaaaaict/s001_2008/02_tcp_le/aaaaaict_s001_t002.edf,18,
tusz,tusz_v2.0.6/edf/dev/aaaaaict/s001_2008/02_tcp_le/aaaaaict_s001_t003.edf,18,
tusz,tusz_v2.0.6/edf/dev/aaaaaict/s002_2008/02_tcp_le/aaaaaict_s002_t000.edf,18,
tusz,tusz_v2.0.6/edf/dev/aaaaaict/s003_2011/01_tcp_ar/aaaaaict_s003_t000.edf,18,
tusz,tusz_v2.0.6/edf/dev/aaaaaict/s004_2011/01_tcp_ar/aaaaaict_s004_t000.edf,18,
tusz,tusz_v2.0.6/edf/dev/aaaaaict/s004_2011/01_tcp_ar/aaaaaict_s004_t001.edf,18,
tusz,tusz_v2.0.6/edf/dev/aaaaaict/s005_2011/03_tcp_ar_a/aaaaaict_s005_t000.edf,18,
tusz,tusz_v2.0.6/edf/dev/aaaaaict/s005_2011/03_tcp_ar_a/aaaaaict_s005_t001.edf,18,
tusz,tusz_v2.0.6/edf/dev/aaaaaict/s005_2011/03_tcp_ar_a/aaaaaict_s005_t002.edf,18,
tusz,tusz_v2.0.6/edf/dev/aaaaaict/s005_2011/03_tcp_ar_a/aaaaaict_s005_t003.edf,18,
tusz,tusz_v2.0.6/edf/dev/aaaaaict/s005_2011/03_tcp_ar_a/aaaaaict_s005_t004.edf,18,
tusz,tusz_v2.0.6/edf/dev/aaaaaict/s005_2011/03_tcp_ar_a/aaaaaict_s005_t005.edf,18,
tusz,tusz_v2.0.6/edf/dev/aaaaaict/s005_2011/03_tcp_ar_a/aaaaaict_s005_t006.edf,18,
tusz,tusz_v2.0.6/edf/dev/aaaaaict/s005_2011/03_tcp_ar_a/aaaaaict_s005_t007.edf,18,
tusz,tusz_v2.0.6/edf/dev/aaaaaict/s005_2011/03_tcp_ar_a/aaaaaict_s005_t008.edf,18,
tusz,tusz_v2.0.6/edf/dev/aaaaaict/s005_2011/03_tcp_ar_a/aaaaaict_s005_t009.edf,18,
tusz,tusz_v2.0.6/edf/dev/aaaaaict/s006_2011/03_tcp_ar_a/aaaaaict_s006_t000.edf,18,
tusz,tusz_v2.0.6/edf/dev/aaaaaict/s006_2011/03_tcp_ar_a/aaaaaict_s006_t001.edf,18,
tusz,tusz_v2.0.6/edf/dev/aaaaaict/s006_2011/03_tcp_ar_a/aaaaaict_s006_t002.edf,18,
tusz,tusz_v2.0.6/edf/dev/aaaaaict/s006_2011/03_tcp_ar_a/aaaaaict_s006_t003.edf,18,
tusz,tusz_v2.0.6/edf/dev/aaaaaict/s006_2011/03_tcp_ar_a/aaaaaict_s006_t004.edf,18,
tusz,tusz_v2.0.6/edf/dev/aaaaaict/s006_2011/03_tcp_ar_a/aaaaaict_s006_t005.edf,18,
tusz,tusz_v2.0.6/edf/dev/aaaaaict/s006_2011/03_tcp_ar_a/aaaaaict_s006_t006.edf,18,
tusz,tusz_v2.0.6/edf/dev/aaaaaict/s006_2011/03_tcp_ar_a/aaaaaict_s006_t007.edf,18,
tusz,tusz_v2.0.6/edf/dev/aaaaaict/s006_2011/03_tcp_ar_a/aaaaaict_s006_t008.edf,18,
tusz,tusz_v2.0.6/edf/dev/aaaaaict/s006_2011/03_tcp_ar_a/aaaaaict_s006_t009.edf,18,
tusz,tusz_v2.0.6/edf/dev/aaaaaict/s006_2011/03_tcp_ar_a/aaaaaict_s006_t010.edf,18,
tusz,tusz_v2.0.6/edf/dev/aaaaaict/s006_2011/03_tcp_ar_a/aaaaaict_s006_t011.edf,18,
tusz,tusz_v2.0.6/edf/dev/aaaaaict/s007_2012/01_tcp_ar/aaaaaict_s007_t000.edf,18,
tusz,tusz_v2.0.6/edf/dev/aaaaaiij/s001_2009/02_tcp_le/aaaaaiij_s001_t001.edf,18,
tusz,tusz_v2.0.6/edf/dev/aaaaaiij/s002_2010/02_tcp_le/aaaaaiij_s002_t001.edf,18,
tusz,tusz_v2.0.6/edf/dev/aaaaaiij/s003_2015/01_tcp_ar/aaaaaiij_s003_t000.edf,18,
tusz,tusz_v2.0.6/edf/dev/aaaaaiij/s004_2016/01_tcp_ar/aaaaaiij_s004_t000.edf,18,
tusz,tusz_v2.0.6/edf/dev/aaaaaiij/s004_2016/01_tcp_ar/aaaaaiij_s004_t001.edf,18,
tusz,tusz_v2.0.6/edf/dev/aaaaaiij/s004_2016/01_tcp_ar/aaaaaiij_s004_t002.edf,18,
tusz,tusz_v2.0.6/edf/dev/aaaaaiij/s004_2016/01_tcp_ar/aaaaaiij_s004_t003.edf,18,
tusz,tusz_v2.0.6/edf/dev/aaaaaiij/s004_2016/01_tcp_ar/aaaaaiij_s004_t004.edf,18,
tusz,tusz_v2.0.6/edf/dev/aaaaaiij/s004_2016/01_tcp_ar/aaaaaiij_s004_t005.edf,18,
tusz,tusz_v2.0.6/edf/dev/aaaaaiij/s005_2016/01_tcp_ar/aaaaaiij_s005_t000.edf,18,
tusz,tusz_v2.0.6/edf/dev/aaaaaiup/s001_2009/02_tcp_le/aaaaaiup_s001_t000.edf,18,
tusz,tusz_v2.0.6/edf/dev/aaaaaiup/s001_2009/02_tcp_le/aaaaaiup_s001_t001.edf,18,
tusz,tusz_v2.0.6/edf/dev/aaaaaiup/s002_2009/03_tcp_ar_a/aaaaaiup_s002_t000.edf,18,
tusz,tusz_v2.0.6/edf/dev/aaaaaiup/s002_2009/03_tcp_ar_a/aaaaaiup_s002_t001.edf,18,
tusz,tusz_v2.0.6/edf/dev/aaaaaiup/s002_2009/03_tcp_ar_a/aaaaaiup_s002_t002.edf,18,
tusz,tusz_v2.0.6/edf/dev/aaaaaiup/s002_2009/03_tcp_ar_a/aaaaaiup_s002_t003.edf,18,
tusz,tusz_v2.0.6/edf/dev/aaaaaiup/s003_2009/03_tcp_ar_a/aaaaaiup_s003_t000.edf,18,
tusz,tusz_v2.0.6/edf/dev/aaaaaiup/s003_2009/03_tcp_ar_a/aaaaaiup_s003_t001.edf,18,
tusz,tusz_v2.0.6/edf/dev/aaaaaiup/s004_2009/03_tcp_ar_a/aaaaaiup_s004_t000.edf,18,
tusz,tusz_v2.0.6/edf/dev/aaaaaiup/s004_2009/03_tcp_ar_a/aaaaaiup_s004_t001.edf,18,
tusz,tusz_v2.0.6/edf/dev/aaaaaiup/s004_2009/03_tcp_ar_a/aaaaaiup_s004_t002.edf,18,
tusz,tusz_v2.0.6/edf/dev/aaaaaiup/s004_2009/03_tcp_ar_a/aaaaaiup_s004_t003.edf,18,
tusz,tusz_v2.0.6/edf/dev/aaaaaiup/s005_2009/02_tcp_le/aaaaaiup_s005_t000.edf,18,
tusz,tusz_v2.0.6/edf/dev/aaaaaizb/s001_2009/03_tcp_ar_a/aaaaaizb_s001_t000.edf,18,
tusz,tusz_v2.0.6/edf/dev/aaaaaizb/s002_2009/03_tcp_ar_a/aaaaaizb_s002_t000.edf,18,
tusz,tusz_v2.0.6/edf/dev/aaaaaizb/s002_2009/03_tcp_ar_a/aaaaaizb_s002_t001.edf,18,
tusz,tusz_v2.0.6/edf/dev/aaaaaizb/s002_2009/03_tcp_ar_a/aaaaaizb_s002_t002.edf,18,
tusz,tusz_v2.0.6/edf/dev/aaaaaizb/s003_2012/01_tcp_ar/aaaaaizb_s003_t000.edf,18,
tusz,tusz_v2.0.6/edf/dev/aaaaaizb/s004_2012/01_tcp_ar/aaaaaizb_s004_t000.edf,18,
tusz,tusz_v2.0.6/edf/dev/aaaaaizb/s005_2012/01_tcp_ar/aaaaaizb_s005_t000.edf,18,
tusz,tusz_v2.0.6/edf/dev/aaaaaizb/s005_2012/01_tcp_ar/aaaaaizb_s005_t001.edf,18,
tusz,tusz_v2.0.6/edf/dev/aaaaaizb/s005_2012/01_tcp_ar/aaaaaizb_s005_t002.edf,18,
tusz,tusz_v2.0.6/edf/dev/aaaaaizb/s006_2013/01_tcp_ar/aaaaaizb_s006_t000.edf,18,
tusz,tusz_v2.0.6/edf/dev/aaaaaizb/s006_2013/01_tcp_ar/aaaaaizb_s006_t001.edf,18,
tusz,tusz_v2.0.6/edf/dev/aaaaaizb/s006_2013/01_tcp_ar/aaaaaizb_s006_t002.edf,18,
tusz,tusz_v2.0.6/edf/dev/aaaaaizb/s007_2013/01_tcp_ar/aaaaaizb_s007_t000.edf,18,
tusz,tusz_v2.0.6/edf/dev/aaaaaizb/s008_2013/01_tcp_ar/aaaaaizb_s008_t000.edf,18,
tusz,tusz_v2.0.6/edf/dev/aaaaakcy/s001_2010/02_tcp_le/aaaaakcy_s001_t000.edf,18,
tusz,tusz_v2.0.6/edf/dev/aaaaakcy/s002_2010/03_tcp_ar_a/aaaaakcy_s002_t000.edf,18,
tusz,tusz_v2.0.6/edf/dev/aaaaakcy/s002_2010/03_tcp_ar_a/aaaaakcy_s002_t001.edf,18,
tusz,tusz_v2.0.6/edf/dev/aaaaakcy/s002_2010/03_tcp_ar_a/aaaaakcy_s002_t002.edf,18,
tusz,tusz_v2.0.6/edf/dev/aaaaakcy/s002_2010/03_tcp_ar_a/aaaaakcy_s002_t003.edf,18,
tusz,tusz_v2.0.6/edf/dev/aaaaakcy/s002_2010/03_tcp_ar_a/aaaaakcy_s002_t004.edf,18,
tusz,tusz_v2.0.6/edf/dev/aaaaakcy/s003_2010/02_tcp_le/aaaaakcy_s003_t000.edf,18,
tusz,tusz_v2.0.6/edf/dev/aaaaakcy/s003_2010/02_tcp_le/aaaaakcy_s003_t001.edf,18,
tusz,tusz_v2.0.6/edf/dev/aaaaakcy/s004_2010/02_tcp_le/aaaaakcy_s004_t000.edf,18,
tusz,tusz_v2.0.6/edf/dev/aaaaakcy/s005_2012/01_tcp_ar/aaaaakcy_s005_t000.edf,18,
tusz,tusz_v2.0.6/edf/dev/aaaaakcy/s005_2012/01_tcp_ar/aaaaakcy_s005_t001.edf,18,
tusz,tusz_v2.0.6/edf/dev/aaaaakcy/s006_2015/03_tcp_ar_a/aaaaakcy_s006_t000.edf,18,
tusz,tusz_v2.0.6/edf/dev/aaaaakcy/s007_2015/01_tcp_ar/aaaaakcy_s007_t000.edf,18,
tusz,tusz_v2.0.6/edf/dev/aaaaakcy/s007_2015/01_tcp_ar/aaaaakcy_s007_t001.edf,18,
tusz,tusz_v2.0.6/edf/dev/aaaaakcy/s007_2015/01_tcp_ar/aaaaakcy_s007_t002.edf,18,
tusz,tusz_v2.0.6/edf/dev/aaaaakcy/s007_2015/01_tcp_ar/aaaaakcy_s007_t003.edf,18,
tusz,tusz_v2.0.6/edf/dev/aaaaakcy/s007_2015/01_tcp_ar/aaaaakcy_s007_t004.edf,18,
tusz,tusz_v2.0.6/edf/dev/aaaaakcy/s007_2015/01_tcp_ar/aaaaakcy_s007_t005.edf,18,
tusz,tusz_v2.0.6/edf/dev/aaaaakcy/s007_2015/01_tcp_ar/aaaaakcy_s007_t006.edf,18,
tusz,tusz_v2.0.6/edf/dev/aaaaakcy/s007_2015/01_tcp_ar/aaaaakcy_s007_t007.edf,18,
tusz,tusz_v2.0.6/edf/dev/aaaaakcy/s007_2015/01_tcp_ar/aaaaakcy_s007_t008.edf,18,
tusz,tusz_v2.0.6/edf/dev/aaaaakcy/s008_2015/01_tcp_ar/aaaaakcy_s008_t000.edf,18,
tusz,tusz_v2.0.6/edf/dev/aaaaakcy/s008_2015/01_tcp_ar/aaaaakcy_s008_t001.edf,18,
tusz,tusz_v2.0.6/edf/dev/aaaaakcy/s008_2015/01_tcp_ar/aaaaakcy_s008_t002.edf,18,
tusz,tusz_v2.0.6/edf/dev/aaaaakcy/s008_2015/01_tcp_ar/aaaaakcy_s008_t003.edf,18,
tusz,tusz_v2.0.6/edf/dev/aaaaakcy/s008_2015/01_tcp_ar/aaaaakcy_s008_t004.edf,18,
tusz,tusz_v2.0.6/edf/dev/aaaaakcy/s009_2015/01_tcp_ar/aaaaakcy_s009_t000.edf,18,
tusz,tusz_v2.0.6/edf/dev/aaaaakcy/s009_2015/01_tcp_ar/aaaaakcy_s009_t001.edf,18,
tusz,tusz_v2.0.6/edf/dev/aaaaakcy/s009_2015/01_tcp_ar/aaaaakcy_s009_t002.edf,18,
tusz,tusz_v2.0.6/edf/dev/aaaaakcy/s009_2015/01_tcp_ar/aaaaakcy_s009_t003.edf,18,
tusz,tusz_v2.0.6/edf/dev/aaaaakcy/s009_2015/01_tcp_ar/aaaaakcy_s009_t004.edf,18,
tusz,tusz_v2.0.6/edf/dev/aaaaakcy/s009_2015/01_tcp_ar/aaaaakcy_s009_t005.edf,18,
tusz,tusz_v2.0.6/edf/dev/aaaaakcy/s009_2015/01_tcp_ar/aaaaakcy_s009_t006.edf,18,
tusz,tusz_v2.0.6/edf/dev/aaaaakcy/s009_2015/01_tcp_ar/aaaaakcy_s009_t007.edf,18,
tusz,tusz_v2.0.6/edf/dev/aaaaakcy/s009_2015/01_tcp_ar/aaaaakcy_s009_t008.edf,18,
tusz,tusz_v2.0.6/edf/dev/aaaaakcy/s009_2015/01_tcp_ar/aaaaakcy_s009_t009.edf,18,
tusz,tusz_v2.0.6/edf/dev/aaaaakcy/s010_2015/01_tcp_ar/aaaaakcy_s010_t000.edf,18,
tusz,tusz_v2.0.6/edf/dev/aaaaakcy/s010_2015/01_tcp_ar/aaaaakcy_s010_t001.edf,18,
tusz,tusz_v2.0.6/edf/dev/aaaaakcy/s010_2015/01_tcp_ar/aaaaakcy_s010_t002.edf,18,
tusz,tusz_v2.0.6/edf/dev/aaaaakcy/s010_2015/01_tcp_ar/aaaaakcy_s010_t003.edf,18,
tusz,tusz_v2.0.6/edf/dev/aaaaakcy/s010_2015/01_tcp_ar/aaaaakcy_s010_t004.edf,18,
tusz,tusz_v2.0.6/edf/dev/aaaaakcy/s010_2015/01_tcp_ar/aaaaakcy_s010_t005.edf,18,
tusz,tusz_v2.0.6/edf/dev/aaaaakcy/s010_2015/01_tcp_ar/aaaaakcy_s010_t006.edf,18,
tusz,tusz_v2.0.6/edf/dev/aaaaakcy/s010_2015/01_tcp_ar/aaaaakcy_s010_t007.edf,18,
tusz,tusz_v2.0.6/edf/dev/aaaaakcy/s010_2015/01_tcp_ar/aaaaakcy_s010_t008.edf,18,
tusz,tusz_v2.0.6/edf/dev/aaaaakfk/s001_2010/01_tcp_ar/aaaaakfk_s001_t001.edf,18,
tusz,tusz_v2.0.6/edf/dev/aaaaakfk/s003_2013/01_tcp_ar/aaaaakfk_s003_t000.edf,18,
tusz,tusz_v2.0.6/edf/dev/aaaaakis/s001_2010/01_tcp_ar/aaaaakis_s001_t000.edf,18,
tusz,tusz_v2.0.6/edf/dev/aaaaakis/s001_2010/01_tcp_ar/aaaaakis_s001_t001.edf,18,
tusz,tusz_v2.0.6/edf/dev/aaaaakis/s003_2011/01_tcp_ar/aaaaakis_s003_t001.edf,18,
tusz,tusz_v2.0.6/edf/dev/aaaaakis/s003_2011/01_tcp_ar/aaaaakis_s003_t002.edf,18,
tusz,tusz_v2.0.6/edf/dev/aaaaalhp/s001_2011/01_tcp_ar/aaaaalhp_s001_t000.edf,18,
tusz,tusz_v2.0.6/edf/dev/aaaaalhp/s002_2013/01_tcp_ar/aaaaalhp_s002_t001.edf,18,
tusz,tusz_v2.0.6/edf/dev/aaaaalhp/s003_2013/01_tcp_ar/aaaaalhp_s003_t000.edf,18,
tusz,tusz_v2.0.6/edf/dev/aaaaalhp/s003_2013/01_tcp_ar/aaaaalhp_s003_t001.edf,18,
tusz,tusz_v2.0.6/edf/dev/aaaaalhp/s003_2013/01_tcp_ar/aaaaalhp_s003_t002.edf,18,
tusz,tusz_v2.0.6/edf/dev/aaaaalhp/s003_2013/01_tcp_ar/aaaaalhp_s003_t003.edf,18,
tusz,tusz_v2.0.6/edf/dev/aaaaalhp/s003_2013/01_tcp_ar/aaaaalhp_s003_t004.edf,18,
tusz,tusz_v2.0.6/edf/dev/aaaaalhp/s003_2013/01_tcp_ar/aaaaalhp_s003_t005.edf,18,
tusz,tusz_v2.0.6/edf/dev/aaaaalhp/s003_2013/01_tcp_ar/aaaaalhp_s003_t006.edf,18,
tusz,tusz_v2.0.6/edf/dev/aaaaalhp/s003_2013/01_tcp_ar/aaaaalhp_s003_t007.edf,18,
tusz,tusz_v2.0.6/edf/dev/aaaaalhp/s003_2013/01_tcp_ar/aaaaalhp_s003_t008.edf,18,
tusz,tusz_v2.0.6/edf/dev/aaaaalhp/s003_2013/01_tcp_ar/aaaaalhp_s003_t009.edf,18,
tusz,tusz_v2.0.6/edf/dev/aaaaalhp/s003_2013/01_tcp_ar/aaaaalhp_s003_t010.edf,18,
tusz,tusz_v2.0.6/edf/dev/aaaaalhp/s003_2013/01_tcp_ar/aaaaalhp_s003_t011.edf,18,
tusz,tusz_v2.0.6/edf/dev/aaaaalhp/s004_2013/01_tcp_ar/aaaaalhp_s004_t000.edf,18,
tusz,tusz_v2.0.6/edf/dev/aaaaalhp/s004_2013/01_tcp_ar/aaaaalhp_s004_t001.edf,18,
tusz,tusz_v2.0.6/edf/dev/aaaaalhp/s004_2013/01_tcp_ar/aaaaalhp_s004_t002.edf,18,
tusz,tusz_v2.0.6/edf/dev/aaaaalhp/s004_2013/01_tcp_ar/aaaaalhp_s004_t003.edf,18,
tusz,tusz_v2.0.6/edf/dev/aaaaalhp/s004_2013/01_tcp_ar/aaaaalhp_s004_t004.edf,18,
tusz,tusz_v2.0.6/edf/dev/aaaaalhp/s004_2013/01_tcp_ar/aaaaalhp_s004_t005.edf,18,
tusz,tusz_v2.0.6/edf/dev/aaaaalhp/s004_2013/01_tcp_ar/aaaaalhp_s004_t006.edf,18,
tusz,tusz_v2.0.6/edf/dev/aaaaalhp/s004_2013/01_tcp_ar/aaaaalhp_s004_t007.edf,18,
tusz,tusz_v2.0.6/edf/dev/aaaaamck/s001_2011/01_tcp_ar/aaaaamck_s001_t001.edf,18,
tusz,tusz_v2.0.6/edf/dev/aaaaamck/s002_2011/01_tcp_ar/aaaaamck_s002_t000.edf,18,
tusz,tusz_v2.0.6/edf/dev/aaaaamck/s002_2011/01_tcp_ar/aaaaamck_s002_t001.edf,18,
tusz,tusz_v2.0.6/edf/dev/aaaaamck/s002_2011/01_tcp_ar/aaaaamck_s002_t002.edf,18,
tusz,tusz_v2.0.6/edf/dev/aaaaamck/s002_2011/01_tcp_ar/aaaaamck_s002_t003.edf,18,
tusz,tusz_v2.0.6/edf/dev/aaaaamck/s002_2011/01_tcp_ar/aaaaamck_s002_t004.edf,18,
tusz,tusz_v2.0.6/edf/dev/aaaaamck/s002_2011/01_tcp_ar/aaaaamck_s002_t005.edf,18,
tusz,tusz_v2.0.6/edf/dev/aaaaamck/s002_2011/01_tcp_ar/aaaaamck_s002_t006.edf,18,
tusz,tusz_v2.0.6/edf/dev/aaaaamck/s002_2011/01_tcp_ar/aaaaamck_s002_t007.edf,18,
tusz,tusz_v2.0.6/edf/dev/aaaaamck/s002_2011/01_tcp_ar/aaaaamck_s002_t008.edf,18,
tusz,tusz_v2.0.6/edf/dev/aaaaamnd/s001_2011/01_tcp_ar/aaaaamnd_s001_t000.edf,18,
tusz,tusz_v2.0.6/edf/dev/aaaaamnd/s002_2011/01_tcp_ar/aaaaamnd_s002_t000.edf,18,
tusz,tusz_v2.0.6/edf/dev/aaaaamnd/s003_2012/01_tcp_ar/aaaaamnd_s003_t000.edf,18,
tusz,tusz_v2.0.6/edf/dev/aaaaamnd/s004_2012/01_tcp_ar/aaaaamnd_s004_t000.edf,18,
tusz,tusz_v2.0.6/edf/dev/aaaaamnd/s004_2012/01_tcp_ar/aaaaamnd_s004_t001.edf,18,
tusz,tusz_v2.0.6/edf/dev/aaaaamnd/s004_2012/01_tcp_ar/aaaaamnd_s004_t002.edf,18,
tusz,tusz_v2.0.6/edf/dev/aaaaamnd/s004_2012/01_tcp_ar/aaaaamnd_s004_t003.edf,18,
tusz,tusz_v2.0.6/edf/dev/aaaaamnd/s004_2012/01_tcp_ar/aaaaamnd_s004_t007.edf,18,
tusz,tusz_v2.0.6/edf/dev/aaaaamnd/s004_2012/01_tcp_ar/aaaaamnd_s004_t008.edf,18,
tusz,tusz_v2.0.6/edf/dev/aaaaamnd/s004_2012/01_tcp_ar/aaaaamnd_s004_t009.edf,18,
tusz,tusz_v2.0.6/edf/dev/aaaaamnd/s004_2012/01_tcp_ar/aaaaamnd_s004_t010.edf,18,
tusz,tusz_v2.0.6/edf/dev/aaaaamnd/s004_2012/01_tcp_ar/aaaaamnd_s004_t011.edf,18,
tusz,tusz_v2.0.6/edf/dev/aaaaamnd/s004_2012/01_tcp_ar/aaaaamnd_s004_t012.edf,18,
tusz,tusz_v2.0.6/edf/dev/aaaaamnd/s005_2012/01_tcp_ar/aaaaamnd_s005_t000.edf,18,
tusz,tusz_v2.0.6/edf/dev/aaaaamnd/s005_2012/01_tcp_ar/aaaaamnd_s005_t001.edf,18,
tusz,tusz_v2.0.6/edf/dev/aaaaamnd/s006_2012/01_tcp_ar/aaaaamnd_s006_t000.edf,18,
tusz,tusz_v2.0.6/edf/dev/aaaaamnd/s007_2012/01_tcp_ar/aaaaamnd_s007_t000.edf,18,
tusz,tusz_v2.0.6/edf/dev/aaaaamnd/s007_2012/01_tcp_ar/aaaaamnd_s007_t001.edf,18,
tusz,tusz_v2.0.6/edf/dev/aaaaamnd/s007_2012/01_tcp_ar/aaaaamnd_s007_t003.edf,18,
tusz,tusz_v2.0.6/edf/dev/aaaaamnd/s007_2012/01_tcp_ar/aaaaamnd_s007_t004.edf,18,
tusz,tusz_v2.0.6/edf/dev/aaaaamnd/s007_2012/01_tcp_ar/aaaaamnd_s007_t005.edf,18,
tusz,tusz_v2.0.6/edf/dev/aaaaamnd/s007_2012/01_tcp_ar/aaaaamnd_s007_t006.edf,18,
tusz,tusz_v2.0.6/edf/dev/aaaaamnd/s007_2012/01_tcp_ar/aaaaamnd_s007_t007.edf,18,
tusz,tusz_v2.0.6/edf/dev/aaaaamnd/s007_2012/01_tcp_ar/aaaaamnd_s007_t008.edf,18,
tusz,tusz_v2.0.6/edf/dev/aaaaamnd/s007_2012/01_tcp_ar/aaaaamnd_s007_t010.edf,18,
tusz,tusz_v2.0.6/edf/dev/aaaaamnd/s007_2012/01_tcp_ar/aaaaamnd_s007_t011.edf,18,
tusz,tusz_v2.0.6/edf/dev/aaaaamnd/s007_2012/01_tcp_ar/aaaaamnd_s007_t012.edf,18,
tusz,tusz_v2.0.6/edf/dev/aaaaamnd/s007_2012/01_tcp_ar/aaaaamnd_s007_t013.edf,18,
tusz,tusz_v2.0.6/edf/dev/aaaaamnd/s008_2012/01_tcp_ar/aaaaamnd_s008_t000.edf,18,
tusz,tusz_v2.0.6/edf/dev/aaaaamnd/s008_2012/01_tcp_ar/aaaaamnd_s008_t001.edf,18,
tusz,tusz_v2.0.6/edf/dev/aaaaamnd/s008_2012/01_tcp_ar/aaaaamnd_s008_t002.edf,18,
tusz,tusz_v2.0.6/edf/dev/aaaaamnd/s008_2012/01_tcp_ar/aaaaamnd_s008_t004.edf,18,
tusz,tusz_v2.0.6/edf/dev/aaaaamnd/s008_2012/01_tcp_ar/aaaaamnd_s008_t005.edf,18,
tusz,tusz_v2.0.6/edf/dev/aaaaamnd/s008_2012/01_tcp_ar/aaaaamnd_s008_t006.edf,18,
tusz,tusz_v2.0.6/edf/dev/aaaaamnd/s008_2012/01_tcp_ar/aaaaamnd_s008_t007.edf,18,
tusz,tusz_v2.0.6/edf/dev/aaaaamnd/s008_2012/01_tcp_ar/aaaaamnd_s008_t008.edf,18,
tusz,tusz_v2.0.6/edf/dev/aaaaamnd/s008_2012/01_tcp_ar/aaaaamnd_s008_t009.edf,18,
tusz,tusz_v2.0.6/edf/dev/aaaaamnd/s008_2012/01_tcp_ar/aaaaamnd_s008_t010.edf,18,
tusz,tusz_v2.0.6/edf/dev/aaaaamnd/s008_2012/01_tcp_ar/aaaaamnd_s008_t011.edf,18,
tusz,tusz_v2.0.6/edf/dev/aaaaamnd/s009_2013/01_tcp_ar/aaaaamnd_s009_t000.edf,18,
tusz,tusz_v2.0.6/edf/dev/aaaaamnd/s010_2013/01_tcp_ar/aaaaamnd_s010_t000.edf,18,
tusz,tusz_v2.0.6/edf/dev/aaaaamnd/s010_2013/01_tcp_ar/aaaaamnd_s010_t001.edf,18,
tusz,tusz_v2.0.6/edf/dev/aaaaamnd/s010_2013/01_tcp_ar/aaaaamnd_s010_t002.edf,18,
tusz,tusz_v2.0.6/edf/dev/aaaaamnd/s010_2013/01_tcp_ar/aaaaamnd_s010_t003.edf,18,
tusz,tusz_v2.0.6/edf/dev/aaaaamnd/s010_2013/01_tcp_ar/aaaaamnd_s010_t004.edf,18,
tusz,tusz_v2.0.6/edf/dev/aaaaamnd/s010_2013/01_tcp_ar/aaaaamnd_s010_t005.edf,18,
tusz,tusz_v2.0.6/edf/dev/aaaaamnd/s010_2013/01_tcp_ar/aaaaamnd_s010_t006.edf,18,
tusz,tusz_v2.0.6/edf/dev/aaaaamnd/s010_2013/01_tcp_ar/aaaaamnd_s010_t007.edf,18,
tusz,tusz_v2.0.6/edf/dev/aaaaamnd/s010_2013/01_tcp_ar/aaaaamnd_s010_t008.edf,18,
tusz,tusz_v2.0.6/edf/dev/aaaaamnd/s011_2013/01_tcp_ar/aaaaamnd_s011_t000.edf,18,
tusz,tusz_v2.0.6/edf/dev/aaaaamnd/s011_2013/01_tcp_ar/aaaaamnd_s011_t001.edf,18,
tusz,tusz_v2.0.6/edf/dev/aaaaamnd/s011_2013/01_tcp_ar/aaaaamnd_s011_t002.edf,18,
tusz,tusz_v2.0.6/edf/dev/aaaaamnd/s011_2013/01_tcp_ar/aaaaamnd_s011_t003.edf,18,
tusz,tusz_v2.0.6/edf/dev/aaaaamnd/s011_2013/01_tcp_ar/aaaaamnd_s011_t004.edf,18,
tusz,tusz_v2.0.6/edf/dev/aaaaamnd/s011_2013/01_tcp_ar/aaaaamnd_s011_t005.edf,18,
tusz,tusz_v2.0.6/edf/dev/aaaaamnd/s011_2013/01_tcp_ar/aaaaamnd_s011_t006.edf,18,
tusz,tusz_v2.0.6/edf/dev/aaaaamnd/s012_2014/01_tcp_ar/aaaaamnd_s012_t000.edf,18,
tusz,tusz_v2.0.6/edf/dev/aaaaamnd/s013_2014/01_tcp_ar/aaaaamnd_s013_t000.edf,18,
tusz,tusz_v2.0.6/edf/dev/aaaaamnd/s013_2014/01_tcp_ar/aaaaamnd_s013_t001.edf,18,
tusz,tusz_v2.0.6/edf/dev/aaaaamnd/s013_2014/01_tcp_ar/aaaaamnd_s013_t002.edf,18,
tusz,tusz_v2.0.6/edf/dev/aaaaamnd/s013_2014/01_tcp_ar/aaaaamnd_s013_t003.edf,18,
tusz,tusz_v2.0.6/edf/dev/aaaaamnd/s013_2014/01_tcp_ar/aaaaamnd_s013_t004.edf,18,
tusz,tusz_v2.0.6/edf/dev/aaaaamnd/s013_2014/01_tcp_ar/aaaaamnd_s013_t005.edf,18,
tusz,tusz_v2.0.6/edf/dev/aaaaamnd/s013_2014/01_tcp_ar/aaaaamnd_s013_t006.edf,18,
tusz,tusz_v2.0.6/edf/dev/aaaaamnd/s013_2014/01_tcp_ar/aaaaamnd_s013_t007.edf,18,
tusz,tusz_v2.0.6/edf/dev/aaaaamnd/s013_2014/01_tcp_ar/aaaaamnd_s013_t008.edf,18,
tusz,tusz_v2.0.6/edf/dev/aaaaamnd/s013_2014/01_tcp_ar/aaaaamnd_s013_t009.edf,18,
tusz,tusz_v2.0.6/edf/dev/aaaaamnd/s013_2014/01_tcp_ar/aaaaamnd_s013_t010.edf,18,
tusz,tusz_v2.0.6/edf/dev/aaaaamnd/s013_2014/01_tcp_ar/aaaaamnd_s013_t015.edf,18,
tusz,tusz_v2.0.6/edf/dev/aaaaamnd/s013_2014/01_tcp_ar/aaaaamnd_s013_t016.edf,18,
tusz,tusz_v2.0.6/edf/dev/aaaaamnd/s014_2014/01_tcp_ar/aaaaamnd_s014_t000.edf,18,
tusz,tusz_v2.0.6/edf/dev/aaaaamnd/s014_2014/01_tcp_ar/aaaaamnd_s014_t002.edf,18,
tusz,tusz_v2.0.6/edf/dev/aaaaamnd/s014_2014/01_tcp_ar/aaaaamnd_s014_t003.edf,18,
tusz,tusz_v2.0.6/edf/dev/aaaaamnd/s014_2014/01_tcp_ar/aaaaamnd_s014_t004.edf,18,
tusz,tusz_v2.0.6/edf/dev/aaaaamnd/s014_2014/01_tcp_ar/aaaaamnd_s014_t005.edf,18,
tusz,tusz_v2.0.6/edf/dev/aaaaamnd/s014_2014/01_tcp_ar/aaaaamnd_s014_t006.edf,18,
tusz,tusz_v2.0.6/edf/dev/aaaaamnd/s014_2014/01_tcp_ar/aaaaamnd_s014_t007.edf,18,
tusz,tusz_v2.0.6/edf/dev/aaaaamnd/s014_2014/01_tcp_ar/aaaaamnd_s014_t008.edf,18,
tusz,tusz_v2.0.6/edf/dev/aaaaamnd/s014_2014/01_tcp_ar/aaaaamnd_s014_t009.edf,18,
tusz,tusz_v2.0.6/edf/dev/aaaaamnd/s014_2014/01_tcp_ar/aaaaamnd_s014_t010.edf,18,
tusz,tusz_v2.0.6/edf/dev/aaaaamnd/s014_2014/01_tcp_ar/aaaaamnd_s014_t011.edf,18,
tusz,tusz_v2.0.6/edf/dev/aaaaamnd/s014_2014/01_tcp_ar/aaaaamnd_s014_t012.edf,18,
tusz,tusz_v2.0.6/edf/dev/aaaaamnd/s014_2014/01_tcp_ar/aaaaamnd_s014_t013.edf,18,
tusz,tusz_v2.0.6/edf/dev/aaaaamnd/s014_2014/01_tcp_ar/aaaaamnd_s014_t019.edf,18,
tusz,tusz_v2.0.6/edf/dev/aaaaamnd/s014_2014/01_tcp_ar/aaaaamnd_s014_t021.edf,18,
tusz,tusz_v2.0.6/edf/dev/aaaaamnd/s014_2014/01_tcp_ar/aaaaamnd_s014_t022.edf,18,
tusz,tusz_v2.0.6/edf/dev/aaaaamnd/s015_2014/01_tcp_ar/aaaaamnd_s015_t000.edf,18,
tusz,tusz_v2.0.6/edf/dev/aaaaamnd/s015_2014/01_tcp_ar/aaaaamnd_s015_t001.edf,18,
tusz,tusz_v2.0.6/edf/dev/aaaaamnd/s015_2014/01_tcp_ar/aaaaamnd_s015_t002.edf,18,
tusz,tusz_v2.0.6/edf/dev/aaaaamnd/s015_2014/01_tcp_ar/aaaaamnd_s015_t003.edf,18,
tusz,tusz_v2.0.6/edf/dev/aaaaamnd/s015_2014/01_tcp_ar/aaaaamnd_s015_t004.edf,18,
tusz,tusz_v2.0.6/edf/dev/aaaaamnd/s015_2014/01_tcp_ar/aaaaamnd_s015_t005.edf,18,
tusz,tusz_v2.0.6/edf/dev/aaaaamnd/s015_2014/01_tcp_ar/aaaaamnd_s015_t006.edf,18,
tusz,tusz_v2.0.6/edf/dev/aaaaamnd/s015_2014/01_tcp_ar/aaaaamnd_s015_t007.edf,18,
tusz,tusz_v2.0.6/edf/dev/aaaaamnd/s015_2014/01_tcp_ar/aaaaamnd_s015_t010.edf,18,
tusz,tusz_v2.0.6/edf/dev/aaaaamnd/s015_2014/01_tcp_ar/aaaaamnd_s015_t012.edf,18,
tusz,tusz_v2.0.6/edf/dev/aaaaamnd/s015_2014/01_tcp_ar/aaaaamnd_s015_t014.edf,18,
tusz,tusz_v2.0.6/edf/dev/aaaaamnd/s015_2014/01_tcp_ar/aaaaamnd_s015_t016.edf,18,
tusz,tusz_v2.0.6/edf/dev/aaaaamnd/s016_2014/01_tcp_ar/aaaaamnd_s016_t000.edf,18,
tusz,tusz_v2.0.6/edf/dev/aaaaamnd/s016_2014/01_tcp_ar/aaaaamnd_s016_t001.edf,18,
tusz,tusz_v2.0.6/edf/dev/aaaaamnd/s016_2014/01_tcp_ar/aaaaamnd_s016_t002.edf,18,
tusz,tusz_v2.0.6/edf/dev/aaaaamnd/s016_2014/01_tcp_ar/aaaaamnd_s016_t003.edf,18,
tusz,tusz_v2.0.6/edf/dev/aaaaamnd/s016_2014/01_tcp_ar/aaaaamnd_s016_t004.edf,18,
tusz,tusz_v2.0.6/edf/dev/aaaaamnd/s016_2014/01_tcp_ar/aaaaamnd_s016_t005.edf,18,
tusz,tusz_v2.0.6/edf/dev/aaaaamnd/s016_2014/01_tcp_ar/aaaaamnd_s016_t006.edf,18,
tusz,tusz_v2.0.6/edf/dev/aaaaamnd/s016_2014/01_tcp_ar/aaaaamnd_s016_t007.edf,18,
tusz,tusz_v2.0.6/edf/dev/aaaaamnd/s016_2014/01_tcp_ar/aaaaamnd_s016_t008.edf,18,
tusz,tusz_v2.0.6/edf/dev/aaaaamnd/s016_2014/01_tcp_ar/aaaaamnd_s016_t009.edf,18,
tusz,tusz_v2.0.6/edf/dev/aaaaamnd/s016_2014/01_tcp_ar/aaaaamnd_s016_t010.edf,18,
tusz,tusz_v2.0.6/edf/dev/aaaaamnd/s016_2014/01_tcp_ar/aaaaamnd_s016_t011.edf,18,
tusz,tusz_v2.0.6/edf/dev/aaaaamnd/s016_2014/01_tcp_ar/aaaaamnd_s016_t012.edf,18,
tusz,tusz_v2.0.6/edf/dev/aaaaamnd/s016_2014/01_tcp_ar/aaaaamnd_s016_t013.edf,18,
tusz,tusz_v2.0.6/edf/dev/aaaaamnd/s016_2014/01_tcp_ar/aaaaamnd_s016_t014.edf,18,
tusz,tusz_v2.0.6/edf/dev/aaaaamnd/s016_2014/01_tcp_ar/aaaaamnd_s016_t015.edf,18,
tusz,tusz_v2.0.6/edf/dev/aaaaamnd/s016_2014/01_tcp_ar/aaaaamnd_s016_t016.edf,18,
tusz,tusz_v2.0.6/edf/dev/aaaaamnd/s016_2014/01_tcp_ar/aaaaamnd_s016_t017.edf,18,
tusz,tusz_v2.0.6/edf/dev/aaaaamnd/s017_2014/01_tcp_ar/aaaaamnd_s017_t000.edf,18,
tusz,tusz_v2.0.6/edf/dev/aaaaamnd/s017_2014/01_tcp_ar/aaaaamnd_s017_t001.edf,18,
tusz,tusz_v2.0.6/edf/dev/aaaaamnd/s017_2014/01_tcp_ar/aaaaamnd_s017_t002.edf,18,
tusz,tusz_v2.0.6/edf/dev/aaaaamnd/s017_2014/01_tcp_ar/aaaaamnd_s017_t003.edf,18,
tusz,tusz_v2.0.6/edf/dev/aaaaamnd/s017_2014/01_tcp_ar/aaaaamnd_s017_t004.edf,18,
tusz,tusz_v2.0.6/edf/dev/aaaaamnd/s017_2014/01_tcp_ar/aaaaamnd_s017_t005.edf,18,
tusz,tusz_v2.0.6/edf/dev/aaaaamnd/s017_2014/01_tcp_ar/aaaaamnd_s017_t006.edf,18,
tusz,tusz_v2.0.6/edf/dev/aaaaamnd/s017_2014/01_tcp_ar/aaaaamnd_s017_t007.edf,18,
tusz,tusz_v2.0.6/edf/dev/aaaaamnd/s017_2014/01_tcp_ar/aaaaamnd_s017_t010.edf,18,
tusz,tusz_v2.0.6/edf/dev/aaaaamnd/s017_2014/01_tcp_ar/aaaaamnd_s017_t011.edf,18,
tusz,tusz_v2.0.6/edf/dev/aaaaamnd/s017_2014/01_tcp_ar/aaaaamnd_s017_t012.edf,18,
tusz,tusz_v2.0.6/edf/dev/aaaaamnd/s017_2014/01_tcp_ar/aaaaamnd_s017_t013.edf,18,
tusz,tusz_v2.0.6/edf/dev/aaaaamnd/s017_2014/01_tcp_ar/aaaaamnd_s017_t014.edf,18,
tusz,tusz_v2.0.6/edf/dev/aaaaamnd/s017_2014/01_tcp_ar/aaaaamnd_s017_t015.edf,18,
tusz,tusz_v2.0.6/edf/dev/aaaaamnd/s018_2014/01_tcp_ar/aaaaamnd_s018_t000.edf,18,
tusz,tusz_v2.0.6/edf/dev/aaaaamnd/s018_2014/01_tcp_ar/aaaaamnd_s018_t001.edf,18,
tusz,tusz_v2.0.6/edf/dev/aaaaamnd/s018_2014/01_tcp_ar/aaaaamnd_s018_t002.edf,18,
tusz,tusz_v2.0.6/edf/dev/aaaaamnd/s018_2014/01_tcp_ar/aaaaamnd_s018_t003.edf,18,
tusz,tusz_v2.0.6/edf/dev/aaaaamnd/s018_2014/01_tcp_ar/aaaaamnd_s018_t004.edf,18,
tusz,tusz_v2.0.6/edf/dev/aaaaamnd/s018_2014/01_tcp_ar/aaaaamnd_s018_t005.edf,18,
tusz,tusz_v2.0.6/edf/dev/aaaaamnd/s018_2014/01_tcp_ar/aaaaamnd_s018_t006.edf,18,
tusz,tusz_v2.0.6/edf/dev/aaaaamnd/s018_2014/01_tcp_ar/aaaaamnd_s018_t007.edf,18,
tusz,tusz_v2.0.6/edf/dev/aaaaamnd/s018_2014/01_tcp_ar/aaaaamnd_s018_t008.edf,18,
tusz,tusz_v2.0.6/edf/dev/aaaaamnd/s018_2014/01_tcp_ar/aaaaamnd_s018_t009.edf,18,
tusz,tusz_v2.0.6/edf/dev/aaaaamnd/s018_2014/01_tcp_ar/aaaaamnd_s018_t010.edf,18,
tusz,tusz_v2.0.6/edf/dev/aaaaamnd/s018_2014/01_tcp_ar/aaaaamnd_s018_t012.edf,18,
tusz,tusz_v2.0.6/edf/dev/aaaaamnd/s019_2014/01_tcp_ar/aaaaamnd_s019_t000.edf,18,
tusz,tusz_v2.0.6/edf/dev/aaaaamnd/s019_2014/01_tcp_ar/aaaaamnd_s019_t001.edf,18,
tusz,tusz_v2.0.6/edf/dev/aaaaamnd/s019_2014/01_tcp_ar/aaaaamnd_s019_t002.edf,18,
tusz,tusz_v2.0.6/edf/dev/aaaaamnd/s019_2014/01_tcp_ar/aaaaamnd_s019_t003.edf,18,
tusz,tusz_v2.0.6/edf/dev/aaaaamnd/s019_2014/01_tcp_ar/aaaaamnd_s019_t004.edf,18,
tusz,tusz_v2.0.6/edf/dev/aaaaamnd/s019_2014/01_tcp_ar/aaaaamnd_s019_t005.edf,18,
tusz,tusz_v2.0.6/edf/dev/aaaaamnd/s019_2014/01_tcp_ar/aaaaamnd_s019_t006.edf,18,
tusz,tusz_v2.0.6/edf/dev/aaaaamnd/s020_2014/01_tcp_ar/aaaaamnd_s020_t000.edf,18,
tusz,tusz_v2.0.6/edf/dev/aaaaamnd/s021_2014/01_tcp_ar/aaaaamnd_s021_t000.edf,18,
tusz,tusz_v2.0.6/edf/dev/aaaaamnd/s021_2014/01_tcp_ar/aaaaamnd_s021_t001.edf,18,
tusz,tusz_v2.0.6/edf/dev/aaaaamnd/s021_2014/01_tcp_ar/aaaaamnd_s021_t002.edf,18,
tusz,tusz_v2.0.6/edf/dev/aaaaamnd/s021_2014/01_tcp_ar/aaaaamnd_s021_t003.edf,18,
tusz,tusz_v2.0.6/edf/dev/aaaaamnd/s026_2015/01_tcp_ar/aaaaamnd_s026_t000.edf,18,
tusz,tusz_v2.0.6/edf/dev/aaaaamnd/s026_2015/01_tcp_ar/aaaaamnd_s026_t001.edf,18,
tusz,tusz_v2.0.6/edf/dev/aaaaamnk/s001_2012/01_tcp_ar/aaaaamnk_s001_t000.edf,18,
tusz,tusz_v2.0.6/edf/dev/aaaaamnk/s002_2012/01_tcp_ar/aaaaamnk_s002_t000.edf,16,Fz-Cz;Cz-Pz
tusz,tusz_v2.0.6/edf/dev/aaaaamnk/s002_2012/01_tcp_ar/aaaaamnk_s002_t001.edf,16,Fz-Cz;Cz-Pz
tusz,tusz_v2.0.6/edf/dev/aaaaamnk/s002_2012/01_tcp_ar/aaaaamnk_s002_t002.edf,16,Fz-Cz;Cz-Pz
tusz,tusz_v2.0.6/edf/dev/aaaaamnk/s002_2012/01_tcp_ar/aaaaamnk_s002_t003.edf,16,Fz-Cz;Cz-Pz
tusz,tusz_v2.0.6/edf/dev/aaaaamnk/s002_2012/01_tcp_ar/aaaaamnk_s002_t004.edf,16,Fz-Cz;Cz-Pz
tusz,tusz_v2.0.6/edf/dev/aaaaamnk/s002_2012/01_tcp_ar/aaaaamnk_s002_t005.edf,16,Fz-Cz;Cz-Pz
tusz,tusz_v2.0.6/edf/dev/aaaaamnk/s003_2012/01_tcp_ar/aaaaamnk_s003_t000.edf,18,
tusz,tusz_v2.0.6/edf/dev/aaaaamnk/s003_2012/01_tcp_ar/aaaaamnk_s003_t001.edf,16,Fz-Cz;Cz-Pz
tusz,tusz_v2.0.6/edf/dev/aaaaamnk/s003_2012/01_tcp_ar/aaaaamnk_s003_t002.edf,16,Fz-Cz;Cz-Pz
tusz,tusz_v2.0.6/edf/dev/aaaaamnk/s003_2012/01_tcp_ar/aaaaamnk_s003_t003.edf,16,Fz-Cz;Cz-Pz
tusz,tusz_v2.0.6/edf/dev/aaaaamnk/s003_2012/01_tcp_ar/aaaaamnk_s003_t004.edf,16,Fz-Cz;Cz-Pz
tusz,tusz_v2.0.6/edf/dev/aaaaamnk/s003_2012/01_tcp_ar/aaaaamnk_s003_t005.edf,16,Fz-Cz;Cz-Pz
tusz,tusz_v2.0.6/edf/dev/aaaaamnk/s003_2012/01_tcp_ar/aaaaamnk_s003_t006.edf,16,Fz-Cz;Cz-Pz
tusz,tusz_v2.0.6/edf/dev/aaaaamnk/s003_2012/01_tcp_ar/aaaaamnk_s003_t007.edf,16,Fz-Cz;Cz-Pz
tusz,tusz_v2.0.6/edf/dev/aaaaamnk/s003_2012/01_tcp_ar/aaaaamnk_s003_t008.edf,16,Fz-Cz;Cz-Pz
tusz,tusz_v2.0.6/edf/dev/aaaaamnk/s003_2012/01_tcp_ar/aaaaamnk_s003_t009.edf,16,Fz-Cz;Cz-Pz
tusz,tusz_v2.0.6/edf/dev/aaaaamnk/s003_2012/01_tcp_ar/aaaaamnk_s003_t010.edf,16,Fz-Cz;Cz-Pz
tusz,tusz_v2.0.6/edf/dev/aaaaamnk/s003_2012/01_tcp_ar/aaaaamnk_s003_t011.edf,16,Fz-Cz;Cz-Pz
tusz,tusz_v2.0.6/edf/dev/aaaaamnk/s003_2012/01_tcp_ar/aaaaamnk_s003_t012.edf,16,Fz-Cz;Cz-Pz
tusz,tusz_v2.0.6/edf/dev/aaaaamnk/s004_2012/01_tcp_ar/aaaaamnk_s004_t000.edf,18,
tusz,tusz_v2.0.6/edf/dev/aaaaamnk/s004_2012/01_tcp_ar/aaaaamnk_s004_t001.edf,18,
tusz,tusz_v2.0.6/edf/dev/aaaaamnk/s004_2012/01_tcp_ar/aaaaamnk_s004_t002.edf,18,
tusz,tusz_v2.0.6/edf/dev/aaaaamnk/s004_2012/01_tcp_ar/aaaaamnk_s004_t003.edf,18,
tusz,tusz_v2.0.6/edf/dev/aaaaamnk/s004_2012/01_tcp_ar/aaaaamnk_s004_t004.edf,18,
tusz,tusz_v2.0.6/edf/dev/aaaaamnk/s004_2012/01_tcp_ar/aaaaamnk_s004_t005.edf,18,
tusz,tusz_v2.0.6/edf/dev/aaaaamnk/s005_2012/01_tcp_ar/aaaaamnk_s005_t000.edf,16,Fz-Cz;Cz-Pz
tusz,tusz_v2.0.6/edf/dev/aaaaamnk/s005_2012/01_tcp_ar/aaaaamnk_s005_t001.edf,16,Fz-Cz;Cz-Pz
tusz,tusz_v2.0.6/edf/dev/aaaaamnk/s005_2012/01_tcp_ar/aaaaamnk_s005_t002.edf,16,Fz-Cz;Cz-Pz
tusz,tusz_v2.0.6/edf/dev/aaaaamnk/s005_2012/01_tcp_ar/aaaaamnk_s005_t003.edf,16,Fz-Cz;Cz-Pz
tusz,tusz_v2.0.6/edf/dev/aaaaamnk/s005_2012/01_tcp_ar/aaaaamnk_s005_t004.edf,16,Fz-Cz;Cz-Pz
tusz,tusz_v2.0.6/edf/dev/aaaaamnk/s005_2012/01_tcp_ar/aaaaamnk_s005_t005.edf,16,Fz-Cz;Cz-Pz
tusz,tusz_v2.0.6/edf/dev/aaaaamnk/s005_2012/01_tcp_ar/aaaaamnk_s005_t006.edf,16,Fz-Cz;Cz-Pz
tusz,tusz_v2.0.6/edf/dev/aaaaamnk/s005_2012/01_tcp_ar/aaaaamnk_s005_t007.edf,16,Fz-Cz;Cz-Pz
tusz,tusz_v2.0.6/edf/dev/aaaaamnk/s005_2012/01_tcp_ar/aaaaamnk_s005_t008.edf,16,Fz-Cz;Cz-Pz
tusz,tusz_v2.0.6/edf/dev/aaaaamnk/s006_2012/01_tcp_ar/aaaaamnk_s006_t000.edf,18,
tusz,tusz_v2.0.6/edf/dev/aaaaamnk/s006_2012/01_tcp_ar/aaaaamnk_s006_t001.edf,18,
tusz,tusz_v2.0.6/edf/dev/aaaaamnk/s006_2012/01_tcp_ar/aaaaamnk_s006_t002.edf,18,
tusz,tusz_v2.0.6/edf/dev/aaaaamnk/s006_2012/01_tcp_ar/aaaaamnk_s006_t003.edf,18,
tusz,tusz_v2.0.6/edf/dev/aaaaamnk/s006_2012/01_tcp_ar/aaaaamnk_s006_t004.edf,18,
tusz,tusz_v2.0.6/edf/dev/aaaaamnk/s006_2012/01_tcp_ar/aaaaamnk_s006_t005.edf,18,
tusz,tusz_v2.0.6/edf/dev/aaaaamnk/s007_2012/01_tcp_ar/aaaaamnk_s007_t000.edf,18,
tusz,tusz_v2.0.6/edf/dev/aaaaamnk/s007_2012/01_tcp_ar/aaaaamnk_s007_t001.edf,18,
tusz,tusz_v2.0.6/edf/dev/aaaaamnk/s007_2012/01_tcp_ar/aaaaamnk_s007_t002.edf,18,
tusz,tusz_v2.0.6/edf/dev/aaaaamnk/s007_2012/01_tcp_ar/aaaaamnk_s007_t003.edf,18,
tusz,tusz_v2.0.6/edf/dev/aaaaamnk/s007_2012/01_tcp_ar/aaaaamnk_s007_t004.edf,18,
tusz,tusz_v2.0.6/edf/dev/aaaaamnk/s007_2012/01_tcp_ar/aaaaamnk_s007_t005.edf,18,
tusz,tusz_v2.0.6/edf/dev/aaaaamnk/s008_2012/01_tcp_ar/aaaaamnk_s008_t000.edf,18,
tusz,tusz_v2.0.6/edf/dev/aaaaamod/s001_2012/01_tcp_ar/aaaaamod_s001_t000.edf,18,
tusz,tusz_v2.0.6/edf/dev/aaaaamod/s002_2012/01_tcp_ar/aaaaamod_s002_t000.edf,18,
tusz,tusz_v2.0.6/edf/dev/aaaaamod/s002_2012/01_tcp_ar/aaaaamod_s002_t001.edf,18,
tusz,tusz_v2.0.6/edf/dev/aaaaamod/s002_2012/01_tcp_ar/aaaaamod_s002_t002.edf,18,
tusz,tusz_v2.0.6/edf/dev/aaaaamod/s002_2012/01_tcp_ar/aaaaamod_s002_t003.edf,18,
tusz,tusz_v2.0.6/edf/dev/aaaaamod/s002_2012/01_tcp_ar/aaaaamod_s002_t004.edf,18,
tusz,tusz_v2.0.6/edf/dev/aaaaamod/s002_2012/01_tcp_ar/aaaaamod_s002_t005.edf,18,
tusz,tusz_v2.0.6/edf/dev/aaaaamod/s002_2012/01_tcp_ar/aaaaamod_s002_t006.edf,18,
tusz,tusz_v2.0.6/edf/dev/aaaaamod/s002_2012/01_tcp_ar/aaaaamod_s002_t007.edf,18,
tusz,tusz_v2.0.6/edf/dev/aaaaamod/s003_2012/01_tcp_ar/aaaaamod_s003_t000.edf,18,
tusz,tusz_v2.0.6/edf/dev/aaaaamod/s003_2012/01_tcp_ar/aaaaamod_s003_t001.edf,18,
tusz,tusz_v2.0.6/edf/dev/aaaaamod/s003_2012/01_tcp_ar/aaaaamod_s003_t002.edf,18,
tusz,tusz_v2.0.6/edf/dev/aaaaamod/s003_2012/01_tcp_ar/aaaaamod_s003_t003.edf,18,
tusz,tusz_v2.0.6/edf/dev/aaaaamod/s003_2012/01_tcp_ar/aaaaamod_s003_t004.edf,18,
tusz,tusz_v2.0.6/edf/dev/aaaaamod/s004_2012/01_tcp_ar/aaaaamod_s004_t000.edf,18,
tusz,tusz_v2.0.6/edf/dev/aaaaampk/s001_2012/01_tcp_ar/aaaaampk_s001_t000.edf,18,
tusz,tusz_v2.0.6/edf/dev/aaaaampk/s001_2012/01_tcp_ar/aaaaampk_s001_t001.edf,18,
tusz,tusz_v2.0.6/edf/dev/aaaaampk/s002_2012/01_tcp_ar/aaaaampk_s002_t000.edf,18,
tusz,tusz_v2.0.6/edf/dev/aaaaampk/s002_2012/01_tcp_ar/aaaaampk_s002_t001.edf,18,
tusz,tusz_v2.0.6/edf/dev/aaaaampk/s002_2012/01_tcp_ar/aaaaampk_s002_t002.edf,18,
tusz,tusz_v2.0.6/edf/dev/aaaaampk/s002_2012/01_tcp_ar/aaaaampk_s002_t003.edf,18,
tusz,tusz_v2.0.6/edf/dev/aaaaampk/s002_2012/01_tcp_ar/aaaaampk_s002_t004.edf,18,
tusz,tusz_v2.0.6/edf/dev/aaaaampk/s002_2012/01_tcp_ar/aaaaampk_s002_t005.edf,18,
tusz,tusz_v2.0.6/edf/dev/aaaaampk/s003_2012/01_tcp_ar/aaaaampk_s003_t000.edf,18,
tusz,tusz_v2.0.6/edf/dev/aaaaampk/s003_2012/01_tcp_ar/aaaaampk_s003_t001.edf,18,
tusz,tusz_v2.0.6/edf/dev/aaaaampk/s003_2012/01_tcp_ar/aaaaampk_s003_t002.edf,18,
tusz,tusz_v2.0.6/edf/dev/aaaaampk/s003_2012/01_tcp_ar/aaaaampk_s003_t003.edf,18,
tusz,tusz_v2.0.6/edf/dev/aaaaampk/s003_2012/01_tcp_ar/aaaaampk_s003_t004.edf,18,
tusz,tusz_v2.0.6/edf/dev/aaaaampk/s003_2012/01_tcp_ar/aaaaampk_s003_t005.edf,18,
tusz,tusz_v2.0.6/edf/dev/aaaaampk/s003_2012/01_tcp_ar/aaaaampk_s003_t006.edf,18,
tusz,tusz_v2.0.6/edf/dev/aaaaampk/s004_2012/01_tcp_ar/aaaaampk_s004_t000.edf,18,
tusz,tusz_v2.0.6/edf/dev/aaaaampk/s004_2012/01_tcp_ar/aaaaampk_s004_t001.edf,18,
tusz,tusz_v2.0.6/edf/dev/aaaaampk/s004_2012/01_tcp_ar/aaaaampk_s004_t002.edf,18,
tusz,tusz_v2.0.6/edf/dev/aaaaampk/s004_2012/01_tcp_ar/aaaaampk_s004_t003.edf,18,
tusz,tusz_v2.0.6/edf/dev/aaaaampk/s004_2012/01_tcp_ar/aaaaampk_s004_t004.edf,18,
tusz,tusz_v2.0.6/edf/dev/aaaaampk/s004_2012/01_tcp_ar/aaaaampk_s004_t006.edf,18,
tusz,tusz_v2.0.6/edf/dev/aaaaampk/s004_2012/01_tcp_ar/aaaaampk_s004_t008.edf,18,
tusz,tusz_v2.0.6/edf/dev/aaaaampk/s005_2012/01_tcp_ar/aaaaampk_s005_t000.edf,18,
tusz,tusz_v2.0.6/edf/dev/aaaaampk/s006_2012/01_tcp_ar/aaaaampk_s006_t001.edf,18,
tusz,tusz_v2.0.6/edf/dev/aaaaampk/s007_2012/01_tcp_ar/aaaaampk_s007_t000.edf,18,
tusz,tusz_v2.0.6/edf/dev/aaaaampk/s007_2012/01_tcp_ar/aaaaampk_s007_t001.edf,18,
tusz,tusz_v2.0.6/edf/dev/aaaaampk/s008_2012/01_tcp_ar/aaaaampk_s008_t000.edf,18,
tusz,tusz_v2.0.6/edf/dev/aaaaampk/s009_2012/01_tcp_ar/aaaaampk_s009_t000.edf,18,
tusz,tusz_v2.0.6/edf/dev/aaaaampk/s009_2012/01_tcp_ar/aaaaampk_s009_t001.edf,18,
tusz,tusz_v2.0.6/edf/dev/aaaaampk/s009_2012/01_tcp_ar/aaaaampk_s009_t002.edf,18,
tusz,tusz_v2.0.6/edf/dev/aaaaampk/s009_2012/01_tcp_ar/aaaaampk_s009_t003.edf,18,
tusz,tusz_v2.0.6/edf/dev/aaaaampk/s009_2012/01_tcp_ar/aaaaampk_s009_t004.edf,18,
tusz,tusz_v2.0.6/edf/dev/aaaaampk/s009_2012/01_tcp_ar/aaaaampk_s009_t005.edf,18,
tusz,tusz_v2.0.6/edf/dev/aaaaampk/s009_2012/01_tcp_ar/aaaaampk_s009_t006.edf,18,
tusz,tusz_v2.0.6/edf/dev/aaaaampk/s009_2012/01_tcp_ar/aaaaampk_s009_t007.edf,18,
tusz,tusz_v2.0.6/edf/dev/aaaaampk/s010_2012/01_tcp_ar/aaaaampk_s010_t000.edf,16,Fz-Cz;Cz-Pz
tusz,tusz_v2.0.6/edf/dev/aaaaampk/s010_2012/01_tcp_ar/aaaaampk_s010_t001.edf,16,Fz-Cz;Cz-Pz
tusz,tusz_v2.0.6/edf/dev/aaaaampk/s010_2012/01_tcp_ar/aaaaampk_s010_t002.edf,16,Fz-Cz;Cz-Pz
tusz,tusz_v2.0.6/edf/dev/aaaaampk/s010_2012/01_tcp_ar/aaaaampk_s010_t003.edf,16,Fz-Cz;Cz-Pz
tusz,tusz_v2.0.6/edf/dev/aaaaampk/s010_2012/01_tcp_ar/aaaaampk_s010_t004.edf,16,Fz-Cz;Cz-Pz
tusz,tusz_v2.0.6/edf/dev/aaaaampk/s010_2012/01_tcp_ar/aaaaampk_s010_t005.edf,16,Fz-Cz;Cz-Pz
tusz,tusz_v2.0.6/edf/dev/aaaaampk/s010_2012/01_tcp_ar/aaaaampk_s010_t006.edf,16,Fz-Cz;Cz-Pz
tusz,tusz_v2.0.6/edf/dev/aaaaampk/s010_2012/01_tcp_ar/aaaaampk_s010_t007.edf,16,Fz-Cz;Cz-Pz
tusz,tusz_v2.0.6/edf/dev/aaaaampk/s010_2012/01_tcp_ar/aaaaampk_s010_t008.edf,16,Fz-Cz;Cz-Pz
tusz,tusz_v2.0.6/edf/dev/aaaaampk/s010_2012/01_tcp_ar/aaaaampk_s010_t009.edf,16,Fz-Cz;Cz-Pz
tusz,tusz_v2.0.6/edf/dev/aaaaampk/s010_2012/01_tcp_ar/aaaaampk_s010_t010.edf,16,Fz-Cz;Cz-Pz
tusz,tusz_v2.0.6/edf/dev/aaaaampk/s010_2012/01_tcp_ar/aaaaampk_s010_t011.edf,16,Fz-Cz;Cz-Pz
tusz,tusz_v2.0.6/edf/dev/aaaaampk/s010_2012/01_tcp_ar/aaaaampk_s010_t012.edf,16,Fz-Cz;Cz-Pz
tusz,tusz_v2.0.6/edf/dev/aaaaamqq/s001_2012/01_tcp_ar/aaaaamqq_s001_t000.edf,18,
tusz,tusz_v2.0.6/edf/dev/aaaaamqq/s002_2012/01_tcp_ar/aaaaamqq_s002_t000.edf,18,
tusz,tusz_v2.0.6/edf/dev/aaaaamqq/s002_2012/01_tcp_ar/aaaaamqq_s002_t001.edf,18,
tusz,tusz_v2.0.6/edf/dev/aaaaamqq/s002_2012/01_tcp_ar/aaaaamqq_s002_t002.edf,18,
tusz,tusz_v2.0.6/edf/dev/aaaaamqq/s002_2012/01_tcp_ar/aaaaamqq_s002_t003.edf,18,
tusz,tusz_v2.0.6/edf/dev/aaaaamqq/s002_2012/01_tcp_ar/aaaaamqq_s002_t004.edf,18,
tusz,tusz_v2.0.6/edf/dev/aaaaamqq/s002_2012/01_tcp_ar/aaaaamqq_s002_t005.edf,16,Fz-Cz;Cz-Pz
tusz,tusz_v2.0.6/edf/dev/aaaaamqq/s002_2012/01_tcp_ar/aaaaamqq_s002_t006.edf,16,Fz-Cz;Cz-Pz
tusz,tusz_v2.0.6/edf/dev/aaaaamqq/s002_2012/01_tcp_ar/aaaaamqq_s002_t007.edf,16,Fz-Cz;Cz-Pz
tusz,tusz_v2.0.6/edf/dev/aaaaamqq/s002_2012/01_tcp_ar/aaaaamqq_s002_t008.edf,18,
tusz,tusz_v2.0.6/edf/dev/aaaaamqq/s002_2012/01_tcp_ar/aaaaamqq_s002_t009.edf,18,
tusz,tusz_v2.0.6/edf/dev/aaaaamqq/s002_2012/01_tcp_ar/aaaaamqq_s002_t010.edf,18,
tusz,tusz_v2.0.6/edf/dev/aaaaamqq/s002_2012/01_tcp_ar/aaaaamqq_s002_t011.edf,18,
tusz,tusz_v2.0.6/edf/dev/aaaaamqq/s002_2012/01_tcp_ar/aaaaamqq_s002_t012.edf,18,
tusz,tusz_v2.0.6/edf/dev/aaaaamqq/s002_2012/01_tcp_ar/aaaaamqq_s002_t013.edf,18,
tusz,tusz_v2.0.6/edf/dev/aaaaamqq/s003_2012/01_tcp_ar/aaaaamqq_s003_t000.edf,16,Fz-Cz;Cz-Pz
tusz,tusz_v2.0.6/edf/dev/aaaaamqq/s003_2012/01_tcp_ar/aaaaamqq_s003_t001.edf,16,Fz-Cz;Cz-Pz
tusz,tusz_v2.0.6/edf/dev/aaaaamqq/s003_2012/01_tcp_ar/aaaaamqq_s003_t002.edf,16,Fz-Cz;Cz-Pz
tusz,tusz_v2.0.6/edf/dev/aaaaamqq/s003_2012/01_tcp_ar/aaaaamqq_s003_t003.edf,16,Fz-Cz;Cz-Pz
tusz,tusz_v2.0.6/edf/dev/aaaaamqq/s003_2012/01_tcp_ar/aaaaamqq_s003_t004.edf,16,Fz-Cz;Cz-Pz
tusz,tusz_v2.0.6/edf/dev/aaaaamqq/s003_2012/01_tcp_ar/aaaaamqq_s003_t005.edf,16,Fz-Cz;Cz-Pz
tusz,tusz_v2.0.6/edf/dev/aaaaamqq/s004_2012/01_tcp_ar/aaaaamqq_s004_t000.edf,18,
tusz,tusz_v2.0.6/edf/dev/aaaaamqq/s004_2012/01_tcp_ar/aaaaamqq_s004_t001.edf,18,
tusz,tusz_v2.0.6/edf/dev/aaaaamqq/s004_2012/01_tcp_ar/aaaaamqq_s004_t002.edf,18,
tusz,tusz_v2.0.6/edf/dev/aaaaamqq/s004_2012/01_tcp_ar/aaaaamqq_s004_t003.edf,18,
tusz,tusz_v2.0.6/edf/dev/aaaaamqq/s004_2012/01_tcp_ar/aaaaamqq_s004_t004.edf,18,
tusz,tusz_v2.0.6/edf/dev/aaaaamqq/s004_2012/01_tcp_ar/aaaaamqq_s004_t005.edf,18,
tusz,tusz_v2.0.6/edf/dev/aaaaamqq/s004_2012/01_tcp_ar/aaaaamqq_s004_t006.edf,18,
tusz,tusz_v2.0.6/edf/dev/aaaaamqq/s004_2012/01_tcp_ar/aaaaamqq_s004_t007.edf,18,
tusz,tusz_v2.0.6/edf/dev/aaaaamqq/s004_2012/01_tcp_ar/aaaaamqq_s004_t008.edf,18,
tusz,tusz_v2.0.6/edf/dev/aaaaamqq/s004_2012/01_tcp_ar/aaaaamqq_s004_t009.edf,18,
tusz,tusz_v2.0.6/edf/dev/aaaaamqq/s004_2012/01_tcp_ar/aaaaamqq_s004_t010.edf,18,
tusz,tusz_v2.0.6/edf/dev/aaaaamqq/s004_2012/01_tcp_ar/aaaaamqq_s004_t011.edf,18,
tusz,tusz_v2.0.6/edf/dev/aaaaamqq/s004_2012/01_tcp_ar/aaaaamqq_s004_t012.edf,18,
tusz,tusz_v2.0.6/edf/dev/aaaaamqq/s005_2012/01_tcp_ar/aaaaamqq_s005_t000.edf,18,
tusz,tusz_v2.0.6/edf/dev/aaaaamqq/s005_2012/01_tcp_ar/aaaaamqq_s005_t001.edf,18,
tusz,tusz_v2.0.6/edf/dev/aaaaamqq/s005_2012/01_tcp_ar/aaaaamqq_s005_t002.edf,18,
tusz,tusz_v2.0.6/edf/dev/aaaaamqq/s005_2012/01_tcp_ar/aaaaamqq_s005_t003.edf,18,
tusz,tusz_v2.0.6/edf/dev/aaaaamqq/s005_2012/01_tcp_ar/aaaaamqq_s005_t005.edf,18,
tusz,tusz_v2.0.6/edf/dev/aaaaamqq/s005_2012/01_tcp_ar/aaaaamqq_s005_t006.edf,18,
tusz,tusz_v2.0.6/edf/dev/aaaaamqq/s005_2012/01_tcp_ar/aaaaamqq_s005_t007.edf,18,
tusz,tusz_v2.0.6/edf/dev/aaaaamqq/s006_2012/01_tcp_ar/aaaaamqq_s006_t000.edf,18,
tusz,tusz_v2.0.6/edf/dev/aaaaamqq/s006_2012/01_tcp_ar/aaaaamqq_s006_t001.edf,18,
tusz,tusz_v2.0.6/edf/dev/aaaaamqq/s006_2012/01_tcp_ar/aaaaamqq_s006_t002.edf,18,
tusz,tusz_v2.0.6/edf/dev/aaaaamqq/s006_2012/01_tcp_ar/aaaaamqq_s006_t003.edf,18,
tusz,tusz_v2.0.6/edf/dev/aaaaamqq/s006_2012/01_tcp_ar/aaaaamqq_s006_t004.edf,18,
tusz,tusz_v2.0.6/edf/dev/aaaaamqq/s006_2012/01_tcp_ar/aaaaamqq_s006_t005.edf,18,
tusz,tusz_v2.0.6/edf/dev/aaaaamqq/s006_2012/01_tcp_ar/aaaaamqq_s006_t006.edf,18,
tusz,tusz_v2.0.6/edf/dev/aaaaamqq/s007_2012/01_tcp_ar/aaaaamqq_s007_t000.edf,18,
tusz,tusz_v2.0.6/edf/dev/aaaaamqq/s007_2012/01_tcp_ar/aaaaamqq_s007_t001.edf,18,
tusz,tusz_v2.0.6/edf/dev/aaaaamqq/s007_2012/01_tcp_ar/aaaaamqq_s007_t002.edf,18,
tusz,tusz_v2.0.6/edf/dev/aaaaamqq/s007_2012/01_tcp_ar/aaaaamqq_s007_t003.edf,18,
tusz,tusz_v2.0.6/edf/dev/aaaaamqq/s007_2012/01_tcp_ar/aaaaamqq_s007_t004.edf,18,
tusz,tusz_v2.0.6/edf/dev/aaaaamqq/s007_2012/01_tcp_ar/aaaaamqq_s007_t005.edf,18,
tusz,tusz_v2.0.6/edf/dev/aaaaamqq/s007_2012/01_tcp_ar/aaaaamqq_s007_t006.edf,18,
tusz,tusz_v2.0.6/edf/dev/aaaaamqq/s008_2012/01_tcp_ar/aaaaamqq_s008_t000.edf,16,Fz-Cz;Cz-Pz
tusz,tusz_v2.0.6/edf/dev/aaaaamqq/s008_2012/01_tcp_ar/aaaaamqq_s008_t001.edf,16,Fz-Cz;Cz-Pz
tusz,tusz_v2.0.6/edf/dev/aaaaamqq/s008_2012/01_tcp_ar/aaaaamqq_s008_t002.edf,16,Fz-Cz;Cz-Pz
tusz,tusz_v2.0.6/edf/dev/aaaaamqq/s008_2012/01_tcp_ar/aaaaamqq_s008_t003.edf,16,Fz-Cz;Cz-Pz
tusz,tusz_v2.0.6/edf/dev/aaaaamqq/s008_2012/01_tcp_ar/aaaaamqq_s008_t004.edf,16,Fz-Cz;Cz-Pz
tusz,tusz_v2.0.6/edf/dev/aaaaamqq/s008_2012/01_tcp_ar/aaaaamqq_s008_t005.edf,16,Fz-Cz;Cz-Pz
tusz,tusz_v2.0.6/edf/dev/aaaaamqq/s008_2012/01_tcp_ar/aaaaamqq_s008_t006.edf,16,Fz-Cz;Cz-Pz
tusz,tusz_v2.0.6/edf/dev/aaaaamqq/s009_2012/01_tcp_ar/aaaaamqq_s009_t000.edf,18,
tusz,tusz_v2.0.6/edf/dev/aaaaamqq/s009_2012/01_tcp_ar/aaaaamqq_s009_t001.edf,18,
tusz,tusz_v2.0.6/edf/dev/aaaaamqq/s009_2012/01_tcp_ar/aaaaamqq_s009_t002.edf,18,
tusz,tusz_v2.0.6/edf/dev/aaaaamqq/s009_2012/01_tcp_ar/aaaaamqq_s009_t003.edf,18,
tusz,tusz_v2.0.6/edf/dev/aaaaamqq/s009_2012/01_tcp_ar/aaaaamqq_s009_t004.edf,18,
tusz,tusz_v2.0.6/edf/dev/aaaaamqq/s009_2012/01_tcp_ar/aaaaamqq_s009_t005.edf,18,
tusz,tusz_v2.0.6/edf/dev/aaaaamqq/s009_2012/01_tcp_ar/aaaaamqq_s009_t006.edf,18,
tusz,tusz_v2.0.6/edf/dev/aaaaamqq/s009_2012/01_tcp_ar/aaaaamqq_s009_t007.edf,18,
tusz,tusz_v2.0.6/edf/dev/aaaaamqq/s009_2012/01_tcp_ar/aaaaamqq_s009_t008.edf,18,
tusz,tusz_v2.0.6/edf/dev/aaaaamqq/s010_2012/01_tcp_ar/aaaaamqq_s010_t000.edf,18,
tusz,tusz_v2.0.6/edf/dev/aaaaamqq/s010_2012/01_tcp_ar/aaaaamqq_s010_t001.edf,18,
tusz,tusz_v2.0.6/edf/dev/aaaaamqq/s010_2012/01_tcp_ar/aaaaamqq_s010_t002.edf,18,
tusz,tusz_v2.0.6/edf/dev/aaaaamqq/s010_2012/01_tcp_ar/aaaaamqq_s010_t003.edf,18,
tusz,tusz_v2.0.6/edf/dev/aaaaamqq/s010_2012/01_tcp_ar/aaaaamqq_s010_t004.edf,18,
tusz,tusz_v2.0.6/edf/dev/aaaaamqq/s010_2012/01_tcp_ar/aaaaamqq_s010_t005.edf,18,
tusz,tusz_v2.0.6/edf/dev/aaaaamqq/s010_2012/01_tcp_ar/aaaaamqq_s010_t006.edf,18,
tusz,tusz_v2.0.6/edf/dev/aaaaamqq/s010_2012/01_tcp_ar/aaaaamqq_s010_t007.edf,18,
tusz,tusz_v2.0.6/edf/dev/aaaaamqq/s010_2012/01_tcp_ar/aaaaamqq_s010_t008.edf,18,
tusz,tusz_v2.0.6/edf/dev/aaaaamqq/s010_2012/01_tcp_ar/aaaaamqq_s010_t009.edf,18,
tusz,tusz_v2.0.6/edf/dev/aaaaamqq/s010_2012/01_tcp_ar/aaaaamqq_s010_t010.edf,18,
tusz,tusz_v2.0.6/edf/dev/aaaaamqq/s011_2012/01_tcp_ar/aaaaamqq_s011_t000.edf,18,
tusz,tusz_v2.0.6/edf/dev/aaaaamqq/s011_2012/01_tcp_ar/aaaaamqq_s011_t001.edf,18,
tusz,tusz_v2.0.6/edf/dev/aaaaamqq/s011_2012/01_tcp_ar/aaaaamqq_s011_t002.edf,18,
tusz,tusz_v2.0.6/edf/dev/aaaaamqq/s011_2012/01_tcp_ar/aaaaamqq_s011_t003.edf,18,
tusz,tusz_v2.0.6/edf/dev/aaaaamqq/s011_2012/01_tcp_ar/aaaaamqq_s011_t004.edf,18,
tusz,tusz_v2.0.6/edf/dev/aaaaamqq/s011_2012/01_tcp_ar/aaaaamqq_s011_t005.edf,18,
tusz,tusz_v2.0.6/edf/dev/aaaaamqq/s011_2012/01_tcp_ar/aaaaamqq_s011_t006.edf,18,
tusz,tusz_v2.0.6/edf/dev/aaaaamqq/s011_2012/01_tcp_ar/aaaaamqq_s011_t007.edf,18,
tusz,tusz_v2.0.6/edf/dev/aaaaamqq/s011_2012/01_tcp_ar/aaaaamqq_s011_t008.edf,18,
tusz,tusz_v2.0.6/edf/dev/aaaaamqq/s011_2012/01_tcp_ar/aaaaamqq_s011_t009.edf,18,
tusz,tusz_v2.0.6/edf/dev/aaaaamqq/s011_2012/01_tcp_ar/aaaaamqq_s011_t010.edf,18,
tusz,tusz_v2.0.6/edf/dev/aaaaamqq/s011_2012/01_tcp_ar/aaaaamqq_s011_t011.edf,18,
tusz,tusz_v2.0.6/edf/dev/aaaaamqw/s001_2012/01_tcp_ar/aaaaamqw_s001_t000.edf,18,
tusz,tusz_v2.0.6/edf/dev/aaaaamqw/s002_2012/01_tcp_ar/aaaaamqw_s002_t000.edf,18,
tusz,tusz_v2.0.6/edf/dev/aaaaamqw/s002_2012/01_tcp_ar/aaaaamqw_s002_t001.edf,18,
tusz,tusz_v2.0.6/edf/dev/aaaaamta/s001_2012/01_tcp_ar/aaaaamta_s001_t000.edf,18,
tusz,tusz_v2.0.6/edf/dev/aaaaamta/s002_2012/01_tcp_ar/aaaaamta_s002_t000.edf,18,
tusz,tusz_v2.0.6/edf/dev/aaaaamta/s003_2012/01_tcp_ar/aaaaamta_s003_t000.edf,18,
tusz,tusz_v2.0.6/edf/dev/aaaaamva/s001_2012/01_tcp_ar/aaaaamva_s001_t000.edf,18,
tusz,tusz_v2.0.6/edf/dev/aaaaamva/s002_2015/01_tcp_ar/aaaaamva_s002_t001.edf,18,
tusz,tusz_v2.0.6/edf/dev/aaaaamva/s003_2016/01_tcp_ar/aaaaamva_s003_t000.edf,16,Fz-Cz;Cz-Pz
tusz,tusz_v2.0.6/edf/dev/aaaaamva/s003_2016/01_tcp_ar/aaaaamva_s003_t001.edf,16,Fz-Cz;Cz-Pz
tusz,tusz_v2.0.6/edf/dev/aaaaamva/s003_2016/01_tcp_ar/aaaaamva_s003_t002.edf,16,Fz-Cz;Cz-Pz
tusz,tusz_v2.0.6/edf/dev/aaaaamva/s004_2016/01_tcp_ar/aaaaamva_s004_t003.edf,18,
tusz,tusz_v2.0.6/edf/dev/aaaaamva/s004_2016/01_tcp_ar/aaaaamva_s004_t004.edf,18,
tusz,tusz_v2.0.6/edf/dev/aaaaamva/s004_2016/01_tcp_ar/aaaaamva_s004_t005.edf,18,
tusz,tusz_v2.0.6/edf/dev/aaaaamva/s004_2016/01_tcp_ar/aaaaamva_s004_t006.edf,18,
tusz,tusz_v2.0.6/edf/dev/aaaaamva/s004_2016/01_tcp_ar/aaaaamva_s004_t007.edf,18,
tusz,tusz_v2.0.6/edf/dev/aaaaamva/s004_2016/01_tcp_ar/aaaaamva_s004_t008.edf,16,Fz-Cz;Cz-Pz
tusz,tusz_v2.0.6/edf/dev/aaaaamva/s004_2016/01_tcp_ar/aaaaamva_s004_t009.edf,16,Fz-Cz;Cz-Pz
tusz,tusz_v2.0.6/edf/dev/aaaaamva/s004_2016/01_tcp_ar/aaaaamva_s004_t010.edf,16,Fz-Cz;Cz-Pz
tusz,tusz_v2.0.6/edf/dev/aaaaamva/s004_2016/01_tcp_ar/aaaaamva_s004_t011.edf,16,Fz-Cz;Cz-Pz
tusz,tusz_v2.0.6/edf/dev/aaaaamva/s004_2016/01_tcp_ar/aaaaamva_s004_t012.edf,16,Fz-Cz;Cz-Pz
tusz,tusz_v2.0.6/edf/dev/aaaaamva/s004_2016/01_tcp_ar/aaaaamva_s004_t013.edf,16,Fz-Cz;Cz-Pz
tusz,tusz_v2.0.6/edf/dev/aaaaamva/s004_2016/01_tcp_ar/aaaaamva_s004_t014.edf,16,Fz-Cz;Cz-Pz
tusz,tusz_v2.0.6/edf/dev/aaaaamva/s004_2016/01_tcp_ar/aaaaamva_s004_t015.edf,16,Fz-Cz;Cz-Pz
tusz,tusz_v2.0.6/edf/dev/aaaaamva/s004_2016/01_tcp_ar/aaaaamva_s004_t016.edf,16,Fz-Cz;Cz-Pz
tusz,tusz_v2.0.6/edf/dev/aaaaamva/s004_2016/01_tcp_ar/aaaaamva_s004_t017.edf,16,Fz-Cz;Cz-Pz
tusz,tusz_v2.0.6/edf/dev/aaaaamva/s004_2016/01_tcp_ar/aaaaamva_s004_t018.edf,16,Fz-Cz;Cz-Pz
tusz,tusz_v2.0.6/edf/dev/aaaaamva/s004_2016/01_tcp_ar/aaaaamva_s004_t019.edf,16,Fz-Cz;Cz-Pz
tusz,tusz_v2.0.6/edf/dev/aaaaamva/s004_2016/01_tcp_ar/aaaaamva_s004_t020.edf,16,Fz-Cz;Cz-Pz
tusz,tusz_v2.0.6/edf/dev/aaaaamva/s004_2016/01_tcp_ar/aaaaamva_s004_t021.edf,16,Fz-Cz;Cz-Pz
tusz,tusz_v2.0.6/edf/dev/aaaaamva/s004_2016/01_tcp_ar/aaaaamva_s004_t022.edf,16,Fz-Cz;Cz-Pz
tusz,tusz_v2.0.6/edf/dev/aaaaamva/s004_2016/01_tcp_ar/aaaaamva_s004_t023.edf,16,Fz-Cz;Cz-Pz
tusz,tusz_v2.0.6/edf/dev/aaaaamva/s004_2016/01_tcp_ar/aaaaamva_s004_t024.edf,16,Fz-Cz;Cz-Pz
tusz,tusz_v2.0.6/edf/dev/aaaaamva/s004_2016/01_tcp_ar/aaaaamva_s004_t025.edf,16,Fz-Cz;Cz-Pz
tusz,tusz_v2.0.6/edf/dev/aaaaamva/s004_2016/01_tcp_ar/aaaaamva_s004_t026.edf,16,Fz-Cz;Cz-Pz
tusz,tusz_v2.0.6/edf/dev/aaaaamva/s004_2016/01_tcp_ar/aaaaamva_s004_t027.edf,16,Fz-Cz;Cz-Pz
tusz,tusz_v2.0.6/edf/dev/aaaaamva/s004_2016/01_tcp_ar/aaaaamva_s004_t028.edf,16,Fz-Cz;Cz-Pz
tusz,tusz_v2.0.6/edf/dev/aaaaamva/s004_2016/01_tcp_ar/aaaaamva_s004_t029.edf,16,Fz-Cz;Cz-Pz
tusz,tusz_v2.0.6/edf/dev/aaaaamva/s004_2016/01_tcp_ar/aaaaamva_s004_t030.edf,16,Fz-Cz;Cz-Pz
tusz,tusz_v2.0.6/edf/dev/aaaaamva/s004_2016/01_tcp_ar/aaaaamva_s004_t031.edf,16,Fz-Cz;Cz-Pz
tusz,tusz_v2.0.6/edf/dev/aaaaamva/s004_2016/01_tcp_ar/aaaaamva_s004_t032.edf,16,Fz-Cz;Cz-Pz
tusz,tusz_v2.0.6/edf/dev/aaaaamva/s004_2016/01_tcp_ar/aaaaamva_s004_t033.edf,16,Fz-Cz;Cz-Pz
tusz,tusz_v2.0.6/edf/dev/aaaaamva/s004_2016/01_tcp_ar/aaaaamva_s004_t034.edf,16,Fz-Cz;Cz-Pz
tusz,tusz_v2.0.6/edf/dev/aaaaamva/s004_2016/01_tcp_ar/aaaaamva_s004_t035.edf,16,Fz-Cz;Cz-Pz
tusz,tusz_v2.0.6/edf/dev/aaaaamva/s004_2016/01_tcp_ar/aaaaamva_s004_t036.edf,16,Fz-Cz;Cz-Pz
tusz,tusz_v2.0.6/edf/dev/aaaaamva/s004_2016/01_tcp_ar/aaaaamva_s004_t037.edf,16,Fz-Cz;Cz-Pz
tusz,tusz_v2.0.6/edf/dev/aaaaamva/s004_2016/01_tcp_ar/aaaaamva_s004_t038.edf,16,Fz-Cz;Cz-Pz
tusz,tusz_v2.0.6/edf/dev/aaaaamva/s004_2016/01_tcp_ar/aaaaamva_s004_t039.edf,16,Fz-Cz;Cz-Pz
tusz,tusz_v2.0.6/edf/dev/aaaaamva/s004_2016/01_tcp_ar/aaaaamva_s004_t040.edf,16,Fz-Cz;Cz-Pz
tusz,tusz_v2.0.6/edf/dev/aaaaamva/s004_2016/01_tcp_ar/aaaaamva_s004_t041.edf,16,Fz-Cz;Cz-Pz
tusz,tusz_v2.0.6/edf/dev/aaaaamva/s004_2016/01_tcp_ar/aaaaamva_s004_t042.edf,16,Fz-Cz;Cz-Pz
tusz,tusz_v2.0.6/edf/dev/aaaaamva/s004_2016/01_tcp_ar/aaaaamva_s004_t043.edf,16,Fz-Cz;Cz-Pz
tusz,tusz_v2.0.6/edf/dev/aaaaamva/s004_2016/01_tcp_ar/aaaaamva_s004_t044.edf,16,Fz-Cz;Cz-Pz
tusz,tusz_v2.0.6/edf/dev/aaaaamva/s004_2016/01_tcp_ar/aaaaamva_s004_t045.edf,16,Fz-Cz;Cz-Pz
tusz,tusz_v2.0.6/edf/dev/aaaaamva/s004_2016/01_tcp_ar/aaaaamva_s004_t046.edf,16,Fz-Cz;Cz-Pz
tusz,tusz_v2.0.6/edf/dev/aaaaamva/s004_2016/01_tcp_ar/aaaaamva_s004_t047.edf,16,Fz-Cz;Cz-Pz
tusz,tusz_v2.0.6/edf/dev/aaaaamva/s004_2016/01_tcp_ar/aaaaamva_s004_t048.edf,16,Fz-Cz;Cz-Pz
tusz,tusz_v2.0.6/edf/dev/aaaaamva/s004_2016/01_tcp_ar/aaaaamva_s004_t049.edf,16,Fz-Cz;Cz-Pz
tusz,tusz_v2.0.6/edf/dev/aaaaamva/s004_2016/01_tcp_ar/aaaaamva_s004_t050.edf,16,Fz-Cz;Cz-Pz
tusz,tusz_v2.0.6/edf/dev/aaaaamva/s004_2016/01_tcp_ar/aaaaamva_s004_t051.edf,16,Fz-Cz;Cz-Pz
tusz,tusz_v2.0.6/edf/dev/aaaaamva/s004_2016/01_tcp_ar/aaaaamva_s004_t052.edf,16,Fz-Cz;Cz-Pz
tusz,tusz_v2.0.6/edf/dev/aaaaamva/s004_2016/01_tcp_ar/aaaaamva_s004_t053.edf,16,Fz-Cz;Cz-Pz
tusz,tusz_v2.0.6/edf/dev/aaaaamva/s004_2016/01_tcp_ar/aaaaamva_s004_t054.edf,16,Fz-Cz;Cz-Pz
tusz,tusz_v2.0.6/edf/dev/aaaaamva/s004_2016/01_tcp_ar/aaaaamva_s004_t055.edf,16,Fz-Cz;Cz-Pz
tusz,tusz_v2.0.6/edf/dev/aaaaamva/s004_2016/01_tcp_ar/aaaaamva_s004_t056.edf,16,Fz-Cz;Cz-Pz
tusz,tusz_v2.0.6/edf/dev/aaaaamva/s004_2016/01_tcp_ar/aaaaamva_s004_t057.edf,16,Fz-Cz;Cz-Pz
tusz,tusz_v2.0.6/edf/dev/aaaaamva/s004_2016/01_tcp_ar/aaaaamva_s004_t058.edf,16,Fz-Cz;Cz-Pz
tusz,tusz_v2.0.6/edf/dev/aaaaamva/s004_2016/01_tcp_ar/aaaaamva_s004_t059.edf,16,Fz-Cz;Cz-Pz
tusz,tusz_v2.0.6/edf/dev/aaaaamva/s004_2016/01_tcp_ar/aaaaamva_s004_t060.edf,16,Fz-Cz;Cz-Pz
tusz,tusz_v2.0.6/edf/dev/aaaaamva/s004_2016/01_tcp_ar/aaaaamva_s004_t061.edf,16,Fz-Cz;Cz-Pz
tusz,tusz_v2.0.6/edf/dev/aaaaamva/s004_2016/01_tcp_ar/aaaaamva_s004_t062.edf,16,Fz-Cz;Cz-Pz
tusz,tusz_v2.0.6/edf/dev/aaaaamva/s004_2016/01_tcp_ar/aaaaamva_s004_t063.edf,16,Fz-Cz;Cz-Pz
tusz,tusz_v2.0.6/edf/dev/aaaaamva/s004_2016/01_tcp_ar/aaaaamva_s004_t064.edf,16,Fz-Cz;Cz-Pz
tusz,tusz_v2.0.6/edf/dev/aaaaamva/s004_2016/01_tcp_ar/aaaaamva_s004_t065.edf,16,Fz-Cz;Cz-Pz
tusz,tusz_v2.0.6/edf/dev/aaaaamva/s005_2016/01_tcp_ar/aaaaamva_s005_t000.edf,16,Fz-Cz;Cz-Pz
tusz,tusz_v2.0.6/edf/dev/aaaaamva/s005_2016/01_tcp_ar/aaaaamva_s005_t001.edf,16,Fz-Cz;Cz-Pz
tusz,tusz_v2.0.6/edf/dev/aaaaamva/s005_2016/01_tcp_ar/aaaaamva_s005_t002.edf,16,Fz-Cz;Cz-Pz
tusz,tusz_v2.0.6/edf/dev/aaaaamva/s005_2016/01_tcp_ar/aaaaamva_s005_t003.edf,16,Fz-Cz;Cz-Pz
tusz,tusz_v2.0.6/edf/dev/aaaaamva/s005_2016/01_tcp_ar/aaaaamva_s005_t004.edf,16,Fz-Cz;Cz-Pz
tusz,tusz_v2.0.6/edf/dev/aaaaamva/s005_2016/01_tcp_ar/aaaaamva_s005_t005.edf,16,Fz-Cz;Cz-Pz
tusz,tusz_v2.0.6/edf/dev/aaaaamva/s006_2016/01_tcp_ar/aaaaamva_s006_t000.edf,18,
tusz,tusz_v2.0.6/edf/dev/aaaaamva/s006_2016/01_tcp_ar/aaaaamva_s006_t001.edf,18,
tusz,tusz_v2.0.6/edf/dev/aaaaamva/s006_2016/01_tcp_ar/aaaaamva_s006_t002.edf,18,
tusz,tusz_v2.0.6/edf/dev/aaaaamva/s006_2016/01_tcp_ar/aaaaamva_s006_t003.edf,18,
tusz,tusz_v2.0.6/edf/dev/aaaaamva/s006_2016/01_tcp_ar/aaaaamva_s006_t004.edf,18,
tusz,tusz_v2.0.6/edf/dev/aaaaamva/s006_2016/01_tcp_ar/aaaaamva_s006_t005.edf,18,
tusz,tusz_v2.0.6/edf/dev/aaaaamva/s006_2016/01_tcp_ar/aaaaamva_s006_t006.edf,18,
tusz,tusz_v2.0.6/edf/dev/aaaaamva/s006_2016/01_tcp_ar/aaaaamva_s006_t007.edf,18,
tusz,tusz_v2.0.6/edf/dev/aaaaamva/s006_2016/01_tcp_ar/aaaaamva_s006_t008.edf,18,
tusz,tusz_v2.0.6/edf/dev/aaaaamva/s006_2016/01_tcp_ar/aaaaamva_s006_t009.edf,18,
tusz,tusz_v2.0.6/edf/dev/aaaaamva/s006_2016/01_tcp_ar/aaaaamva_s006_t010.edf,18,
tusz,tusz_v2.0.6/edf/dev/aaaaamva/s006_2016/01_tcp_ar/aaaaamva_s006_t011.edf,18,
tusz,tusz_v2.0.6/edf/dev/aaaaamva/s006_2016/01_tcp_ar/aaaaamva_s006_t012.edf,18,
tusz,tusz_v2.0.6/edf/dev/aaaaamva/s006_2016/01_tcp_ar/aaaaamva_s006_t013.edf,18,
tusz,tusz_v2.0.6/edf/dev/aaaaandx/s001_2012/01_tcp_ar/aaaaandx_s001_t000.edf,18,
tusz,tusz_v2.0.6/edf/dev/aaaaandx/s001_2012/01_tcp_ar/aaaaandx_s001_t001.edf,18,
tusz,tusz_v2.0.6/edf/dev/aaaaandx/s002_2012/01_tcp_ar/aaaaandx_s002_t000.edf,18,
tusz,tusz_v2.0.6/edf/dev/aaaaandx/s002_2012/01_tcp_ar/aaaaandx_s002_t001.edf,18,
tusz,tusz_v2.0.6/edf/dev/aaaaandx/s002_2012/01_tcp_ar/aaaaandx_s002_t002.edf,18,
tusz,tusz_v2.0.6/edf/dev/aaaaandx/s002_2012/01_tcp_ar/aaaaandx_s002_t003.edf,18,
tusz,tusz_v2.0.6/edf/dev/aaaaandx/s002_2012/01_tcp_ar/aaaaandx_s002_t004.edf,18,
tusz,tusz_v2.0.6/edf/dev/aaaaandx/s002_2012/01_tcp_ar/aaaaandx_s002_t005.edf,18,
tusz,tusz_v2.0.6/edf/dev/aaaaandx/s002_2012/01_tcp_ar/aaaaandx_s002_t006.edf,18,
tusz,tusz_v2.0.6/edf/dev/aaaaandx/s002_2012/01_tcp_ar/aaaaandx_s002_t007.edf,18,
tusz,tusz_v2.0.6/edf/dev/aaaaandx/s002_2012/01_tcp_ar/aaaaandx_s002_t008.edf,18,
tusz,tusz_v2.0.6/edf/dev/aaaaandx/s002_2012/01_tcp_ar/aaaaandx_s002_t009.edf,18,
tusz,tusz_v2.0.6/edf/dev/aaaaandx/s002_2012/01_tcp_ar/aaaaandx_s002_t010.edf,18,
tusz,tusz_v2.0.6/edf/dev/aaaaandx/s003_2012/01_tcp_ar/aaaaandx_s003_t000.edf,18,
tusz,tusz_v2.0.6/edf/dev/aaaaandx/s003_2012/01_tcp_ar/aaaaandx_s003_t001.edf,18,
tusz,tusz_v2.0.6/edf/dev/aaaaandx/s003_2012/01_tcp_ar/aaaaandx_s003_t002.edf,18,
tusz,tusz_v2.0.6/edf/dev/aaaaandx/s003_2012/01_tcp_ar/aaaaandx_s003_t003.edf,18,
tusz,tusz_v2.0.6/edf/dev/aaaaandx/s003_2012/01_tcp_ar/aaaaandx_s003_t004.edf,18,
tusz,tusz_v2.0.6/edf/dev/aaaaandx/s003_2012/01_tcp_ar/aaaaandx_s003_t005.edf,18,
tusz,tusz_v2.0.6/edf/dev/aaaaandx/s003_2012/01_tcp_ar/aaaaandx_s003_t006.edf,18,
tusz,tusz_v2.0.6/edf/dev/aaaaandx/s003_2012/01_tcp_ar/aaaaandx_s003_t007.edf,18,
tusz,tusz_v2.0.6/edf/dev/aaaaandx/s003_2012/01_tcp_ar/aaaaandx_s003_t008.edf,18,
tusz,tusz_v2.0.6/edf/dev/aaaaandx/s003_2012/01_tcp_ar/aaaaandx_s003_t009.edf,18,
tusz,tusz_v2.0.6/edf/dev/aaaaandx/s003_2012/01_tcp_ar/aaaaandx_s003_t010.edf,18,
tusz,tusz_v2.0.6/edf/dev/aaaaandx/s004_2012/01_tcp_ar/aaaaandx_s004_t000.edf,18,
tusz,tusz_v2.0.6/edf/dev/aaaaandx/s004_2012/01_tcp_ar/aaaaandx_s004_t001.edf,18,
tusz,tusz_v2.0.6/edf/dev/aaaaandx/s004_2012/01_tcp_ar/aaaaandx_s004_t002.edf,18,
tusz,tusz_v2.0.6/edf/dev/aaaaandx/s004_2012/01_tcp_ar/aaaaandx_s004_t003.edf,18,
tusz,tusz_v2.0.6/edf/dev/aaaaandx/s004_2012/01_tcp_ar/aaaaandx_s004_t004.edf,18,
tusz,tusz_v2.0.6/edf/dev/aaaaandx/s004_2012/01_tcp_ar/aaaaandx_s004_t005.edf,18,
tusz,tusz_v2.0.6/edf/dev/aaaaandx/s004_2012/01_tcp_ar/aaaaandx_s004_t006.edf,18,
tusz,tusz_v2.0.6/edf/dev/aaaaandx/s004_2012/01_tcp_ar/aaaaandx_s004_t007.edf,18,
tusz,tusz_v2.0.6/edf/dev/aaaaandx/s004_2012/01_tcp_ar/aaaaandx_s004_t008.edf,18,
tusz,tusz_v2.0.6/edf/dev/aaaaandx/s004_2012/01_tcp_ar/aaaaandx_s004_t009.edf,18,
tusz,tusz_v2.0.6/edf/dev/aaaaandx/s004_2012/01_tcp_ar/aaaaandx_s004_t010.edf,18,
tusz,tusz_v2.0.6/edf/dev/aaaaandx/s004_2012/01_tcp_ar/aaaaandx_s004_t011.edf,18,
tusz,tusz_v2.0.6/edf/dev/aaaaandx/s004_2012/01_tcp_ar/aaaaandx_s004_t012.edf,18,
tusz,tusz_v2.0.6/edf/dev/aaaaandx/s004_2012/01_tcp_ar/aaaaandx_s004_t013.edf,18,
tusz,tusz_v2.0.6/edf/dev/aaaaandx/s004_2012/01_tcp_ar/aaaaandx_s004_t014.edf,18,
tusz,tusz_v2.0.6/edf/dev/aaaaandx/s004_2012/01_tcp_ar/aaaaandx_s004_t015.edf,18,
tusz,tusz_v2.0.6/edf/dev/aaaaandx/s005_2012/01_tcp_ar/aaaaandx_s005_t000.edf,18,
tusz,tusz_v2.0.6/edf/dev/aaaaandx/s005_2012/01_tcp_ar/aaaaandx_s005_t001.edf,18,
tusz,tusz_v2.0.6/edf/dev/aaaaandx/s005_2012/01_tcp_ar/aaaaandx_s005_t002.edf,18,
tusz,tusz_v2.0.6/edf/dev/aaaaandx/s005_2012/01_tcp_ar/aaaaandx_s005_t003.edf,18,
tusz,tusz_v2.0.6/edf/dev/aaaaandx/s005_2012/01_tcp_ar/aaaaandx_s005_t004.edf,18,
tusz,tusz_v2.0.6/edf/dev/aaaaandx/s005_2012/01_tcp_ar/aaaaandx_s005_t005.edf,18,
tusz,tusz_v2.0.6/edf/dev/aaaaandx/s005_2012/01_tcp_ar/aaaaandx_s005_t006.edf,18,
tusz,tusz_v2.0.6/edf/dev/aaaaandx/s005_2012/01_tcp_ar/aaaaandx_s005_t007.edf,18,
tusz,tusz_v2.0.6/edf/dev/aaaaandx/s005_2012/01_tcp_ar/aaaaandx_s005_t008.edf,18,
tusz,tusz_v2.0.6/edf/dev/aaaaandx/s005_2012/01_tcp_ar/aaaaandx_s005_t009.edf,18,
tusz,tusz_v2.0.6/edf/dev/aaaaandx/s005_2012/01_tcp_ar/aaaaandx_s005_t010.edf,18,
tusz,tusz_v2.0.6/edf/dev/aaaaandx/s005_2012/01_tcp_ar/aaaaandx_s005_t011.edf,18,
tusz,tusz_v2.0.6/edf/dev/aaaaandx/s005_2012/01_tcp_ar/aaaaandx_s005_t012.edf,18,
tusz,tusz_v2.0.6/edf/dev/aaaaaoec/s001_2012/01_tcp_ar/aaaaaoec_s001_t000.edf,18,
tusz,tusz_v2.0.6/edf/dev/aaaaaoec/s001_2012/01_tcp_ar/aaaaaoec_s001_t001.edf,18,
tusz,tusz_v2.0.6/edf/dev/aaaaaoec/s002_2012/01_tcp_ar/aaaaaoec_s002_t000.edf,18,
tusz,tusz_v2.0.6/edf/dev/aaaaaoec/s002_2012/01_tcp_ar/aaaaaoec_s002_t001.edf,18,
tusz,tusz_v2.0.6/edf/dev/aaaaaoec/s002_2012/01_tcp_ar/aaaaaoec_s002_t002.edf,18,
tusz,tusz_v2.0.6/edf/dev/aaaaaoec/s002_2012/01_tcp_ar/aaaaaoec_s002_t003.edf,18,
tusz,tusz_v2.0.6/edf/dev/aaaaaoec/s002_2012/01_tcp_ar/aaaaaoec_s002_t004.edf,18,
tusz,tusz_v2.0.6/edf/dev/aaaaaoec/s002_2012/01_tcp_ar/aaaaaoec_s002_t005.edf,18,
tusz,tusz_v2.0.6/edf/dev/aaaaaoec/s002_2012/01_tcp_ar/aaaaaoec_s002_t006.edf,18,
tusz,tusz_v2.0.6/edf/dev/aaaaaoec/s002_2012/01_tcp_ar/aaaaaoec_s002_t008.edf,18,
tusz,tusz_v2.0.6/edf/dev/aaaaaoec/s002_2012/01_tcp_ar/aaaaaoec_s002_t009.edf,18,
tusz,tusz_v2.0.6/edf/dev/aaaaaoec/s002_2012/01_tcp_ar/aaaaaoec_s002_t010.edf,18,
tusz,tusz_v2.0.6/edf/dev/aaaaaoec/s002_2012/01_tcp_ar/aaaaaoec_s002_t011.edf,18,
tusz,tusz_v2.0.6/edf/dev/aaaaaoec/s002_2012/01_tcp_ar/aaaaaoec_s002_t012.edf,18,
tusz,tusz_v2.0.6/edf/dev/aaaaaoec/s003_2012/01_tcp_ar/aaaaaoec_s003_t000.edf,18,
tusz,tusz_v2.0.6/edf/dev/aaaaaoec/s003_2012/01_tcp_ar/aaaaaoec_s003_t001.edf,18,
tusz,tusz_v2.0.6/edf/dev/aaaaaoec/s003_2012/01_tcp_ar/aaaaaoec_s003_t002.edf,18,
tusz,tusz_v2.0.6/edf/dev/aaaaaoec/s003_2012/01_tcp_ar/aaaaaoec_s003_t003.edf,18,
tusz,tusz_v2.0.6/edf/dev/aaaaaoec/s003_2012/01_tcp_ar/aaaaaoec_s003_t004.edf,18,
tusz,tusz_v2.0.6/edf/dev/aaaaaoec/s003_2012/01_tcp_ar/aaaaaoec_s003_t005.edf,18,
tusz,tusz_v2.0.6/edf/dev/aaaaaoec/s003_2012/01_tcp_ar/aaaaaoec_s003_t006.edf,18,
tusz,tusz_v2.0.6/edf/dev/aaaaaoec/s003_2012/01_tcp_ar/aaaaaoec_s003_t007.edf,18,
tusz,tusz_v2.0.6/edf/dev/aaaaaoek/s001_2012/01_tcp_ar/aaaaaoek_s001_t000.edf,18,
tusz,tusz_v2.0.6/edf/dev/aaaaaoek/s002_2013/01_tcp_ar/aaaaaoek_s002_t000.edf,18,
tusz,tusz_v2.0.6/edf/dev/aaaaaoek/s002_2013/01_tcp_ar/aaaaaoek_s002_t001.edf,18,
tusz,tusz_v2.0.6/edf/dev/aaaaaoek/s002_2013/01_tcp_ar/aaaaaoek_s002_t002.edf,18,
tusz,tusz_v2.0.6/edf/dev/aaaaaoek/s003_2013/01_tcp_ar/aaaaaoek_s003_t001.edf,18,
tusz,tusz_v2.0.6/edf/dev/aaaaaoek/s003_2013/01_tcp_ar/aaaaaoek_s003_t002.edf,18,
tusz,tusz_v2.0.6/edf/dev/aaaaaoek/s003_2013/01_tcp_ar/aaaaaoek_s003_t003.edf,18,
tusz,tusz_v2.0.6/edf/dev/aaaaaoek/s004_2013/01_tcp_ar/aaaaaoek_s004_t000.edf,18,
tusz,tusz_v2.0.6/edf/dev/aaaaaoek/s004_2013/01_tcp_ar/aaaaaoek_s004_t001.edf,18,
tusz,tusz_v2.0.6/edf/dev/aaaaaoek/s004_2013/01_tcp_ar/aaaaaoek_s004_t002.edf,18,
tusz,tusz_v2.0.6/edf/dev/aaaaaoek/s004_2013/01_tcp_ar/aaaaaoek_s004_t003.edf,18,
tusz,tusz_v2.0.6/edf/dev/aaaaaoek/s004_2013/01_tcp_ar/aaaaaoek_s004_t004.edf,18,
tusz,tusz_v2.0.6/edf/dev/aaaaaoek/s004_2013/01_tcp_ar/aaaaaoek_s004_t005.edf,18,
tusz,tusz_v2.0.6/edf/dev/aaaaaoek/s004_2013/01_tcp_ar/aaaaaoek_s004_t006.edf,18,
tusz,tusz_v2.0.6/edf/dev/aaaaaoek/s004_2013/01_tcp_ar/aaaaaoek_s004_t007.edf,18,
tusz,tusz_v2.0.6/edf/dev/aaaaaoek/s005_2013/01_tcp_ar/aaaaaoek_s005_t000.edf,18,
tusz,tusz_v2.0.6/edf/dev/aaaaaoek/s006_2013/01_tcp_ar/aaaaaoek_s006_t000.edf,18,
tusz,tusz_v2.0.6/edf/dev/aaaaaoek/s006_2013/01_tcp_ar/aaaaaoek_s006_t001.edf,18,
tusz,tusz_v2.0.6/edf/dev/aaaaaoek/s006_2013/01_tcp_ar/aaaaaoek_s006_t002.edf,18,
tusz,tusz_v2.0.6/edf/dev/aaaaaoek/s006_2013/01_tcp_ar/aaaaaoek_s006_t003.edf,18,
tusz,tusz_v2.0.6/edf/dev/aaaaaoek/s006_2013/01_tcp_ar/aaaaaoek_s006_t004.edf,18,
tusz,tusz_v2.0.6/edf/dev/aaaaaoek/s006_2013/01_tcp_ar/aaaaaoek_s006_t005.edf,18,
tusz,tusz_v2.0.6/edf/dev/aaaaaoek/s006_2013/01_tcp_ar/aaaaaoek_s006_t006.edf,18,
tusz,tusz_v2.0.6/edf/dev/aaaaaoek/s006_2013/01_tcp_ar/aaaaaoek_s006_t007.edf,18,
tusz,tusz_v2.0.6/edf/dev/aaaaaoek/s006_2013/01_tcp_ar/aaaaaoek_s006_t008.edf,18,
tusz,tusz_v2.0.6/edf/dev/aaaaaoek/s006_2013/01_tcp_ar/aaaaaoek_s006_t009.edf,18,
tusz,tusz_v2.0.6/edf/dev/aaaaaoek/s006_2013/01_tcp_ar/aaaaaoek_s006_t010.edf,18,
tusz,tusz_v2.0.6/edf/dev/aaaaaoek/s006_2013/01_tcp_ar/aaaaaoek_s006_t011.edf,18,
tusz,tusz_v2.0.6/edf/dev/aaaaaoek/s007_2013/01_tcp_ar/aaaaaoek_s007_t000.edf,16,Fz-Cz;Cz-Pz
tusz,tusz_v2.0.6/edf/dev/aaaaaoek/s007_2013/01_tcp_ar/aaaaaoek_s007_t001.edf,16,Fz-Cz;Cz-Pz
tusz,tusz_v2.0.6/edf/dev/aaaaaoek/s007_2013/01_tcp_ar/aaaaaoek_s007_t002.edf,16,Fz-Cz;Cz-Pz
tusz,tusz_v2.0.6/edf/dev/aaaaaoek/s007_2013/01_tcp_ar/aaaaaoek_s007_t003.edf,16,Fz-Cz;Cz-Pz
tusz,tusz_v2.0.6/edf/dev/aaaaaoek/s007_2013/01_tcp_ar/aaaaaoek_s007_t004.edf,16,Fz-Cz;Cz-Pz
tusz,tusz_v2.0.6/edf/dev/aaaaaoek/s007_2013/01_tcp_ar/aaaaaoek_s007_t005.edf,16,Fz-Cz;Cz-Pz
tusz,tusz_v2.0.6/edf/dev/aaaaaoek/s007_2013/01_tcp_ar/aaaaaoek_s007_t006.edf,16,Fz-Cz;Cz-Pz
tusz,tusz_v2.0.6/edf/dev/aaaaaoek/s007_2013/01_tcp_ar/aaaaaoek_s007_t007.edf,16,Fz-Cz;Cz-Pz
tusz,tusz_v2.0.6/edf/dev/aaaaaoek/s007_2013/01_tcp_ar/aaaaaoek_s007_t008.edf,16,Fz-Cz;Cz-Pz
tusz,tusz_v2.0.6/edf/dev/aaaaaoek/s007_2013/01_tcp_ar/aaaaaoek_s007_t009.edf,16,Fz-Cz;Cz-Pz
tusz,tusz_v2.0.6/edf/dev/aaaaaoek/s007_2013/01_tcp_ar/aaaaaoek_s007_t010.edf,16,Fz-Cz;Cz-Pz
tusz,tusz_v2.0.6/edf/dev/aaaaaoek/s007_2013/01_tcp_ar/aaaaaoek_s007_t011.edf,16,Fz-Cz;Cz-Pz
tusz,tusz_v2.0.6/edf/dev/aaaaaoek/s007_2013/01_tcp_ar/aaaaaoek_s007_t012.edf,16,Fz-Cz;Cz-Pz
tusz,tusz_v2.0.6/edf/dev/aaaaaoek/s008_2013/01_tcp_ar/aaaaaoek_s008_t000.edf,18,
tusz,tusz_v2.0.6/edf/dev/aaaaaoek/s008_2013/01_tcp_ar/aaaaaoek_s008_t001.edf,18,
tusz,tusz_v2.0.6/edf/dev/aaaaaoek/s008_2013/01_tcp_ar/aaaaaoek_s008_t002.edf,18,
tusz,tusz_v2.0.6/edf/dev/aaaaaoek/s008_2013/01_tcp_ar/aaaaaoek_s008_t003.edf,18,
tusz,tusz_v2.0.6/edf/dev/aaaaaoek/s008_2013/01_tcp_ar/aaaaaoek_s008_t004.edf,18,
tusz,tusz_v2.0.6/edf/dev/aaaaaoek/s008_2013/01_tcp_ar/aaaaaoek_s008_t005.edf,18,
tusz,tusz_v2.0.6/edf/dev/aaaaaoek/s008_2013/01_tcp_ar/aaaaaoek_s008_t006.edf,18,
tusz,tusz_v2.0.6/edf/dev/aaaaaoek/s008_2013/01_tcp_ar/aaaaaoek_s008_t007.edf,18,
tusz,tusz_v2.0.6/edf/dev/aaaaaoek/s008_2013/01_tcp_ar/aaaaaoek_s008_t008.edf,18,
tusz,tusz_v2.0.6/edf/dev/aaaaaoek/s008_2013/01_tcp_ar/aaaaaoek_s008_t009.edf,18,
tusz,tusz_v2.0.6/edf/dev/aaaaaoek/s008_2013/01_tcp_ar/aaaaaoek_s008_t010.edf,18,
tusz,tusz_v2.0.6/edf/dev/aaaaaoek/s009_2013/01_tcp_ar/aaaaaoek_s009_t000.edf,18,
tusz,tusz_v2.0.6/edf/dev/aaaaaoek/s010_2013/01_tcp_ar/aaaaaoek_s010_t000.edf,18,
tusz,tusz_v2.0.6/edf/dev/aaaaaoek/s011_2013/01_tcp_ar/aaaaaoek_s011_t000.edf,18,
tusz,tusz_v2.0.6/edf/dev/aaaaaoek/s011_2013/01_tcp_ar/aaaaaoek_s011_t001.edf,18,
tusz,tusz_v2.0.6/edf/dev/aaaaaoek/s011_2013/01_tcp_ar/aaaaaoek_s011_t002.edf,18,
tusz,tusz_v2.0.6/edf/dev/aaaaaoek/s011_2013/01_tcp_ar/aaaaaoek_s011_t003.edf,18,
tusz,tusz_v2.0.6/edf/dev/aaaaaoek/s011_2013/01_tcp_ar/aaaaaoek_s011_t004.edf,18,
tusz,tusz_v2.0.6/edf/dev/aaaaaoek/s011_2013/01_tcp_ar/aaaaaoek_s011_t005.edf,18,
tusz,tusz_v2.0.6/edf/dev/aaaaaoek/s011_2013/01_tcp_ar/aaaaaoek_s011_t006.edf,18,
tusz,tusz_v2.0.6/edf/dev/aaaaaoek/s011_2013/01_tcp_ar/aaaaaoek_s011_t007.edf,18,
tusz,tusz_v2.0.6/edf/dev/aaaaaoek/s011_2013/01_tcp_ar/aaaaaoek_s011_t008.edf,18,
tusz,tusz_v2.0.6/edf/dev/aaaaaoek/s011_2013/01_tcp_ar/aaaaaoek_s011_t009.edf,18,
tusz,tusz_v2.0.6/edf/dev/aaaaaoek/s011_2013/01_tcp_ar/aaaaaoek_s011_t010.edf,18,
tusz,tusz_v2.0.6/edf/dev/aaaaaoek/s011_2013/01_tcp_ar/aaaaaoek_s011_t011.edf,18,
tusz,tusz_v2.0.6/edf/dev/aaaaaoek/s012_2013/01_tcp_ar/aaaaaoek_s012_t000.edf,18,
tusz,tusz_v2.0.6/edf/dev/aaaaaoek/s012_2013/01_tcp_ar/aaaaaoek_s012_t001.edf,18,
tusz,tusz_v2.0.6/edf/dev/aaaaaoek/s012_2013/01_tcp_ar/aaaaaoek_s012_t002.edf,18,
tusz,tusz_v2.0.6/edf/dev/aaaaaoek/s012_2013/01_tcp_ar/aaaaaoek_s012_t003.edf,18,
tusz,tusz_v2.0.6/edf/dev/aaaaaoek/s012_2013/01_tcp_ar/aaaaaoek_s012_t004.edf,18,
tusz,tusz_v2.0.6/edf/dev/aaaaaoek/s012_2013/01_tcp_ar/aaaaaoek_s012_t005.edf,18,
tusz,tusz_v2.0.6/edf/dev/aaaaaoek/s012_2013/01_tcp_ar/aaaaaoek_s012_t006.edf,18,
tusz,tusz_v2.0.6/edf/dev/aaaaaoek/s012_2013/01_tcp_ar/aaaaaoek_s012_t007.edf,18,
tusz,tusz_v2.0.6/edf/dev/aaaaaoek/s012_2013/01_tcp_ar/aaaaaoek_s012_t008.edf,18,
tusz,tusz_v2.0.6/edf/dev/aaaaaoek/s012_2013/01_tcp_ar/aaaaaoek_s012_t009.edf,18,
tusz,tusz_v2.0.6/edf/dev/aaaaaoek/s012_2013/01_tcp_ar/aaaaaoek_s012_t010.edf,18,
tusz,tusz_v2.0.6/edf/dev/aaaaaoek/s013_2013/01_tcp_ar/aaaaaoek_s013_t000.edf,16,Fz-Cz;Cz-Pz
tusz,tusz_v2.0.6/edf/dev/aaaaaoek/s013_2013/01_tcp_ar/aaaaaoek_s013_t001.edf,16,Fz-Cz;Cz-Pz
tusz,tusz_v2.0.6/edf/dev/aaaaaoek/s013_2013/01_tcp_ar/aaaaaoek_s013_t002.edf,16,Fz-Cz;Cz-Pz
tusz,tusz_v2.0.6/edf/dev/aaaaaoek/s013_2013/01_tcp_ar/aaaaaoek_s013_t003.edf,16,Fz-Cz;Cz-Pz
tusz,tusz_v2.0.6/edf/dev/aaaaaoek/s013_2013/01_tcp_ar/aaaaaoek_s013_t004.edf,16,Fz-Cz;Cz-Pz
tusz,tusz_v2.0.6/edf/dev/aaaaaoek/s013_2013/01_tcp_ar/aaaaaoek_s013_t005.edf,16,Fz-Cz;Cz-Pz
tusz,tusz_v2.0.6/edf/dev/aaaaaoek/s013_2013/01_tcp_ar/aaaaaoek_s013_t006.edf,16,Fz-Cz;Cz-Pz
tusz,tusz_v2.0.6/edf/dev/aaaaaoek/s013_2013/01_tcp_ar/aaaaaoek_s013_t007.edf,16,Fz-Cz;Cz-Pz
tusz,tusz_v2.0.6/edf/dev/aaaaaoek/s013_2013/01_tcp_ar/aaaaaoek_s013_t008.edf,16,Fz-Cz;Cz-Pz
tusz,tusz_v2.0.6/edf/dev/aaaaaoek/s014_2013/01_tcp_ar/aaaaaoek_s014_t000.edf,18,
tusz,tusz_v2.0.6/edf/dev/aaaaaoek/s014_2013/01_tcp_ar/aaaaaoek_s014_t001.edf,18,
tusz,tusz_v2.0.6/edf/dev/aaaaaoek/s014_2013/01_tcp_ar/aaaaaoek_s014_t002.edf,18,
tusz,tusz_v2.0.6/edf/dev/aaaaaoek/s015_2013/01_tcp_ar/aaaaaoek_s015_t000.edf,18,
tusz,tusz_v2.0.6/edf/dev/aaaaaoek/s015_2013/01_tcp_ar/aaaaaoek_s015_t001.edf,18,
tusz,tusz_v2.0.6/edf/dev/aaaaaoek/s015_2013/01_tcp_ar/aaaaaoek_s015_t002.edf,18,
tusz,tusz_v2.0.6/edf/dev/aaaaaoek/s015_2013/01_tcp_ar/aaaaaoek_s015_t003.edf,18,
tusz,tusz_v2.0.6/edf/dev/aaaaaoek/s015_2013/01_tcp_ar/aaaaaoek_s015_t004.edf,18,
tusz,tusz_v2.0.6/edf/dev/aaaaaoek/s015_2013/01_tcp_ar/aaaaaoek_s015_t005.edf,18,
tusz,tusz_v2.0.6/edf/dev/aaaaaoek/s015_2013/01_tcp_ar/aaaaaoek_s015_t006.edf,18,
tusz,tusz_v2.0.6/edf/dev/aaaaaoek/s016_2013/01_tcp_ar/aaaaaoek_s016_t000.edf,16,Fz-Cz;Cz-Pz
tusz,tusz_v2.0.6/edf/dev/aaaaaoek/s016_2013/01_tcp_ar/aaaaaoek_s016_t001.edf,16,Fz-Cz;Cz-Pz
tusz,tusz_v2.0.6/edf/dev/aaaaaoek/s016_2013/01_tcp_ar/aaaaaoek_s016_t002.edf,16,Fz-Cz;Cz-Pz
tusz,tusz_v2.0.6/edf/dev/aaaaaoek/s016_2013/01_tcp_ar/aaaaaoek_s016_t003.edf,16,Fz-Cz;Cz-Pz
tusz,tusz_v2.0.6/edf/dev/aaaaaoek/s016_2013/01_tcp_ar/aaaaaoek_s016_t004.edf,16,Fz-Cz;Cz-Pz
tusz,tusz_v2.0.6/edf/dev/aaaaaoek/s016_2013/01_tcp_ar/aaaaaoek_s016_t005.edf,16,Fz-Cz;Cz-Pz
tusz,tusz_v2.0.6/edf/dev/aaaaaoek/s016_2013/01_tcp_ar/aaaaaoek_s016_t006.edf,16,Fz-Cz;Cz-Pz
tusz,tusz_v2.0.6/edf/dev/aaaaaoek/s016_2013/01_tcp_ar/aaaaaoek_s016_t007.edf,16,Fz-Cz;Cz-Pz
tusz,tusz_v2.0.6/edf/dev/aaaaaoek/s016_2013/01_tcp_ar/aaaaaoek_s016_t008.edf,16,Fz-Cz;Cz-Pz
tusz,tusz_v2.0.6/edf/dev/aaaaaoek/s016_2013/01_tcp_ar/aaaaaoek_s016_t009.edf,16,Fz-Cz;Cz-Pz
tusz,tusz_v2.0.6/edf/dev/aaaaaoek/s016_2013/01_tcp_ar/aaaaaoek_s016_t010.edf,16,Fz-Cz;Cz-Pz
tusz,tusz_v2.0.6/edf/dev/aaaaaoek/s016_2013/01_tcp_ar/aaaaaoek_s016_t011.edf,16,Fz-Cz;Cz-Pz
tusz,tusz_v2.0.6/edf/dev/aaaaaoek/s016_2013/01_tcp_ar/aaaaaoek_s016_t012.edf,16,Fz-Cz;Cz-Pz
tusz,tusz_v2.0.6/edf/dev/aaaaaoek/s016_2013/01_tcp_ar/aaaaaoek_s016_t013.edf,16,Fz-Cz;Cz-Pz
tusz,tusz_v2.0.6/edf/dev/aaaaaoek/s016_2013/01_tcp_ar/aaaaaoek_s016_t014.edf,16,Fz-Cz;Cz-Pz
tusz,tusz_v2.0.6/edf/dev/aaaaaoek/s016_2013/01_tcp_ar/aaaaaoek_s016_t015.edf,16,Fz-Cz;Cz-Pz
tusz,tusz_v2.0.6/edf/dev/aaaaaoek/s016_2013/01_tcp_ar/aaaaaoek_s016_t016.edf,16,Fz-Cz;Cz-Pz
tusz,tusz_v2.0.6/edf/dev/aaaaaoek/s016_2013/01_tcp_ar/aaaaaoek_s016_t017.edf,16,Fz-Cz;Cz-Pz
tusz,tusz_v2.0.6/edf/dev/aaaaaoek/s016_2013/01_tcp_ar/aaaaaoek_s016_t018.edf,16,Fz-Cz;Cz-Pz
tusz,tusz_v2.0.6/edf/dev/aaaaaoek/s016_2013/01_tcp_ar/aaaaaoek_s016_t019.edf,16,Fz-Cz;Cz-Pz
tusz,tusz_v2.0.6/edf/dev/aaaaaoek/s016_2013/01_tcp_ar/aaaaaoek_s016_t020.edf,16,Fz-Cz;Cz-Pz
tusz,tusz_v2.0.6/edf/dev/aaaaaoek/s017_2013/01_tcp_ar/aaaaaoek_s017_t000.edf,18,
tusz,tusz_v2.0.6/edf/dev/aaaaaoek/s017_2013/01_tcp_ar/aaaaaoek_s017_t001.edf,18,
tusz,tusz_v2.0.6/edf/dev/aaaaaoek/s017_2013/01_tcp_ar/aaaaaoek_s017_t002.edf,18,
tusz,tusz_v2.0.6/edf/dev/aaaaaoek/s017_2013/01_tcp_ar/aaaaaoek_s017_t003.edf,18,
tusz,tusz_v2.0.6/edf/dev/aaaaaoek/s017_2013/01_tcp_ar/aaaaaoek_s017_t004.edf,18,
tusz,tusz_v2.0.6/edf/dev/aaaaaoek/s017_2013/01_tcp_ar/aaaaaoek_s017_t005.edf,18,
tusz,tusz_v2.0.6/edf/dev/aaaaaoek/s017_2013/01_tcp_ar/aaaaaoek_s017_t006.edf,18,
tusz,tusz_v2.0.6/edf/dev/aaaaaoek/s017_2013/01_tcp_ar/aaaaaoek_s017_t007.edf,18,
tusz,tusz_v2.0.6/edf/dev/aaaaaoek/s018_2013/01_tcp_ar/aaaaaoek_s018_t000.edf,18,
tusz,tusz_v2.0.6/edf/dev/aaaaaoek/s018_2013/01_tcp_ar/aaaaaoek_s018_t001.edf,18,
tusz,tusz_v2.0.6/edf/dev/aaaaaoek/s018_2013/01_tcp_ar/aaaaaoek_s018_t002.edf,18,
tusz,tusz_v2.0.6/edf/dev/aaaaaoek/s018_2013/01_tcp_ar/aaaaaoek_s018_t003.edf,18,
tusz,tusz_v2.0.6/edf/dev/aaaaaoek/s018_2013/01_tcp_ar/aaaaaoek_s018_t004.edf,18,
tusz,tusz_v2.0.6/edf/dev/aaaaaoek/s018_2013/01_tcp_ar/aaaaaoek_s018_t005.edf,18,
tusz,tusz_v2.0.6/edf/dev/aaaaaoek/s018_2013/01_tcp_ar/aaaaaoek_s018_t006.edf,18,
tusz,tusz_v2.0.6/edf/dev/aaaaaoek/s019_2013/01_tcp_ar/aaaaaoek_s019_t000.edf,18,
tusz,tusz_v2.0.6/edf/dev/aaaaaoek/s019_2013/01_tcp_ar/aaaaaoek_s019_t001.edf,18,
tusz,tusz_v2.0.6/edf/dev/aaaaaoek/s019_2013/01_tcp_ar/aaaaaoek_s019_t002.edf,18,
tusz,tusz_v2.0.6/edf/dev/aaaaaoek/s019_2013/01_tcp_ar/aaaaaoek_s019_t003.edf,18,
tusz,tusz_v2.0.6/edf/dev/aaaaaoek/s019_2013/01_tcp_ar/aaaaaoek_s019_t004.edf,18,
tusz,tusz_v2.0.6/edf/dev/aaaaaoek/s020_2013/01_tcp_ar/aaaaaoek_s020_t000.edf,18,
tusz,tusz_v2.0.6/edf/dev/aaaaaoek/s020_2013/01_tcp_ar/aaaaaoek_s020_t001.edf,18,
tusz,tusz_v2.0.6/edf/dev/aaaaaoek/s020_2013/01_tcp_ar/aaaaaoek_s020_t002.edf,18,
tusz,tusz_v2.0.6/edf/dev/aaaaaoek/s020_2013/01_tcp_ar/aaaaaoek_s020_t003.edf,18,
tusz,tusz_v2.0.6/edf/dev/aaaaaoek/s020_2013/01_tcp_ar/aaaaaoek_s020_t004.edf,18,
tusz,tusz_v2.0.6/edf/dev/aaaaaoek/s020_2013/01_tcp_ar/aaaaaoek_s020_t005.edf,18,
tusz,tusz_v2.0.6/edf/dev/aaaaaoek/s020_2013/01_tcp_ar/aaaaaoek_s020_t006.edf,18,
tusz,tusz_v2.0.6/edf/dev/aaaaaoek/s020_2013/01_tcp_ar/aaaaaoek_s020_t007.edf,18,
tusz,tusz_v2.0.6/edf/dev/aaaaaoek/s021_2013/01_tcp_ar/aaaaaoek_s021_t000.edf,18,
tusz,tusz_v2.0.6/edf/dev/aaaaaoek/s021_2013/01_tcp_ar/aaaaaoek_s021_t001.edf,18,
tusz,tusz_v2.0.6/edf/dev/aaaaaoek/s021_2013/01_tcp_ar/aaaaaoek_s021_t002.edf,18,
tusz,tusz_v2.0.6/edf/dev/aaaaaoek/s022_2013/01_tcp_ar/aaaaaoek_s022_t000.edf,18,
tusz,tusz_v2.0.6/edf/dev/aaaaaoek/s023_2013/01_tcp_ar/aaaaaoek_s023_t000.edf,18,
tusz,tusz_v2.0.6/edf/dev/aaaaaoek/s023_2013/01_tcp_ar/aaaaaoek_s023_t001.edf,18,
tusz,tusz_v2.0.6/edf/dev/aaaaaoek/s023_2013/01_tcp_ar/aaaaaoek_s023_t002.edf,18,
tusz,tusz_v2.0.6/edf/dev/aaaaaoek/s024_2013/01_tcp_ar/aaaaaoek_s024_t000.edf,18,
tusz,tusz_v2.0.6/edf/dev/aaaaaoek/s025_2013/01_tcp_ar/aaaaaoek_s025_t000.edf,18,
tusz,tusz_v2.0.6/edf/dev/aaaaaoek/s025_2013/01_tcp_ar/aaaaaoek_s025_t001.edf,18,
tusz,tusz_v2.0.6/edf/dev/aaaaaoek/s025_2013/01_tcp_ar/aaaaaoek_s025_t002.edf,18,
tusz,tusz_v2.0.6/edf/dev/aaaaaoek/s025_2013/01_tcp_ar/aaaaaoek_s025_t003.edf,18,
tusz,tusz_v2.0.6/edf/dev/aaaaaoek/s025_2013/01_tcp_ar/aaaaaoek_s025_t004.edf,18,
tusz,tusz_v2.0.6/edf/dev/aaaaaoek/s025_2013/01_tcp_ar/aaaaaoek_s025_t005.edf,18,
tusz,tusz_v2.0.6/edf/dev/aaaaaoek/s025_2013/01_tcp_ar/aaaaaoek_s025_t006.edf,18,
tusz,tusz_v2.0.6/edf/dev/aaaaaoek/s026_2013/01_tcp_ar/aaaaaoek_s026_t000.edf,18,
tusz,tusz_v2.0.6/edf/dev/aaaaaoek/s026_2013/01_tcp_ar/aaaaaoek_s026_t001.edf,18,
tusz,tusz_v2.0.6/edf/dev/aaaaaoek/s026_2013/01_tcp_ar/aaaaaoek_s026_t002.edf,18,
tusz,tusz_v2.0.6/edf/dev/aaaaaoek/s026_2013/01_tcp_ar/aaaaaoek_s026_t003.edf,18,
tusz,tusz_v2.0.6/edf/dev/aaaaaoek/s026_2013/01_tcp_ar/aaaaaoek_s026_t004.edf,18,
tusz,tusz_v2.0.6/edf/dev/aaaaaoek/s026_2013/01_tcp_ar/aaaaaoek_s026_t005.edf,18,
tusz,tusz_v2.0.6/edf/dev/aaaaaoek/s026_2013/01_tcp_ar/aaaaaoek_s026_t006.edf,18,
tusz,tusz_v2.0.6/edf/dev/aaaaaoek/s026_2013/01_tcp_ar/aaaaaoek_s026_t007.edf,18,
tusz,tusz_v2.0.6/edf/dev/aaaaaoek/s026_2013/01_tcp_ar/aaaaaoek_s026_t008.edf,18,
tusz,tusz_v2.0.6/edf/dev/aaaaaoek/s026_2013/01_tcp_ar/aaaaaoek_s026_t009.edf,18,
tusz,tusz_v2.0.6/edf/dev/aaaaaoek/s027_2013/01_tcp_ar/aaaaaoek_s027_t000.edf,18,
tusz,tusz_v2.0.6/edf/dev/aaaaaoek/s027_2013/01_tcp_ar/aaaaaoek_s027_t001.edf,18,
tusz,tusz_v2.0.6/edf/dev/aaaaaoek/s027_2013/01_tcp_ar/aaaaaoek_s027_t002.edf,18,
tusz,tusz_v2.0.6/edf/dev/aaaaaoek/s027_2013/01_tcp_ar/aaaaaoek_s027_t003.edf,18,
tusz,tusz_v2.0.6/edf/dev/aaaaaoek/s027_2013/01_tcp_ar/aaaaaoek_s027_t004.edf,18,
tusz,tusz_v2.0.6/edf/dev/aaaaaoek/s027_2013/01_tcp_ar/aaaaaoek_s027_t005.edf,18,
tusz,tusz_v2.0.6/edf/dev/aaaaaoek/s027_2013/01_tcp_ar/aaaaaoek_s027_t006.edf,18,
tusz,tusz_v2.0.6/edf/dev/aaaaaoek/s027_2013/01_tcp_ar/aaaaaoek_s027_t007.edf,18,
tusz,tusz_v2.0.6/edf/dev/aaaaaoek/s027_2013/01_tcp_ar/aaaaaoek_s027_t008.edf,18,
tusz,tusz_v2.0.6/edf/dev/aaaaaoek/s027_2013/01_tcp_ar/aaaaaoek_s027_t009.edf,18,
tusz,tusz_v2.0.6/edf/dev/aaaaaoek/s027_2013/01_tcp_ar/aaaaaoek_s027_t010.edf,18,
tusz,tusz_v2.0.6/edf/dev/aaaaaoek/s027_2013/01_tcp_ar/aaaaaoek_s027_t011.edf,18,
tusz,tusz_v2.0.6/edf/dev/aaaaaoek/s028_2013/01_tcp_ar/aaaaaoek_s028_t000.edf,18,
tusz,tusz_v2.0.6/edf/dev/aaaaaoek/s028_2013/01_tcp_ar/aaaaaoek_s028_t001.edf,18,
tusz,tusz_v2.0.6/edf/dev/aaaaaoek/s028_2013/01_tcp_ar/aaaaaoek_s028_t002.edf,18,
tusz,tusz_v2.0.6/edf/dev/aaaaaoek/s028_2013/01_tcp_ar/aaaaaoek_s028_t003.edf,18,
tusz,tusz_v2.0.6/edf/dev/aaaaaoek/s028_2013/01_tcp_ar/aaaaaoek_s028_t004.edf,18,
tusz,tusz_v2.0.6/edf/dev/aaaaaoek/s028_2013/01_tcp_ar/aaaaaoek_s028_t005.edf,18,
tusz,tusz_v2.0.6/edf/dev/aaaaaoek/s028_2013/01_tcp_ar/aaaaaoek_s028_t006.edf,18,
tusz,tusz_v2.0.6/edf/dev/aaaaaoek/s028_2013/01_tcp_ar/aaaaaoek_s028_t007.edf,18,
tusz,tusz_v2.0.6/edf/dev/aaaaaoek/s028_2013/01_tcp_ar/aaaaaoek_s028_t008.edf,18,
tusz,tusz_v2.0.6/edf/dev/aaaaaoek/s028_2013/01_tcp_ar/aaaaaoek_s028_t009.edf,18,
tusz,tusz_v2.0.6/edf/dev/aaaaaoek/s029_2013/01_tcp_ar/aaaaaoek_s029_t000.edf,18,
tusz,tusz_v2.0.6/edf/dev/aaaaaoek/s029_2013/01_tcp_ar/aaaaaoek_s029_t001.edf,18,
tusz,tusz_v2.0.6/edf/dev/aaaaaoek/s029_2013/01_tcp_ar/aaaaaoek_s029_t002.edf,18,
tusz,tusz_v2.0.6/edf/dev/aaaaaoek/s029_2013/01_tcp_ar/aaaaaoek_s029_t003.edf,18,
tusz,tusz_v2.0.6/edf/dev/aaaaaoek/s029_2013/01_tcp_ar/aaaaaoek_s029_t004.edf,18,
tusz,tusz_v2.0.6/edf/dev/aaaaaoek/s029_2013/01_tcp_ar/aaaaaoek_s029_t005.edf,18,
tusz,tusz_v2.0.6/edf/dev/aaaaaoek/s029_2013/01_tcp_ar/aaaaaoek_s029_t006.edf,18,
tusz,tusz_v2.0.6/edf/dev/aaaaaoek/s029_2013/01_tcp_ar/aaaaaoek_s029_t007.edf,18,
tusz,tusz_v2.0.6/edf/dev/aaaaaoek/s029_2013/01_tcp_ar/aaaaaoek_s029_t008.edf,18,
tusz,tusz_v2.0.6/edf/dev/aaaaaoek/s030_2013/01_tcp_ar/aaaaaoek_s030_t000.edf,18,
tusz,tusz_v2.0.6/edf/dev/aaaaaoek/s030_2013/01_tcp_ar/aaaaaoek_s030_t001.edf,18,
tusz,tusz_v2.0.6/edf/dev/aaaaaoek/s030_2013/01_tcp_ar/aaaaaoek_s030_t002.edf,18,
tusz,tusz_v2.0.6/edf/dev/aaaaaoek/s030_2013/01_tcp_ar/aaaaaoek_s030_t003.edf,18,
tusz,tusz_v2.0.6/edf/dev/aaaaaoek/s030_2013/01_tcp_ar/aaaaaoek_s030_t004.edf,18,
tusz,tusz_v2.0.6/edf/dev/aaaaaoek/s030_2013/01_tcp_ar/aaaaaoek_s030_t005.edf,18,
tusz,tusz_v2.0.6/edf/dev/aaaaaoek/s031_2013/01_tcp_ar/aaaaaoek_s031_t000.edf,18,
tusz,tusz_v2.0.6/edf/dev/aaaaaoek/s031_2013/01_tcp_ar/aaaaaoek_s031_t001.edf,18,
tusz,tusz_v2.0.6/edf/dev/aaaaaoek/s031_2013/01_tcp_ar/aaaaaoek_s031_t002.edf,18,
tusz,tusz_v2.0.6/edf/dev/aaaaaoek/s031_2013/01_tcp_ar/aaaaaoek_s031_t003.edf,18,
tusz,tusz_v2.0.6/edf/dev/aaaaaoek/s031_2013/01_tcp_ar/aaaaaoek_s031_t004.edf,18,
tusz,tusz_v2.0.6/edf/dev/aaaaaoek/s031_2013/01_tcp_ar/aaaaaoek_s031_t005.edf,18,
tusz,tusz_v2.0.6/edf/dev/aaaaaoek/s031_2013/01_tcp_ar/aaaaaoek_s031_t006.edf,18,
tusz,tusz_v2.0.6/edf/dev/aaaaaoek/s031_2013/01_tcp_ar/aaaaaoek_s031_t007.edf,18,
tusz,tusz_v2.0.6/edf/dev/aaaaaoek/s031_2013/01_tcp_ar/aaaaaoek_s031_t008.edf,18,
tusz,tusz_v2.0.6/edf/dev/aaaaaoek/s031_2013/01_tcp_ar/aaaaaoek_s031_t009.edf,18,
tusz,tusz_v2.0.6/edf/dev/aaaaaoek/s031_2013/01_tcp_ar/aaaaaoek_s031_t010.edf,18,
tusz,tusz_v2.0.6/edf/dev/aaaaaoek/s031_2013/01_tcp_ar/aaaaaoek_s031_t011.edf,18,
tusz,tusz_v2.0.6/edf/dev/aaaaaoek/s031_2013/01_tcp_ar/aaaaaoek_s031_t012.edf,18,
tusz,tusz_v2.0.6/edf/dev/aaaaaoek/s031_2013/01_tcp_ar/aaaaaoek_s031_t013.edf,18,
tusz,tusz_v2.0.6/edf/dev/aaaaaoek/s031_2013/01_tcp_ar/aaaaaoek_s031_t014.edf,18,
tusz,tusz_v2.0.6/edf/dev/aaaaaoek/s031_2013/01_tcp_ar/aaaaaoek_s031_t015.edf,18,
tusz,tusz_v2.0.6/edf/dev/aaaaaoek/s032_2013/01_tcp_ar/aaaaaoek_s032_t000.edf,18,
tusz,tusz_v2.0.6/edf/dev/aaaaaoek/s032_2013/01_tcp_ar/aaaaaoek_s032_t001.edf,18,
tusz,tusz_v2.0.6/edf/dev/aaaaaoek/s032_2013/01_tcp_ar/aaaaaoek_s032_t002.edf,18,
tusz,tusz_v2.0.6/edf/dev/aaaaaoek/s032_2013/01_tcp_ar/aaaaaoek_s032_t003.edf,18,
tusz,tusz_v2.0.6/edf/dev/aaaaaoek/s032_2013/01_tcp_ar/aaaaaoek_s032_t004.edf,18,
tusz,tusz_v2.0.6/edf/dev/aaaaaoek/s032_2013/01_tcp_ar/aaaaaoek_s032_t005.edf,18,
tusz,tusz_v2.0.6/edf/dev/aaaaaoek/s032_2013/01_tcp_ar/aaaaaoek_s032_t006.edf,18,
tusz,tusz_v2.0.6/edf/dev/aaaaaoek/s032_2013/01_tcp_ar/aaaaaoek_s032_t007.edf,18,
tusz,tusz_v2.0.6/edf/dev/aaaaaoek/s032_2013/01_tcp_ar/aaaaaoek_s032_t008.edf,18,
tusz,tusz_v2.0.6/edf/dev/aaaaaoek/s032_2013/01_tcp_ar/aaaaaoek_s032_t009.edf,18,
tusz,tusz_v2.0.6/edf/dev/aaaaaoek/s032_2013/01_tcp_ar/aaaaaoek_s032_t010.edf,18,
tusz,tusz_v2.0.6/edf/dev/aaaaaoek/s033_2013/01_tcp_ar/aaaaaoek_s033_t000.edf,18,
tusz,tusz_v2.0.6/edf/dev/aaaaaoek/s033_2013/01_tcp_ar/aaaaaoek_s033_t001.edf,18,
tusz,tusz_v2.0.6/edf/dev/aaaaaoek/s033_2013/01_tcp_ar/aaaaaoek_s033_t002.edf,18,
tusz,tusz_v2.0.6/edf/dev/aaaaaoek/s033_2013/01_tcp_ar/aaaaaoek_s033_t003.edf,18,
tusz,tusz_v2.0.6/edf/dev/aaaaaoek/s033_2013/01_tcp_ar/aaaaaoek_s033_t004.edf,18,
tusz,tusz_v2.0.6/edf/dev/aaaaaoek/s033_2013/01_tcp_ar/aaaaaoek_s033_t005.edf,18,
tusz,tusz_v2.0.6/edf/dev/aaaaaoek/s033_2013/01_tcp_ar/aaaaaoek_s033_t006.edf,18,
tusz,tusz_v2.0.6/edf/dev/aaaaaoek/s033_2013/01_tcp_ar/aaaaaoek_s033_t007.edf,18,
tusz,tusz_v2.0.6/edf/dev/aaaaaoek/s033_2013/01_tcp_ar/aaaaaoek_s033_t008.edf,18,
tusz,tusz_v2.0.6/edf/dev/aaaaaoek/s033_2013/01_tcp_ar/aaaaaoek_s033_t009.edf,18,
tusz,tusz_v2.0.6/edf/dev/aaaaaoek/s033_2013/01_tcp_ar/aaaaaoek_s033_t010.edf,18,
tusz,tusz_v2.0.6/edf/dev/aaaaaoek/s033_2013/01_tcp_ar/aaaaaoek_s033_t011.edf,18,
tusz,tusz_v2.0.6/edf/dev/aaaaaoek/s033_2013/01_tcp_ar/aaaaaoek_s033_t012.edf,18,
tusz,tusz_v2.0.6/edf/dev/aaaaaoek/s034_2013/01_tcp_ar/aaaaaoek_s034_t000.edf,18,
tusz,tusz_v2.0.6/edf/dev/aaaaaoek/s034_2013/01_tcp_ar/aaaaaoek_s034_t001.edf,18,
tusz,tusz_v2.0.6/edf/dev/aaaaaoek/s034_2013/01_tcp_ar/aaaaaoek_s034_t002.edf,18,
tusz,tusz_v2.0.6/edf/dev/aaaaaoek/s034_2013/01_tcp_ar/aaaaaoek_s034_t003.edf,18,
tusz,tusz_v2.0.6/edf/dev/aaaaaoek/s034_2013/01_tcp_ar/aaaaaoek_s034_t004.edf,18,
tusz,tusz_v2.0.6/edf/dev/aaaaaoek/s034_2013/01_tcp_ar/aaaaaoek_s034_t005.edf,18,
tusz,tusz_v2.0.6/edf/dev/aaaaaoek/s034_2013/01_tcp_ar/aaaaaoek_s034_t006.edf,18,
tusz,tusz_v2.0.6/edf/dev/aaaaaoek/s034_2013/01_tcp_ar/aaaaaoek_s034_t007.edf,18,
tusz,tusz_v2.0.6/edf/dev/aaaaaoek/s034_2013/01_tcp_ar/aaaaaoek_s034_t008.edf,18,
tusz,tusz_v2.0.6/edf/dev/aaaaaoek/s034_2013/01_tcp_ar/aaaaaoek_s034_t009.edf,18,
tusz,tusz_v2.0.6/edf/dev/aaaaaoek/s034_2013/01_tcp_ar/aaaaaoek_s034_t010.edf,18,
tusz,tusz_v2.0.6/edf/dev/aaaaaoek/s035_2013/01_tcp_ar/aaaaaoek_s035_t000.edf,18,
tusz,tusz_v2.0.6/edf/dev/aaaaaoek/s035_2013/01_tcp_ar/aaaaaoek_s035_t001.edf,18,
tusz,tusz_v2.0.6/edf/dev/aaaaaoek/s035_2013/01_tcp_ar/aaaaaoek_s035_t002.edf,18,
tusz,tusz_v2.0.6/edf/dev/aaaaaoek/s035_2013/01_tcp_ar/aaaaaoek_s035_t003.edf,18,
tusz,tusz_v2.0.6/edf/dev/aaaaaoek/s035_2013/01_tcp_ar/aaaaaoek_s035_t004.edf,18,
tusz,tusz_v2.0.6/edf/dev/aaaaaoek/s035_2013/01_tcp_ar/aaaaaoek_s035_t005.edf,18,
tusz,tusz_v2.0.6/edf/dev/aaaaaoek/s035_2013/01_tcp_ar/aaaaaoek_s035_t006.edf,18,
tusz,tusz_v2.0.6/edf/dev/aaaaaoek/s035_2013/01_tcp_ar/aaaaaoek_s035_t007.edf,18,
tusz,tusz_v2.0.6/edf/dev/aaaaaoek/s035_2013/01_tcp_ar/aaaaaoek_s035_t008.edf,18,
tusz,tusz_v2.0.6/edf/dev/aaaaaoek/s035_2013/01_tcp_ar/aaaaaoek_s035_t009.edf,18,
tusz,tusz_v2.0.6/edf/dev/aaaaaoek/s036_2013/01_tcp_ar/aaaaaoek_s036_t000.edf,18,
tusz,tusz_v2.0.6/edf/dev/aaaaaoek/s036_2013/01_tcp_ar/aaaaaoek_s036_t001.edf,18,
tusz,tusz_v2.0.6/edf/dev/aaaaaoek/s036_2013/01_tcp_ar/aaaaaoek_s036_t002.edf,18,
tusz,tusz_v2.0.6/edf/dev/aaaaaoek/s036_2013/01_tcp_ar/aaaaaoek_s036_t003.edf,18,
tusz,tusz_v2.0.6/edf/dev/aaaaaoek/s036_2013/01_tcp_ar/aaaaaoek_s036_t004.edf,18,
tusz,tusz_v2.0.6/edf/dev/aaaaaoek/s037_2013/01_tcp_ar/aaaaaoek_s037_t000.edf,18,
tusz,tusz_v2.0.6/edf/dev/aaaaaoek/s037_2013/01_tcp_ar/aaaaaoek_s037_t001.edf,18,
tusz,tusz_v2.0.6/edf/dev/aaaaaoek/s037_2013/01_tcp_ar/aaaaaoek_s037_t002.edf,18,
tusz,tusz_v2.0.6/edf/dev/aaaaaoek/s037_2013/01_tcp_ar/aaaaaoek_s037_t003.edf,18,
tusz,tusz_v2.0.6/edf/dev/aaaaaoek/s037_2013/01_tcp_ar/aaaaaoek_s037_t004.edf,18,
tusz,tusz_v2.0.6/edf/dev/aaaaaoek/s037_2013/01_tcp_ar/aaaaaoek_s037_t005.edf,18,
tusz,tusz_v2.0.6/edf/dev/aaaaaoek/s037_2013/01_tcp_ar/aaaaaoek_s037_t006.edf,18,
tusz,tusz_v2.0.6/edf/dev/aaaaaoek/s038_2014/01_tcp_ar/aaaaaoek_s038_t000.edf,18,
tusz,tusz_v2.0.6/edf/dev/aaaaaoek/s038_2014/01_tcp_ar/aaaaaoek_s038_t001.edf,18,
tusz,tusz_v2.0.6/edf/dev/aaaaaoek/s038_2014/01_tcp_ar/aaaaaoek_s038_t002.edf,18,
tusz,tusz_v2.0.6/edf/dev/aaaaaoek/s039_2016/01_tcp_ar/aaaaaoek_s039_t000.edf,18,
tusz,tusz_v2.0.6/edf/dev/aaaaaoiz/s001_2012/01_tcp_ar/aaaaaoiz_s001_t000.edf,18,
tusz,tusz_v2.0.6/edf/dev/aaaaaoiz/s002_2013/01_tcp_ar/aaaaaoiz_s002_t000.edf,18,
tusz,tusz_v2.0.6/edf/dev/aaaaaoiz/s002_2013/01_tcp_ar/aaaaaoiz_s002_t001.edf,18,
tusz,tusz_v2.0.6/edf/dev/aaaaaoiz/s003_2013/01_tcp_ar/aaaaaoiz_s003_t000.edf,18,
tusz,tusz_v2.0.6/edf/dev/aaaaaoiz/s003_2013/01_tcp_ar/aaaaaoiz_s003_t001.edf,18,
tusz,tusz_v2.0.6/edf/dev/aaaaaoiz/s003_2013/01_tcp_ar/aaaaaoiz_s003_t002.edf,18,
tusz,tusz_v2.0.6/edf/dev/aaaaaoiz/s003_2013/01_tcp_ar/aaaaaoiz_s003_t003.edf,18,
tusz,tusz_v2.0.6/edf/dev/aaaaaoiz/s003_2013/01_tcp_ar/aaaaaoiz_s003_t004.edf,18,
tusz,tusz_v2.0.6/edf/dev/aaaaaoiz/s003_2013/01_tcp_ar/aaaaaoiz_s003_t005.edf,18,
tusz,tusz_v2.0.6/edf/dev/aaaaaoiz/s003_2013/01_tcp_ar/aaaaaoiz_s003_t006.edf,18,
tusz,tusz_v2.0.6/edf/dev/aaaaaoiz/s003_2013/01_tcp_ar/aaaaaoiz_s003_t007.edf,18,
tusz,tusz_v2.0.6/edf/dev/aaaaaoiz/s003_2013/01_tcp_ar/aaaaaoiz_s003_t008.edf,18,
tusz,tusz_v2.0.6/edf/dev/aaaaaoiz/s003_2013/01_tcp_ar/aaaaaoiz_s003_t009.edf,18,
tusz,tusz_v2.0.6/edf/dev/aaaaaoiz/s004_2013/01_tcp_ar/aaaaaoiz_s004_t000.edf,18,
tusz,tusz_v2.0.6/edf/dev/aaaaaoiz/s005_2013/01_tcp_ar/aaaaaoiz_s005_t000.edf,18,
tusz,tusz_v2.0.6/edf/dev/aaaaaoiz/s005_2013/01_tcp_ar/aaaaaoiz_s005_t001.edf,18,
tusz,tusz_v2.0.6/edf/dev/aaaaaoiz/s005_2013/01_tcp_ar/aaaaaoiz_s005_t002.edf,18,
tusz,tusz_v2.0.6/edf/dev/aaaaaoiz/s005_2013/01_tcp_ar/aaaaaoiz_s005_t003.edf,18,
tusz,tusz_v2.0.6/edf/dev/aaaaaoiz/s005_2013/01_tcp_ar/aaaaaoiz_s005_t004.edf,18,
tusz,tusz_v2.0.6/edf/dev/aaaaaoiz/s005_2013/01_tcp_ar/aaaaaoiz_s005_t005.edf,18,
tusz,tusz_v2.0.6/edf/dev/aaaaaoiz/s005_2013/01_tcp_ar/aaaaaoiz_s005_t006.edf,18,
tusz,tusz_v2.0.6/edf/dev/aaaaaoiz/s005_2013/01_tcp_ar/aaaaaoiz_s005_t007.edf,18,
tusz,tusz_v2.0.6/edf/dev/aaaaaoiz/s005_2013/01_tcp_ar/aaaaaoiz_s005_t008.edf,18,
tusz,tusz_v2.0.6/edf/dev/aaaaaoiz/s005_2013/01_tcp_ar/aaaaaoiz_s005_t009.edf,18,
tusz,tusz_v2.0.6/edf/dev/aaaaaoiz/s005_2013/01_tcp_ar/aaaaaoiz_s005_t010.edf,18,
tusz,tusz_v2.0.6/edf/dev/aaaaaoiz/s005_2013/01_tcp_ar/aaaaaoiz_s005_t011.edf,18,
tusz,tusz_v2.0.6/edf/dev/aaaaaoiz/s006_2013/01_tcp_ar/aaaaaoiz_s006_t000.edf,18,
tusz,tusz_v2.0.6/edf/dev/aaaaaoiz/s006_2013/01_tcp_ar/aaaaaoiz_s006_t001.edf,18,
tusz,tusz_v2.0.6/edf/dev/aaaaaoiz/s006_2013/01_tcp_ar/aaaaaoiz_s006_t002.edf,18,
tusz,tusz_v2.0.6/edf/dev/aaaaaoiz/s006_2013/01_tcp_ar/aaaaaoiz_s006_t003.edf,18,
tusz,tusz_v2.0.6/edf/dev/aaaaaoiz/s006_2013/01_tcp_ar/aaaaaoiz_s006_t004.edf,18,
tusz,tusz_v2.0.6/edf/dev/aaaaaoiz/s006_2013/01_tcp_ar/aaaaaoiz_s006_t005.edf,18,
tusz,tusz_v2.0.6/edf/dev/aaaaaoiz/s006_2013/01_tcp_ar/aaaaaoiz_s006_t006.edf,18,
tusz,tusz_v2.0.6/edf/dev/aaaaaoiz/s006_2013/01_tcp_ar/aaaaaoiz_s006_t007.edf,18,
tusz,tusz_v2.0.6/edf/dev/aaaaaoiz/s006_2013/01_tcp_ar/aaaaaoiz_s006_t008.edf,18,
tusz,tusz_v2.0.6/edf/dev/aaaaaoiz/s006_2013/01_tcp_ar/aaaaaoiz_s006_t009.edf,18,
tusz,tusz_v2.0.6/edf/dev/aaaaaoiz/s006_2013/01_tcp_ar/aaaaaoiz_s006_t010.edf,18,
tusz,tusz_v2.0.6/edf/dev/aaaaaoiz/s007_2016/01_tcp_ar/aaaaaoiz_s007_t000.edf,18,
tusz,tusz_v2.0.6/edf/dev/aaaaaoiz/s007_2016/01_tcp_ar/aaaaaoiz_s007_t001.edf,18,
tusz,tusz_v2.0.6/edf/dev/aaaaaoiz/s008_2016/01_tcp_ar/aaaaaoiz_s008_t000.edf,16,Fz-Cz;Cz-Pz
tusz,tusz_v2.0.6/edf/dev/aaaaaoiz/s008_2016/01_tcp_ar/aaaaaoiz_s008_t001.edf,16,Fz-Cz;Cz-Pz
tusz,tusz_v2.0.6/edf/dev/aaaaaoiz/s008_2016/01_tcp_ar/aaaaaoiz_s008_t002.edf,16,Fz-Cz;Cz-Pz
tusz,tusz_v2.0.6/edf/dev/aaaaaoiz/s008_2016/01_tcp_ar/aaaaaoiz_s008_t003.edf,16,Fz-Cz;Cz-Pz
tusz,tusz_v2.0.6/edf/dev/aaaaaoiz/s008_2016/01_tcp_ar/aaaaaoiz_s008_t004.edf,16,Fz-Cz;Cz-Pz
tusz,tusz_v2.0.6/edf/dev/aaaaaoiz/s008_2016/01_tcp_ar/aaaaaoiz_s008_t005.edf,16,Fz-Cz;Cz-Pz
tusz,tusz_v2.0.6/edf/dev/aaaaaoiz/s008_2016/01_tcp_ar/aaaaaoiz_s008_t006.edf,16,Fz-Cz;Cz-Pz
tusz,tusz_v2.0.6/edf/dev/aaaaaool/s001_2013/01_tcp_ar/aaaaaool_s001_t000.edf,18,
tusz,tusz_v2.0.6/edf/dev/aaaaaool/s001_2013/01_tcp_ar/aaaaaool_s001_t001.edf,18,
tusz,tusz_v2.0.6/edf/dev/aaaaaool/s002_2013/01_tcp_ar/aaaaaool_s002_t000.edf,18,
tusz,tusz_v2.0.6/edf/dev/aaaaaool/s003_2013/01_tcp_ar/aaaaaool_s003_t000.edf,18,
tusz,tusz_v2.0.6/edf/dev/aaaaaool/s004_2013/01_tcp_ar/aaaaaool_s004_t000.edf,18,
tusz,tusz_v2.0.6/edf/dev/aaaaaool/s004_2013/01_tcp_ar/aaaaaool_s004_t001.edf,18,
tusz,tusz_v2.0.6/edf/dev/aaaaaool/s004_2013/01_tcp_ar/aaaaaool_s004_t002.edf,18,
tusz,tusz_v2.0.6/edf/dev/aaaaaool/s005_2013/01_tcp_ar/aaaaaool_s005_t000.edf,18,
tusz,tusz_v2.0.6/edf/dev/aaaaaool/s005_2013/01_tcp_ar/aaaaaool_s005_t001.edf,18,
tusz,tusz_v2.0.6/edf/dev/aaaaaool/s005_2013/01_tcp_ar/aaaaaool_s005_t002.edf,18,
tusz,tusz_v2.0.6/edf/dev/aaaaaool/s005_2013/01_tcp_ar/aaaaaool_s005_t003.edf,18,
tusz,tusz_v2.0.6/edf/dev/aaaaaool/s005_2013/01_tcp_ar/aaaaaool_s005_t004.edf,18,
tusz,tusz_v2.0.6/edf/dev/aaaaaool/s005_2013/01_tcp_ar/aaaaaool_s005_t005.edf,18,
tusz,tusz_v2.0.6/edf/dev/aaaaaool/s005_2013/01_tcp_ar/aaaaaool_s005_t006.edf,18,
tusz,tusz_v2.0.6/edf/dev/aaaaaool/s005_2013/01_tcp_ar/aaaaaool_s005_t007.edf,18,
tusz,tusz_v2.0.6/edf/dev/aaaaaool/s005_2013/01_tcp_ar/aaaaaool_s005_t008.edf,18,
tusz,tusz_v2.0.6/edf/dev/aaaaaool/s005_2013/01_tcp_ar/aaaaaool_s005_t009.edf,18,
tusz,tusz_v2.0.6/edf/dev/aaaaaool/s005_2013/01_tcp_ar/aaaaaool_s005_t010.edf,18,
tusz,tusz_v2.0.6/edf/dev/aaaaaool/s005_2013/01_tcp_ar/aaaaaool_s005_t011.edf,18,
tusz,tusz_v2.0.6/edf/dev/aaaaaool/s005_2013/01_tcp_ar/aaaaaool_s005_t012.edf,18,
tusz,tusz_v2.0.6/edf/dev/aaaaaool/s005_2013/01_tcp_ar/aaaaaool_s005_t013.edf,18,
tusz,tusz_v2.0.6/edf/dev/aaaaaool/s005_2013/01_tcp_ar/aaaaaool_s005_t014.edf,18,
tusz,tusz_v2.0.6/edf/dev/aaaaaool/s005_2013/01_tcp_ar/aaaaaool_s005_t015.edf,18,
tusz,tusz_v2.0.6/edf/dev/aaaaaool/s005_2013/01_tcp_ar/aaaaaool_s005_t016.edf,18,
tusz,tusz_v2.0.6/edf/dev/aaaaaool/s005_2013/01_tcp_ar/aaaaaool_s005_t017.edf,18,
tusz,tusz_v2.0.6/edf/dev/aaaaaool/s005_2013/01_tcp_ar/aaaaaool_s005_t018.edf,18,
tusz,tusz_v2.0.6/edf/dev/aaaaaool/s005_2013/01_tcp_ar/aaaaaool_s005_t019.edf,18,
tusz,tusz_v2.0.6/edf/dev/aaaaaool/s005_2013/01_tcp_ar/aaaaaool_s005_t020.edf,18,
tusz,tusz_v2.0.6/edf/dev/aaaaaool/s005_2013/01_tcp_ar/aaaaaool_s005_t021.edf,18,
tusz,tusz_v2.0.6/edf/dev/aaaaaool/s005_2013/01_tcp_ar/aaaaaool_s005_t022.edf,18,
tusz,tusz_v2.0.6/edf/dev/aaaaaool/s005_2013/01_tcp_ar/aaaaaool_s005_t023.edf,18,
tusz,tusz_v2.0.6/edf/dev/aaaaaool/s005_2013/01_tcp_ar/aaaaaool_s005_t024.edf,18,
tusz,tusz_v2.0.6/edf/dev/aaaaaool/s005_2013/01_tcp_ar/aaaaaool_s005_t025.edf,18,
tusz,tusz_v2.0.6/edf/dev/aaaaaool/s005_2013/01_tcp_ar/aaaaaool_s005_t026.edf,18,
tusz,tusz_v2.0.6/edf/dev/aaaaaool/s005_2013/01_tcp_ar/aaaaaool_s005_t027.edf,18,
tusz,tusz_v2.0.6/edf/dev/aaaaaool/s007_2013/01_tcp_ar/aaaaaool_s007_t000.edf,18,
tusz,tusz_v2.0.6/edf/dev/aaaaaool/s007_2013/01_tcp_ar/aaaaaool_s007_t001.edf,18,
tusz,tusz_v2.0.6/edf/dev/aaaaaool/s007_2013/01_tcp_ar/aaaaaool_s007_t002.edf,18,
tusz,tusz_v2.0.6/edf/dev/aaaaaool/s007_2013/01_tcp_ar/aaaaaool_s007_t003.edf,18,
tusz,tusz_v2.0.6/edf/dev/aaaaaool/s007_2013/01_tcp_ar/aaaaaool_s007_t004.edf,18,
tusz,tusz_v2.0.6/edf/dev/aaaaaool/s007_2013/01_tcp_ar/aaaaaool_s007_t005.edf,18,
tusz,tusz_v2.0.6/edf/dev/aaaaaool/s007_2013/01_tcp_ar/aaaaaool_s007_t006.edf,18,
tusz,tusz_v2.0.6/edf/dev/aaaaaool/s007_2013/01_tcp_ar/aaaaaool_s007_t007.edf,18,
tusz,tusz_v2.0.6/edf/dev/aaaaaool/s007_2013/01_tcp_ar/aaaaaool_s007_t008.edf,18,
tusz,tusz_v2.0.6/edf/dev/aaaaaool/s007_2013/01_tcp_ar/aaaaaool_s007_t009.edf,18,
tusz,tusz_v2.0.6/edf/dev/aaaaaool/s007_2013/01_tcp_ar/aaaaaool_s007_t010.edf,18,
tusz,tusz_v2.0.6/edf/dev/aaaaaool/s007_2013/01_tcp_ar/aaaaaool_s007_t011.edf,18,
tusz,tusz_v2.0.6/edf/dev/aaaaaool/s007_2013/01_tcp_ar/aaaaaool_s007_t012.edf,18,
tusz,tusz_v2.0.6/edf/dev/aaaaaool/s007_2013/01_tcp_ar/aaaaaool_s007_t013.edf,18,
tusz,tusz_v2.0.6/edf/dev/aaaaaool/s007_2013/01_tcp_ar/aaaaaool_s007_t014.edf,18,
tusz,tusz_v2.0.6/edf/dev/aaaaaool/s008_2013/01_tcp_ar/aaaaaool_s008_t000.edf,18,
tusz,tusz_v2.0.6/edf/dev/aaaaaool/s008_2013/01_tcp_ar/aaaaaool_s008_t001.edf,18,
tusz,tusz_v2.0.6/edf/dev/aaaaaool/s008_2013/01_tcp_ar/aaaaaool_s008_t002.edf,18,
tusz,tusz_v2.0.6/edf/dev/aaaaaool/s008_2013/01_tcp_ar/aaaaaool_s008_t003.edf,18,
tusz,tusz_v2.0.6/edf/dev/aaaaaool/s008_2013/01_tcp_ar/aaaaaool_s008_t004.edf,18,
tusz,tusz_v2.0.6/edf/dev/aaaaaool/s008_2013/01_tcp_ar/aaaaaool_s008_t005.edf,18,
tusz,tusz_v2.0.6/edf/dev/aaaaaool/s008_2013/01_tcp_ar/aaaaaool_s008_t006.edf,18,
tusz,tusz_v2.0.6/edf/dev/aaaaaool/s008_2013/01_tcp_ar/aaaaaool_s008_t007.edf,18,
tusz,tusz_v2.0.6/edf/dev/aaaaaool/s008_2013/01_tcp_ar/aaaaaool_s008_t008.edf,18,
tusz,tusz_v2.0.6/edf/dev/aaaaaool/s009_2013/01_tcp_ar/aaaaaool_s009_t000.edf,18,
tusz,tusz_v2.0.6/edf/dev/aaaaaool/s010_2013/01_tcp_ar/aaaaaool_s010_t000.edf,18,
tusz,tusz_v2.0.6/edf/dev/aaaaaool/s011_2013/01_tcp_ar/aaaaaool_s011_t000.edf,18,
tusz,tusz_v2.0.6/edf/dev/aaaaaool/s011_2013/01_tcp_ar/aaaaaool_s011_t001.edf,18,
tusz,tusz_v2.0.6/edf/dev/aaaaaool/s011_2013/01_tcp_ar/aaaaaool_s011_t002.edf,18,
tusz,tusz_v2.0.6/edf/dev/aaaaaool/s011_2013/01_tcp_ar/aaaaaool_s011_t003.edf,18,
tusz,tusz_v2.0.6/edf/dev/aaaaaool/s011_2013/01_tcp_ar/aaaaaool_s011_t004.edf,18,
tusz,tusz_v2.0.6/edf/dev/aaaaaool/s011_2013/01_tcp_ar/aaaaaool_s011_t005.edf,18,
tusz,tusz_v2.0.6/edf/dev/aaaaaool/s011_2013/01_tcp_ar/aaaaaool_s011_t006.edf,18,
tusz,tusz_v2.0.6/edf/dev/aaaaaool/s011_2013/01_tcp_ar/aaaaaool_s011_t007.edf,18,
tusz,tusz_v2.0.6/edf/dev/aaaaaool/s011_2013/01_tcp_ar/aaaaaool_s011_t008.edf,18,
tusz,tusz_v2.0.6/edf/dev/aaaaaool/s011_2013/01_tcp_ar/aaaaaool_s011_t009.edf,18,
tusz,tusz_v2.0.6/edf/dev/aaaaaopm/s001_2013/01_tcp_ar/aaaaaopm_s001_t000.edf,18,
tusz,tusz_v2.0.6/edf/dev/aaaaaopm/s002_2013/01_tcp_ar/aaaaaopm_s002_t000.edf,18,
tusz,tusz_v2.0.6/edf/dev/aaaaaopm/s002_2013/01_tcp_ar/aaaaaopm_s002_t001.edf,18,
tusz,tusz_v2.0.6/edf/dev/aaaaaopm/s002_2013/01_tcp_ar/aaaaaopm_s002_t002.edf,18,
tusz,tusz_v2.0.6/edf/dev/aaaaaopm/s003_2013/01_tcp_ar/aaaaaopm_s003_t000.edf,18,
tusz,tusz_v2.0.6/edf/dev/aaaaaopm/s003_2013/01_tcp_ar/aaaaaopm_s003_t001.edf,18,
tusz,tusz_v2.0.6/edf/dev/aaaaaopm/s003_2013/01_tcp_ar/aaaaaopm_s003_t002.edf,18,
tusz,tusz_v2.0.6/edf/dev/aaaaaopm/s003_2013/01_tcp_ar/aaaaaopm_s003_t003.edf,18,
tusz,tusz_v2.0.6/edf/dev/aaaaaopm/s003_2013/01_tcp_ar/aaaaaopm_s003_t004.edf,18,
tusz,tusz_v2.0.6/edf/dev/aaaaaopm/s003_2013/01_tcp_ar/aaaaaopm_s003_t005.edf,18,
tusz,tusz_v2.0.6/edf/dev/aaaaaopm/s003_2013/01_tcp_ar/aaaaaopm_s003_t006.edf,18,
tusz,tusz_v2.0.6/edf/dev/aaaaaopm/s003_2013/01_tcp_ar/aaaaaopm_s003_t007.edf,18,
tusz,tusz_v2.0.6/edf/dev/aaaaaopm/s003_2013/01_tcp_ar/aaaaaopm_s003_t008.edf,18,
tusz,tusz_v2.0.6/edf/dev/aaaaaopm/s003_2013/01_tcp_ar/aaaaaopm_s003_t009.edf,18,
tusz,tusz_v2.0.6/edf/dev/aaaaaopm/s003_2013/01_tcp_ar/aaaaaopm_s003_t010.edf,18,
tusz,tusz_v2.0.6/edf/dev/aaaaaopm/s004_2013/01_tcp_ar/aaaaaopm_s004_t000.edf,18,
tusz,tusz_v2.0.6/edf/dev/aaaaaopm/s004_2013/01_tcp_ar/aaaaaopm_s004_t001.edf,18,
tusz,tusz_v2.0.6/edf/dev/aaaaaopm/s004_2013/01_tcp_ar/aaaaaopm_s004_t002.edf,18,
tusz,tusz_v2.0.6/edf/dev/aaaaaopm/s004_2013/01_tcp_ar/aaaaaopm_s004_t003.edf,18,
tusz,tusz_v2.0.6/edf/dev/aaaaaopm/s004_2013/01_tcp_ar/aaaaaopm_s004_t004.edf,18,
tusz,tusz_v2.0.6/edf/dev/aaaaaopm/s004_2013/01_tcp_ar/aaaaaopm_s004_t005.edf,18,
tusz,tusz_v2.0.6/edf/dev/aaaaaopm/s004_2013/01_tcp_ar/aaaaaopm_s004_t006.edf,18,
tusz,tusz_v2.0.6/edf/dev/aaaaaopm/s004_2013/01_tcp_ar/aaaaaopm_s004_t007.edf,18,
tusz,tusz_v2.0.6/edf/dev/aaaaaopm/s004_2013/01_tcp_ar/aaaaaopm_s004_t008.edf,18,
tusz,tusz_v2.0.6/edf/dev/aaaaaopm/s004_2013/01_tcp_ar/aaaaaopm_s004_t009.edf,18,
tusz,tusz_v2.0.6/edf/dev/aaaaaopm/s004_2013/01_tcp_ar/aaaaaopm_s004_t010.edf,18,
tusz,tusz_v2.0.6/edf/dev/aaaaaopm/s005_2013/01_tcp_ar/aaaaaopm_s005_t001.edf,18,
tusz,tusz_v2.0.6/edf/dev/aaaaaopm/s006_2013/01_tcp_ar/aaaaaopm_s006_t001.edf,18,
tusz,tusz_v2.0.6/edf/dev/aaaaaopm/s008_2014/01_tcp_ar/aaaaaopm_s008_t001.edf,18,
tusz,tusz_v2.0.6/edf/dev/aaaaaopm/s008_2014/01_tcp_ar/aaaaaopm_s008_t002.edf,18,
tusz,tusz_v2.0.6/edf/dev/aaaaaopm/s008_2014/01_tcp_ar/aaaaaopm_s008_t003.edf,18,
tusz,tusz_v2.0.6/edf/dev/aaaaaopm/s008_2014/01_tcp_ar/aaaaaopm_s008_t004.edf,18,
tusz,tusz_v2.0.6/edf/dev/aaaaaopm/s008_2014/01_tcp_ar/aaaaaopm_s008_t005.edf,18,
tusz,tusz_v2.0.6/edf/dev/aaaaaopm/s008_2014/01_tcp_ar/aaaaaopm_s008_t006.edf,18,
tusz,tusz_v2.0.6/edf/dev/aaaaaopm/s008_2014/01_tcp_ar/aaaaaopm_s008_t007.edf,18,
tusz,tusz_v2.0.6/edf/dev/aaaaaopm/s008_2014/01_tcp_ar/aaaaaopm_s008_t008.edf,18,
tusz,tusz_v2.0.6/edf/dev/aaaaaopm/s009_2014/01_tcp_ar/aaaaaopm_s009_t000.edf,18,
tusz,tusz_v2.0.6/edf/dev/aaaaaopm/s009_2014/01_tcp_ar/aaaaaopm_s009_t001.edf,18,
tusz,tusz_v2.0.6/edf/dev/aaaaaopm/s009_2014/01_tcp_ar/aaaaaopm_s009_t002.edf,18,
tusz,tusz_v2.0.6/edf/dev/aaaaaopm/s009_2014/01_tcp_ar/aaaaaopm_s009_t003.edf,18,
tusz,tusz_v2.0.6/edf/dev/aaaaaopm/s009_2014/01_tcp_ar/aaaaaopm_s009_t004.edf,18,
tusz,tusz_v2.0.6/edf/dev/aaaaaopm/s009_2014/01_tcp_ar/aaaaaopm_s009_t005.edf,18,
tusz,tusz_v2.0.6/edf/dev/aaaaaopm/s009_2014/01_tcp_ar/aaaaaopm_s009_t006.edf,18,
tusz,tusz_v2.0.6/edf/dev/aaaaaovm/s001_2013/01_tcp_ar/aaaaaovm_s001_t000.edf,18,
tusz,tusz_v2.0.6/edf/dev/aaaaaovm/s001_2013/01_tcp_ar/aaaaaovm_s001_t001.edf,18,
tusz,tusz_v2.0.6/edf/dev/aaaaaovm/s002_2013/01_tcp_ar/aaaaaovm_s002_t000.edf,18,
tusz,tusz_v2.0.6/edf/dev/aaaaaovm/s002_2013/01_tcp_ar/aaaaaovm_s002_t001.edf,18,
tusz,tusz_v2.0.6/edf/dev/aaaaaovm/s002_2013/01_tcp_ar/aaaaaovm_s002_t002.edf,18,
tusz,tusz_v2.0.6/edf/dev/aaaaaovm/s002_2013/01_tcp_ar/aaaaaovm_s002_t003.edf,18,
tusz,tusz_v2.0.6/edf/dev/aaaaaovm/s002_2013/01_tcp_ar/aaaaaovm_s002_t004.edf,18,
tusz,tusz_v2.0.6/edf/dev/aaaaaovm/s002_2013/01_tcp_ar/aaaaaovm_s002_t005.edf,18,
tusz,tusz_v2.0.6/edf/dev/aaaaaovm/s003_2013/01_tcp_ar/aaaaaovm_s003_t000.edf,18,
tusz,tusz_v2.0.6/edf/dev/aaaaaovm/s003_2013/01_tcp_ar/aaaaaovm_s003_t001.edf,18,
tusz,tusz_v2.0.6/edf/dev/aaaaaovm/s003_2013/01_tcp_ar/aaaaaovm_s003_t002.edf,18,
tusz,tusz_v2.0.6/edf/dev/aaaaaovm/s003_2013/01_tcp_ar/aaaaaovm_s003_t003.edf,18,
tusz,tusz_v2.0.6/edf/dev/aaaaaovm/s003_2013/01_tcp_ar/aaaaaovm_s003_t004.edf,18,
tusz,tusz_v2.0.6/edf/dev/aaaaaovm/s003_2013/01_tcp_ar/aaaaaovm_s003_t005.edf,18,
tusz,tusz_v2.0.6/edf/dev/aaaaaovm/s003_2013/01_tcp_ar/aaaaaovm_s003_t006.edf,18,
tusz,tusz_v2.0.6/edf/dev/aaaaaovm/s003_2013/01_tcp_ar/aaaaaovm_s003_t007.edf,18,
tusz,tusz_v2.0.6/edf/dev/aaaaaovm/s003_2013/01_tcp_ar/aaaaaovm_s003_t008.edf,18,
tusz,tusz_v2.0.6/edf/dev/aaaaaovm/s003_2013/01_tcp_ar/aaaaaovm_s003_t009.edf,18,
tusz,tusz_v2.0.6/edf/dev/aaaaaovm/s003_2013/01_tcp_ar/aaaaaovm_s003_t010.edf,18,
tusz,tusz_v2.0.6/edf/dev/aaaaaovm/s003_2013/01_tcp_ar/aaaaaovm_s003_t011.edf,18,
tusz,tusz_v2.0.6/edf/dev/aaaaaovm/s003_2013/01_tcp_ar/aaaaaovm_s003_t012.edf,18,
tusz,tusz_v2.0.6/edf/dev/aaaaaovm/s003_2013/01_tcp_ar/aaaaaovm_s003_t013.edf,18,
tusz,tusz_v2.0.6/edf/dev/aaaaaovm/s003_2013/01_tcp_ar/aaaaaovm_s003_t014.edf,18,
tusz,tusz_v2.0.6/edf/dev/aaaaaovm/s003_2013/01_tcp_ar/aaaaaovm_s003_t015.edf,18,
tusz,tusz_v2.0.6/edf/dev/aaaaaovm/s003_2013/01_tcp_ar/aaaaaovm_s003_t016.edf,18,
tusz,tusz_v2.0.6/edf/dev/aaaaaovm/s003_2013/01_tcp_ar/aaaaaovm_s003_t017.edf,18,
tusz,tusz_v2.0.6/edf/dev/aaaaaovm/s004_2013/01_tcp_ar/aaaaaovm_s004_t000.edf,18,
tusz,tusz_v2.0.6/edf/dev/aaaaaovm/s004_2013/01_tcp_ar/aaaaaovm_s004_t001.edf,18,
tusz,tusz_v2.0.6/edf/dev/aaaaaovm/s004_2013/01_tcp_ar/aaaaaovm_s004_t002.edf,18,
tusz,tusz_v2.0.6/edf/dev/aaaaaovm/s004_2013/01_tcp_ar/aaaaaovm_s004_t003.edf,18,
tusz,tusz_v2.0.6/edf/dev/aaaaaovm/s004_2013/01_tcp_ar/aaaaaovm_s004_t004.edf,18,
tusz,tusz_v2.0.6/edf/dev/aaaaaovm/s004_2013/01_tcp_ar/aaaaaovm_s004_t005.edf,18,
tusz,tusz_v2.0.6/edf/dev/aaaaaovm/s004_2013/01_tcp_ar/aaaaaovm_s004_t006.edf,18,
tusz,tusz_v2.0.6/edf/dev/aaaaaovm/s004_2013/01_tcp_ar/aaaaaovm_s004_t007.edf,18,
tusz,tusz_v2.0.6/edf/dev/aaaaaovm/s004_2013/01_tcp_ar/aaaaaovm_s004_t008.edf,18,
tusz,tusz_v2.0.6/edf/dev/aaaaaovm/s004_2013/01_tcp_ar/aaaaaovm_s004_t009.edf,18,
tusz,tusz_v2.0.6/edf/dev/aaaaaovm/s004_2013/01_tcp_ar/aaaaaovm_s004_t010.edf,18,
tusz,tusz_v2.0.6/edf/dev/aaaaaovm/s004_2013/01_tcp_ar/aaaaaovm_s004_t011.edf,18,
tusz,tusz_v2.0.6/edf/dev/aaaaaovm/s005_2013/01_tcp_ar/aaaaaovm_s005_t000.edf,18,
tusz,tusz_v2.0.6/edf/dev/aaaaaovm/s005_2013/01_tcp_ar/aaaaaovm_s005_t001.edf,18,
tusz,tusz_v2.0.6/edf/dev/aaaaaovm/s005_2013/01_tcp_ar/aaaaaovm_s005_t002.edf,18,
tusz,tusz_v2.0.6/edf/dev/aaaaaovm/s005_2013/01_tcp_ar/aaaaaovm_s005_t003.edf,18,
tusz,tusz_v2.0.6/edf/dev/aaaaaovm/s005_2013/01_tcp_ar/aaaaaovm_s005_t004.edf,18,
tusz,tusz_v2.0.6/edf/dev/aaaaaovm/s005_2013/01_tcp_ar/aaaaaovm_s005_t005.edf,18,
tusz,tusz_v2.0.6/edf/dev/aaaaaovm/s005_2013/01_tcp_ar/aaaaaovm_s005_t006.edf,18,
tusz,tusz_v2.0.6/edf/dev/aaaaaovm/s005_2013/01_tcp_ar/aaaaaovm_s005_t007.edf,18,
tusz,tusz_v2.0.6/edf/dev/aaaaaovm/s005_2013/01_tcp_ar/aaaaaovm_s005_t008.edf,18,
tusz,tusz_v2.0.6/edf/dev/aaaaaovm/s005_2013/01_tcp_ar/aaaaaovm_s005_t009.edf,18,
tusz,tusz_v2.0.6/edf/dev/aaaaaovm/s006_2013/01_tcp_ar/aaaaaovm_s006_t000.edf,18,
tusz,tusz_v2.0.6/edf/dev/aaaaaovm/s006_2013/01_tcp_ar/aaaaaovm_s006_t001.edf,18,
tusz,tusz_v2.0.6/edf/dev/aaaaaovm/s006_2013/01_tcp_ar/aaaaaovm_s006_t002.edf,18,
tusz,tusz_v2.0.6/edf/dev/aaaaaovm/s007_2014/01_tcp_ar/aaaaaovm_s007_t000.edf,18,
tusz,tusz_v2.0.6/edf/dev/aaaaaovm/s007_2014/01_tcp_ar/aaaaaovm_s007_t001.edf,18,
tusz,tusz_v2.0.6/edf/dev/aaaaaovm/s007_2014/01_tcp_ar/aaaaaovm_s007_t002.edf,18,
tusz,tusz_v2.0.6/edf/dev/aaaaaoxa/s001_2013/01_tcp_ar/aaaaaoxa_s001_t000.edf,18,
tusz,tusz_v2.0.6/edf/dev/aaaaaoxa/s002_2013/01_tcp_ar/aaaaaoxa_s002_t000.edf,18,
tusz,tusz_v2.0.6/edf/dev/aaaaaoxa/s003_2013/01_tcp_ar/aaaaaoxa_s003_t000.edf,18,
tusz,tusz_v2.0.6/edf/dev/aaaaaoxa/s003_2013/01_tcp_ar/aaaaaoxa_s003_t001.edf,18,
tusz,tusz_v2.0.6/edf/dev/aaaaaoxa/s003_2013/01_tcp_ar/aaaaaoxa_s003_t002.edf,18,
tusz,tusz_v2.0.6/edf/dev/aaaaaoxa/s003_2013/01_tcp_ar/aaaaaoxa_s003_t003.edf,18,
tusz,tusz_v2.0.6/edf/dev/aaaaaoxa/s004_2013/01_tcp_ar/aaaaaoxa_s004_t000.edf,18,
tusz,tusz_v2.0.6/edf/dev/aaaaaoxa/s004_2013/01_tcp_ar/aaaaaoxa_s004_t001.edf,18,
tusz,tusz_v2.0.6/edf/dev/aaaaaoxa/s004_2013/01_tcp_ar/aaaaaoxa_s004_t002.edf,18,
tusz,tusz_v2.0.6/edf/dev/aaaaaoxa/s004_2013/01_tcp_ar/aaaaaoxa_s004_t003.edf,18,
tusz,tusz_v2.0.6/edf/dev/aaaaaoxa/s004_2013/01_tcp_ar/aaaaaoxa_s004_t004.edf,18,
tusz,tusz_v2.0.6/edf/dev/aaaaaoxa/s005_2013/01_tcp_ar/aaaaaoxa_s005_t000.edf,18,
tusz,tusz_v2.0.6/edf/dev/aaaaaoxa/s005_2013/01_tcp_ar/aaaaaoxa_s005_t001.edf,18,
tusz,tusz_v2.0.6/edf/dev/aaaaaoxa/s006_2013/01_tcp_ar/aaaaaoxa_s006_t000.edf,18,
tusz,tusz_v2.0.6/edf/dev/aaaaaoxa/s006_2013/01_tcp_ar/aaaaaoxa_s006_t001.edf,18,
tusz,tusz_v2.0.6/edf/dev/aaaaaoxa/s006_2013/01_tcp_ar/aaaaaoxa_s006_t002.edf,18,
tusz,tusz_v2.0.6/edf/dev/aaaaaoxa/s006_2013/01_tcp_ar/aaaaaoxa_s006_t003.edf,18,
tusz,tusz_v2.0.6/edf/dev/aaaaaoxa/s006_2013/01_tcp_ar/aaaaaoxa_s006_t004.edf,18,
tusz,tusz_v2.0.6/edf/dev/aaaaaoxa/s007_2013/01_tcp_ar/aaaaaoxa_s007_t000.edf,18,
tusz,tusz_v2.0.6/edf/dev/aaaaaoxa/s007_2013/01_tcp_ar/aaaaaoxa_s007_t001.edf,18,
tusz,tusz_v2.0.6/edf/dev/aaaaaoxa/s007_2013/01_tcp_ar/aaaaaoxa_s007_t002.edf,18,
tusz,tusz_v2.0.6/edf/dev/aaaaaoxa/s008_2013/01_tcp_ar/aaaaaoxa_s008_t000.edf,18,
tusz,tusz_v2.0.6/edf/dev/aaaaaoxa/s008_2013/01_tcp_ar/aaaaaoxa_s008_t001.edf,18,
tusz,tusz_v2.0.6/edf/dev/aaaaaoxa/s008_2013/01_tcp_ar/aaaaaoxa_s008_t002.edf,18,
tusz,tusz_v2.0.6/edf/dev/aaaaaoxa/s008_2013/01_tcp_ar/aaaaaoxa_s008_t003.edf,18,
tusz,tusz_v2.0.6/edf/dev/aaaaaoxa/s008_2013/01_tcp_ar/aaaaaoxa_s008_t004.edf,18,
tusz,tusz_v2.0.6/edf/dev/aaaaaoxa/s009_2013/01_tcp_ar/aaaaaoxa_s009_t000.edf,16,Fz-Cz;Cz-Pz
tusz,tusz_v2.0.6/edf/dev/aaaaaoxa/s009_2013/01_tcp_ar/aaaaaoxa_s009_t001.edf,16,Fz-Cz;Cz-Pz
tusz,tusz_v2.0.6/edf/dev/aaaaaoxa/s009_2013/01_tcp_ar/aaaaaoxa_s009_t002.edf,16,Fz-Cz;Cz-Pz
tusz,tusz_v2.0.6/edf/dev/aaaaaoxa/s009_2013/01_tcp_ar/aaaaaoxa_s009_t003.edf,16,Fz-Cz;Cz-Pz
tusz,tusz_v2.0.6/edf/dev/aaaaaoxa/s009_2013/01_tcp_ar/aaaaaoxa_s009_t004.edf,16,Fz-Cz;Cz-Pz
tusz,tusz_v2.0.6/edf/dev/aaaaaoxa/s009_2013/01_tcp_ar/aaaaaoxa_s009_t005.edf,16,Fz-Cz;Cz-Pz
tusz,tusz_v2.0.6/edf/dev/aaaaaoxa/s009_2013/01_tcp_ar/aaaaaoxa_s009_t006.edf,16,Fz-Cz;Cz-Pz
tusz,tusz_v2.0.6/edf/dev/aaaaaoxa/s009_2013/01_tcp_ar/aaaaaoxa_s009_t007.edf,16,Fz-Cz;Cz-Pz
tusz,tusz_v2.0.6/edf/dev/aaaaaoxa/s009_2013/01_tcp_ar/aaaaaoxa_s009_t008.edf,16,Fz-Cz;Cz-Pz
tusz,tusz_v2.0.6/edf/dev/aaaaaoxa/s009_2013/01_tcp_ar/aaaaaoxa_s009_t009.edf,16,Fz-Cz;Cz-Pz
tusz,tusz_v2.0.6/edf/dev/aaaaaoys/s001_2013/01_tcp_ar/aaaaaoys_s001_t000.edf,18,
tusz,tusz_v2.0.6/edf/dev/aaaaaoys/s002_2013/01_tcp_ar/aaaaaoys_s002_t000.edf,18,
tusz,tusz_v2.0.6/edf/dev/aaaaaoys/s002_2013/01_tcp_ar/aaaaaoys_s002_t001.edf,18,
tusz,tusz_v2.0.6/edf/dev/aaaaaoys/s002_2013/01_tcp_ar/aaaaaoys_s002_t002.edf,18,
tusz,tusz_v2.0.6/edf/dev/aaaaaoys/s002_2013/01_tcp_ar/aaaaaoys_s002_t003.edf,18,
tusz,tusz_v2.0.6/edf/dev/aaaaaoys/s002_2013/01_tcp_ar/aaaaaoys_s002_t004.edf,18,
tusz,tusz_v2.0.6/edf/dev/aaaaaoys/s002_2013/01_tcp_ar/aaaaaoys_s002_t005.edf,18,
tusz,tusz_v2.0.6/edf/dev/aaaaaoys/s002_2013/01_tcp_ar/aaaaaoys_s002_t006.edf,18,
tusz,tusz_v2.0.6/edf/dev/aaaaaoys/s002_2013/01_tcp_ar/aaaaaoys_s002_t007.edf,18,
tusz,tusz_v2.0.6/edf/dev/aaaaaoys/s003_2013/01_tcp_ar/aaaaaoys_s003_t000.edf,18,
tusz,tusz_v2.0.6/edf/dev/aaaaaoys/s003_2013/01_tcp_ar/aaaaaoys_s003_t001.edf,18,
tusz,tusz_v2.0.6/edf/dev/aaaaaoys/s003_2013/01_tcp_ar/aaaaaoys_s003_t002.edf,18,
tusz,tusz_v2.0.6/edf/dev/aaaaaoys/s003_2013/01_tcp_ar/aaaaaoys_s003_t003.edf,18,
tusz,tusz_v2.0.6/edf/dev/aaaaaoys/s003_2013/01_tcp_ar/aaaaaoys_s003_t004.edf,18,
tusz,tusz_v2.0.6/edf/dev/aaaaaoys/s004_2013/01_tcp_ar/aaaaaoys_s004_t000.edf,18,
tusz,tusz_v2.0.6/edf/dev/aaaaaoys/s004_2013/01_tcp_ar/aaaaaoys_s004_t001.edf,18,
tusz,tusz_v2.0.6/edf/dev/aaaaaoys/s004_2013/01_tcp_ar/aaaaaoys_s004_t002.edf,18,
tusz,tusz_v2.0.6/edf/dev/aaaaappr/s001_2013/01_tcp_ar/aaaaappr_s001_t001.edf,18,
tusz,tusz_v2.0.6/edf/dev/aaaaappr/s002_2013/01_tcp_ar/aaaaappr_s002_t000.edf,18,
tusz,tusz_v2.0.6/edf/dev/aaaaappr/s003_2014/01_tcp_ar/aaaaappr_s003_t000.edf,18,
tusz,tusz_v2.0.6/edf/dev/aaaaappr/s003_2014/01_tcp_ar/aaaaappr_s003_t001.edf,18,
tusz,tusz_v2.0.6/edf/dev/aaaaappr/s004_2015/01_tcp_ar/aaaaappr_s004_t000.edf,18,
tusz,tusz_v2.0.6/edf/dev/aaaaappr/s005_2015/01_tcp_ar/aaaaappr_s005_t000.edf,18,
tusz,tusz_v2.0.6/edf/dev/aaaaaptf/s001_2013/01_tcp_ar/aaaaaptf_s001_t000.edf,18,
tusz,tusz_v2.0.6/edf/dev/aaaaaptf/s002_2013/01_tcp_ar/aaaaaptf_s002_t000.edf,18,
tusz,tusz_v2.0.6/edf/dev/aaaaaptf/s003_2013/01_tcp_ar/aaaaaptf_s003_t001.edf,18,
tusz,tusz_v2.0.6/edf/dev/aaaaaptf/s004_2013/01_tcp_ar/aaaaaptf_s004_t000.edf,18,
tusz,tusz_v2.0.6/edf/dev/aaaaaptf/s005_2013/01_tcp_ar/aaaaaptf_s005_t000.edf,18,
tusz,tusz_v2.0.6/edf/dev/aaaaaptf/s006_2013/01_tcp_ar/aaaaaptf_s006_t000.edf,18,
tusz,tusz_v2.0.6/edf/dev/aaaaaptf/s007_2013/01_tcp_ar/aaaaaptf_s007_t000.edf,16,Fz-Cz;Cz-Pz
tusz,tusz_v2.0.6/edf/dev/aaaaaptf/s007_2013/01_tcp_ar/aaaaaptf_s007_t001.edf,16,Fz-Cz;Cz-Pz
tusz,tusz_v2.0.6/edf/dev/aaaaaptf/s007_2013/01_tcp_ar/aaaaaptf_s007_t002.edf,16,Fz-Cz;Cz-Pz
tusz,tusz_v2.0.6/edf/dev/aaaaaptf/s007_2013/01_tcp_ar/aaaaaptf_s007_t003.edf,16,Fz-Cz;Cz-Pz
tusz,tusz_v2.0.6/edf/dev/aaaaaptf/s007_2013/01_tcp_ar/aaaaaptf_s007_t004.edf,16,Fz-Cz;Cz-Pz
tusz,tusz_v2.0.6/edf/dev/aaaaaptf/s007_2013/01_tcp_ar/aaaaaptf_s007_t005.edf,16,Fz-Cz;Cz-Pz
tusz,tusz_v2.0.6/edf/dev/aaaaaptf/s007_2013/01_tcp_ar/aaaaaptf_s007_t006.edf,16,Fz-Cz;Cz-Pz
tusz,tusz_v2.0.6/edf/dev/aaaaaptf/s007_2013/01_tcp_ar/aaaaaptf_s007_t007.edf,16,Fz-Cz;Cz-Pz
tusz,tusz_v2.0.6/edf/dev/aaaaaptf/s007_2013/01_tcp_ar/aaaaaptf_s007_t008.edf,16,Fz-Cz;Cz-Pz
tusz,tusz_v2.0.6/edf/dev/aaaaaptf/s007_2013/01_tcp_ar/aaaaaptf_s007_t009.edf,16,Fz-Cz;Cz-Pz
tusz,tusz_v2.0.6/edf/dev/aaaaaptf/s007_2013/01_tcp_ar/aaaaaptf_s007_t010.edf,16,Fz-Cz;Cz-Pz
tusz,tusz_v2.0.6/edf/dev/aaaaaptf/s007_2013/01_tcp_ar/aaaaaptf_s007_t011.edf,16,Fz-Cz;Cz-Pz
tusz,tusz_v2.0.6/edf/dev/aaaaaptf/s007_2013/01_tcp_ar/aaaaaptf_s007_t012.edf,16,Fz-Cz;Cz-Pz
tusz,tusz_v2.0.6/edf/dev/aaaaaptf/s008_2013/01_tcp_ar/aaaaaptf_s008_t000.edf,18,
tusz,tusz_v2.0.6/edf/dev/aaaaaptf/s008_2013/01_tcp_ar/aaaaaptf_s008_t001.edf,18,
tusz,tusz_v2.0.6/edf/dev/aaaaaptf/s008_2013/01_tcp_ar/aaaaaptf_s008_t002.edf,18,
tusz,tusz_v2.0.6/edf/dev/aaaaaptf/s008_2013/01_tcp_ar/aaaaaptf_s008_t003.edf,18,
tusz,tusz_v2.0.6/edf/dev/aaaaaptf/s008_2013/01_tcp_ar/aaaaaptf_s008_t004.edf,18,
tusz,tusz_v2.0.6/edf/dev/aaaaaqbt/s001_2013/01_tcp_ar/aaaaaqbt_s001_t000.edf,18,
tusz,tusz_v2.0.6/edf/dev/aaaaaqrs/s001_2014/01_tcp_ar/aaaaaqrs_s001_t000.edf,18,
tusz,tusz_v2.0.6/edf/dev/aaaaaqrs/s001_2014/01_tcp_ar/aaaaaqrs_s001_t001.edf,18,
tusz,tusz_v2.0.6/edf/dev/aaaaaqrs/s001_2014/01_tcp_ar/aaaaaqrs_s001_t002.edf,18,
tusz,tusz_v2.0.6/edf/dev/aaaaaqrs/s002_2014/01_tcp_ar/aaaaaqrs_s002_t000.edf,18,
tusz,tusz_v2.0.6/edf/dev/aaaaaqrs/s003_2014/01_tcp_ar/aaaaaqrs_s003_t000.edf,18,
tusz,tusz_v2.0.6/edf/dev/aaaaaqrs/s003_2014/01_tcp_ar/aaaaaqrs_s003_t001.edf,18,
tusz,tusz_v2.0.6/edf/dev/aaaaaqrs/s004_2014/01_tcp_ar/aaaaaqrs_s004_t001.edf,18,
tusz,tusz_v2.0.6/edf/dev/aaaaaqrs/s004_2014/01_tcp_ar/aaaaaqrs_s004_t002.edf,18,
tusz,tusz_v2.0.6/edf/dev/aaaaaqrs/s004_2014/01_tcp_ar/aaaaaqrs_s004_t003.edf,18,
tusz,tusz_v2.0.6/edf/dev/aaaaaqrs/s004_2014/01_tcp_ar/aaaaaqrs_s004_t004.edf,18,
tusz,tusz_v2.0.6/edf/dev/aaaaaqrs/s004_2014/01_tcp_ar/aaaaaqrs_s004_t005.edf,18,
tusz,tusz_v2.0.6/edf/dev/aaaaaqrs/s005_2014/01_tcp_ar/aaaaaqrs_s005_t000.edf,18,
tusz,tusz_v2.0.6/edf/dev/aaaaaqrs/s005_2014/01_tcp_ar/aaaaaqrs_s005_t001.edf,18,
tusz,tusz_v2.0.6/edf/dev/aaaaaqrs/s005_2014/01_tcp_ar/aaaaaqrs_s005_t002.edf,18,
tusz,tusz_v2.0.6/edf/dev/aaaaaqrs/s006_2014/01_tcp_ar/aaaaaqrs_s006_t001.edf,18,
tusz,tusz_v2.0.6/edf/dev/aaaaaqrs/s006_2014/01_tcp_ar/aaaaaqrs_s006_t002.edf,18,
tusz,tusz_v2.0.6/edf/dev/aaaaaqrs/s006_2014/01_tcp_ar/aaaaaqrs_s006_t003.edf,18,
tusz,tusz_v2.0.6/edf/dev/aaaaaqrs/s007_2014/01_tcp_ar/aaaaaqrs_s007_t000.edf,18,
tusz,tusz_v2.0.6/edf/dev/aaaaaqrs/s007_2014/01_tcp_ar/aaaaaqrs_s007_t001.edf,18,
tusz,tusz_v2.0.6/edf/dev/aaaaaqrs/s007_2014/01_tcp_ar/aaaaaqrs_s007_t002.edf,18,
tusz,tusz_v2.0.6/edf/dev/aaaaaqrs/s007_2014/01_tcp_ar/aaaaaqrs_s007_t003.edf,18,
tusz,tusz_v2.0.6/edf/dev/aaaaaqrs/s007_2014/01_tcp_ar/aaaaaqrs_s007_t004.edf,18,
tusz,tusz_v2.0.6/edf/dev/aaaaaqrs/s007_2014/01_tcp_ar/aaaaaqrs_s007_t005.edf,18,
tusz,tusz_v2.0.6/edf/dev/aaaaaqrs/s008_2014/01_tcp_ar/aaaaaqrs_s008_t000.edf,18,
tusz,tusz_v2.0.6/edf/dev/aaaaaqrs/s008_2014/01_tcp_ar/aaaaaqrs_s008_t001.edf,18,
tusz,tusz_v2.0.6/edf/dev/aaaaaqrs/s008_2014/01_tcp_ar/aaaaaqrs_s008_t002.edf,18,
tusz,tusz_v2.0.6/edf/dev/aaaaaqrs/s008_2014/01_tcp_ar/aaaaaqrs_s008_t003.edf,18,
tusz,tusz_v2.0.6/edf/dev/aaaaaqrs/s008_2014/01_tcp_ar/aaaaaqrs_s008_t004.edf,18,
tusz,tusz_v2.0.6/edf/dev/aaaaaqrs/s008_2014/01_tcp_ar/aaaaaqrs_s008_t005.edf,18,
tusz,tusz_v2.0.6/edf/dev/aaaaaqrs/s008_2014/01_tcp_ar/aaaaaqrs_s008_t006.edf,18,
tusz,tusz_v2.0.6/edf/dev/aaaaaqrs/s008_2014/01_tcp_ar/aaaaaqrs_s008_t007.edf,18,
tusz,tusz_v2.0.6/edf/dev/aaaaaqrs/s008_2014/01_tcp_ar/aaaaaqrs_s008_t008.edf,18,
tusz,tusz_v2.0.6/edf/dev/aaaaaqrs/s008_2014/01_tcp_ar/aaaaaqrs_s008_t009.edf,18,
tusz,tusz_v2.0.6/edf/dev/aaaaaqrs/s009_2014/01_tcp_ar/aaaaaqrs_s009_t000.edf,18,
tusz,tusz_v2.0.6/edf/dev/aaaaaqrs/s009_2014/01_tcp_ar/aaaaaqrs_s009_t001.edf,18,
tusz,tusz_v2.0.6/edf/dev/aaaaaqrs/s009_2014/01_tcp_ar/aaaaaqrs_s009_t002.edf,18,
tusz,tusz_v2.0.6/edf/dev/aaaaaqrs/s009_2014/01_tcp_ar/aaaaaqrs_s009_t003.edf,18,
tusz,tusz_v2.0.6/edf/dev/aaaaaqrs/s010_2014/01_tcp_ar/aaaaaqrs_s010_t000.edf,18,
tusz,tusz_v2.0.6/edf/dev/aaaaarsp/s002_2014/03_tcp_ar_a/aaaaarsp_s002_t000.edf,16,Fz-Cz;Cz-Pz
tusz,tusz_v2.0.6/edf/dev/aaaaarsp/s002_2014/03_tcp_ar_a/aaaaarsp_s002_t001.edf,16,Fz-Cz;Cz-Pz
tusz,tusz_v2.0.6/edf/dev/aaaaarsp/s002_2014/03_tcp_ar_a/aaaaarsp_s002_t002.edf,16,Fz-Cz;Cz-Pz
tusz,tusz_v2.0.6/edf/dev/aaaaarsp/s002_2014/03_tcp_ar_a/aaaaarsp_s002_t003.edf,16,Fz-Cz;Cz-Pz
tusz,tusz_v2.0.6/edf/dev/aaaaarsp/s002_2014/03_tcp_ar_a/aaaaarsp_s002_t004.edf,16,Fz-Cz;Cz-Pz
tusz,tusz_v2.0.6/edf/dev/aaaaarsp/s002_2014/03_tcp_ar_a/aaaaarsp_s002_t005.edf,16,Fz-Cz;Cz-Pz
tusz,tusz_v2.0.6/edf/dev/aaaaarsp/s002_2014/03_tcp_ar_a/aaaaarsp_s002_t006.edf,16,Fz-Cz;Cz-Pz
tusz,tusz_v2.0.6/edf/dev/aaaaarsp/s002_2014/03_tcp_ar_a/aaaaarsp_s002_t007.edf,16,Fz-Cz;Cz-Pz
tusz,tusz_v2.0.6/edf/dev/aaaaarsp/s002_2014/03_tcp_ar_a/aaaaarsp_s002_t008.edf,16,Fz-Cz;Cz-Pz
tusz,tusz_v2.0.6/edf/dev/aaaaarsp/s002_2014/03_tcp_ar_a/aaaaarsp_s002_t009.edf,16,Fz-Cz;Cz-Pz
tusz,tusz_v2.0.6/edf/dev/aaaaarsp/s002_2014/03_tcp_ar_a/aaaaarsp_s002_t010.edf,16,Fz-Cz;Cz-Pz
tusz,tusz_v2.0.6/edf/dev/aaaaarsp/s002_2014/03_tcp_ar_a/aaaaarsp_s002_t011.edf,16,Fz-Cz;Cz-Pz
tusz,tusz_v2.0.6/edf/dev/aaaaarsp/s002_2014/03_tcp_ar_a/aaaaarsp_s002_t012.edf,16,Fz-Cz;Cz-Pz
tusz,tusz_v2.0.6/edf/dev/aaaaarsp/s002_2014/03_tcp_ar_a/aaaaarsp_s002_t013.edf,16,Fz-Cz;Cz-Pz
tusz,tusz_v2.0.6/edf/dev/aaaaarsp/s002_2014/03_tcp_ar_a/aaaaarsp_s002_t014.edf,16,Fz-Cz;Cz-Pz
tusz,tusz_v2.0.6/edf/dev/aaaaarsp/s002_2014/03_tcp_ar_a/aaaaarsp_s002_t015.edf,16,Fz-Cz;Cz-Pz
tusz,tusz_v2.0.6/edf/dev/aaaaarsp/s002_2014/03_tcp_ar_a/aaaaarsp_s002_t016.edf,16,Fz-Cz;Cz-Pz
tusz,tusz_v2.0.6/edf/dev/aaaaarsp/s002_2014/03_tcp_ar_a/aaaaarsp_s002_t017.edf,16,Fz-Cz;Cz-Pz
tusz,tusz_v2.0.6/edf/dev/aaaaarsp/s002_2014/03_tcp_ar_a/aaaaarsp_s002_t018.edf,16,Fz-Cz;Cz-Pz
tusz,tusz_v2.0.6/edf/dev/aaaaarsp/s002_2014/03_tcp_ar_a/aaaaarsp_s002_t019.edf,16,Fz-Cz;Cz-Pz
tusz,tusz_v2.0.6/edf/dev/aaaaarsp/s002_2014/03_tcp_ar_a/aaaaarsp_s002_t020.edf,16,Fz-Cz;Cz-Pz
tusz,tusz_v2.0.6/edf/dev/aaaaarsp/s002_2014/03_tcp_ar_a/aaaaarsp_s002_t021.edf,16,Fz-Cz;Cz-Pz
tusz,tusz_v2.0.6/edf/dev/aaaaarsp/s002_2014/03_tcp_ar_a/aaaaarsp_s002_t022.edf,16,Fz-Cz;Cz-Pz
tusz,tusz_v2.0.6/edf/dev/aaaaarsp/s002_2014/03_tcp_ar_a/aaaaarsp_s002_t023.edf,16,Fz-Cz;Cz-Pz
tusz,tusz_v2.0.6/edf/dev/aaaaarsp/s002_2014/03_tcp_ar_a/aaaaarsp_s002_t024.edf,16,Fz-Cz;Cz-Pz
tusz,tusz_v2.0.6/edf/dev/aaaaarsp/s002_2014/03_tcp_ar_a/aaaaarsp_s002_t025.edf,16,Fz-Cz;Cz-Pz
tusz,tusz_v2.0.6/edf/dev/aaaaarsp/s002_2014/03_tcp_ar_a/aaaaarsp_s002_t026.edf,16,Fz-Cz;Cz-Pz
tusz,tusz_v2.0.6/edf/dev/aaaaarsp/s002_2014/03_tcp_ar_a/aaaaarsp_s002_t027.edf,16,Fz-Cz;Cz-Pz
tusz,tusz_v2.0.6/edf/dev/aaaaarsp/s002_2014/03_tcp_ar_a/aaaaarsp_s002_t028.edf,16,Fz-Cz;Cz-Pz
tusz,tusz_v2.0.6/edf/dev/aaaaarsp/s002_2014/03_tcp_ar_a/aaaaarsp_s002_t029.edf,16,Fz-Cz;Cz-Pz
tusz,tusz_v2.0.6/edf/dev/aaaaarsp/s002_2014/03_tcp_ar_a/aaaaarsp_s002_t030.edf,16,Fz-Cz;Cz-Pz
tusz,tusz_v2.0.6/edf/dev/aaaaarsp/s002_2014/03_tcp_ar_a/aaaaarsp_s002_t031.edf,16,Fz-Cz;Cz-Pz
tusz,tusz_v2.0.6/edf/dev/aaaaarsp/s002_2014/03_tcp_ar_a/aaaaarsp_s002_t032.edf,16,Fz-Cz;Cz-Pz
tusz,tusz_v2.0.6/edf/dev/aaaaarsp/s003_2014/03_tcp_ar_a/aaaaarsp_s003_t001.edf,18,
tusz,tusz_v2.0.6/edf/dev/aaaaarsp/s003_2014/03_tcp_ar_a/aaaaarsp_s003_t002.edf,18,
tusz,tusz_v2.0.6/edf/dev/aaaaarsp/s003_2014/03_tcp_ar_a/aaaaarsp_s003_t003.edf,18,
tusz,tusz_v2.0.6/edf/dev/aaaaarsp/s003_2014/03_tcp_ar_a/aaaaarsp_s003_t004.edf,18,
tusz,tusz_v2.0.6/edf/dev/aaaaarsp/s003_2014/03_tcp_ar_a/aaaaarsp_s003_t005.edf,18,
tusz,tusz_v2.0.6/edf/dev/aaaaarsp/s003_2014/03_tcp_ar_a/aaaaarsp_s003_t006.edf,18,
tusz,tusz_v2.0.6/edf/dev/aaaaarsp/s003_2014/03_tcp_ar_a/aaaaarsp_s003_t009.edf,18,
tusz,tusz_v2.0.6/edf/dev/aaaaarsp/s003_2014/03_tcp_ar_a/aaaaarsp_s003_t010.edf,18,
tusz,tusz_v2.0.6/edf/dev/aaaaarsp/s003_2014/03_tcp_ar_a/aaaaarsp_s003_t011.edf,18,
tusz,tusz_v2.0.6/edf/dev/aaaaarsp/s003_2014/03_tcp_ar_a/aaaaarsp_s003_t012.edf,18,
tusz,tusz_v2.0.6/edf/dev/aaaaarsp/s003_2014/03_tcp_ar_a/aaaaarsp_s003_t013.edf,18,
tusz,tusz_v2.0.6/edf/dev/aaaaarsp/s003_2014/03_tcp_ar_a/aaaaarsp_s003_t014.edf,18,
tusz,tusz_v2.0.6/edf/dev/aaaaarsp/s003_2014/03_tcp_ar_a/aaaaarsp_s003_t015.edf,18,
tusz,tusz_v2.0.6/edf/dev/aaaaarsp/s003_2014/03_tcp_ar_a/aaaaarsp_s003_t016.edf,18,
tusz,tusz_v2.0.6/edf/dev/aaaaarsp/s003_2014/03_tcp_ar_a/aaaaarsp_s003_t017.edf,18,
tusz,tusz_v2.0.6/edf/dev/aaaaarsp/s003_2014/03_tcp_ar_a/aaaaarsp_s003_t019.edf,18,
tusz,tusz_v2.0.6/edf/dev/aaaaarsp/s003_2014/03_tcp_ar_a/aaaaarsp_s003_t021.edf,18,
tusz,tusz_v2.0.6/edf/dev/aaaaarsp/s003_2014/03_tcp_ar_a/aaaaarsp_s003_t022.edf,18,
tusz,tusz_v2.0.6/edf/dev/aaaaarsp/s003_2014/03_tcp_ar_a/aaaaarsp_s003_t023.edf,18,
tusz,tusz_v2.0.6/edf/dev/aaaaarsp/s003_2014/03_tcp_ar_a/aaaaarsp_s003_t024.edf,18,
tusz,tusz_v2.0.6/edf/dev/aaaaarsp/s003_2014/03_tcp_ar_a/aaaaarsp_s003_t025.edf,18,
tusz,tusz_v2.0.6/edf/dev/aaaaarsp/s003_2014/03_tcp_ar_a/aaaaarsp_s003_t026.edf,18,
tusz,tusz_v2.0.6/edf/dev/aaaaarsp/s004_2014/03_tcp_ar_a/aaaaarsp_s004_t000.edf,18,
tusz,tusz_v2.0.6/edf/dev/aaaaarsp/s004_2014/03_tcp_ar_a/aaaaarsp_s004_t001.edf,18,
tusz,tusz_v2.0.6/edf/dev/aaaaarsp/s004_2014/03_tcp_ar_a/aaaaarsp_s004_t002.edf,18,
tusz,tusz_v2.0.6/edf/dev/aaaaarsp/s004_2014/03_tcp_ar_a/aaaaarsp_s004_t003.edf,18,
tusz,tusz_v2.0.6/edf/dev/aaaaarsp/s004_2014/03_tcp_ar_a/aaaaarsp_s004_t004.edf,18,
tusz,tusz_v2.0.6/edf/dev/aaaaarsp/s004_2014/03_tcp_ar_a/aaaaarsp_s004_t005.edf,18,
tusz,tusz_v2.0.6/edf/dev/aaaaarsp/s004_2014/03_tcp_ar_a/aaaaarsp_s004_t006.edf,18,
tusz,tusz_v2.0.6/edf/dev/aaaaarsp/s004_2014/03_tcp_ar_a/aaaaarsp_s004_t007.edf,18,
tusz,tusz_v2.0.6/edf/dev/aaaaasgd/s001_2015/01_tcp_ar/aaaaasgd_s001_t000.edf,18,
tusz,tusz_v2.0.6/edf/dev/aaaaasgd/s001_2015/01_tcp_ar/aaaaasgd_s001_t001.edf,18,
tusz,tusz_v2.0.6/edf/dev/aaaaasgd/s002_2015/01_tcp_ar/aaaaasgd_s002_t000.edf,16,Fz-Cz;Cz-Pz
tusz,tusz_v2.0.6/edf/dev/aaaaasgd/s002_2015/01_tcp_ar/aaaaasgd_s002_t001.edf,16,Fz-Cz;Cz-Pz
tusz,tusz_v2.0.6/edf/dev/aaaaasgd/s002_2015/01_tcp_ar/aaaaasgd_s002_t002.edf,16,Fz-Cz;Cz-Pz
tusz,tusz_v2.0.6/edf/dev/aaaaasgd/s002_2015/01_tcp_ar/aaaaasgd_s002_t003.edf,16,Fz-Cz;Cz-Pz
tusz,tusz_v2.0.6/edf/dev/aaaaasgd/s002_2015/01_tcp_ar/aaaaasgd_s002_t004.edf,16,Fz-Cz;Cz-Pz
tusz,tusz_v2.0.6/edf/dev/aaaaasgd/s002_2015/01_tcp_ar/aaaaasgd_s002_t005.edf,16,Fz-Cz;Cz-Pz
tusz,tusz_v2.0.6/edf/dev/aaaaasgd/s002_2015/01_tcp_ar/aaaaasgd_s002_t006.edf,16,Fz-Cz;Cz-Pz
tusz,tusz_v2.0.6/edf/dev/aaaaasgd/s002_2015/01_tcp_ar/aaaaasgd_s002_t007.edf,16,Fz-Cz;Cz-Pz
tusz,tusz_v2.0.6/edf/dev/aaaaasgd/s002_2015/01_tcp_ar/aaaaasgd_s002_t008.edf,16,Fz-Cz;Cz-Pz
tusz,tusz_v2.0.6/edf/dev/aaaaasgd/s002_2015/01_tcp_ar/aaaaasgd_s002_t009.edf,16,Fz-Cz;Cz-Pz
tusz,tusz_v2.0.6/edf/dev/aaaaasgd/s002_2015/01_tcp_ar/aaaaasgd_s002_t010.edf,16,Fz-Cz;Cz-Pz
tusz,tusz_v2.0.6/edf/dev/aaaaasgd/s002_2015/01_tcp_ar/aaaaasgd_s002_t011.edf,16,Fz-Cz;Cz-Pz
tusz,tusz_v2.0.6/edf/dev/aaaaasgd/s003_2015/01_tcp_ar/aaaaasgd_s003_t000.edf,18,
tusz,tusz_v2.0.6/edf/dev/aaaaasgd/s003_2015/01_tcp_ar/aaaaasgd_s003_t001.edf,18,
tusz,tusz_v2.0.6/edf/dev/aaaaasgd/s003_2015/01_tcp_ar/aaaaasgd_s003_t002.edf,18,
tusz,tusz_v2.0.6/edf/dev/aaaaasgd/s003_2015/01_tcp_ar/aaaaasgd_s003_t003.edf,18,
tusz,tusz_v2.0.6/edf/dev/aaaaasgd/s003_2015/01_tcp_ar/aaaaasgd_s003_t004.edf,18,
tusz,tusz_v2.0.6/edf/dev/aaaaasgd/s003_2015/01_tcp_ar/aaaaasgd_s003_t005.edf,18,
tusz,tusz_v2.0.6/edf/dev/aaaaasgd/s003_2015/01_tcp_ar/aaaaasgd_s003_t006.edf,18,
tusz,tusz_v2.0.6/edf/dev/aaaaasgd/s003_2015/01_tcp_ar/aaaaasgd_s003_t007.edf,18,
tusz,tusz_v2.0.6/edf/dev/aaaaasgd/s003_2015/01_tcp_ar/aaaaasgd_s003_t008.edf,18,
tusz,tusz_v2.0.6/edf/dev/aaaaasgd/s003_2015/01_tcp_ar/aaaaasgd_s003_t009.edf,18,
tusz,tusz_v2.0.6/edf/dev/aaaaasgd/s003_2015/01_tcp_ar/aaaaasgd_s003_t010.edf,18,
tusz,tusz_v2.0.6/edf/dev/aaaaasgd/s003_2015/01_tcp_ar/aaaaasgd_s003_t011.edf,18,
tusz,tusz_v2.0.6/edf/dev/aaaaasgd/s003_2015/01_tcp_ar/aaaaasgd_s003_t012.edf,18,
tusz,tusz_v2.0.6/edf/dev/aaaaasgd/s004_2015/01_tcp_ar/aaaaasgd_s004_t000.edf,18,
tusz,tusz_v2.0.6/edf/dev/aaaaasgd/s004_2015/01_tcp_ar/aaaaasgd_s004_t001.edf,18,
tusz,tusz_v2.0.6/edf/dev/aaaaasgd/s004_2015/01_tcp_ar/aaaaasgd_s004_t002.edf,18,
tusz,tusz_v2.0.6/edf/dev/aaaaasgd/s004_2015/01_tcp_ar/aaaaasgd_s004_t003.edf,18,
tusz,tusz_v2.0.6/edf/dev/aaaaasgd/s004_2015/01_tcp_ar/aaaaasgd_s004_t004.edf,18,
tusz,tusz_v2.0.6/edf/dev/aaaaasgd/s004_2015/01_tcp_ar/aaaaasgd_s004_t005.edf,18,
tusz,tusz_v2.0.6/edf/dev/aaaaasgd/s004_2015/01_tcp_ar/aaaaasgd_s004_t006.edf,18,
tusz,tusz_v2.0.6/edf/dev/aaaaasgd/s004_2015/01_tcp_ar/aaaaasgd_s004_t007.edf,18,
tusz,tusz_v2.0.6/edf/dev/aaaaasgd/s004_2015/01_tcp_ar/aaaaasgd_s004_t008.edf,18,
tusz,tusz_v2.0.6/edf/dev/aaaaasgd/s004_2015/01_tcp_ar/aaaaasgd_s004_t009.edf,18,
tusz,tusz_v2.0.6/edf/dev/aaaaasgd/s005_2015/01_tcp_ar/aaaaasgd_s005_t000.edf,18,
tusz,tusz_v2.0.6/edf/dev/aaaaasgd/s005_2015/01_tcp_ar/aaaaasgd_s005_t001.edf,18,
tusz,tusz_v2.0.6/edf/dev/aaaaasgd/s005_2015/01_tcp_ar/aaaaasgd_s005_t002.edf,18,
tusz,tusz_v2.0.6/edf/dev/aaaaasgd/s005_2015/01_tcp_ar/aaaaasgd_s005_t003.edf,18,
tusz,tusz_v2.0.6/edf/dev/aaaaasgd/s005_2015/01_tcp_ar/aaaaasgd_s005_t004.edf,18,
tusz,tusz_v2.0.6/edf/dev/aaaaasgd/s005_2015/01_tcp_ar/aaaaasgd_s005_t005.edf,18,
tusz,tusz_v2.0.6/edf/dev/aaaaasgd/s005_2015/01_tcp_ar/aaaaasgd_s005_t006.edf,18,
tusz,tusz_v2.0.6/edf/dev/aaaaasgd/s005_2015/01_tcp_ar/aaaaasgd_s005_t007.edf,18,
tusz,tusz_v2.0.6/edf/dev/aaaaasgd/s005_2015/01_tcp_ar/aaaaasgd_s005_t008.edf,18,
tusz,tusz_v2.0.6/edf/dev/aaaaasgd/s005_2015/01_tcp_ar/aaaaasgd_s005_t009.edf,18,
tusz,tusz_v2.0.6/edf/dev/aaaaasgd/s006_2015/01_tcp_ar/aaaaasgd_s006_t001.edf,18,
tusz,tusz_v2.0.6/edf/dev/aaaaaskf/s001_2014/03_tcp_ar_a/aaaaaskf_s001_t000.edf,16,Fz-Cz;Cz-Pz
tusz,tusz_v2.0.6/edf/dev/aaaaaskf/s001_2014/03_tcp_ar_a/aaaaaskf_s001_t001.edf,16,Fz-Cz;Cz-Pz
tusz,tusz_v2.0.6/edf/dev/aaaaaskf/s001_2014/03_tcp_ar_a/aaaaaskf_s001_t002.edf,16,Fz-Cz;Cz-Pz
tusz,tusz_v2.0.6/edf/dev/aaaaaskf/s001_2014/03_tcp_ar_a/aaaaaskf_s001_t003.edf,16,Fz-Cz;Cz-Pz
tusz,tusz_v2.0.6/edf/dev/aaaaaskf/s001_2014/03_tcp_ar_a/aaaaaskf_s001_t004.edf,16,Fz-Cz;Cz-Pz
tusz,tusz_v2.0.6/edf/dev/aaaaaskf/s001_2014/03_tcp_ar_a/aaaaaskf_s001_t005.edf,16,Fz-Cz;Cz-Pz
tusz,tusz_v2.0.6/edf/dev/aaaaaskf/s001_2014/03_tcp_ar_a/aaaaaskf_s001_t006.edf,16,Fz-Cz;Cz-Pz
tusz,tusz_v2.0.6/edf/dev/aaaaaskf/s002_2014/03_tcp_ar_a/aaaaaskf_s002_t000.edf,16,Fz-Cz;Cz-Pz
tusz,tusz_v2.0.6/edf/dev/aaaaaskf/s002_2014/03_tcp_ar_a/aaaaaskf_s002_t001.edf,16,Fz-Cz;Cz-Pz
tusz,tusz_v2.0.6/edf/dev/aaaaaskf/s002_2014/03_tcp_ar_a/aaaaaskf_s002_t002.edf,16,Fz-Cz;Cz-Pz
tusz,tusz_v2.0.6/edf/dev/aaaaaskf/s002_2014/03_tcp_ar_a/aaaaaskf_s002_t003.edf,16,Fz-Cz;Cz-Pz
tusz,tusz_v2.0.6/edf/dev/aaaaaskf/s002_2014/03_tcp_ar_a/aaaaaskf_s002_t004.edf,16,Fz-Cz;Cz-Pz
tusz,tusz_v2.0.6/edf/dev/aaaaaskf/s002_2014/03_tcp_ar_a/aaaaaskf_s002_t005.edf,16,Fz-Cz;Cz-Pz
tusz,tusz_v2.0.6/edf/dev/aaaaaskf/s002_2014/03_tcp_ar_a/aaaaaskf_s002_t006.edf,16,Fz-Cz;Cz-Pz
tusz,tusz_v2.0.6/edf/dev/aaaaaskf/s002_2014/03_tcp_ar_a/aaaaaskf_s002_t007.edf,16,Fz-Cz;Cz-Pz
tusz,tusz_v2.0.6/edf/dev/aaaaaskf/s002_2014/03_tcp_ar_a/aaaaaskf_s002_t008.edf,16,Fz-Cz;Cz-Pz
tusz,tusz_v2.0.6/edf/dev/aaaaaskf/s002_2014/03_tcp_ar_a/aaaaaskf_s002_t009.edf,16,Fz-Cz;Cz-Pz
tusz,tusz_v2.0.6/edf/dev/aaaaaskf/s003_2014/03_tcp_ar_a/aaaaaskf_s003_t000.edf,18,
tusz,tusz_v2.0.6/edf/dev/aaaaaskf/s003_2014/03_tcp_ar_a/aaaaaskf_s003_t001.edf,18,
tusz,tusz_v2.0.6/edf/dev/aaaaaskf/s003_2014/03_tcp_ar_a/aaaaaskf_s003_t002.edf,18,
tusz,tusz_v2.0.6/edf/dev/aaaaaskf/s003_2014/03_tcp_ar_a/aaaaaskf_s003_t003.edf,18,
tusz,tusz_v2.0.6/edf/dev/aaaaaskf/s003_2014/03_tcp_ar_a/aaaaaskf_s003_t004.edf,18,
tusz,tusz_v2.0.6/edf/dev/aaaaaskf/s004_2014/03_tcp_ar_a/aaaaaskf_s004_t000.edf,18,
tusz,tusz_v2.0.6/edf/dev/aaaaaskf/s004_2014/03_tcp_ar_a/aaaaaskf_s004_t001.edf,18,
tusz,tusz_v2.0.6/edf/dev/aaaaaskf/s004_2014/03_tcp_ar_a/aaaaaskf_s004_t002.edf,18,
tusz,tusz_v2.0.6/edf/dev/aaaaaskf/s004_2014/03_tcp_ar_a/aaaaaskf_s004_t003.edf,18,
tusz,tusz_v2.0.6/edf/dev/aaaaaskf/s004_2014/03_tcp_ar_a/aaaaaskf_s004_t004.edf,18,
tusz,tusz_v2.0.6/edf/dev/aaaaaskf/s004_2014/03_tcp_ar_a/aaaaaskf_s004_t005.edf,18,
tusz,tusz_v2.0.6/edf/dev/aaaaaskf/s004_2014/03_tcp_ar_a/aaaaaskf_s004_t006.edf,18,
tusz,tusz_v2.0.6/edf/dev/aaaaaskf/s004_2014/03_tcp_ar_a/aaaaaskf_s004_t007.edf,18,
tusz,tusz_v2.0.6/edf/dev/aaaaaskf/s004_2014/03_tcp_ar_a/aaaaaskf_s004_t008.edf,18,
tusz,tusz_v2.0.6/edf/dev/aaaaaskf/s004_2014/03_tcp_ar_a/aaaaaskf_s004_t009.edf,18,
tusz,tusz_v2.0.6/edf/dev/aaaaaskf/s004_2014/03_tcp_ar_a/aaaaaskf_s004_t010.edf,18,
tusz,tusz_v2.0.6/edf/dev/aaaaaskf/s004_2014/03_tcp_ar_a/aaaaaskf_s004_t012.edf,18,
tusz,tusz_v2.0.6/edf/dev/aaaaaskf/s004_2014/03_tcp_ar_a/aaaaaskf_s004_t013.edf,18,
tusz,tusz_v2.0.6/edf/dev/aaaaaskf/s004_2014/03_tcp_ar_a/aaaaaskf_s004_t014.edf,18,
tusz,tusz_v2.0.6/edf/dev/aaaaaskf/s004_2014/03_tcp_ar_a/aaaaaskf_s004_t015.edf,18,
tusz,tusz_v2.0.6/edf/dev/aaaaaskf/s004_2014/03_tcp_ar_a/aaaaaskf_s004_t016.edf,18,
tusz,tusz_v2.0.6/edf/dev/aaaaaskf/s005_2014/03_tcp_ar_a/aaaaaskf_s005_t000.edf,18,
tusz,tusz_v2.0.6/edf/dev/aaaaaskf/s005_2014/03_tcp_ar_a/aaaaaskf_s005_t001.edf,18,
tusz,tusz_v2.0.6/edf/dev/aaaaaskf/s005_2014/03_tcp_ar_a/aaaaaskf_s005_t002.edf,18,
tusz,tusz_v2.0.6/edf/dev/aaaaaskf/s005_2014/03_tcp_ar_a/aaaaaskf_s005_t003.edf,18,
tusz,tusz_v2.0.6/edf/dev/aaaaaskf/s005_2014/03_tcp_ar_a/aaaaaskf_s005_t004.edf,18,
tusz,tusz_v2.0.6/edf/dev/aaaaaskf/s005_2014/03_tcp_ar_a/aaaaaskf_s005_t005.edf,18,
tusz,tusz_v2.0.6/edf/dev/aaaaaskf/s005_2014/03_tcp_ar_a/aaaaaskf_s005_t006.edf,18,
tusz,tusz_v2.0.6/edf/dev/aaaaaskf/s005_2014/03_tcp_ar_a/aaaaaskf_s005_t007.edf,18,
tusz,tusz_v2.0.6/edf/dev/aaaaaskf/s005_2014/03_tcp_ar_a/aaaaaskf_s005_t008.edf,18,
tusz,tusz_v2.0.6/edf/dev/aaaaaskf/s005_2014/03_tcp_ar_a/aaaaaskf_s005_t009.edf,18,
tusz,tusz_v2.0.6/edf/dev/aaaaaskf/s006_2014/03_tcp_ar_a/aaaaaskf_s006_t000.edf,18,
tusz,tusz_v2.0.6/edf/dev/aaaaaskf/s006_2014/03_tcp_ar_a/aaaaaskf_s006_t001.edf,18,
tusz,tusz_v2.0.6/edf/dev/aaaaaskf/s006_2014/03_tcp_ar_a/aaaaaskf_s006_t002.edf,18,
tusz,tusz_v2.0.6/edf/dev/aaaaaskf/s006_2014/03_tcp_ar_a/aaaaaskf_s006_t003.edf,18,
tusz,tusz_v2.0.6/edf/dev/aaaaaskf/s006_2014/03_tcp_ar_a/aaaaaskf_s006_t004.edf,18,
tusz,tusz_v2.0.6/edf/dev/aaaaaskf/s006_2014/03_tcp_ar_a/aaaaaskf_s006_t005.edf,18,
tusz,tusz_v2.0.6/edf/dev/aaaaaskf/s006_2014/03_tcp_ar_a/aaaaaskf_s006_t006.edf,18,
tusz,tusz_v2.0.6/edf/dev/aaaaaskf/s006_2014/03_tcp_ar_a/aaaaaskf_s006_t007.edf,18,
tusz,tusz_v2.0.6/edf/dev/aaaaaskf/s006_2014/03_tcp_ar_a/aaaaaskf_s006_t008.edf,18,
tusz,tusz_v2.0.6/edf/dev/aaaaaskf/s006_2014/03_tcp_ar_a/aaaaaskf_s006_t009.edf,18,
tusz,tusz_v2.0.6/edf/dev/aaaaaskf/s007_2014/03_tcp_ar_a/aaaaaskf_s007_t000.edf,18,
tusz,tusz_v2.0.6/edf/dev/aaaaaskf/s007_2014/03_tcp_ar_a/aaaaaskf_s007_t001.edf,18,
tusz,tusz_v2.0.6/edf/dev/aaaaaskf/s007_2014/03_tcp_ar_a/aaaaaskf_s007_t002.edf,18,
tusz,tusz_v2.0.6/edf/dev/aaaaaskf/s007_2014/03_tcp_ar_a/aaaaaskf_s007_t003.edf,18,
tusz,tusz_v2.0.6/edf/dev/aaaaaskf/s007_2014/03_tcp_ar_a/aaaaaskf_s007_t004.edf,18,
tusz,tusz_v2.0.6/edf/dev/aaaaaskf/s007_2014/03_tcp_ar_a/aaaaaskf_s007_t005.edf,18,
tusz,tusz_v2.0.6/edf/dev/aaaaaskf/s007_2014/03_tcp_ar_a/aaaaaskf_s007_t006.edf,18,
tusz,tusz_v2.0.6/edf/dev/aaaaaskf/s007_2014/03_tcp_ar_a/aaaaaskf_s007_t007.edf,18,
tusz,tusz_v2.0.6/edf/dev/aaaaaskf/s007_2014/03_tcp_ar_a/aaaaaskf_s007_t008.edf,18,
tusz,tusz_v2.0.6/edf/dev/aaaaaskf/s008_2014/03_tcp_ar_a/aaaaaskf_s008_t000.edf,18,
tusz,tusz_v2.0.6/edf/dev/aaaaaskf/s008_2014/03_tcp_ar_a/aaaaaskf_s008_t001.edf,18,
tusz,tusz_v2.0.6/edf/dev/aaaaaskf/s008_2014/03_tcp_ar_a/aaaaaskf_s008_t002.edf,18,
tusz,tusz_v2.0.6/edf/dev/aaaaaskf/s008_2014/03_tcp_ar_a/aaaaaskf_s008_t003.edf,18,
tusz,tusz_v2.0.6/edf/dev/aaaaaskf/s008_2014/03_tcp_ar_a/aaaaaskf_s008_t004.edf,18,
tusz,tusz_v2.0.6/edf/dev/aaaaaskf/s008_2014/03_tcp_ar_a/aaaaaskf_s008_t005.edf,18,
tusz,tusz_v2.0.6/edf/dev/aaaaaskf/s008_2014/03_tcp_ar_a/aaaaaskf_s008_t006.edf,18,
tusz,tusz_v2.0.6/edf/dev/aaaaaskf/s008_2014/03_tcp_ar_a/aaaaaskf_s008_t007.edf,18,
tusz,tusz_v2.0.6/edf/dev/aaaaaskf/s008_2014/03_tcp_ar_a/aaaaaskf_s008_t008.edf,18,
tusz,tusz_v2.0.6/edf/dev/aaaaaskf/s008_2014/03_tcp_ar_a/aaaaaskf_s008_t009.edf,18,
tusz,tusz_v2.0.6/edf/dev/aaaaaskf/s008_2014/03_tcp_ar_a/aaaaaskf_s008_t010.edf,18,
tusz,tusz_v2.0.6/edf/dev/aaaaaskf/s009_2015/01_tcp_ar/aaaaaskf_s009_t000.edf,18,
tusz,tusz_v2.0.6/edf/dev/aaaaaskf/s009_2015/01_tcp_ar/aaaaaskf_s009_t001.edf,18,
tusz,tusz_v2.0.6/edf/dev/aaaaaskf/s009_2015/01_tcp_ar/aaaaaskf_s009_t002.edf,18,
tusz,tusz_v2.0.6/edf/dev/aaaaatgc/s001_2015/01_tcp_ar/aaaaatgc_s001_t000.edf,18,
tusz,tusz_v2.0.6/edf/dev/aaaaatgc/s001_2015/01_tcp_ar/aaaaatgc_s001_t001.edf,18,
tusz,tusz_v2.0.6/edf/dev/aaaaatgc/s002_2015/01_tcp_ar/aaaaatgc_s002_t000.edf,18,
tusz,tusz_v2.0.6/edf/dev/aaaaatgc/s003_2015/03_tcp_ar_a/aaaaatgc_s003_t000.edf,16,Fz-Cz;Cz-Pz
tusz,tusz_v2.0.6/edf/dev/aaaaatgc/s003_2015/03_tcp_ar_a/aaaaatgc_s003_t001.edf,16,Fz-Cz;Cz-Pz
tusz,tusz_v2.0.6/edf/dev/aaaaatgc/s003_2015/03_tcp_ar_a/aaaaatgc_s003_t002.edf,16,Fz-Cz;Cz-Pz
tusz,tusz_v2.0.6/edf/dev/aaaaatgc/s003_2015/03_tcp_ar_a/aaaaatgc_s003_t003.edf,16,Fz-Cz;Cz-Pz
tusz,tusz_v2.0.6/edf/dev/aaaaatgc/s003_2015/03_tcp_ar_a/aaaaatgc_s003_t004.edf,16,Fz-Cz;Cz-Pz
tusz,tusz_v2.0.6/edf/dev/aaaaatgc/s003_2015/03_tcp_ar_a/aaaaatgc_s003_t005.edf,16,Fz-Cz;Cz-Pz
tusz,tusz_v2.0.6/edf/dev/aaaaatgc/s003_2015/03_tcp_ar_a/aaaaatgc_s003_t006.edf,16,Fz-Cz;Cz-Pz
tusz,tusz_v2.0.6/edf/dev/aaaaatgc/s004_2015/03_tcp_ar_a/aaaaatgc_s004_t000.edf,18,
tusz,tusz_v2.0.6/edf/dev/aaaaatgc/s004_2015/03_tcp_ar_a/aaaaatgc_s004_t001.edf,18,
tusz,tusz_v2.0.6/edf/dev/aaaaatgc/s004_2015/03_tcp_ar_a/aaaaatgc_s004_t002.edf,18,
tusz,tusz_v2.0.6/edf/dev/aaaaatgc/s004_2015/03_tcp_ar_a/aaaaatgc_s004_t003.edf,18,
tusz,tusz_v2.0.6/edf/dev/aaaaatgc/s004_2015/03_tcp_ar_a/aaaaatgc_s004_t004.edf,18,
tusz,tusz_v2.0.6/edf/dev/aaaaatgc/s004_2015/03_tcp_ar_a/aaaaatgc_s004_t005.edf,18,
tusz,tusz_v2.0.6/edf/dev/aaaaatgc/s004_2015/03_tcp_ar_a/aaaaatgc_s004_t006.edf,18,
tusz,tusz_v2.0.6/edf/dev/aaaaatgc/s004_2015/03_tcp_ar_a/aaaaatgc_s004_t007.edf,18,
tusz,tusz_v2.0.6/edf/dev/aaaaatgc/s004_2015/03_tcp_ar_a/aaaaatgc_s004_t008.edf,18,
tusz,tusz_v2.0.6/edf/dev/aaaaatgc/s004_2015/03_tcp_ar_a/aaaaatgc_s004_t009.edf,18,
tusz,tusz_v2.0.6/edf/dev/aaaaatgc/s004_2015/03_tcp_ar_a/aaaaatgc_s004_t010.edf,18,
tusz,tusz_v2.0.6/edf/dev/aaaaatgc/s004_2015/03_tcp_ar_a/aaaaatgc_s004_t011.edf,18,
tusz,tusz_v2.0.6/edf/dev/aaaaatgc/s004_2015/03_tcp_ar_a/aaaaatgc_s004_t012.edf,18,
tusz,tusz_v2.0.6/edf/dev/aaaaatgc/s004_2015/03_tcp_ar_a/aaaaatgc_s004_t013.edf,18,
tusz,tusz_v2.0.6/edf/dev/aaaaatgc/s004_2015/03_tcp_ar_a/aaaaatgc_s004_t014.edf,18,
tusz,tusz_v2.0.6/edf/dev/aaaaatgc/s004_2015/03_tcp_ar_a/aaaaatgc_s004_t015.edf,18,
tusz,tusz_v2.0.6/edf/dev/aaaaatgc/s004_2015/03_tcp_ar_a/aaaaatgc_s004_t016.edf,18,
tusz,tusz_v2.0.6/edf/dev/aaaaatgc/s005_2015/03_tcp_ar_a/aaaaatgc_s005_t000.edf,18,
tusz,tusz_v2.0.6/edf/dev/aaaaatgc/s005_2015/03_tcp_ar_a/aaaaatgc_s005_t001.edf,18,
tusz,tusz_v2.0.6/edf/dev/aaaaatgc/s005_2015/03_tcp_ar_a/aaaaatgc_s005_t002.edf,18,
tusz,tusz_v2.0.6/edf/dev/aaaaatgc/s005_2015/03_tcp_ar_a/aaaaatgc_s005_t003.edf,18,
tusz,tusz_v2.0.6/edf/dev/aaaaatgc/s005_2015/03_tcp_ar_a/aaaaatgc_s005_t004.edf,18,
tusz,tusz_v2.0.6/edf/dev/aaaaatgc/s005_2015/03_tcp_ar_a/aaaaatgc_s005_t005.edf,18,
tusz,tusz_v2.0.6/edf/dev/aaaaatgc/s005_2015/03_tcp_ar_a/aaaaatgc_s005_t006.edf,18,
tusz,tusz_v2.0.6/edf/dev/aaaaatgc/s005_2015/03_tcp_ar_a/aaaaatgc_s005_t007.edf,18,
tusz,tusz_v2.0.6/edf/dev/aaaaatgc/s005_2015/03_tcp_ar_a/aaaaatgc_s005_t008.edf,18,
tusz,tusz_v2.0.6/edf/dev/aaaaatgc/s006_2015/03_tcp_ar_a/aaaaatgc_s006_t000.edf,18,
tusz,tusz_v2.0.6/edf/dev/aaaaatgc/s006_2015/03_tcp_ar_a/aaaaatgc_s006_t002.edf,18,
tusz,tusz_v2.0.6/edf/dev/aaaaatgc/s006_2015/03_tcp_ar_a/aaaaatgc_s006_t003.edf,18,
tusz,tusz_v2.0.6/edf/dev/aaaaatgc/s006_2015/03_tcp_ar_a/aaaaatgc_s006_t004.edf,18,
tusz,tusz_v2.0.6/edf/dev/aaaaatgc/s006_2015/03_tcp_ar_a/aaaaatgc_s006_t005.edf,18,
tusz,tusz_v2.0.6/edf/dev/aaaaatgc/s006_2015/03_tcp_ar_a/aaaaatgc_s006_t006.edf,18,
tusz,tusz_v2.0.6/edf/dev/aaaaatgc/s006_2015/03_tcp_ar_a/aaaaatgc_s006_t007.edf,18,
tusz,tusz_v2.0.6/edf/dev/aaaaatgc/s006_2015/03_tcp_ar_a/aaaaatgc_s006_t008.edf,18,
tusz,tusz_v2.0.6/edf/dev/aaaaatgc/s006_2015/03_tcp_ar_a/aaaaatgc_s006_t009.edf,18,
tusz,tusz_v2.0.6/edf/dev/aaaaatgc/s006_2015/03_tcp_ar_a/aaaaatgc_s006_t010.edf,18,
tusz,tusz_v2.0.6/edf/dev/aaaaatgc/s006_2015/03_tcp_ar_a/aaaaatgc_s006_t011.edf,18,
tusz,tusz_v2.0.6/edf/eval/aaaaaaaq/s006_2014/01_tcp_ar/aaaaaaaq_s006_t000.edf,18,
tusz,tusz_v2.0.6/edf/eval/aaaaaaaq/s006_2014/01_tcp_ar/aaaaaaaq_s006_t001.edf,18,
tusz,tusz_v2.0.6/edf/eval/aaaaaaaq/s007_2014/01_tcp_ar/aaaaaaaq_s007_t000.edf,18,
tusz,tusz_v2.0.6/edf/eval/aaaaaaaq/s007_2014/01_tcp_ar/aaaaaaaq_s007_t001.edf,18,
tusz,tusz_v2.0.6/edf/eval/aaaaaaaq/s007_2014/01_tcp_ar/aaaaaaaq_s007_t002.edf,18,
tusz,tusz_v2.0.6/edf/eval/aaaaaaaq/s007_2014/01_tcp_ar/aaaaaaaq_s007_t003.edf,18,
tusz,tusz_v2.0.6/edf/eval/aaaaaaaq/s007_2014/01_tcp_ar/aaaaaaaq_s007_t004.edf,18,
tusz,tusz_v2.0.6/edf/eval/aaaaaaaq/s007_2014/01_tcp_ar/aaaaaaaq_s007_t005.edf,18,
tusz,tusz_v2.0.6/edf/eval/aaaaaaaq/s007_2014/01_tcp_ar/aaaaaaaq_s007_t006.edf,18,
tusz,tusz_v2.0.6/edf/eval/aaaaaaaq/s009_2014/01_tcp_ar/aaaaaaaq_s009_t000.edf,18,
tusz,tusz_v2.0.6/edf/eval/aaaaaaaq/s009_2014/01_tcp_ar/aaaaaaaq_s009_t001.edf,18,
tusz,tusz_v2.0.6/edf/eval/aaaaaaaq/s009_2014/01_tcp_ar/aaaaaaaq_s009_t002.edf,18,
tusz,tusz_v2.0.6/edf/eval/aaaaaamc/s012_2015/01_tcp_ar/aaaaaamc_s012_t001.edf,18,
tusz,tusz_v2.0.6/edf/eval/aaaaaamc/s012_2015/01_tcp_ar/aaaaaamc_s012_t002.edf,18,
tusz,tusz_v2.0.6/edf/eval/aaaaaamc/s013_2015/01_tcp_ar/aaaaaamc_s013_t001.edf,18,
tusz,tusz_v2.0.6/edf/eval/aaaaaamc/s013_2015/01_tcp_ar/aaaaaamc_s013_t002.edf,18,
tusz,tusz_v2.0.6/edf/eval/aaaaaamc/s013_2015/01_tcp_ar/aaaaaamc_s013_t003.edf,18,
tusz,tusz_v2.0.6/edf/eval/aaaaaarq/s014_2014/01_tcp_ar/aaaaaarq_s014_t000.edf,18,
tusz,tusz_v2.0.6/edf/eval/aaaaaarq/s014_2014/01_tcp_ar/aaaaaarq_s014_t001.edf,18,
tusz,tusz_v2.0.6/edf/eval/aaaaaarq/s014_2014/01_tcp_ar/aaaaaarq_s014_t002.edf,18,
tusz,tusz_v2.0.6/edf/eval/aaaaaarq/s014_2014/01_tcp_ar/aaaaaarq_s014_t003.edf,18,
tusz,tusz_v2.0.6/edf/eval/aaaaaarq/s014_2014/01_tcp_ar/aaaaaarq_s014_t005.edf,18,
tusz,tusz_v2.0.6/edf/eval/aaaaaarq/s014_2014/01_tcp_ar/aaaaaarq_s014_t006.edf,18,
tusz,tusz_v2.0.6/edf/eval/aaaaaarq/s014_2014/01_tcp_ar/aaaaaarq_s014_t007.edf,18,
tusz,tusz_v2.0.6/edf/eval/aaaaaarq/s014_2014/01_tcp_ar/aaaaaarq_s014_t008.edf,18,
tusz,tusz_v2.0.6/edf/eval/aaaaaarq/s014_2014/01_tcp_ar/aaaaaarq_s014_t009.edf,18,
tusz,tusz_v2.0.6/edf/eval/aaaaaarq/s014_2014/01_tcp_ar/aaaaaarq_s014_t011.edf,18,
tusz,tusz_v2.0.6/edf/eval/aaaaaarq/s014_2014/01_tcp_ar/aaaaaarq_s014_t012.edf,18,
tusz,tusz_v2.0.6/edf/eval/aaaaaarq/s014_2014/01_tcp_ar/aaaaaarq_s014_t013.edf,18,
tusz,tusz_v2.0.6/edf/eval/aaaaaarq/s016_2014/01_tcp_ar/aaaaaarq_s016_t000.edf,18,
tusz,tusz_v2.0.6/edf/eval/aaaaaarq/s016_2014/01_tcp_ar/aaaaaarq_s016_t001.edf,18,
tusz,tusz_v2.0.6/edf/eval/aaaaaarq/s016_2014/01_tcp_ar/aaaaaarq_s016_t002.edf,18,
tusz,tusz_v2.0.6/edf/eval/aaaaaarq/s016_2014/01_tcp_ar/aaaaaarq_s016_t003.edf,18,
tusz,tusz_v2.0.6/edf/eval/aaaaaarq/s016_2014/01_tcp_ar/aaaaaarq_s016_t005.edf,18,
tusz,tusz_v2.0.6/edf/eval/aaaaaarq/s016_2014/01_tcp_ar/aaaaaarq_s016_t006.edf,18,
tusz,tusz_v2.0.6/edf/eval/aaaaaarq/s016_2014/01_tcp_ar/aaaaaarq_s016_t007.edf,18,
tusz,tusz_v2.0.6/edf/eval/aaaaaarq/s017_2014/01_tcp_ar/aaaaaarq_s017_t000.edf,18,
tusz,tusz_v2.0.6/edf/eval/aaaaaarq/s017_2014/01_tcp_ar/aaaaaarq_s017_t001.edf,18,
tusz,tusz_v2.0.6/edf/eval/aaaaaarq/s017_2014/01_tcp_ar/aaaaaarq_s017_t005.edf,18,
tusz,tusz_v2.0.6/edf/eval/aaaaaarq/s017_2014/01_tcp_ar/aaaaaarq_s017_t007.edf,18,
tusz,tusz_v2.0.6/edf/eval/aaaaaarq/s017_2014/01_tcp_ar/aaaaaarq_s017_t008.edf,18,
tusz,tusz_v2.0.6/edf/eval/aaaaaarq/s017_2014/01_tcp_ar/aaaaaarq_s017_t013.edf,18,
tusz,tusz_v2.0.6/edf/eval/aaaaaarq/s017_2014/01_tcp_ar/aaaaaarq_s017_t014.edf,18,
tusz,tusz_v2.0.6/edf/eval/aaaaaarq/s017_2014/01_tcp_ar/aaaaaarq_s017_t016.edf,18,
tusz,tusz_v2.0.6/edf/eval/aaaaaarq/s017_2014/01_tcp_ar/aaaaaarq_s017_t017.edf,18,
tusz,tusz_v2.0.6/edf/eval/aaaaaarq/s017_2014/01_tcp_ar/aaaaaarq_s017_t020.edf,18,
tusz,tusz_v2.0.6/edf/eval/aaaaaarq/s017_2014/01_tcp_ar/aaaaaarq_s017_t021.edf,18,
tusz,tusz_v2.0.6/edf/eval/aaaaaarq/s017_2014/01_tcp_ar/aaaaaarq_s017_t022.edf,18,
tusz,tusz_v2.0.6/edf/eval/aaaaaarq/s017_2014/01_tcp_ar/aaaaaarq_s017_t023.edf,18,
tusz,tusz_v2.0.6/edf/eval/aaaaaarq/s018_2014/01_tcp_ar/aaaaaarq_s018_t000.edf,18,
tusz,tusz_v2.0.6/edf/eval/aaaaaarq/s018_2014/01_tcp_ar/aaaaaarq_s018_t001.edf,18,
tusz,tusz_v2.0.6/edf/eval/aaaaaarq/s018_2014/01_tcp_ar/aaaaaarq_s018_t002.edf,18,
tusz,tusz_v2.0.6/edf/eval/aaaaaarq/s018_2014/01_tcp_ar/aaaaaarq_s018_t003.edf,18,
tusz,tusz_v2.0.6/edf/eval/aaaaaarq/s018_2014/01_tcp_ar/aaaaaarq_s018_t004.edf,18,
tusz,tusz_v2.0.6/edf/eval/aaaaaarq/s018_2014/01_tcp_ar/aaaaaarq_s018_t005.edf,18,
tusz,tusz_v2.0.6/edf/eval/aaaaaarq/s018_2014/01_tcp_ar/aaaaaarq_s018_t007.edf,18,
tusz,tusz_v2.0.6/edf/eval/aaaaaarq/s018_2014/01_tcp_ar/aaaaaarq_s018_t008.edf,18,
tusz,tusz_v2.0.6/edf/eval/aaaaaarq/s018_2014/01_tcp_ar/aaaaaarq_s018_t009.edf,18,
tusz,tusz_v2.0.6/edf/eval/aaaaaarq/s018_2014/01_tcp_ar/aaaaaarq_s018_t010.edf,18,
tusz,tusz_v2.0.6/edf/eval/aaaaaarq/s018_2014/01_tcp_ar/aaaaaarq_s018_t011.edf,18,
tusz,tusz_v2.0.6/edf/eval/aaaaaefp/s007_2014/01_tcp_ar/aaaaaefp_s007_t001.edf,18,
tusz,tusz_v2.0.6/edf/eval/aaaaaefp/s007_2014/01_tcp_ar/aaaaaefp_s007_t002.edf,18,
tusz,tusz_v2.0.6/edf/eval/aaaaafcf/s009_2014/01_tcp_ar/aaaaafcf_s009_t000.edf,18,
tusz,tusz_v2.0.6/edf/eval/aaaaafcf/s009_2014/01_tcp_ar/aaaaafcf_s009_t003.edf,18,
tusz,tusz_v2.0.6/edf/eval/aaaaafcf/s009_2014/01_tcp_ar/aaaaafcf_s009_t004.edf,18,
tusz,tusz_v2.0.6/edf/eval/aaaaafcf/s009_2014/01_tcp_ar/aaaaafcf_s009_t005.edf,18,
tusz,tusz_v2.0.6/edf/eval/aaaaafcf/s009_2014/01_tcp_ar/aaaaafcf_s009_t006.edf,18,
tusz,tusz_v2.0.6/edf/eval/aaaaafcf/s009_2014/01_tcp_ar/aaaaafcf_s009_t007.edf,18,
tusz,tusz_v2.0.6/edf/eval/aaaaafcf/s009_2014/01_tcp_ar/aaaaafcf_s009_t009.edf,18,
tusz,tusz_v2.0.6/edf/eval/aaaaafcf/s009_2014/01_tcp_ar/aaaaafcf_s009_t010.edf,18,
tusz,tusz_v2.0.6/edf/eval/aaaaafcf/s009_2014/01_tcp_ar/aaaaafcf_s009_t011.edf,18,
tusz,tusz_v2.0.6/edf/eval/aaaaafcf/s009_2014/01_tcp_ar/aaaaafcf_s009_t012.edf,18,
tusz,tusz_v2.0.6/edf/eval/aaaaafcf/s009_2014/01_tcp_ar/aaaaafcf_s009_t013.edf,18,
tusz,tusz_v2.0.6/edf/eval/aaaaaghb/s009_2014/01_tcp_ar/aaaaaghb_s009_t000.edf,18,
tusz,tusz_v2.0.6/edf/eval/aaaaaghb/s009_2014/01_tcp_ar/aaaaaghb_s009_t001.edf,18,
tusz,tusz_v2.0.6/edf/eval/aaaaaghb/s009_2014/01_tcp_ar/aaaaaghb_s009_t002.edf,18,
tusz,tusz_v2.0.6/edf/eval/aaaaaghb/s009_2014/01_tcp_ar/aaaaaghb_s009_t003.edf,18,
tusz,tusz_v2.0.6/edf/eval/aaaaaghb/s009_2014/01_tcp_ar/aaaaaghb_s009_t004.edf,18,
tusz,tusz_v2.0.6/edf/eval/aaaaaghb/s010_2014/01_tcp_ar/aaaaaghb_s010_t000.edf,18,
tusz,tusz_v2.0.6/edf/eval/aaaaaghb/s010_2014/01_tcp_ar/aaaaaghb_s010_t001.edf,18,
tusz,tusz_v2.0.6/edf/eval/aaaaaghb/s010_2014/01_tcp_ar/aaaaaghb_s010_t002.edf,18,
tusz,tusz_v2.0.6/edf/eval/aaaaaghb/s010_2014/01_tcp_ar/aaaaaghb_s010_t003.edf,18,
tusz,tusz_v2.0.6/edf/eval/aaaaaghb/s010_2014/01_tcp_ar/aaaaaghb_s010_t004.edf,18,
tusz,tusz_v2.0.6/edf/eval/aaaaaghb/s010_2014/01_tcp_ar/aaaaaghb_s010_t005.edf,18,
tusz,tusz_v2.0.6/edf/eval/aaaaaghb/s010_2014/01_tcp_ar/aaaaaghb_s010_t006.edf,18,
tusz,tusz_v2.0.6/edf/eval/aaaaaghb/s010_2014/01_tcp_ar/aaaaaghb_s010_t007.edf,18,
tusz,tusz_v2.0.6/edf/eval/aaaaaghb/s011_2014/01_tcp_ar/aaaaaghb_s011_t000.edf,18,
tusz,tusz_v2.0.6/edf/eval/aaaaaghb/s011_2014/01_tcp_ar/aaaaaghb_s011_t001.edf,18,
tusz,tusz_v2.0.6/edf/eval/aaaaaghb/s011_2014/01_tcp_ar/aaaaaghb_s011_t002.edf,18,
tusz,tusz_v2.0.6/edf/eval/aaaaaghb/s011_2014/01_tcp_ar/aaaaaghb_s011_t003.edf,18,
tusz,tusz_v2.0.6/edf/eval/aaaaaghb/s011_2014/01_tcp_ar/aaaaaghb_s011_t004.edf,18,
tusz,tusz_v2.0.6/edf/eval/aaaaaghb/s011_2014/01_tcp_ar/aaaaaghb_s011_t005.edf,18,
tusz,tusz_v2.0.6/edf/eval/aaaaahlk/s004_2014/01_tcp_ar/aaaaahlk_s004_t000.edf,18,
tusz,tusz_v2.0.6/edf/eval/aaaaahlk/s004_2014/01_tcp_ar/aaaaahlk_s004_t001.edf,18,
tusz,tusz_v2.0.6/edf/eval/aaaaahlk/s004_2014/01_tcp_ar/aaaaahlk_s004_t002.edf,18,
tusz,tusz_v2.0.6/edf/eval/aaaaahlk/s006_2014/01_tcp_ar/aaaaahlk_s006_t000.edf,18,
tusz,tusz_v2.0.6/edf/eval/aaaaahlk/s006_2014/01_tcp_ar/aaaaahlk_s006_t001.edf,18,
tusz,tusz_v2.0.6/edf/eval/aaaaahlk/s006_2014/01_tcp_ar/aaaaahlk_s006_t002.edf,18,
tusz,tusz_v2.0.6/edf/eval/aaaaahlk/s006_2014/01_tcp_ar/aaaaahlk_s006_t003.edf,18,
tusz,tusz_v2.0.6/edf/eval/aaaaahlk/s006_2014/01_tcp_ar/aaaaahlk_s006_t004.edf,18,
tusz,tusz_v2.0.6/edf/eval/aaaaahlk/s006_2014/01_tcp_ar/aaaaahlk_s006_t005.edf,18,
tusz,tusz_v2.0.6/edf/eval/aaaaahlk/s006_2014/01_tcp_ar/aaaaahlk_s006_t006.edf,18,
tusz,tusz_v2.0.6/edf/eval/aaaaahlk/s006_2014/01_tcp_ar/aaaaahlk_s006_t007.edf,18,
tusz,tusz_v2.0.6/edf/eval/aaaaahlk/s006_2014/01_tcp_ar/aaaaahlk_s006_t008.edf,18,
tusz,tusz_v2.0.6/edf/eval/aaaaahlk/s006_2014/01_tcp_ar/aaaaahlk_s006_t009.edf,18,
tusz,tusz_v2.0.6/edf/eval/aaaaahlk/s006_2014/01_tcp_ar/aaaaahlk_s006_t011.edf,18,
tusz,tusz_v2.0.6/edf/eval/aaaaahlk/s006_2014/01_tcp_ar/aaaaahlk_s006_t012.edf,18,
tusz,tusz_v2.0.6/edf/eval/aaaaahlk/s006_2014/01_tcp_ar/aaaaahlk_s006_t013.edf,18,
tusz,tusz_v2.0.6/edf/eval/aaaaahlk/s006_2014/01_tcp_ar/aaaaahlk_s006_t014.edf,18,
tusz,tusz_v2.0.6/edf/eval/aaaaahlk/s006_2014/01_tcp_ar/aaaaahlk_s006_t015.edf,18,
tusz,tusz_v2.0.6/edf/eval/aaaaahlk/s007_2014/01_tcp_ar/aaaaahlk_s007_t000.edf,18,
tusz,tusz_v2.0.6/edf/eval/aaaaahlk/s007_2014/01_tcp_ar/aaaaahlk_s007_t002.edf,18,
tusz,tusz_v2.0.6/edf/eval/aaaaahlk/s007_2014/01_tcp_ar/aaaaahlk_s007_t004.edf,18,
tusz,tusz_v2.0.6/edf/eval/aaaaahlk/s007_2014/01_tcp_ar/aaaaahlk_s007_t005.edf,18,
tusz,tusz_v2.0.6/edf/eval/aaaaahlk/s007_2014/01_tcp_ar/aaaaahlk_s007_t006.edf,18,
tusz,tusz_v2.0.6/edf/eval/aaaaahlk/s007_2014/01_tcp_ar/aaaaahlk_s007_t007.edf,18,
tusz,tusz_v2.0.6/edf/eval/aaaaahlk/s007_2014/01_tcp_ar/aaaaahlk_s007_t008.edf,18,
tusz,tusz_v2.0.6/edf/eval/aaaaahlk/s007_2014/01_tcp_ar/aaaaahlk_s007_t009.edf,18,
tusz,tusz_v2.0.6/edf/eval/aaaaahlk/s007_2014/01_tcp_ar/aaaaahlk_s007_t010.edf,18,
tusz,tusz_v2.0.6/edf/eval/aaaaahlk/s007_2014/01_tcp_ar/aaaaahlk_s007_t011.edf,18,
tusz,tusz_v2.0.6/edf/eval/aaaaahlk/s007_2014/01_tcp_ar/aaaaahlk_s007_t012.edf,18,
tusz,tusz_v2.0.6/edf/eval/aaaaahlk/s008_2014/01_tcp_ar/aaaaahlk_s008_t000.edf,18,
tusz,tusz_v2.0.6/edf/eval/aaaaahlk/s008_2014/01_tcp_ar/aaaaahlk_s008_t001.edf,18,
tusz,tusz_v2.0.6/edf/eval/aaaaahlk/s008_2014/01_tcp_ar/aaaaahlk_s008_t002.edf,18,
tusz,tusz_v2.0.6/edf/eval/aaaaahlk/s008_2014/01_tcp_ar/aaaaahlk_s008_t003.edf,18,
tusz,tusz_v2.0.6/edf/eval/aaaaahlk/s008_2014/01_tcp_ar/aaaaahlk_s008_t004.edf,18,
tusz,tusz_v2.0.6/edf/eval/aaaaahlk/s008_2014/01_tcp_ar/aaaaahlk_s008_t005.edf,18,
tusz,tusz_v2.0.6/edf/eval/aaaaahlk/s008_2014/01_tcp_ar/aaaaahlk_s008_t006.edf,18,
tusz,tusz_v2.0.6/edf/eval/aaaaahlk/s008_2014/01_tcp_ar/aaaaahlk_s008_t007.edf,18,
tusz,tusz_v2.0.6/edf/eval/aaaaahlk/s008_2014/01_tcp_ar/aaaaahlk_s008_t011.edf,18,
tusz,tusz_v2.0.6/edf/eval/aaaaahlk/s008_2014/01_tcp_ar/aaaaahlk_s008_t012.edf,18,
tusz,tusz_v2.0.6/edf/eval/aaaaahlk/s008_2014/01_tcp_ar/aaaaahlk_s008_t013.edf,18,
tusz,tusz_v2.0.6/edf/eval/aaaaahlk/s009_2014/01_tcp_ar/aaaaahlk_s009_t000.edf,18,
tusz,tusz_v2.0.6/edf/eval/aaaaahlk/s009_2014/01_tcp_ar/aaaaahlk_s009_t001.edf,18,
tusz,tusz_v2.0.6/edf/eval/aaaaahlk/s009_2014/01_tcp_ar/aaaaahlk_s009_t002.edf,18,
tusz,tusz_v2.0.6/edf/eval/aaaaahlk/s009_2014/01_tcp_ar/aaaaahlk_s009_t003.edf,18,
tusz,tusz_v2.0.6/edf/eval/aaaaahlk/s009_2014/01_tcp_ar/aaaaahlk_s009_t004.edf,18,
tusz,tusz_v2.0.6/edf/eval/aaaaahlk/s009_2014/01_tcp_ar/aaaaahlk_s009_t005.edf,18,
tusz,tusz_v2.0.6/edf/eval/aaaaahsi/s011_2014/01_tcp_ar/aaaaahsi_s011_t000.edf,18,
tusz,tusz_v2.0.6/edf/eval/aaaaahsi/s013_2014/01_tcp_ar/aaaaahsi_s013_t000.edf,18,
tusz,tusz_v2.0.6/edf/eval/aaaaahsi/s013_2014/01_tcp_ar/aaaaahsi_s013_t001.edf,18,
tusz,tusz_v2.0.6/edf/eval/aaaaahsi/s013_2014/01_tcp_ar/aaaaahsi_s013_t002.edf,18,
tusz,tusz_v2.0.6/edf/eval/aaaaahsi/s013_2014/01_tcp_ar/aaaaahsi_s013_t003.edf,18,
tusz,tusz_v2.0.6/edf/eval/aaaaahsi/s013_2014/01_tcp_ar/aaaaahsi_s013_t004.edf,18,
tusz,tusz_v2.0.6/edf/eval/aaaaahsi/s013_2014/01_tcp_ar/aaaaahsi_s013_t005.edf,18,
tusz,tusz_v2.0.6/edf/eval/aaaaahsi/s013_2014/01_tcp_ar/aaaaahsi_s013_t006.edf,18,
tusz,tusz_v2.0.6/edf/eval/aaaaahsi/s013_2014/01_tcp_ar/aaaaahsi_s013_t007.edf,18,
tusz,tusz_v2.0.6/edf/eval/aaaaahsi/s014_2014/01_tcp_ar/aaaaahsi_s014_t000.edf,18,
tusz,tusz_v2.0.6/edf/eval/aaaaahsi/s015_2014/01_tcp_ar/aaaaahsi_s015_t000.edf,18,
tusz,tusz_v2.0.6/edf/eval/aaaaahsi/s015_2014/01_tcp_ar/aaaaahsi_s015_t001.edf,18,
tusz,tusz_v2.0.6/edf/eval/aaaaahsi/s015_2014/01_tcp_ar/aaaaahsi_s015_t002.edf,18,
tusz,tusz_v2.0.6/edf/eval/aaaaaiih/s003_2015/01_tcp_ar/aaaaaiih_s003_t000.edf,18,
tusz,tusz_v2.0.6/edf/eval/aaaaaiih/s003_2015/01_tcp_ar/aaaaaiih_s003_t001.edf,18,
tusz,tusz_v2.0.6/edf/eval/aaaaaiih/s006_2015/01_tcp_ar/aaaaaiih_s006_t000.edf,18,
tusz,tusz_v2.0.6/edf/eval/aaaaaiih/s006_2015/01_tcp_ar/aaaaaiih_s006_t001.edf,18,
tusz,tusz_v2.0.6/edf/eval/aaaaaiih/s006_2015/01_tcp_ar/aaaaaiih_s006_t002.edf,18,
tusz,tusz_v2.0.6/edf/eval/aaaaaiih/s006_2015/01_tcp_ar/aaaaaiih_s006_t003.edf,18,
tusz,tusz_v2.0.6/edf/eval/aaaaaiih/s006_2015/01_tcp_ar/aaaaaiih_s006_t004.edf,18,
tusz,tusz_v2.0.6/edf/eval/aaaaaiih/s006_2015/01_tcp_ar/aaaaaiih_s006_t005.edf,18,
tusz,tusz_v2.0.6/edf/eval/aaaaaiih/s006_2015/01_tcp_ar/aaaaaiih_s006_t006.edf,18,
tusz,tusz_v2.0.6/edf/eval/aaaaaiih/s006_2015/01_tcp_ar/aaaaaiih_s006_t007.edf,18,
tusz,tusz_v2.0.6/edf/eval/aaaaaiih/s006_2015/01_tcp_ar/aaaaaiih_s006_t008.edf,18,
tusz,tusz_v2.0.6/edf/eval/aaaaaijh/s005_2014/01_tcp_ar/aaaaaijh_s005_t002.edf,18,
tusz,tusz_v2.0.6/edf/eval/aaaaaijh/s005_2014/01_tcp_ar/aaaaaijh_s005_t003.edf,18,
tusz,tusz_v2.0.6/edf/eval/aaaaaijh/s006_2014/01_tcp_ar/aaaaaijh_s006_t000.edf,18,
tusz,tusz_v2.0.6/edf/eval/aaaaajdj/s004_2014/01_tcp_ar/aaaaajdj_s004_t001.edf,18,
tusz,tusz_v2.0.6/edf/eval/aaaaajdj/s004_2014/01_tcp_ar/aaaaajdj_s004_t002.edf,18,
tusz,tusz_v2.0.6/edf/eval/aaaaajdj/s004_2014/01_tcp_ar/aaaaajdj_s004_t003.edf,18,
tusz,tusz_v2.0.6/edf/eval/aaaaajdj/s004_2014/01_tcp_ar/aaaaajdj_s004_t004.edf,18,
tusz,tusz_v2.0.6/edf/eval/aaaaajdj/s004_2014/01_tcp_ar/aaaaajdj_s004_t005.edf,18,
tusz,tusz_v2.0.6/edf/eval/aaaaajdj/s004_2014/01_tcp_ar/aaaaajdj_s004_t006.edf,18,
tusz,tusz_v2.0.6/edf/eval/aaaaajdj/s004_2014/01_tcp_ar/aaaaajdj_s004_t007.edf,18,
tusz,tusz_v2.0.6/edf/eval/aaaaajdj/s005_2014/01_tcp_ar/aaaaajdj_s005_t000.edf,18,
tusz,tusz_v2.0.6/edf/eval/aaaaajdj/s005_2014/01_tcp_ar/aaaaajdj_s005_t001.edf,18,
tusz,tusz_v2.0.6/edf/eval/aaaaajdj/s005_2014/01_tcp_ar/aaaaajdj_s005_t002.edf,18,
tusz,tusz_v2.0.6/edf/eval/aaaaajdj/s005_2014/01_tcp_ar/aaaaajdj_s005_t003.edf,18,
tusz,tusz_v2.0.6/edf/eval/aaaaajdj/s005_2014/01_tcp_ar/aaaaajdj_s005_t004.edf,18,
tusz,tusz_v2.0.6/edf/eval/aaaaajdj/s005_2014/01_tcp_ar/aaaaajdj_s005_t005.edf,18,
tusz,tusz_v2.0.6/edf/eval/aaaaajdj/s006_2014/01_tcp_ar/aaaaajdj_s006_t000.edf,18,
tusz,tusz_v2.0.6/edf/eval/aaaaajdj/s006_2014/01_tcp_ar/aaaaajdj_s006_t001.edf,18,
tusz,tusz_v2.0.6/edf/eval/aaaaajdj/s006_2014/01_tcp_ar/aaaaajdj_s006_t002.edf,18,
tusz,tusz_v2.0.6/edf/eval/aaaaajdj/s006_2014/01_tcp_ar/aaaaajdj_s006_t003.edf,18,
tusz,tusz_v2.0.6/edf/eval/aaaaajdj/s006_2014/01_tcp_ar/aaaaajdj_s006_t004.edf,18,
tusz,tusz_v2.0.6/edf/eval/aaaaajdj/s006_2014/01_tcp_ar/aaaaajdj_s006_t005.edf,18,
tusz,tusz_v2.0.6/edf/eval/aaaaajru/s028_2014/01_tcp_ar/aaaaajru_s028_t000.edf,18,
tusz,tusz_v2.0.6/edf/eval/aaaaajru/s029_2014/01_tcp_ar/aaaaajru_s029_t000.edf,18,
tusz,tusz_v2.0.6/edf/eval/aaaaajru/s029_2014/01_tcp_ar/aaaaajru_s029_t001.edf,18,
tusz,tusz_v2.0.6/edf/eval/aaaaajru/s029_2014/01_tcp_ar/aaaaajru_s029_t002.edf,18,
tusz,tusz_v2.0.6/edf/eval/aaaaajru/s029_2014/01_tcp_ar/aaaaajru_s029_t003.edf,18,
tusz,tusz_v2.0.6/edf/eval/aaaaajru/s029_2014/01_tcp_ar/aaaaajru_s029_t004.edf,18,
tusz,tusz_v2.0.6/edf/eval/aaaaajru/s029_2014/01_tcp_ar/aaaaajru_s029_t005.edf,18,
tusz,tusz_v2.0.6/edf/eval/aaaaajru/s029_2014/01_tcp_ar/aaaaajru_s029_t006.edf,18,
tusz,tusz_v2.0.6/edf/eval/aaaaajru/s029_2014/01_tcp_ar/aaaaajru_s029_t007.edf,18,
tusz,tusz_v2.0.6/edf/eval/aaaaajru/s031_2014/01_tcp_ar/aaaaajru_s031_t000.edf,18,
tusz,tusz_v2.0.6/edf/eval/aaaaajru/s031_2014/01_tcp_ar/aaaaajru_s031_t001.edf,18,
tusz,tusz_v2.0.6/edf/eval/aaaaajru/s031_2014/01_tcp_ar/aaaaajru_s031_t002.edf,18,
tusz,tusz_v2.0.6/edf/eval/aaaaajru/s031_2014/01_tcp_ar/aaaaajru_s031_t003.edf,18,
tusz,tusz_v2.0.6/edf/eval/aaaaajru/s031_2014/01_tcp_ar/aaaaajru_s031_t004.edf,18,
tusz,tusz_v2.0.6/edf/eval/aaaaajru/s031_2014/01_tcp_ar/aaaaajru_s031_t005.edf,18,
tusz,tusz_v2.0.6/edf/eval/aaaaajru/s031_2014/01_tcp_ar/aaaaajru_s031_t006.edf,18,
tusz,tusz_v2.0.6/edf/eval/aaaaajru/s032_2014/01_tcp_ar/aaaaajru_s032_t000.edf,18,
tusz,tusz_v2.0.6/edf/eval/aaaaajru/s032_2014/01_tcp_ar/aaaaajru_s032_t001.edf,18,
tusz,tusz_v2.0.6/edf/eval/aaaaajru/s032_2014/01_tcp_ar/aaaaajru_s032_t002.edf,18,
tusz,tusz_v2.0.6/edf/eval/aaaaajru/s032_2014/01_tcp_ar/aaaaajru_s032_t003.edf,18,
tusz,tusz_v2.0.6/edf/eval/aaaaajru/s032_2014/01_tcp_ar/aaaaajru_s032_t004.edf,18,
tusz,tusz_v2.0.6/edf/eval/aaaaajru/s036_2014/01_tcp_ar/aaaaajru_s036_t000.edf,18,
tusz,tusz_v2.0.6/edf/eval/aaaaajru/s036_2014/01_tcp_ar/aaaaajru_s036_t001.edf,18,
tusz,tusz_v2.0.6/edf/eval/aaaaajru/s036_2014/01_tcp_ar/aaaaajru_s036_t002.edf,18,
tusz,tusz_v2.0.6/edf/eval/aaaaajru/s036_2014/01_tcp_ar/aaaaajru_s036_t003.edf,18,
tusz,tusz_v2.0.6/edf/eval/aaaaajru/s036_2014/01_tcp_ar/aaaaajru_s036_t004.edf,18,
tusz,tusz_v2.0.6/edf/eval/aaaaajru/s036_2014/01_tcp_ar/aaaaajru_s036_t005.edf,18,
tusz,tusz_v2.0.6/edf/eval/aaaaajru/s036_2014/01_tcp_ar/aaaaajru_s036_t006.edf,18,
tusz,tusz_v2.0.6/edf/eval/aaaaajru/s036_2014/01_tcp_ar/aaaaajru_s036_t007.edf,18,
tusz,tusz_v2.0.6/edf/eval/aaaaajru/s036_2014/01_tcp_ar/aaaaajru_s036_t008.edf,18,
tusz,tusz_v2.0.6/edf/eval/aaaaajru/s036_2014/01_tcp_ar/aaaaajru_s036_t009.edf,18,
tusz,tusz_v2.0.6/edf/eval/aaaaajru/s037_2014/01_tcp_ar/aaaaajru_s037_t000.edf,18,
tusz,tusz_v2.0.6/edf/eval/aaaaajru/s037_2014/01_tcp_ar/aaaaajru_s037_t001.edf,18,
tusz,tusz_v2.0.6/edf/eval/aaaaajru/s037_2014/01_tcp_ar/aaaaajru_s037_t002.edf,18,
tusz,tusz_v2.0.6/edf/eval/aaaaajru/s037_2014/01_tcp_ar/aaaaajru_s037_t003.edf,18,
tusz,tusz_v2.0.6/edf/eval/aaaaajru/s037_2014/01_tcp_ar/aaaaajru_s037_t004.edf,18,
tusz,tusz_v2.0.6/edf/eval/aaaaajru/s037_2014/01_tcp_ar/aaaaajru_s037_t005.edf,18,
tusz,tusz_v2.0.6/edf/eval/aaaaajru/s038_2014/01_tcp_ar/aaaaajru_s038_t000.edf,18,
tusz,tusz_v2.0.6/edf/eval/aaaaajru/s038_2014/01_tcp_ar/aaaaajru_s038_t001.edf,18,
tusz,tusz_v2.0.6/edf/eval/aaaaajru/s038_2014/01_tcp_ar/aaaaajru_s038_t002.edf,18,
tusz,tusz_v2.0.6/edf/eval/aaaaajru/s038_2014/01_tcp_ar/aaaaajru_s038_t003.edf,18,
tusz,tusz_v2.0.6/edf/eval/aaaaajru/s038_2014/01_tcp_ar/aaaaajru_s038_t004.edf,18,
tusz,tusz_v2.0.6/edf/eval/aaaaajru/s038_2014/01_tcp_ar/aaaaajru_s038_t005.edf,18,
tusz,tusz_v2.0.6/edf/eval/aaaaajru/s038_2014/01_tcp_ar/aaaaajru_s038_t006.edf,18,
tusz,tusz_v2.0.6/edf/eval/aaaaajru/s038_2014/01_tcp_ar/aaaaajru_s038_t007.edf,18,
tusz,tusz_v2.0.6/edf/eval/aaaaajru/s038_2014/01_tcp_ar/aaaaajru_s038_t008.edf,18,
tusz,tusz_v2.0.6/edf/eval/aaaaajru/s038_2014/01_tcp_ar/aaaaajru_s038_t009.edf,18,
tusz,tusz_v2.0.6/edf/eval/aaaaajru/s038_2014/01_tcp_ar/aaaaajru_s038_t010.edf,18,
tusz,tusz_v2.0.6/edf/eval/aaaaajru/s038_2014/01_tcp_ar/aaaaajru_s038_t011.edf,18,
tusz,tusz_v2.0.6/edf/eval/aaaaapli/s002_2014/01_tcp_ar/aaaaapli_s002_t001.edf,18,
tusz,tusz_v2.0.6/edf/eval/aaaaapli/s002_2014/01_tcp_ar/aaaaapli_s002_t002.edf,18,
tusz,tusz_v2.0.6/edf/eval/aaaaapli/s002_2014/01_tcp_ar/aaaaapli_s002_t003.edf,18,
tusz,tusz_v2.0.6/edf/eval/aaaaapli/s002_2014/01_tcp_ar/aaaaapli_s002_t004.edf,18,
tusz,tusz_v2.0.6/edf/eval/aaaaapli/s002_2014/01_tcp_ar/aaaaapli_s002_t005.edf,18,
tusz,tusz_v2.0.6/edf/eval/aaaaapli/s002_2014/01_tcp_ar/aaaaapli_s002_t006.edf,18,
tusz,tusz_v2.0.6/edf/eval/aaaaapli/s002_2014/01_tcp_ar/aaaaapli_s002_t007.edf,18,
tusz,tusz_v2.0.6/edf/eval/aaaaapli/s002_2014/01_tcp_ar/aaaaapli_s002_t008.edf,18,
tusz,tusz_v2.0.6/edf/eval/aaaaapli/s002_2014/01_tcp_ar/aaaaapli_s002_t009.edf,18,
tusz,tusz_v2.0.6/edf/eval/aaaaapli/s002_2014/01_tcp_ar/aaaaapli_s002_t010.edf,18,
tusz,tusz_v2.0.6/edf/eval/aaaaapli/s002_2014/01_tcp_ar/aaaaapli_s002_t011.edf,18,
tusz,tusz_v2.0.6/edf/eval/aaaaapli/s002_2014/01_tcp_ar/aaaaapli_s002_t012.edf,18,
tusz,tusz_v2.0.6/edf/eval/aaaaapli/s002_2014/01_tcp_ar/aaaaapli_s002_t013.edf,18,
tusz,tusz_v2.0.6/edf/eval/aaaaapli/s002_2014/01_tcp_ar/aaaaapli_s002_t014.edf,18,
tusz,tusz_v2.0.6/edf/eval/aaaaapli/s002_2014/01_tcp_ar/aaaaapli_s002_t015.edf,18,
tusz,tusz_v2.0.6/edf/eval/aaaaapli/s002_2014/01_tcp_ar/aaaaapli_s002_t016.edf,18,
tusz,tusz_v2.0.6/edf/eval/aaaaapsl/s005_2015/01_tcp_ar/aaaaapsl_s005_t000.edf,18,
tusz,tusz_v2.0.6/edf/eval/aaaaapsl/s005_2015/01_tcp_ar/aaaaapsl_s005_t001.edf,18,
tusz,tusz_v2.0.6/edf/eval/aaaaapsl/s005_2015/01_tcp_ar/aaaaapsl_s005_t002.edf,18,
tusz,tusz_v2.0.6/edf/eval/aaaaapsl/s005_2015/01_tcp_ar/aaaaapsl_s005_t003.edf,18,
tusz,tusz_v2.0.6/edf/eval/aaaaapsl/s005_2015/01_tcp_ar/aaaaapsl_s005_t004.edf,18,
tusz,tusz_v2.0.6/edf/eval/aaaaapsl/s005_2015/01_tcp_ar/aaaaapsl_s005_t005.edf,18,
tusz,tusz_v2.0.6/edf/eval/aaaaapsl/s005_2015/01_tcp_ar/aaaaapsl_s005_t006.edf,18,
tusz,tusz_v2.0.6/edf/eval/aaaaapsl/s005_2015/01_tcp_ar/aaaaapsl_s005_t007.edf,18,
tusz,tusz_v2.0.6/edf/eval/aaaaaqbi/s003_2015/01_tcp_ar/aaaaaqbi_s003_t000.edf,18,
tusz,tusz_v2.0.6/edf/eval/aaaaaqbi/s003_2015/01_tcp_ar/aaaaaqbi_s003_t001.edf,18,
tusz,tusz_v2.0.6/edf/eval/aaaaaqbi/s003_2015/01_tcp_ar/aaaaaqbi_s003_t002.edf,18,
tusz,tusz_v2.0.6/edf/eval/aaaaaqbi/s003_2015/01_tcp_ar/aaaaaqbi_s003_t003.edf,18,
tusz,tusz_v2.0.6/edf/eval/aaaaaqbi/s003_2015/01_tcp_ar/aaaaaqbi_s003_t004.edf,18,
tusz,tusz_v2.0.6/edf/eval/aaaaaqbi/s003_2015/01_tcp_ar/aaaaaqbi_s003_t005.edf,18,
tusz,tusz_v2.0.6/edf/eval/aaaaaqbi/s003_2015/01_tcp_ar/aaaaaqbi_s003_t006.edf,18,
tusz,tusz_v2.0.6/edf/eval/aaaaaqbi/s003_2015/01_tcp_ar/aaaaaqbi_s003_t007.edf,18,
tusz,tusz_v2.0.6/edf/eval/aaaaaqbi/s003_2015/01_tcp_ar/aaaaaqbi_s003_t008.edf,18,
tusz,tusz_v2.0.6/edf/eval/aaaaaqbi/s003_2015/01_tcp_ar/aaaaaqbi_s003_t009.edf,18,
tusz,tusz_v2.0.6/edf/eval/aaaaaqbi/s003_2015/01_tcp_ar/aaaaaqbi_s003_t010.edf,18,
tusz,tusz_v2.0.6/edf/eval/aaaaaqek/s007_2015/01_tcp_ar/aaaaaqek_s007_t000.edf,18,
tusz,tusz_v2.0.6/edf/eval/aaaaaqek/s007_2015/01_tcp_ar/aaaaaqek_s007_t001.edf,18,
tusz,tusz_v2.0.6/edf/eval/aaaaaqek/s007_2015/01_tcp_ar/aaaaaqek_s007_t002.edf,18,
tusz,tusz_v2.0.6/edf/eval/aaaaaqek/s007_2015/01_tcp_ar/aaaaaqek_s007_t003.edf,18,
tusz,tusz_v2.0.6/edf/eval/aaaaaqek/s007_2015/01_tcp_ar/aaaaaqek_s007_t004.edf,18,
tusz,tusz_v2.0.6/edf/eval/aaaaaqek/s007_2015/01_tcp_ar/aaaaaqek_s007_t005.edf,18,
tusz,tusz_v2.0.6/edf/eval/aaaaaqek/s007_2015/01_tcp_ar/aaaaaqek_s007_t006.edf,18,
tusz,tusz_v2.0.6/edf/eval/aaaaaqek/s007_2015/01_tcp_ar/aaaaaqek_s007_t007.edf,18,
tusz,tusz_v2.0.6/edf/eval/aaaaaqek/s007_2015/01_tcp_ar/aaaaaqek_s007_t008.edf,18,
tusz,tusz_v2.0.6/edf/eval/aaaaaqek/s007_2015/01_tcp_ar/aaaaaqek_s007_t009.edf,18,
tusz,tusz_v2.0.6/edf/eval/aaaaaqek/s008_2015/01_tcp_ar/aaaaaqek_s008_t000.edf,18,
tusz,tusz_v2.0.6/edf/eval/aaaaaqek/s008_2015/01_tcp_ar/aaaaaqek_s008_t001.edf,18,
tusz,tusz_v2.0.6/edf/eval/aaaaaqek/s008_2015/01_tcp_ar/aaaaaqek_s008_t002.edf,18,
tusz,tusz_v2.0.6/edf/eval/aaaaaqek/s008_2015/01_tcp_ar/aaaaaqek_s008_t003.edf,18,
tusz,tusz_v2.0.6/edf/eval/aaaaaqek/s008_2015/01_tcp_ar/aaaaaqek_s008_t004.edf,18,
tusz,tusz_v2.0.6/edf/eval/aaaaaqek/s008_2015/01_tcp_ar/aaaaaqek_s008_t005.edf,18,
tusz,tusz_v2.0.6/edf/eval/aaaaaqek/s008_2015/01_tcp_ar/aaaaaqek_s008_t006.edf,18,
tusz,tusz_v2.0.6/edf/eval/aaaaaqek/s008_2015/01_tcp_ar/aaaaaqek_s008_t007.edf,18,
tusz,tusz_v2.0.6/edf/eval/aaaaaqek/s008_2015/01_tcp_ar/aaaaaqek_s008_t008.edf,18,
tusz,tusz_v2.0.6/edf/eval/aaaaaqek/s008_2015/01_tcp_ar/aaaaaqek_s008_t009.edf,18,
tusz,tusz_v2.0.6/edf/eval/aaaaaqek/s008_2015/01_tcp_ar/aaaaaqek_s008_t010.edf,18,
tusz,tusz_v2.0.6/edf/eval/aaaaaqek/s008_2015/01_tcp_ar/aaaaaqek_s008_t011.edf,18,
tusz,tusz_v2.0.6/edf/eval/aaaaaqek/s009_2015/01_tcp_ar/aaaaaqek_s009_t000.edf,18,
tusz,tusz_v2.0.6/edf/eval/aaaaaqek/s009_2015/01_tcp_ar/aaaaaqek_s009_t001.edf,18,
tusz,tusz_v2.0.6/edf/eval/aaaaaqek/s009_2015/01_tcp_ar/aaaaaqek_s009_t002.edf,18,
tusz,tusz_v2.0.6/edf/eval/aaaaaqek/s009_2015/01_tcp_ar/aaaaaqek_s009_t003.edf,18,
tusz,tusz_v2.0.6/edf/eval/aaaaaqek/s009_2015/01_tcp_ar/aaaaaqek_s009_t004.edf,18,
tusz,tusz_v2.0.6/edf/eval/aaaaaqek/s009_2015/01_tcp_ar/aaaaaqek_s009_t005.edf,18,
tusz,tusz_v2.0.6/edf/eval/aaaaaqek/s009_2015/01_tcp_ar/aaaaaqek_s009_t006.edf,18,
tusz,tusz_v2.0.6/edf/eval/aaaaaqek/s009_2015/01_tcp_ar/aaaaaqek_s009_t007.edf,18,
tusz,tusz_v2.0.6/edf/eval/aaaaaqek/s009_2015/01_tcp_ar/aaaaaqek_s009_t008.edf,18,
tusz,tusz_v2.0.6/edf/eval/aaaaaqek/s009_2015/01_tcp_ar/aaaaaqek_s009_t009.edf,18,
tusz,tusz_v2.0.6/edf/eval/aaaaaqek/s009_2015/01_tcp_ar/aaaaaqek_s009_t010.edf,18,
tusz,tusz_v2.0.6/edf/eval/aaaaaqek/s010_2015/01_tcp_ar/aaaaaqek_s010_t000.edf,18,
tusz,tusz_v2.0.6/edf/eval/aaaaaqek/s010_2015/01_tcp_ar/aaaaaqek_s010_t001.edf,18,
tusz,tusz_v2.0.6/edf/eval/aaaaaqek/s010_2015/01_tcp_ar/aaaaaqek_s010_t002.edf,18,
tusz,tusz_v2.0.6/edf/eval/aaaaaqek/s010_2015/01_tcp_ar/aaaaaqek_s010_t003.edf,18,
tusz,tusz_v2.0.6/edf/eval/aaaaaqek/s010_2015/01_tcp_ar/aaaaaqek_s010_t004.edf,18,
tusz,tusz_v2.0.6/edf/eval/aaaaaqek/s010_2015/01_tcp_ar/aaaaaqek_s010_t005.edf,18,
tusz,tusz_v2.0.6/edf/eval/aaaaaqek/s010_2015/01_tcp_ar/aaaaaqek_s010_t006.edf,18,
tusz,tusz_v2.0.6/edf/eval/aaaaaqek/s010_2015/01_tcp_ar/aaaaaqek_s010_t007.edf,18,
tusz,tusz_v2.0.6/edf/eval/aaaaaqek/s010_2015/01_tcp_ar/aaaaaqek_s010_t008.edf,18,
tusz,tusz_v2.0.6/edf/eval/aaaaaqek/s010_2015/01_tcp_ar/aaaaaqek_s010_t009.edf,18,
tusz,tusz_v2.0.6/edf/eval/aaaaaqek/s011_2015/01_tcp_ar/aaaaaqek_s011_t000.edf,18,
tusz,tusz_v2.0.6/edf/eval/aaaaaqek/s011_2015/01_tcp_ar/aaaaaqek_s011_t001.edf,18,
tusz,tusz_v2.0.6/edf/eval/aaaaaqek/s011_2015/01_tcp_ar/aaaaaqek_s011_t002.edf,18,
tusz,tusz_v2.0.6/edf/eval/aaaaaqek/s011_2015/01_tcp_ar/aaaaaqek_s011_t003.edf,18,
tusz,tusz_v2.0.6/edf/eval/aaaaaqek/s011_2015/01_tcp_ar/aaaaaqek_s011_t004.edf,18,
tusz,tusz_v2.0.6/edf/eval/aaaaaqek/s011_2015/01_tcp_ar/aaaaaqek_s011_t005.edf,18,
tusz,tusz_v2.0.6/edf/eval/aaaaaqek/s011_2015/01_tcp_ar/aaaaaqek_s011_t006.edf,18,
tusz,tusz_v2.0.6/edf/eval/aaaaaqek/s011_2015/01_tcp_ar/aaaaaqek_s011_t007.edf,18,
tusz,tusz_v2.0.6/edf/eval/aaaaaqek/s011_2015/01_tcp_ar/aaaaaqek_s011_t008.edf,18,
tusz,tusz_v2.0.6/edf/eval/aaaaaqek/s011_2015/01_tcp_ar/aaaaaqek_s011_t009.edf,18,
tusz,tusz_v2.0.6/edf/eval/aaaaaqfm/s005_2014/01_tcp_ar/aaaaaqfm_s005_t000.edf,18,
tusz,tusz_v2.0.6/edf/eval/aaaaaqfm/s005_2014/01_tcp_ar/aaaaaqfm_s005_t001.edf,18,
tusz,tusz_v2.0.6/edf/eval/aaaaaqfm/s005_2014/01_tcp_ar/aaaaaqfm_s005_t002.edf,18,
tusz,tusz_v2.0.6/edf/eval/aaaaaqfm/s005_2014/01_tcp_ar/aaaaaqfm_s005_t003.edf,18,
tusz,tusz_v2.0.6/edf/eval/aaaaaqfm/s005_2014/01_tcp_ar/aaaaaqfm_s005_t004.edf,18,
tusz,tusz_v2.0.6/edf/eval/aaaaaqfm/s005_2014/01_tcp_ar/aaaaaqfm_s005_t005.edf,18,
tusz,tusz_v2.0.6/edf/eval/aaaaaqfm/s005_2014/01_tcp_ar/aaaaaqfm_s005_t006.edf,18,
tusz,tusz_v2.0.6/edf/eval/aaaaaqfm/s005_2014/01_tcp_ar/aaaaaqfm_s005_t007.edf,18,
tusz,tusz_v2.0.6/edf/eval/aaaaaqfm/s005_2014/01_tcp_ar/aaaaaqfm_s005_t008.edf,18,
tusz,tusz_v2.0.6/edf/eval/aaaaaqfm/s005_2014/01_tcp_ar/aaaaaqfm_s005_t009.edf,18,
tusz,tusz_v2.0.6/edf/eval/aaaaaqfm/s007_2014/01_tcp_ar/aaaaaqfm_s007_t000.edf,18,
tusz,tusz_v2.0.6/edf/eval/aaaaaqfm/s007_2014/01_tcp_ar/aaaaaqfm_s007_t001.edf,18,
tusz,tusz_v2.0.6/edf/eval/aaaaaqfm/s007_2014/01_tcp_ar/aaaaaqfm_s007_t002.edf,18,
tusz,tusz_v2.0.6/edf/eval/aaaaaqfm/s007_2014/01_tcp_ar/aaaaaqfm_s007_t003.edf,18,
tusz,tusz_v2.0.6/edf/eval/aaaaaqfm/s007_2014/01_tcp_ar/aaaaaqfm_s007_t004.edf,18,
tusz,tusz_v2.0.6/edf/eval/aaaaaqld/s001_2014/01_tcp_ar/aaaaaqld_s001_t000.edf,18,
tusz,tusz_v2.0.6/edf/eval/aaaaaqld/s002_2014/01_tcp_ar/aaaaaqld_s002_t001.edf,18,
tusz,tusz_v2.0.6/edf/eval/aaaaaqld/s002_2014/01_tcp_ar/aaaaaqld_s002_t002.edf,18,
tusz,tusz_v2.0.6/edf/eval/aaaaaqld/s002_2014/01_tcp_ar/aaaaaqld_s002_t003.edf,18,
tusz,tusz_v2.0.6/edf/eval/aaaaaqld/s002_2014/01_tcp_ar/aaaaaqld_s002_t004.edf,18,
tusz,tusz_v2.0.6/edf/eval/aaaaaqld/s002_2014/01_tcp_ar/aaaaaqld_s002_t005.edf,18,
tusz,tusz_v2.0.6/edf/eval/aaaaaqld/s002_2014/01_tcp_ar/aaaaaqld_s002_t006.edf,18,
tusz,tusz_v2.0.6/edf/eval/aaaaaqld/s002_2014/01_tcp_ar/aaaaaqld_s002_t007.edf,18,
tusz,tusz_v2.0.6/edf/eval/aaaaaqld/s002_2014/01_tcp_ar/aaaaaqld_s002_t008.edf,18,
tusz,tusz_v2.0.6/edf/eval/aaaaaqld/s002_2014/01_tcp_ar/aaaaaqld_s002_t009.edf,18,
tusz,tusz_v2.0.6/edf/eval/aaaaaqld/s003_2014/01_tcp_ar/aaaaaqld_s003_t000.edf,18,
tusz,tusz_v2.0.6/edf/eval/aaaaaqld/s003_2014/01_tcp_ar/aaaaaqld_s003_t001.edf,18,
tusz,tusz_v2.0.6/edf/eval/aaaaaqld/s003_2014/01_tcp_ar/aaaaaqld_s003_t002.edf,18,
tusz,tusz_v2.0.6/edf/eval/aaaaaqld/s003_2014/01_tcp_ar/aaaaaqld_s003_t003.edf,18,
tusz,tusz_v2.0.6/edf/eval/aaaaaqld/s003_2014/01_tcp_ar/aaaaaqld_s003_t004.edf,18,
tusz,tusz_v2.0.6/edf/eval/aaaaaqld/s003_2014/01_tcp_ar/aaaaaqld_s003_t005.edf,18,
tusz,tusz_v2.0.6/edf/eval/aaaaaqld/s003_2014/01_tcp_ar/aaaaaqld_s003_t006.edf,18,
tusz,tusz_v2.0.6/edf/eval/aaaaaqld/s003_2014/01_tcp_ar/aaaaaqld_s003_t007.edf,18,
tusz,tusz_v2.0.6/edf/eval/aaaaaqld/s003_2014/01_tcp_ar/aaaaaqld_s003_t008.edf,18,
tusz,tusz_v2.0.6/edf/eval/aaaaaqld/s003_2014/01_tcp_ar/aaaaaqld_s003_t009.edf,18,
tusz,tusz_v2.0.6/edf/eval/aaaaaqld/s003_2014/01_tcp_ar/aaaaaqld_s003_t010.edf,18,
tusz,tusz_v2.0.6/edf/eval/aaaaaqld/s003_2014/01_tcp_ar/aaaaaqld_s003_t011.edf,18,
tusz,tusz_v2.0.6/edf/eval/aaaaaqld/s003_2014/01_tcp_ar/aaaaaqld_s003_t012.edf,18,
tusz,tusz_v2.0.6/edf/eval/aaaaaqld/s003_2014/01_tcp_ar/aaaaaqld_s003_t013.edf,18,
tusz,tusz_v2.0.6/edf/eval/aaaaaqld/s003_2014/01_tcp_ar/aaaaaqld_s003_t014.edf,18,
tusz,tusz_v2.0.6/edf/eval/aaaaaqld/s003_2014/01_tcp_ar/aaaaaqld_s003_t015.edf,18,
tusz,tusz_v2.0.6/edf/eval/aaaaaqld/s003_2014/01_tcp_ar/aaaaaqld_s003_t016.edf,18,
tusz,tusz_v2.0.6/edf/eval/aaaaaqld/s003_2014/01_tcp_ar/aaaaaqld_s003_t017.edf,18,
tusz,tusz_v2.0.6/edf/eval/aaaaaqld/s003_2014/01_tcp_ar/aaaaaqld_s003_t018.edf,18,
tusz,tusz_v2.0.6/edf/eval/aaaaaqld/s004_2014/01_tcp_ar/aaaaaqld_s004_t000.edf,18,
tusz,tusz_v2.0.6/edf/eval/aaaaaqld/s004_2014/01_tcp_ar/aaaaaqld_s004_t001.edf,18,
tusz,tusz_v2.0.6/edf/eval/aaaaaqld/s004_2014/01_tcp_ar/aaaaaqld_s004_t002.edf,18,
tusz,tusz_v2.0.6/edf/eval/aaaaaqld/s004_2014/01_tcp_ar/aaaaaqld_s004_t003.edf,18,
tusz,tusz_v2.0.6/edf/eval/aaaaaqld/s004_2014/01_tcp_ar/aaaaaqld_s004_t004.edf,18,
tusz,tusz_v2.0.6/edf/eval/aaaaaqld/s004_2014/01_tcp_ar/aaaaaqld_s004_t005.edf,18,
tusz,tusz_v2.0.6/edf/eval/aaaaaqld/s004_2014/01_tcp_ar/aaaaaqld_s004_t006.edf,18,
tusz,tusz_v2.0.6/edf/eval/aaaaaqld/s004_2014/01_tcp_ar/aaaaaqld_s004_t007.edf,18,
tusz,tusz_v2.0.6/edf/eval/aaaaaqld/s004_2014/01_tcp_ar/aaaaaqld_s004_t008.edf,18,
tusz,tusz_v2.0.6/edf/eval/aaaaaqld/s004_2014/01_tcp_ar/aaaaaqld_s004_t009.edf,18,
tusz,tusz_v2.0.6/edf/eval/aaaaaqmo/s001_2014/01_tcp_ar/aaaaaqmo_s001_t000.edf,18,
tusz,tusz_v2.0.6/edf/eval/aaaaaqmo/s001_2014/01_tcp_ar/aaaaaqmo_s001_t001.edf,18,
tusz,tusz_v2.0.6/edf/eval/aaaaaqmo/s001_2014/01_tcp_ar/aaaaaqmo_s001_t002.edf,18,
tusz,tusz_v2.0.6/edf/eval/aaaaaqtq/s003_2014/01_tcp_ar/aaaaaqtq_s003_t000.edf,18,
tusz,tusz_v2.0.6/edf/eval/aaaaaqtq/s003_2014/01_tcp_ar/aaaaaqtq_s003_t001.edf,18,
tusz,tusz_v2.0.6/edf/eval/aaaaaqtq/s003_2014/01_tcp_ar/aaaaaqtq_s003_t002.edf,18,
tusz,tusz_v2.0.6/edf/eval/aaaaaqtq/s003_2014/01_tcp_ar/aaaaaqtq_s003_t003.edf,18,
tusz,tusz_v2.0.6/edf/eval/aaaaaqtq/s003_2014/01_tcp_ar/aaaaaqtq_s003_t004.edf,18,
tusz,tusz_v2.0.6/edf/eval/aaaaaqtq/s003_2014/01_tcp_ar/aaaaaqtq_s003_t005.edf,18,
tusz,tusz_v2.0.6/edf/eval/aaaaaqtq/s006_2014/01_tcp_ar/aaaaaqtq_s006_t000.edf,18,
tusz,tusz_v2.0.6/edf/eval/aaaaaqtq/s006_2014/01_tcp_ar/aaaaaqtq_s006_t001.edf,18,
tusz,tusz_v2.0.6/edf/eval/aaaaaqtq/s006_2014/01_tcp_ar/aaaaaqtq_s006_t002.edf,18,
tusz,tusz_v2.0.6/edf/eval/aaaaaqtq/s006_2014/01_tcp_ar/aaaaaqtq_s006_t003.edf,18,
tusz,tusz_v2.0.6/edf/eval/aaaaaqtq/s006_2014/01_tcp_ar/aaaaaqtq_s006_t004.edf,18,
tusz,tusz_v2.0.6/edf/eval/aaaaaqtq/s006_2014/01_tcp_ar/aaaaaqtq_s006_t005.edf,18,
tusz,tusz_v2.0.6/edf/eval/aaaaaqtq/s006_2014/01_tcp_ar/aaaaaqtq_s006_t006.edf,18,
tusz,tusz_v2.0.6/edf/eval/aaaaaqtq/s006_2014/01_tcp_ar/aaaaaqtq_s006_t007.edf,18,
tusz,tusz_v2.0.6/edf/eval/aaaaaqtq/s006_2014/01_tcp_ar/aaaaaqtq_s006_t008.edf,18,
tusz,tusz_v2.0.6/edf/eval/aaaaaqtw/s001_2014/01_tcp_ar/aaaaaqtw_s001_t000.edf,18,
tusz,tusz_v2.0.6/edf/eval/aaaaaqtw/s002_2014/01_tcp_ar/aaaaaqtw_s002_t000.edf,18,
tusz,tusz_v2.0.6/edf/eval/aaaaaqtw/s002_2014/01_tcp_ar/aaaaaqtw_s002_t001.edf,18,
tusz,tusz_v2.0.6/edf/eval/aaaaaqtw/s002_2014/01_tcp_ar/aaaaaqtw_s002_t002.edf,18,
tusz,tusz_v2.0.6/edf/eval/aaaaaqtw/s002_2014/01_tcp_ar/aaaaaqtw_s002_t003.edf,18,
tusz,tusz_v2.0.6/edf/eval/aaaaaqtw/s002_2014/01_tcp_ar/aaaaaqtw_s002_t004.edf,18,
tusz,tusz_v2.0.6/edf/eval/aaaaaqtw/s002_2014/01_tcp_ar/aaaaaqtw_s002_t005.edf,18,
tusz,tusz_v2.0.6/edf/eval/aaaaaqtw/s002_2014/01_tcp_ar/aaaaaqtw_s002_t006.edf,18,
tusz,tusz_v2.0.6/edf/eval/aaaaaqtw/s002_2014/01_tcp_ar/aaaaaqtw_s002_t007.edf,18,
tusz,tusz_v2.0.6/edf/eval/aaaaaqtw/s002_2014/01_tcp_ar/aaaaaqtw_s002_t008.edf,18,
tusz,tusz_v2.0.6/edf/eval/aaaaaqtw/s002_2014/01_tcp_ar/aaaaaqtw_s002_t009.edf,18,
tusz,tusz_v2.0.6/edf/eval/aaaaaqtw/s002_2014/01_tcp_ar/aaaaaqtw_s002_t010.edf,18,
tusz,tusz_v2.0.6/edf/eval/aaaaaqtw/s002_2014/01_tcp_ar/aaaaaqtw_s002_t011.edf,18,
tusz,tusz_v2.0.6/edf/eval/aaaaaqtw/s002_2014/01_tcp_ar/aaaaaqtw_s002_t012.edf,18,
tusz,tusz_v2.0.6/edf/eval/aaaaaqvx/s002_2015/01_tcp_ar/aaaaaqvx_s002_t001.edf,18,
tusz,tusz_v2.0.6/edf/eval/aaaaaqvx/s002_2015/01_tcp_ar/aaaaaqvx_s002_t002.edf,18,
tusz,tusz_v2.0.6/edf/eval/aaaaaqvx/s003_2015/03_tcp_ar_a/aaaaaqvx_s003_t001.edf,18,
tusz,tusz_v2.0.6/edf/eval/aaaaaqvx/s003_2015/03_tcp_ar_a/aaaaaqvx_s003_t002.edf,18,
tusz,tusz_v2.0.6/edf/eval/aaaaaqvx/s003_2015/03_tcp_ar_a/aaaaaqvx_s003_t003.edf,18,
tusz,tusz_v2.0.6/edf/eval/aaaaaqvx/s003_2015/03_tcp_ar_a/aaaaaqvx_s003_t004.edf,18,
tusz,tusz_v2.0.6/edf/eval/aaaaaqvx/s003_2015/03_tcp_ar_a/aaaaaqvx_s003_t005.edf,18,
tusz,tusz_v2.0.6/edf/eval/aaaaaqvx/s003_2015/03_tcp_ar_a/aaaaaqvx_s003_t006.edf,18,
tusz,tusz_v2.0.6/edf/eval/aaaaaqvx/s003_2015/03_tcp_ar_a/aaaaaqvx_s003_t007.edf,18,
tusz,tusz_v2.0.6/edf/eval/aaaaaqvx/s003_2015/03_tcp_ar_a/aaaaaqvx_s003_t008.edf,18,
tusz,tusz_v2.0.6/edf/eval/aaaaaqvx/s007_2015/01_tcp_ar/aaaaaqvx_s007_t001.edf,18,
tusz,tusz_v2.0.6/edf/eval/aaaaaqvx/s008_2015/01_tcp_ar/aaaaaqvx_s008_t000.edf,18,
tusz,tusz_v2.0.6/edf/eval/aaaaaqvx/s008_2015/01_tcp_ar/aaaaaqvx_s008_t001.edf,18,
tusz,tusz_v2.0.6/edf/eval/aaaaaqvx/s010_2015/03_tcp_ar_a/aaaaaqvx_s010_t000.edf,18,
tusz,tusz_v2.0.6/edf/eval/aaaaaqvx/s010_2015/03_tcp_ar_a/aaaaaqvx_s010_t001.edf,18,
tusz,tusz_v2.0.6/edf/eval/aaaaaqvx/s010_2015/03_tcp_ar_a/aaaaaqvx_s010_t002.edf,18,
tusz,tusz_v2.0.6/edf/eval/aaaaaqvx/s010_2015/03_tcp_ar_a/aaaaaqvx_s010_t003.edf,18,
tusz,tusz_v2.0.6/edf/eval/aaaaaqvx/s010_2015/03_tcp_ar_a/aaaaaqvx_s010_t004.edf,18,
tusz,tusz_v2.0.6/edf/eval/aaaaaqvx/s010_2015/03_tcp_ar_a/aaaaaqvx_s010_t005.edf,18,
tusz,tusz_v2.0.6/edf/eval/aaaaaqvx/s010_2015/03_tcp_ar_a/aaaaaqvx_s010_t006.edf,18,
tusz,tusz_v2.0.6/edf/eval/aaaaaqvx/s010_2015/03_tcp_ar_a/aaaaaqvx_s010_t007.edf,18,
tusz,tusz_v2.0.6/edf/eval/aaaaaqxr/s003_2015/01_tcp_ar/aaaaaqxr_s003_t000.edf,18,
tusz,tusz_v2.0.6/edf/eval/aaaaaraf/s001_2014/01_tcp_ar/aaaaaraf_s001_t000.edf,18,
tusz,tusz_v2.0.6/edf/eval/aaaaaraf/s001_2014/01_tcp_ar/aaaaaraf_s001_t001.edf,18,
tusz,tusz_v2.0.6/edf/eval/aaaaaraf/s001_2014/01_tcp_ar/aaaaaraf_s001_t002.edf,18,
tusz,tusz_v2.0.6/edf/eval/aaaaaraf/s001_2014/01_tcp_ar/aaaaaraf_s001_t003.edf,18,
tusz,tusz_v2.0.6/edf/eval/aaaaaraf/s002_2014/01_tcp_ar/aaaaaraf_s002_t000.edf,18,
tusz,tusz_v2.0.6/edf/eval/aaaaaraf/s002_2014/01_tcp_ar/aaaaaraf_s002_t001.edf,18,
tusz,tusz_v2.0.6/edf/eval/aaaaaraf/s002_2014/01_tcp_ar/aaaaaraf_s002_t002.edf,18,
tusz,tusz_v2.0.6/edf/eval/aaaaaraf/s003_2014/01_tcp_ar/aaaaaraf_s003_t000.edf,18,
tusz,tusz_v2.0.6/edf/eval/aaaaaraf/s003_2014/01_tcp_ar/aaaaaraf_s003_t003.edf,18,
tusz,tusz_v2.0.6/edf/eval/aaaaaraf/s003_2014/01_tcp_ar/aaaaaraf_s003_t004.edf,18,
tusz,tusz_v2.0.6/edf/eval/aaaaaraf/s003_2014/01_tcp_ar/aaaaaraf_s003_t005.edf,18,
tusz,tusz_v2.0.6/edf/eval/aaaaaraf/s003_2014/01_tcp_ar/aaaaaraf_s003_t006.edf,18,
tusz,tusz_v2.0.6/edf/eval/aaaaaraf/s003_2014/01_tcp_ar/aaaaaraf_s003_t007.edf,18,
tusz,tusz_v2.0.6/edf/eval/aaaaaraf/s003_2014/01_tcp_ar/aaaaaraf_s003_t008.edf,18,
tusz,tusz_v2.0.6/edf/eval/aaaaaraf/s003_2014/01_tcp_ar/aaaaaraf_s003_t009.edf,18,
tusz,tusz_v2.0.6/edf/eval/aaaaaraf/s003_2014/01_tcp_ar/aaaaaraf_s003_t010.edf,18,
tusz,tusz_v2.0.6/edf/eval/aaaaaraf/s004_2014/01_tcp_ar/aaaaaraf_s004_t000.edf,18,
tusz,tusz_v2.0.6/edf/eval/aaaaaraf/s004_2014/01_tcp_ar/aaaaaraf_s004_t001.edf,18,
tusz,tusz_v2.0.6/edf/eval/aaaaaraf/s005_2014/01_tcp_ar/aaaaaraf_s005_t000.edf,18,
tusz,tusz_v2.0.6/edf/eval/aaaaaraf/s005_2014/01_tcp_ar/aaaaaraf_s005_t001.edf,18,
tusz,tusz_v2.0.6/edf/eval/aaaaaraf/s005_2014/01_tcp_ar/aaaaaraf_s005_t002.edf,18,
tusz,tusz_v2.0.6/edf/eval/aaaaaraf/s005_2014/01_tcp_ar/aaaaaraf_s005_t003.edf,18,
tusz,tusz_v2.0.6/edf/eval/aaaaaraf/s005_2014/01_tcp_ar/aaaaaraf_s005_t004.edf,18,
tusz,tusz_v2.0.6/edf/eval/aaaaaraf/s005_2014/01_tcp_ar/aaaaaraf_s005_t005.edf,18,
tusz,tusz_v2.0.6/edf/eval/aaaaaraf/s005_2014/01_tcp_ar/aaaaaraf_s005_t006.edf,18,
tusz,tusz_v2.0.6/edf/eval/aaaaaraf/s005_2014/01_tcp_ar/aaaaaraf_s005_t010.edf,18,
tusz,tusz_v2.0.6/edf/eval/aaaaaraf/s005_2014/01_tcp_ar/aaaaaraf_s005_t011.edf,18,
tusz,tusz_v2.0.6/edf/eval/aaaaaraf/s005_2014/01_tcp_ar/aaaaaraf_s005_t012.edf,18,
tusz,tusz_v2.0.6/edf/eval/aaaaaraf/s006_2014/01_tcp_ar/aaaaaraf_s006_t000.edf,18,
tusz,tusz_v2.0.6/edf/eval/aaaaaraf/s006_2014/01_tcp_ar/aaaaaraf_s006_t001.edf,18,
tusz,tusz_v2.0.6/edf/eval/aaaaaraf/s006_2014/01_tcp_ar/aaaaaraf_s006_t002.edf,18,
tusz,tusz_v2.0.6/edf/eval/aaaaaraf/s006_2014/01_tcp_ar/aaaaaraf_s006_t003.edf,18,
tusz,tusz_v2.0.6/edf/eval/aaaaardf/s001_2014/01_tcp_ar/aaaaardf_s001_t001.edf,18,
tusz,tusz_v2.0.6/edf/eval/aaaaardf/s001_2014/01_tcp_ar/aaaaardf_s001_t002.edf,18,
tusz,tusz_v2.0.6/edf/eval/aaaaardf/s003_2014/01_tcp_ar/aaaaardf_s003_t000.edf,18,
tusz,tusz_v2.0.6/edf/eval/aaaaardf/s003_2014/01_tcp_ar/aaaaardf_s003_t001.edf,18,
tusz,tusz_v2.0.6/edf/eval/aaaaardf/s004_2014/01_tcp_ar/aaaaardf_s004_t000.edf,18,
tusz,tusz_v2.0.6/edf/eval/aaaaardf/s004_2014/01_tcp_ar/aaaaardf_s004_t001.edf,18,
tusz,tusz_v2.0.6/edf/eval/aaaaardf/s004_2014/01_tcp_ar/aaaaardf_s004_t002.edf,18,
tusz,tusz_v2.0.6/edf/eval/aaaaardf/s004_2014/01_tcp_ar/aaaaardf_s004_t003.edf,18,
tusz,tusz_v2.0.6/edf/eval/aaaaardf/s004_2014/01_tcp_ar/aaaaardf_s004_t004.edf,18,
tusz,tusz_v2.0.6/edf/eval/aaaaardf/s004_2014/01_tcp_ar/aaaaardf_s004_t005.edf,18,
tusz,tusz_v2.0.6/edf/eval/aaaaardf/s004_2014/01_tcp_ar/aaaaardf_s004_t006.edf,18,
tusz,tusz_v2.0.6/edf/eval/aaaaardf/s004_2014/01_tcp_ar/aaaaardf_s004_t007.edf,18,
tusz,tusz_v2.0.6/edf/eval/aaaaardf/s004_2014/01_tcp_ar/aaaaardf_s004_t008.edf,18,
tusz,tusz_v2.0.6/edf/eval/aaaaardf/s004_2014/01_tcp_ar/aaaaardf_s004_t009.edf,18,
tusz,tusz_v2.0.6/edf/eval/aaaaardf/s004_2014/01_tcp_ar/aaaaardf_s004_t010.edf,18,
tusz,tusz_v2.0.6/edf/eval/aaaaardf/s004_2014/01_tcp_ar/aaaaardf_s004_t011.edf,18,
tusz,tusz_v2.0.6/edf/eval/aaaaardf/s004_2014/01_tcp_ar/aaaaardf_s004_t012.edf,18,
tusz,tusz_v2.0.6/edf/eval/aaaaardf/s004_2014/01_tcp_ar/aaaaardf_s004_t013.edf,18,
tusz,tusz_v2.0.6/edf/eval/aaaaardf/s004_2014/01_tcp_ar/aaaaardf_s004_t014.edf,18,
tusz,tusz_v2.0.6/edf/eval/aaaaardf/s004_2014/01_tcp_ar/aaaaardf_s004_t015.edf,18,
tusz,tusz_v2.0.6/edf/eval/aaaaardf/s004_2014/01_tcp_ar/aaaaardf_s004_t016.edf,18,
tusz,tusz_v2.0.6/edf/eval/aaaaardf/s005_2014/01_tcp_ar/aaaaardf_s005_t001.edf,18,
tusz,tusz_v2.0.6/edf/eval/aaaaardf/s005_2014/01_tcp_ar/aaaaardf_s005_t002.edf,18,
tusz,tusz_v2.0.6/edf/eval/aaaaardf/s005_2014/01_tcp_ar/aaaaardf_s005_t003.edf,18,
tusz,tusz_v2.0.6/edf/eval/aaaaardf/s005_2014/01_tcp_ar/aaaaardf_s005_t004.edf,18,
tusz,tusz_v2.0.6/edf/eval/aaaaardf/s005_2014/01_tcp_ar/aaaaardf_s005_t005.edf,18,
tusz,tusz_v2.0.6/edf/eval/aaaaardf/s005_2014/01_tcp_ar/aaaaardf_s005_t006.edf,18,
tusz,tusz_v2.0.6/edf/eval/aaaaardf/s005_2014/01_tcp_ar/aaaaardf_s005_t007.edf,18,
tusz,tusz_v2.0.6/edf/eval/aaaaardf/s005_2014/01_tcp_ar/aaaaardf_s005_t008.edf,18,
tusz,tusz_v2.0.6/edf/eval/aaaaardf/s005_2014/01_tcp_ar/aaaaardf_s005_t009.edf,18,
tusz,tusz_v2.0.6/edf/eval/aaaaardf/s005_2014/01_tcp_ar/aaaaardf_s005_t010.edf,18,
tusz,tusz_v2.0.6/edf/eval/aaaaardf/s005_2014/01_tcp_ar/aaaaardf_s005_t011.edf,18,
tusz,tusz_v2.0.6/edf/eval/aaaaardf/s005_2014/01_tcp_ar/aaaaardf_s005_t012.edf,18,
tusz,tusz_v2.0.6/edf/eval/aaaaardf/s005_2014/01_tcp_ar/aaaaardf_s005_t013.edf,18,
tusz,tusz_v2.0.6/edf/eval/aaaaardf/s005_2014/01_tcp_ar/aaaaardf_s005_t014.edf,18,
tusz,tusz_v2.0.6/edf/eval/aaaaardf/s005_2014/01_tcp_ar/aaaaardf_s005_t015.edf,18,
tusz,tusz_v2.0.6/edf/eval/aaaaardf/s005_2014/01_tcp_ar/aaaaardf_s005_t016.edf,18,
tusz,tusz_v2.0.6/edf/eval/aaaaardf/s006_2014/01_tcp_ar/aaaaardf_s006_t000.edf,18,
tusz,tusz_v2.0.6/edf/eval/aaaaardf/s006_2014/01_tcp_ar/aaaaardf_s006_t001.edf,18,
tusz,tusz_v2.0.6/edf/eval/aaaaardf/s006_2014/01_tcp_ar/aaaaardf_s006_t002.edf,18,
tusz,tusz_v2.0.6/edf/eval/aaaaardf/s006_2014/01_tcp_ar/aaaaardf_s006_t003.edf,18,
tusz,tusz_v2.0.6/edf/eval/aaaaardf/s006_2014/01_tcp_ar/aaaaardf_s006_t004.edf,18,
tusz,tusz_v2.0.6/edf/eval/aaaaardf/s006_2014/01_tcp_ar/aaaaardf_s006_t005.edf,18,
tusz,tusz_v2.0.6/edf/eval/aaaaardf/s006_2014/01_tcp_ar/aaaaardf_s006_t006.edf,18,
tusz,tusz_v2.0.6/edf/eval/aaaaardf/s006_2014/01_tcp_ar/aaaaardf_s006_t007.edf,18,
tusz,tusz_v2.0.6/edf/eval/aaaaardf/s006_2014/01_tcp_ar/aaaaardf_s006_t008.edf,18,
tusz,tusz_v2.0.6/edf/eval/aaaaardf/s006_2014/01_tcp_ar/aaaaardf_s006_t009.edf,18,
tusz,tusz_v2.0.6/edf/eval/aaaaarei/s007_2015/01_tcp_ar/aaaaarei_s007_t000.edf,18,
tusz,tusz_v2.0.6/edf/eval/aaaaarei/s007_2015/01_tcp_ar/aaaaarei_s007_t001.edf,18,
tusz,tusz_v2.0.6/edf/eval/aaaaarei/s007_2015/01_tcp_ar/aaaaarei_s007_t002.edf,18,
tusz,tusz_v2.0.6/edf/eval/aaaaarei/s007_2015/01_tcp_ar/aaaaarei_s007_t003.edf,18,
tusz,tusz_v2.0.6/edf/eval/aaaaarei/s008_2015/01_tcp_ar/aaaaarei_s008_t000.edf,18,
tusz,tusz_v2.0.6/edf/eval/aaaaarei/s008_2015/01_tcp_ar/aaaaarei_s008_t001.edf,18,
tusz,tusz_v2.0.6/edf/eval/aaaaarei/s008_2015/01_tcp_ar/aaaaarei_s008_t002.edf,18,
tusz,tusz_v2.0.6/edf/eval/aaaaarei/s008_2015/01_tcp_ar/aaaaarei_s008_t003.edf,18,
tusz,tusz_v2.0.6/edf/eval/aaaaarei/s008_2015/01_tcp_ar/aaaaarei_s008_t004.edf,18,
tusz,tusz_v2.0.6/edf/eval/aaaaarei/s008_2015/01_tcp_ar/aaaaarei_s008_t005.edf,18,
tusz,tusz_v2.0.6/edf/eval/aaaaarei/s008_2015/01_tcp_ar/aaaaarei_s008_t006.edf,18,
tusz,tusz_v2.0.6/edf/eval/aaaaarei/s008_2015/01_tcp_ar/aaaaarei_s008_t007.edf,18,
tusz,tusz_v2.0.6/edf/eval/aaaaarei/s008_2015/01_tcp_ar/aaaaarei_s008_t008.edf,18,
tusz,tusz_v2.0.6/edf/eval/aaaaarei/s008_2015/01_tcp_ar/aaaaarei_s008_t009.edf,18,
tusz,tusz_v2.0.6/edf/eval/aaaaarei/s014_2015/01_tcp_ar/aaaaarei_s014_t001.edf,18,
tusz,tusz_v2.0.6/edf/eval/aaaaarei/s014_2015/01_tcp_ar/aaaaarei_s014_t006.edf,18,
tusz,tusz_v2.0.6/edf/eval/aaaaarei/s014_2015/01_tcp_ar/aaaaarei_s014_t008.edf,18,
tusz,tusz_v2.0.6/edf/eval/aaaaarei/s014_2015/01_tcp_ar/aaaaarei_s014_t011.edf,18,
tusz,tusz_v2.0.6/edf/eval/aaaaarei/s014_2015/01_tcp_ar/aaaaarei_s014_t012.edf,18,
tusz,tusz_v2.0.6/edf/eval/aaaaarei/s014_2015/01_tcp_ar/aaaaarei_s014_t013.edf,18,
tusz,tusz_v2.0.6/edf/eval/aaaaarei/s014_2015/01_tcp_ar/aaaaarei_s014_t016.edf,18,
tusz,tusz_v2.0.6/edf/eval/aaaaarei/s014_2015/01_tcp_ar/aaaaarei_s014_t020.edf,18,
tusz,tusz_v2.0.6/edf/eval/aaaaarei/s014_2015/01_tcp_ar/aaaaarei_s014_t022.edf,18,
tusz,tusz_v2.0.6/edf/eval/aaaaarjc/s007_2015/01_tcp_ar/aaaaarjc_s007_t000.edf,18,
tusz,tusz_v2.0.6/edf/eval/aaaaarjc/s007_2015/01_tcp_ar/aaaaarjc_s007_t001.edf,18,
tusz,tusz_v2.0.6/edf/eval/aaaaarjc/s007_2015/01_tcp_ar/aaaaarjc_s007_t002.edf,18,
tusz,tusz_v2.0.6/edf/eval/aaaaarjc/s007_2015/01_tcp_ar/aaaaarjc_s007_t003.edf,18,
tusz,tusz_v2.0.6/edf/eval/aaaaarjc/s007_2015/01_tcp_ar/aaaaarjc_s007_t004.edf,18,
tusz,tusz_v2.0.6/edf/eval/aaaaarjc/s007_2015/01_tcp_ar/aaaaarjc_s007_t005.edf,18,
tusz,tusz_v2.0.6/edf/eval/aaaaarjc/s007_2015/01_tcp_ar/aaaaarjc_s007_t006.edf,18,
tusz,tusz_v2.0.6/edf/eval/aaaaarjc/s007_2015/01_tcp_ar/aaaaarjc_s007_t007.edf,18,
tusz,tusz_v2.0.6/edf/eval/aaaaarjc/s007_2015/01_tcp_ar/aaaaarjc_s007_t008.edf,18,
tusz,tusz_v2.0.6/edf/eval/aaaaarjc/s007_2015/01_tcp_ar/aaaaarjc_s007_t009.edf,18,
tusz,tusz_v2.0.6/edf/eval/aaaaarjc/s007_2015/01_tcp_ar/aaaaarjc_s007_t010.edf,18,
tusz,tusz_v2.0.6/edf/eval/aaaaarjc/s010_2015/01_tcp_ar/aaaaarjc_s010_t000.edf,18,
tusz,tusz_v2.0.6/edf/eval/aaaaarjc/s010_2015/01_tcp_ar/aaaaarjc_s010_t001.edf,18,
tusz,tusz_v2.0.6/edf/eval/aaaaarjc/s010_2015/01_tcp_ar/aaaaarjc_s010_t002.edf,18,
tusz,tusz_v2.0.6/edf/eval/aaaaarjc/s010_2015/01_tcp_ar/aaaaarjc_s010_t003.edf,18,
tusz,tusz_v2.0.6/edf/eval/aaaaarjc/s010_2015/01_tcp_ar/aaaaarjc_s010_t004.edf,18,
tusz,tusz_v2.0.6/edf/eval/aaaaarjc/s010_2015/01_tcp_ar/aaaaarjc_s010_t005.edf,18,
tusz,tusz_v2.0.6/edf/eval/aaaaarjc/s010_2015/01_tcp_ar/aaaaarjc_s010_t006.edf,18,
tusz,tusz_v2.0.6/edf/eval/aaaaarjc/s010_2015/01_tcp_ar/aaaaarjc_s010_t007.edf,18,
tusz,tusz_v2.0.6/edf/eval/aaaaarjc/s010_2015/01_tcp_ar/aaaaarjc_s010_t008.edf,18,
tusz,tusz_v2.0.6/edf/eval/aaaaarjc/s010_2015/01_tcp_ar/aaaaarjc_s010_t009.edf,18,
tusz,tusz_v2.0.6/edf/eval/aaaaarjc/s010_2015/01_tcp_ar/aaaaarjc_s010_t010.edf,18,
tusz,tusz_v2.0.6/edf/eval/aaaaarml/s007_2015/01_tcp_ar/aaaaarml_s007_t000.edf,18,
tusz,tusz_v2.0.6/edf/eval/aaaaarml/s007_2015/01_tcp_ar/aaaaarml_s007_t001.edf,18,
tusz,tusz_v2.0.6/edf/eval/aaaaarml/s007_2015/01_tcp_ar/aaaaarml_s007_t002.edf,18,
tusz,tusz_v2.0.6/edf/eval/aaaaarml/s007_2015/01_tcp_ar/aaaaarml_s007_t003.edf,18,
tusz,tusz_v2.0.6/edf/eval/aaaaarml/s007_2015/01_tcp_ar/aaaaarml_s007_t004.edf,18,
tusz,tusz_v2.0.6/edf/eval/aaaaarml/s007_2015/01_tcp_ar/aaaaarml_s007_t005.edf,18,
tusz,tusz_v2.0.6/edf/eval/aaaaarml/s007_2015/01_tcp_ar/aaaaarml_s007_t007.edf,18,
tusz,tusz_v2.0.6/edf/eval/aaaaarml/s007_2015/01_tcp_ar/aaaaarml_s007_t008.edf,18,
tusz,tusz_v2.0.6/edf/eval/aaaaarml/s007_2015/01_tcp_ar/aaaaarml_s007_t009.edf,18,
tusz,tusz_v2.0.6/edf/eval/aaaaarml/s007_2015/01_tcp_ar/aaaaarml_s007_t010.edf,18,
tusz,tusz_v2.0.6/edf/eval/aaaaarnq/s002_2014/01_tcp_ar/aaaaarnq_s002_t001.edf,18,
tusz,tusz_v2.0.6/edf/eval/aaaaarnq/s002_2014/01_tcp_ar/aaaaarnq_s002_t002.edf,18,
tusz,tusz_v2.0.6/edf/eval/aaaaarnq/s003_2014/01_tcp_ar/aaaaarnq_s003_t001.edf,18,
tusz,tusz_v2.0.6/edf/eval/aaaaarnq/s003_2014/01_tcp_ar/aaaaarnq_s003_t002.edf,18,
tusz,tusz_v2.0.6/edf/eval/aaaaarnq/s003_2014/01_tcp_ar/aaaaarnq_s003_t003.edf,18,
tusz,tusz_v2.0.6/edf/eval/aaaaarnq/s003_2014/01_tcp_ar/aaaaarnq_s003_t004.edf,18,
tusz,tusz_v2.0.6/edf/eval/aaaaarnq/s003_2014/01_tcp_ar/aaaaarnq_s003_t005.edf,18,
tusz,tusz_v2.0.6/edf/eval/aaaaarnq/s003_2014/01_tcp_ar/aaaaarnq_s003_t006.edf,18,
tusz,tusz_v2.0.6/edf/eval/aaaaarnq/s003_2014/01_tcp_ar/aaaaarnq_s003_t007.edf,18,
tusz,tusz_v2.0.6/edf/eval/aaaaarnq/s003_2014/01_tcp_ar/aaaaarnq_s003_t008.edf,18,
tusz,tusz_v2.0.6/edf/eval/aaaaarnq/s003_2014/01_tcp_ar/aaaaarnq_s003_t009.edf,18,
tusz,tusz_v2.0.6/edf/eval/aaaaarnq/s003_2014/01_tcp_ar/aaaaarnq_s003_t010.edf,18,
tusz,tusz_v2.0.6/edf/eval/aaaaarnq/s003_2014/01_tcp_ar/aaaaarnq_s003_t011.edf,18,
tusz,tusz_v2.0.6/edf/eval/aaaaarnq/s004_2014/01_tcp_ar/aaaaarnq_s004_t000.edf,18,
tusz,tusz_v2.0.6/edf/eval/aaaaarnq/s004_2014/01_tcp_ar/aaaaarnq_s004_t001.edf,18,
tusz,tusz_v2.0.6/edf/eval/aaaaarnq/s004_2014/01_tcp_ar/aaaaarnq_s004_t002.edf,18,
tusz,tusz_v2.0.6/edf/eval/aaaaarnq/s004_2014/01_tcp_ar/aaaaarnq_s004_t003.edf,18,
tusz,tusz_v2.0.6/edf/eval/aaaaarnq/s004_2014/01_tcp_ar/aaaaarnq_s004_t004.edf,18,
tusz,tusz_v2.0.6/edf/eval/aaaaarnq/s004_2014/01_tcp_ar/aaaaarnq_s004_t005.edf,18,
tusz,tusz_v2.0.6/edf/eval/aaaaarnq/s004_2014/01_tcp_ar/aaaaarnq_s004_t006.edf,18,
tusz,tusz_v2.0.6/edf/eval/aaaaarpu/s001_2014/01_tcp_ar/aaaaarpu_s001_t004.edf,18,
tusz,tusz_v2.0.6/edf/eval/aaaaarpu/s003_2014/01_tcp_ar/aaaaarpu_s003_t000.edf,18,
tusz,tusz_v2.0.6/edf/eval/aaaaarpu/s003_2014/01_tcp_ar/aaaaarpu_s003_t001.edf,18,
tusz,tusz_v2.0.6/edf/eval/aaaaarpu/s003_2014/01_tcp_ar/aaaaarpu_s003_t002.edf,18,
tusz,tusz_v2.0.6/edf/eval/aaaaarpu/s003_2014/01_tcp_ar/aaaaarpu_s003_t003.edf,18,
tusz,tusz_v2.0.6/edf/eval/aaaaarpu/s003_2014/01_tcp_ar/aaaaarpu_s003_t005.edf,18,
tusz,tusz_v2.0.6/edf/eval/aaaaarpu/s003_2014/01_tcp_ar/aaaaarpu_s003_t006.edf,18,
tusz,tusz_v2.0.6/edf/eval/aaaaarpu/s003_2014/01_tcp_ar/aaaaarpu_s003_t007.edf,18,
tusz,tusz_v2.0.6/edf/eval/aaaaarpu/s003_2014/01_tcp_ar/aaaaarpu_s003_t008.edf,18,
tusz,tusz_v2.0.6/edf/eval/aaaaarpu/s003_2014/01_tcp_ar/aaaaarpu_s003_t009.edf,18,
tusz,tusz_v2.0.6/edf/eval/aaaaarpu/s003_2014/01_tcp_ar/aaaaarpu_s003_t010.edf,18,
tusz,tusz_v2.0.6/edf/eval/aaaaarpu/s004_2014/01_tcp_ar/aaaaarpu_s004_t000.edf,18,
tusz,tusz_v2.0.6/edf/eval/aaaaarpu/s004_2014/01_tcp_ar/aaaaarpu_s004_t001.edf,18,
tusz,tusz_v2.0.6/edf/eval/aaaaarpu/s004_2014/01_tcp_ar/aaaaarpu_s004_t002.edf,18,
tusz,tusz_v2.0.6/edf/eval/aaaaarpu/s004_2014/01_tcp_ar/aaaaarpu_s004_t003.edf,18,
tusz,tusz_v2.0.6/edf/eval/aaaaarpu/s004_2014/01_tcp_ar/aaaaarpu_s004_t004.edf,18,
tusz,tusz_v2.0.6/edf/eval/aaaaarpu/s004_2014/01_tcp_ar/aaaaarpu_s004_t005.edf,18,
tusz,tusz_v2.0.6/edf/eval/aaaaarpu/s004_2014/01_tcp_ar/aaaaarpu_s004_t006.edf,18,
tusz,tusz_v2.0.6/edf/eval/aaaaarpu/s004_2014/01_tcp_ar/aaaaarpu_s004_t007.edf,18,
tusz,tusz_v2.0.6/edf/eval/aaaaarpu/s004_2014/01_tcp_ar/aaaaarpu_s004_t008.edf,18,
tusz,tusz_v2.0.6/edf/eval/aaaaarpu/s004_2014/01_tcp_ar/aaaaarpu_s004_t009.edf,18,
tusz,tusz_v2.0.6/edf/eval/aaaaarpu/s004_2014/01_tcp_ar/aaaaarpu_s004_t010.edf,18,
tusz,tusz_v2.0.6/edf/eval/aaaaarpu/s004_2014/01_tcp_ar/aaaaarpu_s004_t011.edf,18,
tusz,tusz_v2.0.6/edf/eval/aaaaarpv/s001_2014/01_tcp_ar/aaaaarpv_s001_t000.edf,18,
tusz,tusz_v2.0.6/edf/eval/aaaaarpv/s001_2014/01_tcp_ar/aaaaarpv_s001_t001.edf,18,
tusz,tusz_v2.0.6/edf/eval/aaaaarpv/s001_2014/01_tcp_ar/aaaaarpv_s001_t002.edf,18,
tusz,tusz_v2.0.6/edf/eval/aaaaarpv/s001_2014/01_tcp_ar/aaaaarpv_s001_t003.edf,18,
tusz,tusz_v2.0.6/edf/eval/aaaaarpv/s001_2014/01_tcp_ar/aaaaarpv_s001_t004.edf,18,
tusz,tusz_v2.0.6/edf/eval/aaaaarpv/s001_2014/01_tcp_ar/aaaaarpv_s001_t005.edf,18,
tusz,tusz_v2.0.6/edf/eval/aaaaarpv/s001_2014/01_tcp_ar/aaaaarpv_s001_t006.edf,18,
tusz,tusz_v2.0.6/edf/eval/aaaaarpv/s001_2014/01_tcp_ar/aaaaarpv_s001_t007.edf,18,
tusz,tusz_v2.0.6/edf/eval/aaaaarpv/s002_2014/01_tcp_ar/aaaaarpv_s002_t000.edf,18,
tusz,tusz_v2.0.6/edf/eval/aaaaarpv/s002_2014/01_tcp_ar/aaaaarpv_s002_t001.edf,18,
tusz,tusz_v2.0.6/edf/eval/aaaaarpv/s002_2014/01_tcp_ar/aaaaarpv_s002_t002.edf,18,
tusz,tusz_v2.0.6/edf/eval/aaaaarpv/s002_2014/01_tcp_ar/aaaaarpv_s002_t003.edf,18,
tusz,tusz_v2.0.6/edf/eval/aaaaarpv/s002_2014/01_tcp_ar/aaaaarpv_s002_t004.edf,18,
tusz,tusz_v2.0.6/edf/eval/aaaaarpv/s002_2014/01_tcp_ar/aaaaarpv_s002_t005.edf,18,
tusz,tusz_v2.0.6/edf/eval/aaaaarpv/s002_2014/01_tcp_ar/aaaaarpv_s002_t006.edf,18,
tusz,tusz_v2.0.6/edf/eval/aaaaarpv/s002_2014/01_tcp_ar/aaaaarpv_s002_t007.edf,18,
tusz,tusz_v2.0.6/edf/eval/aaaaarpv/s002_2014/01_tcp_ar/aaaaarpv_s002_t008.edf,18,
tusz,tusz_v2.0.6/edf/eval/aaaaarpv/s002_2014/01_tcp_ar/aaaaarpv_s002_t010.edf,18,
tusz,tusz_v2.0.6/edf/eval/aaaaarpv/s002_2014/01_tcp_ar/aaaaarpv_s002_t011.edf,18,
tusz,tusz_v2.0.6/edf/eval/aaaaarpv/s002_2014/01_tcp_ar/aaaaarpv_s002_t012.edf,18,
tusz,tusz_v2.0.6/edf/eval/aaaaarpv/s002_2014/01_tcp_ar/aaaaarpv_s002_t013.edf,18,
tusz,tusz_v2.0.6/edf/eval/aaaaarpv/s002_2014/01_tcp_ar/aaaaarpv_s002_t014.edf,18,
tusz,tusz_v2.0.6/edf/eval/aaaaarpv/s003_2014/01_tcp_ar/aaaaarpv_s003_t000.edf,18,
tusz,tusz_v2.0.6/edf/eval/aaaaarpv/s003_2014/01_tcp_ar/aaaaarpv_s003_t001.edf,18,
tusz,tusz_v2.0.6/edf/eval/aaaaarpv/s003_2014/01_tcp_ar/aaaaarpv_s003_t002.edf,18,
tusz,tusz_v2.0.6/edf/eval/aaaaarpv/s003_2014/01_tcp_ar/aaaaarpv_s003_t003.edf,18,
tusz,tusz_v2.0.6/edf/eval/aaaaarpv/s003_2014/01_tcp_ar/aaaaarpv_s003_t004.edf,18,
tusz,tusz_v2.0.6/edf/eval/aaaaarpv/s003_2014/01_tcp_ar/aaaaarpv_s003_t005.edf,18,
tusz,tusz_v2.0.6/edf/eval/aaaaarpv/s003_2014/01_tcp_ar/aaaaarpv_s003_t006.edf,18,
tusz,tusz_v2.0.6/edf/eval/aaaaarpv/s003_2014/01_tcp_ar/aaaaarpv_s003_t007.edf,18,
tusz,tusz_v2.0.6/edf/eval/aaaaarpv/s003_2014/01_tcp_ar/aaaaarpv_s003_t008.edf,18,
tusz,tusz_v2.0.6/edf/eval/aaaaarpv/s003_2014/01_tcp_ar/aaaaarpv_s003_t009.edf,18,
tusz,tusz_v2.0.6/edf/eval/aaaaarto/s001_2014/01_tcp_ar/aaaaarto_s001_t000.edf,18,
tusz,tusz_v2.0.6/edf/eval/aaaaasfw/s003_2015/01_tcp_ar/aaaaasfw_s003_t001.edf,18,
tusz,tusz_v2.0.6/edf/eval/aaaaasfw/s003_2015/01_tcp_ar/aaaaasfw_s003_t003.edf,18,
tusz,tusz_v2.0.6/edf/eval/aaaaasfw/s003_2015/01_tcp_ar/aaaaasfw_s003_t005.edf,18,
tusz,tusz_v2.0.6/edf/eval/aaaaasfw/s003_2015/01_tcp_ar/aaaaasfw_s003_t006.edf,18,
tusz,tusz_v2.0.6/edf/eval/aaaaasfw/s003_2015/01_tcp_ar/aaaaasfw_s003_t009.edf,18,
tusz,tusz_v2.0.6/edf/eval/aaaaasfw/s003_2015/01_tcp_ar/aaaaasfw_s003_t010.edf,18,
tusz,tusz_v2.0.6/edf/eval/aaaaasfw/s003_2015/01_tcp_ar/aaaaasfw_s003_t011.edf,18,
tusz,tusz_v2.0.6/edf/eval/aaaaasfw/s005_2015/01_tcp_ar/aaaaasfw_s005_t000.edf,18,
tusz,tusz_v2.0.6/edf/eval/aaaaasfw/s005_2015/01_tcp_ar/aaaaasfw_s005_t002.edf,18,
tusz,tusz_v2.0.6/edf/eval/aaaaasfw/s005_2015/01_tcp_ar/aaaaasfw_s005_t003.edf,18,
tusz,tusz_v2.0.6/edf/eval/aaaaasfw/s005_2015/01_tcp_ar/aaaaasfw_s005_t004.edf,18,
tusz,tusz_v2.0.6/edf/eval/aaaaasfw/s005_2015/01_tcp_ar/aaaaasfw_s005_t007.edf,18,
tusz,tusz_v2.0.6/edf/eval/aaaaasfw/s005_2015/01_tcp_ar/aaaaasfw_s005_t008.edf,18,
tusz,tusz_v2.0.6/edf/eval/aaaaasfw/s005_2015/01_tcp_ar/aaaaasfw_s005_t010.edf,18,
tusz,tusz_v2.0.6/edf/eval/aaaaasfw/s005_2015/01_tcp_ar/aaaaasfw_s005_t011.edf,18,
tusz,tusz_v2.0.6/edf/eval/aaaaasfw/s005_2015/01_tcp_ar/aaaaasfw_s005_t012.edf,18,
tusz,tusz_v2.0.6/edf/eval/aaaaasfw/s005_2015/01_tcp_ar/aaaaasfw_s005_t014.edf,18,
tusz,tusz_v2.0.6/edf/eval/aaaaasfw/s006_2015/01_tcp_ar/aaaaasfw_s006_t000.edf,18,
tusz,tusz_v2.0.6/edf/eval/aaaaasfw/s006_2015/01_tcp_ar/aaaaasfw_s006_t001.edf,18,
tusz,tusz_v2.0.6/edf/eval/aaaaasfw/s006_2015/01_tcp_ar/aaaaasfw_s006_t002.edf,18,
tusz,tusz_v2.0.6/edf/eval/aaaaasfw/s006_2015/01_tcp_ar/aaaaasfw_s006_t003.edf,18,
tusz,tusz_v2.0.6/edf/eval/aaaaasfw/s006_2015/01_tcp_ar/aaaaasfw_s006_t004.edf,18,
tusz,tusz_v2.0.6/edf/eval/aaaaasfw/s006_2015/01_tcp_ar/aaaaasfw_s006_t005.edf,18,
tusz,tusz_v2.0.6/edf/eval/aaaaasfw/s006_2015/01_tcp_ar/aaaaasfw_s006_t006.edf,18,
tusz,tusz_v2.0.6/edf/eval/aaaaasfw/s006_2015/01_tcp_ar/aaaaasfw_s006_t007.edf,18,
tusz,tusz_v2.0.6/edf/eval/aaaaasfw/s006_2015/01_tcp_ar/aaaaasfw_s006_t008.edf,18,
tusz,tusz_v2.0.6/edf/eval/aaaaasfw/s006_2015/01_tcp_ar/aaaaasfw_s006_t009.edf,18,
tusz,tusz_v2.0.6/edf/eval/aaaaasfw/s007_2015/01_tcp_ar/aaaaasfw_s007_t000.edf,18,
tusz,tusz_v2.0.6/edf/eval/aaaaasfw/s007_2015/01_tcp_ar/aaaaasfw_s007_t001.edf,18,
tusz,tusz_v2.0.6/edf/eval/aaaaasfw/s007_2015/01_tcp_ar/aaaaasfw_s007_t002.edf,18,
tusz,tusz_v2.0.6/edf/eval/aaaaasfw/s007_2015/01_tcp_ar/aaaaasfw_s007_t003.edf,18,
tusz,tusz_v2.0.6/edf/eval/aaaaasfw/s007_2015/01_tcp_ar/aaaaasfw_s007_t004.edf,18,
tusz,tusz_v2.0.6/edf/eval/aaaaasfw/s007_2015/01_tcp_ar/aaaaasfw_s007_t005.edf,18,
tusz,tusz_v2.0.6/edf/eval/aaaaasfw/s007_2015/01_tcp_ar/aaaaasfw_s007_t006.edf,18,
tusz,tusz_v2.0.6/edf/eval/aaaaasfw/s007_2015/01_tcp_ar/aaaaasfw_s007_t007.edf,18,
tusz,tusz_v2.0.6/edf/eval/aaaaasfw/s007_2015/01_tcp_ar/aaaaasfw_s007_t008.edf,18,
tusz,tusz_v2.0.6/edf/eval/aaaaasfw/s007_2015/01_tcp_ar/aaaaasfw_s007_t009.edf,18,
tusz,tusz_v2.0.6/edf/eval/aaaaasip/s001_2015/01_tcp_ar/aaaaasip_s001_t000.edf,18,
tusz,tusz_v2.0.6/edf/eval/aaaaasip/s002_2015/01_tcp_ar/aaaaasip_s002_t000.edf,18,
tusz,tusz_v2.0.6/edf/eval/aaaaasip/s002_2015/01_tcp_ar/aaaaasip_s002_t001.edf,18,
tusz,tusz_v2.0.6/edf/eval/aaaaasip/s002_2015/01_tcp_ar/aaaaasip_s002_t002.edf,18,
tusz,tusz_v2.0.6/edf/eval/aaaaasip/s002_2015/01_tcp_ar/aaaaasip_s002_t003.edf,18,
tusz,tusz_v2.0.6/edf/eval/aaaaasip/s002_2015/01_tcp_ar/aaaaasip_s002_t004.edf,18,
tusz,tusz_v2.0.6/edf/eval/aaaaasip/s002_2015/01_tcp_ar/aaaaasip_s002_t005.edf,18,
tusz,tusz_v2.0.6/edf/eval/aaaaasip/s002_2015/01_tcp_ar/aaaaasip_s002_t006.edf,18,
tusz,tusz_v2.0.6/edf/eval/aaaaasip/s002_2015/01_tcp_ar/aaaaasip_s002_t007.edf,18,
tusz,tusz_v2.0.6/edf/eval/aaaaasip/s003_2015/01_tcp_ar/aaaaasip_s003_t000.edf,18,
tusz,tusz_v2.0.6/edf/eval/aaaaasip/s003_2015/01_tcp_ar/aaaaasip_s003_t001.edf,18,
tusz,tusz_v2.0.6/edf/eval/aaaaasip/s003_2015/01_tcp_ar/aaaaasip_s003_t003.edf,18,
tusz,tusz_v2.0.6/edf/eval/aaaaasip/s003_2015/01_tcp_ar/aaaaasip_s003_t004.edf,18,
tusz,tusz_v2.0.6/edf/eval/aaaaasip/s004_2015/01_tcp_ar/aaaaasip_s004_t000.edf,18,
tusz,tusz_v2.0.6/edf/eval/aaaaasip/s007_2015/01_tcp_ar/aaaaasip_s007_t000.edf,18,
tusz,tusz_v2.0.6/edf/eval/aaaaasip/s007_2015/01_tcp_ar/aaaaasip_s007_t001.edf,18,
tusz,tusz_v2.0.6/edf/eval/aaaaasip/s008_2015/01_tcp_ar/aaaaasip_s008_t000.edf,18,
tusz,tusz_v2.0.6/edf/eval/aaaaasip/s008_2015/01_tcp_ar/aaaaasip_s008_t001.edf,18,
tusz,tusz_v2.0.6/edf/eval/aaaaasip/s008_2015/01_tcp_ar/aaaaasip_s008_t002.edf,18,
tusz,tusz_v2.0.6/edf/eval/aaaaasip/s008_2015/01_tcp_ar/aaaaasip_s008_t003.edf,18,
tusz,tusz_v2.0.6/edf/eval/aaaaasip/s008_2015/01_tcp_ar/aaaaasip_s008_t004.edf,18,
tusz,tusz_v2.0.6/edf/eval/aaaaasip/s008_2015/01_tcp_ar/aaaaasip_s008_t005.edf,18,
tusz,tusz_v2.0.6/edf/eval/aaaaasip/s008_2015/01_tcp_ar/aaaaasip_s008_t006.edf,18,
tusz,tusz_v2.0.6/edf/eval/aaaaasip/s008_2015/01_tcp_ar/aaaaasip_s008_t007.edf,18,
tusz,tusz_v2.0.6/edf/eval/aaaaasip/s008_2015/01_tcp_ar/aaaaasip_s008_t008.edf,18,
tusz,tusz_v2.0.6/edf/eval/aaaaasjz/s001_2014/01_tcp_ar/aaaaasjz_s001_t000.edf,18,
tusz,tusz_v2.0.6/edf/eval/aaaaasjz/s003_2014/01_tcp_ar/aaaaasjz_s003_t000.edf,18,
tusz,tusz_v2.0.6/edf/eval/aaaaasjz/s003_2014/01_tcp_ar/aaaaasjz_s003_t001.edf,18,
tusz,tusz_v2.0.6/edf/eval/aaaaasjz/s003_2014/01_tcp_ar/aaaaasjz_s003_t002.edf,18,
tusz,tusz_v2.0.6/edf/eval/aaaaasjz/s003_2014/01_tcp_ar/aaaaasjz_s003_t003.edf,18,
tusz,tusz_v2.0.6/edf/eval/aaaaasjz/s003_2014/01_tcp_ar/aaaaasjz_s003_t004.edf,18,
tusz,tusz_v2.0.6/edf/eval/aaaaasjz/s003_2014/01_tcp_ar/aaaaasjz_s003_t005.edf,18,
tusz,tusz_v2.0.6/edf/eval/aaaaasjz/s003_2014/01_tcp_ar/aaaaasjz_s003_t006.edf,18,
tusz,tusz_v2.0.6/edf/eval/aaaaasjz/s003_2014/01_tcp_ar/aaaaasjz_s003_t007.edf,18,
tusz,tusz_v2.0.6/edf/eval/aaaaasjz/s003_2014/01_tcp_ar/aaaaasjz_s003_t008.edf,18,
tusz,tusz_v2.0.6/edf/eval/aaaaasjz/s003_2014/01_tcp_ar/aaaaasjz_s003_t009.edf,18,
tusz,tusz_v2.0.6/edf/eval/aaaaasjz/s003_2014/01_tcp_ar/aaaaasjz_s003_t010.edf,18,
tusz,tusz_v2.0.6/edf/eval/aaaaasnu/s004_2015/03_tcp_ar_a/aaaaasnu_s004_t000.edf,18,
tusz,tusz_v2.0.6/edf/eval/aaaaasnu/s004_2015/03_tcp_ar_a/aaaaasnu_s004_t001.edf,18,
tusz,tusz_v2.0.6/edf/eval/aaaaasnu/s004_2015/03_tcp_ar_a/aaaaasnu_s004_t002.edf,18,
tusz,tusz_v2.0.6/edf/eval/aaaaasnu/s004_2015/03_tcp_ar_a/aaaaasnu_s004_t003.edf,18,
tusz,tusz_v2.0.6/edf/eval/aaaaasnu/s004_2015/03_tcp_ar_a/aaaaasnu_s004_t004.edf,18,
tusz,tusz_v2.0.6/edf/eval/aaaaasnu/s004_2015/03_tcp_ar_a/aaaaasnu_s004_t005.edf,18,
tusz,tusz_v2.0.6/edf/eval/aaaaasnu/s004_2015/03_tcp_ar_a/aaaaasnu_s004_t006.edf,18,
tusz,tusz_v2.0.6/edf/eval/aaaaasnu/s004_2015/03_tcp_ar_a/aaaaasnu_s004_t007.edf,18,
tusz,tusz_v2.0.6/edf/eval/aaaaasnu/s004_2015/03_tcp_ar_a/aaaaasnu_s004_t008.edf,18,
tusz,tusz_v2.0.6/edf/eval/aaaaasnu/s005_2015/03_tcp_ar_a/aaaaasnu_s005_t000.edf,18,
tusz,tusz_v2.0.6/edf/eval/aaaaasnu/s005_2015/03_tcp_ar_a/aaaaasnu_s005_t001.edf,18,
tusz,tusz_v2.0.6/edf/eval/aaaaasnu/s005_2015/03_tcp_ar_a/aaaaasnu_s005_t002.edf,18,
tusz,tusz_v2.0.6/edf/eval/aaaaasnu/s005_2015/03_tcp_ar_a/aaaaasnu_s005_t003.edf,18,
tusz,tusz_v2.0.6/edf/eval/aaaaasnu/s005_2015/03_tcp_ar_a/aaaaasnu_s005_t004.edf,18,
tusz,tusz_v2.0.6/edf/eval/aaaaasnu/s005_2015/03_tcp_ar_a/aaaaasnu_s005_t005.edf,18,
tusz,tusz_v2.0.6/edf/eval/aaaaasnu/s005_2015/03_tcp_ar_a/aaaaasnu_s005_t006.edf,18,
tusz,tusz_v2.0.6/edf/eval/aaaaasnu/s005_2015/03_tcp_ar_a/aaaaasnu_s005_t007.edf,18,
tusz,tusz_v2.0.6/edf/eval/aaaaasnu/s005_2015/03_tcp_ar_a/aaaaasnu_s005_t008.edf,18,
tusz,tusz_v2.0.6/edf/eval/aaaaasnu/s005_2015/03_tcp_ar_a/aaaaasnu_s005_t009.edf,18,
tusz,tusz_v2.0.6/edf/eval/aaaaasnu/s006_2015/03_tcp_ar_a/aaaaasnu_s006_t000.edf,18,
tusz,tusz_v2.0.6/edf/eval/aaaaasnu/s006_2015/03_tcp_ar_a/aaaaasnu_s006_t001.edf,18,
tusz,tusz_v2.0.6/edf/eval/aaaaasnu/s006_2015/03_tcp_ar_a/aaaaasnu_s006_t002.edf,18,
tusz,tusz_v2.0.6/edf/eval/aaaaasnu/s006_2015/03_tcp_ar_a/aaaaasnu_s006_t003.edf,18,
tusz,tusz_v2.0.6/edf/eval/aaaaasnu/s006_2015/03_tcp_ar_a/aaaaasnu_s006_t004.edf,18,
tusz,tusz_v2.0.6/edf/eval/aaaaasnu/s006_2015/03_tcp_ar_a/aaaaasnu_s006_t005.edf,18,
tusz,tusz_v2.0.6/edf/eval/aaaaasnu/s006_2015/03_tcp_ar_a/aaaaasnu_s006_t006.edf,18,
tusz,tusz_v2.0.6/edf/eval/aaaaasnu/s006_2015/03_tcp_ar_a/aaaaasnu_s006_t007.edf,18,
tusz,tusz_v2.0.6/edf/eval/aaaaasnu/s006_2015/03_tcp_ar_a/aaaaasnu_s006_t008.edf,18,
tusz,tusz_v2.0.6/edf/eval/aaaaasnu/s006_2015/03_tcp_ar_a/aaaaasnu_s006_t009.edf,18,
tusz,tusz_v2.0.6/edf/eval/aaaaasnu/s007_2015/03_tcp_ar_a/aaaaasnu_s007_t000.edf,18,
tusz,tusz_v2.0.6/edf/eval/aaaaasnu/s007_2015/03_tcp_ar_a/aaaaasnu_s007_t001.edf,18,
tusz,tusz_v2.0.6/edf/eval/aaaaasnu/s007_2015/03_tcp_ar_a/aaaaasnu_s007_t002.edf,18,
tusz,tusz_v2.0.6/edf/eval/aaaaasnu/s007_2015/03_tcp_ar_a/aaaaasnu_s007_t003.edf,18,
tusz,tusz_v2.0.6/edf/eval/aaaaasnu/s007_2015/03_tcp_ar_a/aaaaasnu_s007_t004.edf,18,
tusz,tusz_v2.0.6/edf/eval/aaaaasnu/s007_2015/03_tcp_ar_a/aaaaasnu_s007_t005.edf,18,
tusz,tusz_v2.0.6/edf/eval/aaaaasnu/s007_2015/03_tcp_ar_a/aaaaasnu_s007_t006.edf,18,
tusz,tusz_v2.0.6/edf/eval/aaaaasoc/s001_2015/01_tcp_ar/aaaaasoc_s001_t000.edf,18,
tusz,tusz_v2.0.6/edf/eval/aaaaasoc/s001_2015/01_tcp_ar/aaaaasoc_s001_t001.edf,18,
tusz,tusz_v2.0.6/edf/eval/aaaaasoc/s003_2015/01_tcp_ar/aaaaasoc_s003_t000.edf,18,
tusz,tusz_v2.0.6/edf/eval/aaaaasoc/s004_2015/01_tcp_ar/aaaaasoc_s004_t000.edf,18,
tusz,tusz_v2.0.6/edf/eval/aaaaasoc/s004_2015/01_tcp_ar/aaaaasoc_s004_t001.edf,18,
tusz,tusz_v2.0.6/edf/eval/aaaaasoc/s004_2015/01_tcp_ar/aaaaasoc_s004_t002.edf,18,
tusz,tusz_v2.0.6/edf/eval/aaaaasoc/s004_2015/01_tcp_ar/aaaaasoc_s004_t003.edf,18,
tusz,tusz_v2.0.6/edf/eval/aaaaasoc/s004_2015/01_tcp_ar/aaaaasoc_s004_t004.edf,18,
tusz,tusz_v2.0.6/edf/eval/aaaaasoc/s004_2015/01_tcp_ar/aaaaasoc_s004_t005.edf,18,
tusz,tusz_v2.0.6/edf/eval/aaaaasoc/s004_2015/01_tcp_ar/aaaaasoc_s004_t006.edf,18,
tusz,tusz_v2.0.6/edf/eval/aaaaasoc/s004_2015/01_tcp_ar/aaaaasoc_s004_t007.edf,18,
tusz,tusz_v2.0.6/edf/eval/aaaaasoc/s004_2015/01_tcp_ar/aaaaasoc_s004_t008.edf,18,
tusz,tusz_v2.0.6/edf/eval/aaaaasoc/s005_2015/01_tcp_ar/aaaaasoc_s005_t000.edf,18,
tusz,tusz_v2.0.6/edf/eval/aaaaasoc/s005_2015/01_tcp_ar/aaaaasoc_s005_t001.edf,18,
tusz,tusz_v2.0.6/edf/eval/aaaaasoc/s005_2015/01_tcp_ar/aaaaasoc_s005_t002.edf,18,
tusz,tusz_v2.0.6/edf/eval/aaaaasoc/s005_2015/01_tcp_ar/aaaaasoc_s005_t003.edf,18,
tusz,tusz_v2.0.6/edf/eval/aaaaasoc/s005_2015/01_tcp_ar/aaaaasoc_s005_t004.edf,18,
tusz,tusz_v2.0.6/edf/eval/aaaaasoc/s005_2015/01_tcp_ar/aaaaasoc_s005_t005.edf,18,
tusz,tusz_v2.0.6/edf/eval/aaaaasoc/s005_2015/01_tcp_ar/aaaaasoc_s005_t006.edf,18,
tusz,tusz_v2.0.6/edf/eval/aaaaasoc/s005_2015/01_tcp_ar/aaaaasoc_s005_t007.edf,18,
tusz,tusz_v2.0.6/edf/eval/aaaaasoc/s005_2015/01_tcp_ar/aaaaasoc_s005_t008.edf,18,
tusz,tusz_v2.0.6/edf/eval/aaaaasoc/s005_2015/01_tcp_ar/aaaaasoc_s005_t009.edf,18,
tusz,tusz_v2.0.6/edf/eval/aaaaasvq/s002_2015/01_tcp_ar/aaaaasvq_s002_t000.edf,18,
tusz,tusz_v2.0.6/edf/eval/aaaaasvq/s002_2015/01_tcp_ar/aaaaasvq_s002_t001.edf,18,
tusz,tusz_v2.0.6/edf/eval/aaaaasvq/s003_2015/01_tcp_ar/aaaaasvq_s003_t000.edf,18,
tusz,tusz_v2.0.6/edf/eval/aaaaasvq/s003_2015/01_tcp_ar/aaaaasvq_s003_t002.edf,18,
tusz,tusz_v2.0.6/edf/eval/aaaaasvq/s003_2015/01_tcp_ar/aaaaasvq_s003_t003.edf,18,
tusz,tusz_v2.0.6/edf/eval/aaaaasvq/s003_2015/01_tcp_ar/aaaaasvq_s003_t004.edf,18,
tusz,tusz_v2.0.6/edf/eval/aaaaasvq/s003_2015/01_tcp_ar/aaaaasvq_s003_t005.edf,18,
tusz,tusz_v2.0.6/edf/eval/aaaaasvq/s003_2015/01_tcp_ar/aaaaasvq_s003_t006.edf,18,
tusz,tusz_v2.0.6/edf/eval/aaaaasvq/s003_2015/01_tcp_ar/aaaaasvq_s003_t007.edf,18,
tusz,tusz_v2.0.6/edf/eval/aaaaasvq/s004_2015/01_tcp_ar/aaaaasvq_s004_t000.edf,18,
tusz,tusz_v2.0.6/edf/eval/aaaaasvq/s004_2015/01_tcp_ar/aaaaasvq_s004_t001.edf,18,
tusz,tusz_v2.0.6/edf/eval/aaaaasvq/s004_2015/01_tcp_ar/aaaaasvq_s004_t002.edf,18,
tusz,tusz_v2.0.6/edf/eval/aaaaasvq/s004_2015/01_tcp_ar/aaaaasvq_s004_t003.edf,18,
tusz,tusz_v2.0.6/edf/eval/aaaaasvq/s004_2015/01_tcp_ar/aaaaasvq_s004_t004.edf,18,
tusz,tusz_v2.0.6/edf/eval/aaaaasvq/s004_2015/01_tcp_ar/aaaaasvq_s004_t005.edf,18,
tusz,tusz_v2.0.6/edf/eval/aaaaasvq/s007_2015/01_tcp_ar/aaaaasvq_s007_t001.edf,18,
tusz,tusz_v2.0.6/edf/eval/aaaaasvq/s007_2015/01_tcp_ar/aaaaasvq_s007_t002.edf,18,
tusz,tusz_v2.0.6/edf/eval/aaaaasvq/s007_2015/01_tcp_ar/aaaaasvq_s007_t003.edf,18,
tusz,tusz_v2.0.6/edf/eval/aaaaasvq/s007_2015/01_tcp_ar/aaaaasvq_s007_t004.edf,18,
tusz,tusz_v2.0.6/edf/eval/aaaaasvq/s007_2015/01_tcp_ar/aaaaasvq_s007_t005.edf,18,
tusz,tusz_v2.0.6/edf/eval/aaaaasvq/s007_2015/01_tcp_ar/aaaaasvq_s007_t006.edf,18,
tusz,tusz_v2.0.6/edf/eval/aaaaasvq/s007_2015/01_tcp_ar/aaaaasvq_s007_t007.edf,18,
tusz,tusz_v2.0.6/edf/eval/aaaaaswc/s001_2015/01_tcp_ar/aaaaaswc_s001_t001.edf,18,
tusz,tusz_v2.0.6/edf/eval/aaaaaswc/s002_2015/01_tcp_ar/aaaaaswc_s002_t001.edf,18,
tusz,tusz_v2.0.6/edf/eval/aaaaaswc/s002_2015/01_tcp_ar/aaaaaswc_s002_t002.edf,18,
tusz,tusz_v2.0.6/edf/eval/aaaaaswc/s002_2015/01_tcp_ar/aaaaaswc_s002_t003.edf,18,
tusz,tusz_v2.0.6/edf/eval/aaaaaswc/s002_2015/01_tcp_ar/aaaaaswc_s002_t004.edf,18,
tusz,tusz_v2.0.6/edf/eval/aaaaaswc/s002_2015/01_tcp_ar/aaaaaswc_s002_t005.edf,18,
tusz,tusz_v2.0.6/edf/eval/aaaaaswc/s002_2015/01_tcp_ar/aaaaaswc_s002_t006.edf,18,
tusz,tusz_v2.0.6/edf/eval/aaaaaswc/s002_2015/01_tcp_ar/aaaaaswc_s002_t007.edf,18,
tusz,tusz_v2.0.6/edf/eval/aaaaaswc/s002_2015/01_tcp_ar/aaaaaswc_s002_t008.edf,18,
tusz,tusz_v2.0.6/edf/eval/aaaaaswc/s002_2015/01_tcp_ar/aaaaaswc_s002_t009.edf,18,
tusz,tusz_v2.0.6/edf/eval/aaaaaswc/s003_2015/01_tcp_ar/aaaaaswc_s003_t000.edf,18,
tusz,tusz_v2.0.6/edf/eval/aaaaaswc/s003_2015/01_tcp_ar/aaaaaswc_s003_t001.edf,18,
tusz,tusz_v2.0.6/edf/eval/aaaaaswc/s003_2015/01_tcp_ar/aaaaaswc_s003_t002.edf,18,
tusz,tusz_v2.0.6/edf/eval/aaaaatao/s001_2015/01_tcp_ar/aaaaatao_s001_t000.edf,18,
tusz,tusz_v2.0.6/edf/eval/aaaaatao/s002_2015/01_tcp_ar/aaaaatao_s002_t000.edf,18,
tusz,tusz_v2.0.6/edf/eval/aaaaatao/s002_2015/01_tcp_ar/aaaaatao_s002_t001.edf,18,
tusz,tusz_v2.0.6/edf/eval/aaaaatao/s002_2015/01_tcp_ar/aaaaatao_s002_t002.edf,18,
tusz,tusz_v2.0.6/edf/eval/aaaaatao/s002_2015/01_tcp_ar/aaaaatao_s002_t003.edf,18,
tusz,tusz_v2.0.6/edf/eval/aaaaatao/s002_2015/01_tcp_ar/aaaaatao_s002_t004.edf,18,
tusz,tusz_v2.0.6/edf/eval/aaaaatao/s002_2015/01_tcp_ar/aaaaatao_s002_t005.edf,18,
tusz,tusz_v2.0.6/edf/eval/aaaaatao/s002_2015/01_tcp_ar/aaaaatao_s002_t006.edf,18,
tusz,tusz_v2.0.6/edf/eval/aaaaatao/s002_2015/01_tcp_ar/aaaaatao_s002_t007.edf,18,
tusz,tusz_v2.0.6/edf/eval/aaaaatao/s002_2015/01_tcp_ar/aaaaatao_s002_t008.edf,18,
tusz,tusz_v2.0.6/edf/eval/aaaaatao/s002_2015/01_tcp_ar/aaaaatao_s002_t009.edf,18,
tusz,tusz_v2.0.6/edf/eval/aaaaatao/s002_2015/01_tcp_ar/aaaaatao_s002_t010.edf,18,
tusz,tusz_v2.0.6/edf/eval/aaaaatao/s002_2015/01_tcp_ar/aaaaatao_s002_t011.edf,18,
tusz,tusz_v2.0.6/edf/eval/aaaaatao/s003_2015/01_tcp_ar/aaaaatao_s003_t000.edf,18,
tusz,tusz_v2.0.6/edf/eval/aaaaatao/s003_2015/01_tcp_ar/aaaaatao_s003_t001.edf,18,
tusz,tusz_v2.0.6/edf/eval/aaaaatba/s002_2015/01_tcp_ar/aaaaatba_s002_t001.edf,18,
tusz,tusz_v2.0.6/edf/eval/aaaaatba/s002_2015/01_tcp_ar/aaaaatba_s002_t002.edf,18,
tusz,tusz_v2.0.6/edf/eval/aaaaatba/s002_2015/01_tcp_ar/aaaaatba_s002_t003.edf,18,
tusz,tusz_v2.0.6/edf/eval/aaaaatba/s002_2015/01_tcp_ar/aaaaatba_s002_t004.edf,18,
tusz,tusz_v2.0.6/edf/eval/aaaaatba/s002_2015/01_tcp_ar/aaaaatba_s002_t005.edf,18,
tusz,tusz_v2.0.6/edf/eval/aaaaatba/s002_2015/01_tcp_ar/aaaaatba_s002_t006.edf,18,
tusz,tusz_v2.0.6/edf/eval/aaaaatba/s002_2015/01_tcp_ar/aaaaatba_s002_t007.edf,18,
tusz,tusz_v2.0.6/edf/eval/aaaaatba/s003_2015/01_tcp_ar/aaaaatba_s003_t000.edf,18,
tusz,tusz_v2.0.6/edf/eval/aaaaatba/s003_2015/01_tcp_ar/aaaaatba_s003_t001.edf,18,
tusz,tusz_v2.0.6/edf/eval/aaaaatba/s003_2015/01_tcp_ar/aaaaatba_s003_t002.edf,18,
tusz,tusz_v2.0.6/edf/eval/aaaaatba/s003_2015/01_tcp_ar/aaaaatba_s003_t003.edf,18,
tusz,tusz_v2.0.6/edf/eval/aaaaatba/s003_2015/01_tcp_ar/aaaaatba_s003_t005.edf,18,
tusz,tusz_v2.0.6/edf/eval/aaaaatba/s003_2015/01_tcp_ar/aaaaatba_s003_t006.edf,18,
tusz,tusz_v2.0.6/edf/eval/aaaaatba/s003_2015/01_tcp_ar/aaaaatba_s003_t008.edf,18,
tusz,tusz_v2.0.6/edf/eval/aaaaatba/s003_2015/01_tcp_ar/aaaaatba_s003_t009.edf,18,
tusz,tusz_v2.0.6/edf/eval/aaaaatba/s003_2015/01_tcp_ar/aaaaatba_s003_t010.edf,18,
tusz,tusz_v2.0.6/edf/eval/aaaaatba/s003_2015/01_tcp_ar/aaaaatba_s003_t011.edf,18,
tusz,tusz_v2.0.6/edf/eval/aaaaatba/s003_2015/01_tcp_ar/aaaaatba_s003_t012.edf,18,
tusz,tusz_v2.0.6/edf/eval/aaaaatba/s003_2015/01_tcp_ar/aaaaatba_s003_t013.edf,18,
tusz,tusz_v2.0.6/edf/eval/aaaaatba/s003_2015/01_tcp_ar/aaaaatba_s003_t014.edf,18,
tusz,tusz_v2.0.6/edf/eval/aaaaatba/s003_2015/01_tcp_ar/aaaaatba_s003_t015.edf,18,
tusz,tusz_v2.0.6/edf/eval/aaaaatba/s003_2015/01_tcp_ar/aaaaatba_s003_t016.edf,18,
tusz,tusz_v2.0.6/edf/eval/aaaaatba/s004_2015/01_tcp_ar/aaaaatba_s004_t000.edf,18,
tusz,tusz_v2.0.6/edf/eval/aaaaatba/s004_2015/01_tcp_ar/aaaaatba_s004_t001.edf,18,
tusz,tusz_v2.0.6/edf/eval/aaaaatba/s004_2015/01_tcp_ar/aaaaatba_s004_t002.edf,18,
tusz,tusz_v2.0.6/edf/eval/aaaaatba/s004_2015/01_tcp_ar/aaaaatba_s004_t003.edf,18,
tusz,tusz_v2.0.6/edf/eval/aaaaatba/s004_2015/01_tcp_ar/aaaaatba_s004_t004.edf,18,
tusz,tusz_v2.0.6/edf/eval/aaaaatba/s004_2015/01_tcp_ar/aaaaatba_s004_t005.edf,18,
tusz,tusz_v2.0.6/edf/eval/aaaaatba/s004_2015/01_tcp_ar/aaaaatba_s004_t006.edf,18,
tusz,tusz_v2.0.6/edf/eval/aaaaatba/s004_2015/01_tcp_ar/aaaaatba_s004_t007.edf,18,
tusz,tusz_v2.0.6/edf/eval/aaaaatba/s004_2015/01_tcp_ar/aaaaatba_s004_t008.edf,18,
tusz,tusz_v2.0.6/edf/eval/aaaaatba/s004_2015/01_tcp_ar/aaaaatba_s004_t009.edf,18,
tusz,tusz_v2.0.6/edf/eval/aaaaatdq/s005_2015/03_tcp_ar_a/aaaaatdq_s005_t000.edf,18,
tusz,tusz_v2.0.6/edf/eval/aaaaatdq/s005_2015/03_tcp_ar_a/aaaaatdq_s005_t001.edf,18,
tusz,tusz_v2.0.6/edf/eval/aaaaatdq/s005_2015/03_tcp_ar_a/aaaaatdq_s005_t002.edf,18,
tusz,tusz_v2.0.6/edf/eval/aaaaatdq/s005_2015/03_tcp_ar_a/aaaaatdq_s005_t003.edf,18,
tusz,tusz_v2.0.6/edf/eval/aaaaatdq/s005_2015/03_tcp_ar_a/aaaaatdq_s005_t004.edf,18,
tusz,tusz_v2.0.6/edf/eval/aaaaatdq/s005_2015/03_tcp_ar_a/aaaaatdq_s005_t005.edf,18,
tusz,tusz_v2.0.6/edf/eval/aaaaatdq/s005_2015/03_tcp_ar_a/aaaaatdq_s005_t006.edf,18,
tusz,tusz_v2.0.6/edf/eval/aaaaatdt/s001_2015/01_tcp_ar/aaaaatdt_s001_t000.edf,18,
tusz,tusz_v2.0.6/edf/eval/aaaaatdt/s001_2015/01_tcp_ar/aaaaatdt_s001_t001.edf,18,
tusz,tusz_v2.0.6/edf/eval/aaaaatdt/s003_2015/01_tcp_ar/aaaaatdt_s003_t001.edf,18,
tusz,tusz_v2.0.6/edf/eval/aaaaatdt/s003_2015/01_tcp_ar/aaaaatdt_s003_t003.edf,18,
tusz,tusz_v2.0.6/edf/eval/aaaaatdt/s003_2015/01_tcp_ar/aaaaatdt_s003_t004.edf,18,
tusz,tusz_v2.0.6/edf/eval/aaaaatdt/s003_2015/01_tcp_ar/aaaaatdt_s003_t005.edf,18,
tusz,tusz_v2.0.6/edf/eval/aaaaatdt/s003_2015/01_tcp_ar/aaaaatdt_s003_t006.edf,18,
tusz,tusz_v2.0.6/edf/eval/aaaaatdt/s003_2015/01_tcp_ar/aaaaatdt_s003_t007.edf,18,
tusz,tusz_v2.0.6/edf/eval/aaaaatdt/s003_2015/01_tcp_ar/aaaaatdt_s003_t009.edf,18,
tusz,tusz_v2.0.6/edf/eval/aaaaatdt/s003_2015/01_tcp_ar/aaaaatdt_s003_t010.edf,18,
tusz,tusz_v2.0.6/edf/eval/aaaaatdt/s004_2015/01_tcp_ar/aaaaatdt_s004_t000.edf,18,
tusz,tusz_v2.0.6/edf/eval/aaaaatdt/s004_2015/01_tcp_ar/aaaaatdt_s004_t001.edf,18,
tusz,tusz_v2.0.6/edf/eval/aaaaatdt/s004_2015/01_tcp_ar/aaaaatdt_s004_t003.edf,18,
tusz,tusz_v2.0.6/edf/eval/aaaaatdt/s004_2015/01_tcp_ar/aaaaatdt_s004_t005.edf,18,
tusz,tusz_v2.0.6/edf/eval/aaaaatdt/s004_2015/01_tcp_ar/aaaaatdt_s004_t006.edf,18,
tusz,tusz_v2.0.6/edf/eval/aaaaatdt/s004_2015/01_tcp_ar/aaaaatdt_s004_t007.edf,18,
tusz,tusz_v2.0.6/edf/eval/aaaaatdt/s004_2015/01_tcp_ar/aaaaatdt_s004_t008.edf,18,
tusz,tusz_v2.0.6/edf/eval/aaaaatdt/s004_2015/01_tcp_ar/aaaaatdt_s004_t010.edf,18,
tusz,tusz_v2.0.6/edf/eval/aaaaatdt/s004_2015/01_tcp_ar/aaaaatdt_s004_t011.edf,18,
tusz,tusz_v2.0.6/edf/eval/aaaaatdt/s004_2015/01_tcp_ar/aaaaatdt_s004_t012.edf,18,
tusz,tusz_v2.0.6/edf/train/aaaaaaac/s001_2002/02_tcp_le/aaaaaaac_s001_t000.edf,18,
tusz,tusz_v2.0.6/edf/train/aaaaaaac/s001_2002/02_tcp_le/aaaaaaac_s001_t001.edf,18,
tusz,tusz_v2.0.6/edf/train/aaaaaaac/s002_2002/02_tcp_le/aaaaaaac_s002_t000.edf,18,
tusz,tusz_v2.0.6/edf/train/aaaaaaac/s004_2002/02_tcp_le/aaaaaaac_s004_t000.edf,18,
tusz,tusz_v2.0.6/edf/train/aaaaaaac/s004_2002/02_tcp_le/aaaaaaac_s004_t002.edf,18,
tusz,tusz_v2.0.6/edf/train/aaaaaaac/s005_2002/02_tcp_le/aaaaaaac_s005_t000.edf,18,
tusz,tusz_v2.0.6/edf/train/aaaaaaac/s005_2002/02_tcp_le/aaaaaaac_s005_t001.edf,18,
tusz,tusz_v2.0.6/edf/train/aaaaaaac/s005_2002/02_tcp_le/aaaaaaac_s005_t002.edf,18,
tusz,tusz_v2.0.6/edf/train/aaaaaaac/s005_2002/02_tcp_le/aaaaaaac_s005_t003.edf,18,
tusz,tusz_v2.0.6/edf/train/aaaaaaag/s004_2007/03_tcp_ar_a/aaaaaaag_s004_t000.edf,18,
tusz,tusz_v2.0.6/edf/train/aaaaaaag/s004_2007/03_tcp_ar_a/aaaaaaag_s004_t001.edf,18,
tusz,tusz_v2.0.6/edf/train/aaaaaaag/s004_2007/03_tcp_ar_a/aaaaaaag_s004_t002.edf,18,
tusz,tusz_v2.0.6/edf/train/aaaaaaag/s005_2007/03_tcp_ar_a/aaaaaaag_s005_t000.edf,18,
tusz,tusz_v2.0.6/edf/train/aaaaaaag/s006_2007/03_tcp_ar_a/aaaaaaag_s006_t000.edf,18,
tusz,tusz_v2.0.6/edf/train/aaaaaaag/s006_2007/03_tcp_ar_a/aaaaaaag_s006_t001.edf,18,
tusz,tusz_v2.0.6/edf/train/aaaaaaag/s006_2007/03_tcp_ar_a/aaaaaaag_s006_t002.edf,18,
tusz,tusz_v2.0.6/edf/train/aaaaaaar/s003_2007/02_tcp_le/aaaaaaar_s003_t000.edf,18,
tusz,tusz_v2.0.6/edf/train/aaaaaaav/s001_2006/02_tcp_le/aaaaaaav_s001_t000.edf,18,
tusz,tusz_v2.0.6/edf/train/aaaaaaav/s001_2006/02_tcp_le/aaaaaaav_s001_t001.edf,18,
tusz,tusz_v2.0.6/edf/train/aaaaaabg/s002_2006/02_tcp_le/aaaaaabg_s002_t000.edf,18,
tusz,tusz_v2.0.6/edf/train/aaaaaacc/s004_2004/02_tcp_le/aaaaaacc_s004_t000.edf,18,
tusz,tusz_v2.0.6/edf/train/aaaaaacz/s001_2003/02_tcp_le/aaaaaacz_s001_t001.edf,18,
tusz,tusz_v2.0.6/edf/train/aaaaaacz/s003_2010/01_tcp_ar/aaaaaacz_s003_t000.edf,18,
tusz,tusz_v2.0.6/edf/train/aaaaaacz/s006_2015/03_tcp_ar_a/aaaaaacz_s006_t000.edf,18,
tusz,tusz_v2.0.6/edf/train/aaaaaaed/s001_2003/02_tcp_le/aaaaaaed_s001_t000.edf,18,
tusz,tusz_v2.0.6/edf/train/aaaaaaed/s001_2003/02_tcp_le/aaaaaaed_s001_t001.edf,18,
tusz,tusz_v2.0.6/edf/train/aaaaaafn/s001_2003/02_tcp_le/aaaaaafn_s001_t001.edf,18,
tusz,tusz_v2.0.6/edf/train/aaaaaafs/s001_2003/02_tcp_le/aaaaaafs_s001_t000.edf,18,
tusz,tusz_v2.0.6/edf/train/aaaaaafs/s001_2003/02_tcp_le/aaaaaafs_s001_t001.edf,18,
tusz,tusz_v2.0.6/edf/train/aaaaaagt/s001_2003/02_tcp_le/aaaaaagt_s001_t000.edf,18,
tusz,tusz_v2.0.6/edf/train/aaaaaagt/s001_2003/02_tcp_le/aaaaaagt_s001_t001.edf,18,
tusz,tusz_v2.0.6/edf/train/aaaaaahc/s003_2007/02_tcp_le/aaaaaahc_s003_t000.edf,18,
tusz,tusz_v2.0.6/edf/train/aaaaaaii/s002_2003/02_tcp_le/aaaaaaii_s002_t001.edf,18,
tusz,tusz_v2.0.6/edf/train/aaaaaajk/s001_2003/02_tcp_le/aaaaaajk_s001_t000.edf,18,
tusz,tusz_v2.0.6/edf/train/aaaaaajk/s001_2003/02_tcp_le/aaaaaajk_s001_t001.edf,18,
tusz,tusz_v2.0.6/edf/train/aaaaaajk/s003_2004/02_tcp_le/aaaaaajk_s003_t001.edf,18,
tusz,tusz_v2.0.6/edf/train/aaaaaaju/s001_2003/02_tcp_le/aaaaaaju_s001_t000.edf,18,
tusz,tusz_v2.0.6/edf/train/aaaaaaju/s002_2006/02_tcp_le/aaaaaaju_s002_t000.edf,18,
tusz,tusz_v2.0.6/edf/train/aaaaaaju/s003_2006/02_tcp_le/aaaaaaju_s003_t000.edf,18,
tusz,tusz_v2.0.6/edf/train/aaaaaaju/s005_2010/01_tcp_ar/aaaaaaju_s005_t000.edf,18,
tusz,tusz_v2.0.6/edf/train/aaaaaaju/s006_2011/01_tcp_ar/aaaaaaju_s006_t001.edf,18,
tusz,tusz_v2.0.6/edf/train/aaaaaaju/s007_2013/01_tcp_ar/aaaaaaju_s007_t000.edf,18,
tusz,tusz_v2.0.6/edf/train/aaaaaajv/s002_2004/02_tcp_le/aaaaaajv_s002_t000.edf,18,
tusz,tusz_v2.0.6/edf/train/aaaaaakm/s007_2003/01_tcp_ar/aaaaaakm_s007_t000.edf,18,
tusz,tusz_v2.0.6/edf/train/aaaaaakm/s007_2003/01_tcp_ar/aaaaaakm_s007_t001.edf,18,
tusz,tusz_v2.0.6/edf/train/aaaaaakm/s007_2003/01_tcp_ar/aaaaaakm_s007_t002.edf,18,
tusz,tusz_v2.0.6/edf/train/aaaaaakm/s007_2003/01_tcp_ar/aaaaaakm_s007_t003.edf,18,
tusz,tusz_v2.0.6/edf/train/aaaaaakm/s007_2003/01_tcp_ar/aaaaaakm_s007_t004.edf,18,
tusz,tusz_v2.0.6/edf/train/aaaaaakm/s007_2003/01_tcp_ar/aaaaaakm_s007_t005.edf,18,
tusz,tusz_v2.0.6/edf/train/aaaaaakm/s008_2003/01_tcp_ar/aaaaaakm_s008_t000.edf,18,
tusz,tusz_v2.0.6/edf/train/aaaaaakm/s008_2003/01_tcp_ar/aaaaaakm_s008_t001.edf,18,
tusz,tusz_v2.0.6/edf/train/aaaaaakm/s008_2003/01_tcp_ar/aaaaaakm_s008_t002.edf,18,
tusz,tusz_v2.0.6/edf/train/aaaaaakm/s008_2003/01_tcp_ar/aaaaaakm_s008_t003.edf,18,
tusz,tusz_v2.0.6/edf/train/aaaaaakm/s008_2003/01_tcp_ar/aaaaaakm_s008_t004.edf,18,
tusz,tusz_v2.0.6/edf/train/aaaaaakm/s008_2003/01_tcp_ar/aaaaaakm_s008_t005.edf,18,
tusz,tusz_v2.0.6/edf/train/aaaaaakv/s001_2003/02_tcp_le/aaaaaakv_s001_t000.edf,18,
tusz,tusz_v2.0.6/edf/train/aaaaaalb/s002_2004/02_tcp_le/aaaaaalb_s002_t001.edf,18,
tusz,tusz_v2.0.6/edf/train/aaaaaald/s001_2003/02_tcp_le/aaaaaald_s001_t000.edf,18,
tusz,tusz_v2.0.6/edf/train/aaaaaalq/s001_2003/02_tcp_le/aaaaaalq_s001_t000.edf,18,
tusz,tusz_v2.0.6/edf/train/aaaaaalq/s002_2003/02_tcp_le/aaaaaalq_s002_t000.edf,18,
tusz,tusz_v2.0.6/edf/train/aaaaaalq/s002_2003/02_tcp_le/aaaaaalq_s002_t001.edf,18,
tusz,tusz_v2.0.6/edf/train/aaaaaalq/s002_2003/02_tcp_le/aaaaaalq_s002_t002.edf,18,
tusz,tusz_v2.0.6/edf/train/aaaaaalq/s002_2003/02_tcp_le/aaaaaalq_s002_t003.edf,18,
tusz,tusz_v2.0.6/edf/train/aaaaaalq/s002_2003/02_tcp_le/aaaaaalq_s002_t004.edf,18,
tusz,tusz_v2.0.6/edf/train/aaaaaalq/s002_2003/02_tcp_le/aaaaaalq_s002_t005.edf,18,
tusz,tusz_v2.0.6/edf/train/aaaaaalq/s002_2003/02_tcp_le/aaaaaalq_s002_t006.edf,18,
tusz,tusz_v2.0.6/edf/train/aaaaaamp/s003_2003/02_tcp_le/aaaaaamp_s003_t000.edf,18,
tusz,tusz_v2.0.6/edf/train/aaaaaapo/s002_2003/02_tcp_le/aaaaaapo_s002_t000.edf,18,
tusz,tusz_v2.0.6/edf/train/aaaaaaqc/s004_2003/02_tcp_le/aaaaaaqc_s004_t001.edf,18,
tusz,tusz_v2.0.6/edf/train/aaaaaaqc/s005_2005/02_tcp_le/aaaaaaqc_s005_t000.edf,18,
tusz,tusz_v2.0.6/edf/train/aaaaaaqc/s011_2009/02_tcp_le/aaaaaaqc_s011_t000.edf,18,
tusz,tusz_v2.0.6/edf/train/aaaaaaql/s001_2003/02_tcp_le/aaaaaaql_s001_t000.edf,18,
tusz,tusz_v2.0.6/edf/train/aaaaaasf/s001_2003/02_tcp_le/aaaaaasf_s001_t000.edf,18,
tusz,tusz_v2.0.6/edf/train/aaaaaasf/s002_2003/02_tcp_le/aaaaaasf_s002_t000.edf,18,
tusz,tusz_v2.0.6/edf/train/aaaaaasy/s001_2003/02_tcp_le/aaaaaasy_s001_t001.edf,18,
tusz,tusz_v2.0.6/edf/train/aaaaaasy/s002_2003/02_tcp_le/aaaaaasy_s002_t000.edf,18,
tusz,tusz_v2.0.6/edf/train/aaaaaasy/s003_2003/01_tcp_ar/aaaaaasy_s003_t000.edf,18,
tusz,tusz_v2.0.6/edf/train/aaaaaasy/s003_2003/01_tcp_ar/aaaaaasy_s003_t001.edf,18,
tusz,tusz_v2.0.6/edf/train/aaaaaasy/s003_2003/01_tcp_ar/aaaaaasy_s003_t002.edf,18,
tusz,tusz_v2.0.6/edf/train/aaaaaasy/s003_2003/01_tcp_ar/aaaaaasy_s003_t003.edf,18,
tusz,tusz_v2.0.6/edf/train/aaaaaasy/s003_2003/01_tcp_ar/aaaaaasy_s003_t004.edf,18,
tusz,tusz_v2.0.6/edf/train/aaaaaasy/s003_2003/01_tcp_ar/aaaaaasy_s003_t005.edf,18,
tusz,tusz_v2.0.6/edf/train/aaaaaasy/s003_2003/01_tcp_ar/aaaaaasy_s003_t006.edf,18,
tusz,tusz_v2.0.6/edf/train/aaaaaasy/s003_2003/01_tcp_ar/aaaaaasy_s003_t007.edf,18,
tusz,tusz_v2.0.6/edf/train/aaaaaasy/s003_2003/01_tcp_ar/aaaaaasy_s003_t008.edf,18,
tusz,tusz_v2.0.6/edf/train/aaaaaasy/s003_2003/01_tcp_ar/aaaaaasy_s003_t009.edf,18,
tusz,tusz_v2.0.6/edf/train/aaaaaasy/s003_2003/01_tcp_ar/aaaaaasy_s003_t010.edf,18,
tusz,tusz_v2.0.6/edf/train/aaaaaasy/s003_2003/01_tcp_ar/aaaaaasy_s003_t011.edf,18,
tusz,tusz_v2.0.6/edf/train/aaaaaasy/s003_2003/01_tcp_ar/aaaaaasy_s003_t012.edf,18,
tusz,tusz_v2.0.6/edf/train/aaaaaasy/s003_2003/01_tcp_ar/aaaaaasy_s003_t013.edf,18,
tusz,tusz_v2.0.6/edf/train/aaaaaasy/s003_2003/01_tcp_ar/aaaaaasy_s003_t014.edf,18,
tusz,tusz_v2.0.6/edf/train/aaaaaasy/s003_2003/01_tcp_ar/aaaaaasy_s003_t015.edf,18,
tusz,tusz_v2.0.6/edf/train/aaaaaasy/s004_2003/02_tcp_le/aaaaaasy_s004_t000.edf,18,
tusz,tusz_v2.0.6/edf/train/aaaaaasy/s004_2003/02_tcp_le/aaaaaasy_s004_t001.edf,18,
tusz,tusz_v2.0.6/edf/train/aaaaaasy/s004_2003/02_tcp_le/aaaaaasy_s004_t002.edf,18,
tusz,tusz_v2.0.6/edf/train/aaaaaasy/s004_2003/02_tcp_le/aaaaaasy_s004_t003.edf,18,
tusz,tusz_v2.0.6/edf/train/aaaaaasy/s005_2003/02_tcp_le/aaaaaasy_s005_t000.edf,18,
tusz,tusz_v2.0.6/edf/train/aaaaaasy/s005_2003/02_tcp_le/aaaaaasy_s005_t001.edf,18,
tusz,tusz_v2.0.6/edf/train/aaaaaasy/s005_2003/02_tcp_le/aaaaaasy_s005_t002.edf,18,
tusz,tusz_v2.0.6/edf/train/aaaaaasy/s005_2003/02_tcp_le/aaaaaasy_s005_t003.edf,18,
tusz,tusz_v2.0.6/edf/train/aaaaaasy/s005_2003/02_tcp_le/aaaaaasy_s005_t004.edf,18,
tusz,tusz_v2.0.6/edf/train/aaaaaasy/s005_2003/02_tcp_le/aaaaaasy_s005_t005.edf,18,
tusz,tusz_v2.0.6/edf/train/aaaaaasy/s005_2003/02_tcp_le/aaaaaasy_s005_t006.edf,18,
tusz,tusz_v2.0.6/edf/train/aaaaaatf/s001_2003/02_tcp_le/aaaaaatf_s001_t000.edf,18,
tusz,tusz_v2.0.6/edf/train/aaaaaatf/s001_2003/02_tcp_le/aaaaaatf_s001_t001.edf,18,
tusz,tusz_v2.0.6/edf/train/aaaaaatf/s001_2003/02_tcp_le/aaaaaatf_s001_t002.edf,18,
tusz,tusz_v2.0.6/edf/train/aaaaaatf/s001_2003/02_tcp_le/aaaaaatf_s001_t003.edf,18,
tusz,tusz_v2.0.6/edf/train/aaaaaatf/s001_2003/02_tcp_le/aaaaaatf_s001_t004.edf,18,
tusz,tusz_v2.0.6/edf/train/aaaaaatf/s001_2003/02_tcp_le/aaaaaatf_s001_t005.edf,18,
tusz,tusz_v2.0.6/edf/train/aaaaaatf/s001_2003/02_tcp_le/aaaaaatf_s001_t006.edf,18,
tusz,tusz_v2.0.6/edf/train/aaaaaatf/s002_2003/02_tcp_le/aaaaaatf_s002_t000.edf,18,
tusz,tusz_v2.0.6/edf/train/aaaaaatf/s002_2003/02_tcp_le/aaaaaatf_s002_t001.edf,18,
tusz,tusz_v2.0.6/edf/train/aaaaaatf/s002_2003/02_tcp_le/aaaaaatf_s002_t002.edf,18,
tusz,tusz_v2.0.6/edf/train/aaaaaati/s003_2003/02_tcp_le/aaaaaati_s003_t000.edf,18,
tusz,tusz_v2.0.6/edf/train/aaaaaaug/s001_2003/02_tcp_le/aaaaaaug_s001_t000.edf,18,
tusz,tusz_v2.0.6/edf/train/aaaaaaug/s002_2003/02_tcp_le/aaaaaaug_s002_t000.edf,18,
tusz,tusz_v2.0.6/edf/train/aaaaaaug/s002_2003/02_tcp_le/aaaaaaug_s002_t001.edf,18,
tusz,tusz_v2.0.6/edf/train/aaaaaaug/s002_2003/02_tcp_le/aaaaaaug_s002_t002.edf,18,
tusz,tusz_v2.0.6/edf/train/aaaaaaug/s002_2003/02_tcp_le/aaaaaaug_s002_t003.edf,18,
tusz,tusz_v2.0.6/edf/train/aaaaaaug/s002_2003/02_tcp_le/aaaaaaug_s002_t004.edf,18,
tusz,tusz_v2.0.6/edf/train/aaaaaaug/s002_2003/02_tcp_le/aaaaaaug_s002_t005.edf,18,
tusz,tusz_v2.0.6/edf/train/aaaaaaug/s002_2003/02_tcp_le/aaaaaaug_s002_t006.edf,18,
tusz,tusz_v2.0.6/edf/train/aaaaaaug/s002_2003/02_tcp_le/aaaaaaug_s002_t007.edf,18,
tusz,tusz_v2.0.6/edf/train/aaaaaaug/s002_2003/02_tcp_le/aaaaaaug_s002_t008.edf,18,
tusz,tusz_v2.0.6/edf/train/aaaaaaug/s002_2003/02_tcp_le/aaaaaaug_s002_t009.edf,18,
tusz,tusz_v2.0.6/edf/train/aaaaaaug/s003_2003/02_tcp_le/aaaaaaug_s003_t000.edf,18,
tusz,tusz_v2.0.6/edf/train/aaaaaaug/s003_2003/02_tcp_le/aaaaaaug_s003_t001.edf,18,
tusz,tusz_v2.0.6/edf/train/aaaaaaug/s004_2003/02_tcp_le/aaaaaaug_s004_t001.edf,18,
tusz,tusz_v2.0.6/edf/train/aaaaaauj/s001_2003/02_tcp_le/aaaaaauj_s001_t001.edf,18,
tusz,tusz_v2.0.6/edf/train/aaaaaauj/s002_2003/02_tcp_le/aaaaaauj_s002_t001.edf,18,
tusz,tusz_v2.0.6/edf/train/aaaaaauj/s003_2003/02_tcp_le/aaaaaauj_s003_t001.edf,18,
tusz,tusz_v2.0.6/edf/train/aaaaaauj/s004_2012/01_tcp_ar/aaaaaauj_s004_t000.edf,18,
tusz,tusz_v2.0.6/edf/train/aaaaaavx/s006_2012/01_tcp_ar/aaaaaavx_s006_t000.edf,18,
tusz,tusz_v2.0.6/edf/train/aaaaaavx/s006_2012/01_tcp_ar/aaaaaavx_s006_t001.edf,18,
tusz,tusz_v2.0.6/edf/train/aaaaaawc/s001_2003/02_tcp_le/aaaaaawc_s001_t001.edf,18,
tusz,tusz_v2.0.6/edf/train/aaaaaawc/s002_2003/02_tcp_le/aaaaaawc_s002_t001.edf,18,
tusz,tusz_v2.0.6/edf/train/aaaaaawe/s001_2003/02_tcp_le/aaaaaawe_s001_t001.edf,18,
tusz,tusz_v2.0.6/edf/train/aaaaaawf/s002_2013/01_tcp_ar/aaaaaawf_s002_t000.edf,18,
tusz,tusz_v2.0.6/edf/train/aaaaaaxa/s006_2013/01_tcp_ar/aaaaaaxa_s006_t000.edf,18,
tusz,tusz_v2.0.6/edf/train/aaaaaaxa/s006_2013/01_tcp_ar/aaaaaaxa_s006_t001.edf,18,
tusz,tusz_v2.0.6/edf/train/aaaaaaxg/s001_2003/02_tcp_le/aaaaaaxg_s001_t000.edf,18,
tusz,tusz_v2.0.6/edf/train/aaaaaaxl/s001_2003/02_tcp_le/aaaaaaxl_s001_t000.edf,18,
tusz,tusz_v2.0.6/edf/train/aaaaaaxl/s002_2008/02_tcp_le/aaaaaaxl_s002_t001.edf,18,
tusz,tusz_v2.0.6/edf/train/aaaaaayg/s002_2003/01_tcp_ar/aaaaaayg_s002_t000.edf,18,
tusz,tusz_v2.0.6/edf/train/aaaaaayg/s002_2003/01_tcp_ar/aaaaaayg_s002_t001.edf,18,
tusz,tusz_v2.0.6/edf/train/aaaaaayg/s002_2003/01_tcp_ar/aaaaaayg_s002_t002.edf,18,
tusz,tusz_v2.0.6/edf/train/aaaaaayg/s002_2003/01_tcp_ar/aaaaaayg_s002_t003.edf,18,
tusz,tusz_v2.0.6/edf/train/aaaaaayg/s002_2003/01_tcp_ar/aaaaaayg_s002_t004.edf,18,
tusz,tusz_v2.0.6/edf/train/aaaaaazj/s003_2013/01_tcp_ar/aaaaaazj_s003_t000.edf,18,
tusz,tusz_v2.0.6/edf/train/aaaaaazj/s003_2013/01_tcp_ar/aaaaaazj_s003_t001.edf,18,
tusz,tusz_v2.0.6/edf/train/aaaaabbc/s001_2003/02_tcp_le/aaaaabbc_s001_t000.edf,18,
tusz,tusz_v2.0.6/edf/train/aaaaabbc/s001_2003/02_tcp_le/aaaaabbc_s001_t001.edf,18,
tusz,tusz_v2.0.6/edf/train/aaaaabbd/s001_2003/02_tcp_le/aaaaabbd_s001_t000.edf,18,
tusz,tusz_v2.0.6/edf/train/aaaaabbd/s001_2003/02_tcp_le/aaaaabbd_s001_t001.edf,18,
tusz,tusz_v2.0.6/edf/train/aaaaabcy/s001_2003/02_tcp_le/aaaaabcy_s001_t000.edf,18,
tusz,tusz_v2.0.6/edf/train/aaaaabdi/s001_2003/02_tcp_le/aaaaabdi_s001_t000.edf,18,
tusz,tusz_v2.0.6/edf/train/aaaaabdv/s001_2003/02_tcp_le/aaaaabdv_s001_t000.edf,18,
tusz,tusz_v2.0.6/edf/train/aaaaabdv/s001_2003/02_tcp_le/aaaaabdv_s001_t001.edf,18,
tusz,tusz_v2.0.6/edf/train/aaaaabfo/s003_2004/02_tcp_le/aaaaabfo_s003_t001.edf,18,
tusz,tusz_v2.0.6/edf/train/aaaaabfv/s001_2003/02_tcp_le/aaaaabfv_s001_t000.edf,18,
tusz,tusz_v2.0.6/edf/train/aaaaabgs/s001_2003/02_tcp_le/aaaaabgs_s001_t000.edf,18,
tusz,tusz_v2.0.6/edf/train/aaaaabgs/s001_2003/02_tcp_le/aaaaabgs_s001_t001.edf,18,
tusz,tusz_v2.0.6/edf/train/aaaaabgs/s002_2013/01_tcp_ar/aaaaabgs_s002_t000.edf,18,
tusz,tusz_v2.0.6/edf/train/aaaaabhz/s002_2010/01_tcp_ar/aaaaabhz_s002_t000.edf,18,
tusz,tusz_v2.0.6/edf/train/aaaaabhz/s003_2010/03_tcp_ar_a/aaaaabhz_s003_t000.edf,18,
tusz,tusz_v2.0.6/edf/train/aaaaabhz/s003_2010/03_tcp_ar_a/aaaaabhz_s003_t001.edf,18,
tusz,tusz_v2.0.6/edf/train/aaaaabhz/s003_2010/03_tcp_ar_a/aaaaabhz_s003_t002.edf,18,
tusz,tusz_v2.0.6/edf/train/aaaaabhz/s003_2010/03_tcp_ar_a/aaaaabhz_s003_t003.edf,18,
tusz,tusz_v2.0.6/edf/train/aaaaabhz/s007_2010/01_tcp_ar/aaaaabhz_s007_t001.edf,18,
tusz,tusz_v2.0.6/edf/train/aaaaabhz/s008_2010/03_tcp_ar_a/aaaaabhz_s008_t000.edf,18,
tusz,tusz_v2.0.6/edf/train/aaaaabhz/s009_2010/03_tcp_ar_a/aaaaabhz_s009_t000.edf,18,
tusz,tusz_v2.0.6/edf/train/aaaaabhz/s009_2010/03_tcp_ar_a/aaaaabhz_s009_t001.edf,18,
tusz,tusz_v2.0.6/edf/train/aaaaabhz/s009_2010/03_tcp_ar_a/aaaaabhz_s009_t002.edf,18,
tusz,tusz_v2.0.6/edf/train/aaaaabhz/s009_2010/03_tcp_ar_a/aaaaabhz_s009_t003.edf,18,
tusz,tusz_v2.0.6/edf/train/aaaaabhz/s009_2010/03_tcp_ar_a/aaaaabhz_s009_t004.edf,18,
tusz,tusz_v2.0.6/edf/train/aaaaabhz/s009_2010/03_tcp_ar_a/aaaaabhz_s009_t005.edf,18,
tusz,tusz_v2.0.6/edf/train/aaaaabhz/s009_2010/03_tcp_ar_a/aaaaabhz_s009_t006.edf,18,
tusz,tusz_v2.0.6/edf/train/aaaaabhz/s009_2010/03_tcp_ar_a/aaaaabhz_s009_t007.edf,18,
tusz,tusz_v2.0.6/edf/train/aaaaabhz/s009_2010/03_tcp_ar_a/aaaaabhz_s009_t008.edf,18,
tusz,tusz_v2.0.6/edf/train/aaaaabhz/s009_2010/03_tcp_ar_a/aaaaabhz_s009_t009.edf,18,
tusz,tusz_v2.0.6/edf/train/aaaaabhz/s010_2010/03_tcp_ar_a/aaaaabhz_s010_t000.edf,18,
tusz,tusz_v2.0.6/edf/train/aaaaabhz/s010_2010/03_tcp_ar_a/aaaaabhz_s010_t001.edf,18,
tusz,tusz_v2.0.6/edf/train/aaaaabhz/s010_2010/03_tcp_ar_a/aaaaabhz_s010_t002.edf,18,
tusz,tusz_v2.0.6/edf/train/aaaaabhz/s010_2010/03_tcp_ar_a/aaaaabhz_s010_t003.edf,18,
tusz,tusz_v2.0.6/edf/train/aaaaabhz/s010_2010/03_tcp_ar_a/aaaaabhz_s010_t004.edf,18,
tusz,tusz_v2.0.6/edf/train/aaaaabhz/s011_2010/03_tcp_ar_a/aaaaabhz_s011_t000.edf,18,
tusz,tusz_v2.0.6/edf/train/aaaaabhz/s011_2010/03_tcp_ar_a/aaaaabhz_s011_t001.edf,18,
tusz,tusz_v2.0.6/edf/train/aaaaabhz/s011_2010/03_tcp_ar_a/aaaaabhz_s011_t002.edf,18,
tusz,tusz_v2.0.6/edf/train/aaaaabhz/s011_2010/03_tcp_ar_a/aaaaabhz_s011_t003.edf,18,
tusz,tusz_v2.0.6/edf/train/aaaaabhz/s011_2010/03_tcp_ar_a/aaaaabhz_s011_t004.edf,18,
tusz,tusz_v2.0.6/edf/train/aaaaabhz/s011_2010/03_tcp_ar_a/aaaaabhz_s011_t005.edf,18,
tusz,tusz_v2.0.6/edf/train/aaaaabhz/s011_2010/03_tcp_ar_a/aaaaabhz_s011_t006.edf,18,
tusz,tusz_v2.0.6/edf/train/aaaaabhz/s011_2010/03_tcp_ar_a/aaaaabhz_s011_t007.edf,18,
tusz,tusz_v2.0.6/edf/train/aaaaabhz/s011_2010/03_tcp_ar_a/aaaaabhz_s011_t008.edf,18,
tusz,tusz_v2.0.6/edf/train/aaaaabhz/s012_2010/03_tcp_ar_a/aaaaabhz_s012_t000.edf,18,
tusz,tusz_v2.0.6/edf/train/aaaaabhz/s012_2010/03_tcp_ar_a/aaaaabhz_s012_t001.edf,18,
tusz,tusz_v2.0.6/edf/train/aaaaabhz/s012_2010/03_tcp_ar_a/aaaaabhz_s012_t002.edf,18,
tusz,tusz_v2.0.6/edf/train/aaaaabhz/s012_2010/03_tcp_ar_a/aaaaabhz_s012_t003.edf,18,
tusz,tusz_v2.0.6/edf/train/aaaaabhz/s012_2010/03_tcp_ar_a/aaaaabhz_s012_t004.edf,18,
tusz,tusz_v2.0.6/edf/train/aaaaabhz/s012_2010/03_tcp_ar_a/aaaaabhz_s012_t005.edf,18,
tusz,tusz_v2.0.6/edf/train/aaaaabiq/s002_2004/02_tcp_le/aaaaabiq_s002_t000.edf,18,
tusz,tusz_v2.0.6/edf/train/aaaaabiw/s001_2003/01_tcp_ar/aaaaabiw_s001_t000.edf,18,
tusz,tusz_v2.0.6/edf/train/aaaaabiw/s001_2003/01_tcp_ar/aaaaabiw_s001_t001.edf,18,
tusz,tusz_v2.0.6/edf/train/aaaaabiw/s001_2003/01_tcp_ar/aaaaabiw_s001_t002.edf,18,
tusz,tusz_v2.0.6/edf/train/aaaaabiw/s001_2003/01_tcp_ar/aaaaabiw_s001_t003.edf,18,
tusz,tusz_v2.0.6/edf/train/aaaaabiw/s001_2003/01_tcp_ar/aaaaabiw_s001_t004.edf,18,
tusz,tusz_v2.0.6/edf/train/aaaaabiw/s002_2003/01_tcp_ar/aaaaabiw_s002_t000.edf,18,
tusz,tusz_v2.0.6/edf/train/aaaaabiw/s002_2003/01_tcp_ar/aaaaabiw_s002_t001.edf,18,
tusz,tusz_v2.0.6/edf/train/aaaaabiw/s002_2003/01_tcp_ar/aaaaabiw_s002_t003.edf,18,
tusz,tusz_v2.0.6/edf/train/aaaaabiw/s002_2003/01_tcp_ar/aaaaabiw_s002_t004.edf,18,
tusz,tusz_v2.0.6/edf/train/aaaaabiw/s004_2003/01_tcp_ar/aaaaabiw_s004_t000.edf,18,
tusz,tusz_v2.0.6/edf/train/aaaaabiw/s004_2003/01_tcp_ar/aaaaabiw_s004_t001.edf,18,
tusz,tusz_v2.0.6/edf/train/aaaaabiw/s004_2003/01_tcp_ar/aaaaabiw_s004_t002.edf,18,
tusz,tusz_v2.0.6/edf/train/aaaaabiw/s004_2003/01_tcp_ar/aaaaabiw_s004_t003.edf,18,
tusz,tusz_v2.0.6/edf/train/aaaaabiw/s004_2003/01_tcp_ar/aaaaabiw_s004_t004.edf,18,
tusz,tusz_v2.0.6/edf/train/aaaaabiw/s004_2003/01_tcp_ar/aaaaabiw_s004_t006.edf,18,
tusz,tusz_v2.0.6/edf/train/aaaaabiw/s005_2003/01_tcp_ar/aaaaabiw_s005_t000.edf,18,
tusz,tusz_v2.0.6/edf/train/aaaaabiw/s005_2003/01_tcp_ar/aaaaabiw_s005_t001.edf,18,
tusz,tusz_v2.0.6/edf/train/aaaaabiw/s005_2003/01_tcp_ar/aaaaabiw_s005_t002.edf,18,
tusz,tusz_v2.0.6/edf/train/aaaaabiw/s005_2003/01_tcp_ar/aaaaabiw_s005_t003.edf,18,
tusz,tusz_v2.0.6/edf/train/aaaaabiw/s007_2003/01_tcp_ar/aaaaabiw_s007_t000.edf,18,
tusz,tusz_v2.0.6/edf/train/aaaaabiw/s007_2003/01_tcp_ar/aaaaabiw_s007_t002.edf,18,
tusz,tusz_v2.0.6/edf/train/aaaaabiw/s007_2003/01_tcp_ar/aaaaabiw_s007_t003.edf,18,
tusz,tusz_v2.0.6/edf/train/aaaaabiw/s009_2009/02_tcp_le/aaaaabiw_s009_t000.edf,18,
tusz,tusz_v2.0.6/edf/train/aaaaabiw/s010_2009/02_tcp_le/aaaaabiw_s010_t000.edf,18,
tusz,tusz_v2.0.6/edf/train/aaaaabiw/s014_2012/01_tcp_ar/aaaaabiw_s014_t000.edf,18,
tusz,tusz_v2.0.6/edf/train/aaaaabiw/s015_2012/01_tcp_ar/aaaaabiw_s015_t000.edf,18,
tusz,tusz_v2.0.6/edf/train/aaaaabiw/s016_2012/01_tcp_ar/aaaaabiw_s016_t000.edf,18,
tusz,tusz_v2.0.6/edf/train/aaaaabiw/s016_2012/01_tcp_ar/aaaaabiw_s016_t001.edf,18,
tusz,tusz_v2.0.6/edf/train/aaaaabiw/s016_2012/01_tcp_ar/aaaaabiw_s016_t002.edf,18,
tusz,tusz_v2.0.6/edf/train/aaaaabiw/s016_2012/01_tcp_ar/aaaaabiw_s016_t003.edf,18,
tusz,tusz_v2.0.6/edf/train/aaaaabiw/s016_2012/01_tcp_ar/aaaaabiw_s016_t004.edf,18,
tusz,tusz_v2.0.6/edf/train/aaaaabiw/s017_2012/01_tcp_ar/aaaaabiw_s017_t000.edf,18,
tusz,tusz_v2.0.6/edf/train/aaaaabiw/s018_2013/01_tcp_ar/aaaaabiw_s018_t000.edf,18,
tusz,tusz_v2.0.6/edf/train/aaaaabiy/s001_2003/02_tcp_le/aaaaabiy_s001_t000.edf,18,
tusz,tusz_v2.0.6/edf/train/aaaaabjm/s001_2003/02_tcp_le/aaaaabjm_s001_t001.edf,18,
tusz,tusz_v2.0.6/edf/train/aaaaabjo/s002_2003/01_tcp_ar/aaaaabjo_s002_t000.edf,18,
tusz,tusz_v2.0.6/edf/train/aaaaabjo/s002_2003/01_tcp_ar/aaaaabjo_s002_t001.edf,18,
tusz,tusz_v2.0.6/edf/train/aaaaabjt/s002_2005/03_tcp_ar_a/aaaaabjt_s002_t000.edf,18,
tusz,tusz_v2.0.6/edf/train/aaaaabjt/s002_2005/03_tcp_ar_a/aaaaabjt_s002_t001.edf,18,
tusz,tusz_v2.0.6/edf/train/aaaaabjt/s002_2005/03_tcp_ar_a/aaaaabjt_s002_t002.edf,18,
tusz,tusz_v2.0.6/edf/train/aaaaabjt/s002_2005/03_tcp_ar_a/aaaaabjt_s002_t003.edf,18,
tusz,tusz_v2.0.6/edf/train/aaaaabjt/s002_2005/03_tcp_ar_a/aaaaabjt_s002_t004.edf,18,
tusz,tusz_v2.0.6/edf/train/aaaaabke/s001_2003/02_tcp_le/aaaaabke_s001_t001.edf,18,
tusz,tusz_v2.0.6/edf/train/aaaaabke/s001_2003/02_tcp_le/aaaaabke_s001_t002.edf,18,
tusz,tusz_v2.0.6/edf/train/aaaaabke/s001_2003/02_tcp_le/aaaaabke_s001_t003.edf,18,
tusz,tusz_v2.0.6/edf/train/aaaaabln/s003_2004/03_tcp_ar_a/aaaaabln_s003_t000.edf,18,
tusz,tusz_v2.0.6/edf/train/aaaaabln/s003_2004/03_tcp_ar_a/aaaaabln_s003_t001.edf,18,
tusz,tusz_v2.0.6/edf/train/aaaaabln/s003_2004/03_tcp_ar_a/aaaaabln_s003_t002.edf,18,
tusz,tusz_v2.0.6/edf/train/aaaaabln/s003_2004/03_tcp_ar_a/aaaaabln_s003_t003.edf,18,
tusz,tusz_v2.0.6/edf/train/aaaaabln/s003_2004/03_tcp_ar_a/aaaaabln_s003_t004.edf,18,
tusz,tusz_v2.0.6/edf/train/aaaaabln/s003_2004/03_tcp_ar_a/aaaaabln_s003_t005.edf,18,
tusz,tusz_v2.0.6/edf/train/aaaaabln/s003_2004/03_tcp_ar_a/aaaaabln_s003_t006.edf,18,
tusz,tusz_v2.0.6/edf/train/aaaaabln/s003_2004/03_tcp_ar_a/aaaaabln_s003_t007.edf,18,
tusz,tusz_v2.0.6/edf/train/aaaaabln/s003_2004/03_tcp_ar_a/aaaaabln_s003_t008.edf,18,
tusz,tusz_v2.0.6/edf/train/aaaaabms/s001_2003/02_tcp_le/aaaaabms_s001_t000.edf,18,
tusz,tusz_v2.0.6/edf/train/aaaaabms/s001_2003/02_tcp_le/aaaaabms_s001_t001.edf,18,
tusz,tusz_v2.0.6/edf/train/aaaaabms/s001_2003/02_tcp_le/aaaaabms_s001_t002.edf,18,
tusz,tusz_v2.0.6/edf/train/aaaaabms/s002_2003/02_tcp_le/aaaaabms_s002_t000.edf,18,
tusz,tusz_v2.0.6/edf/train/aaaaabms/s002_2003/02_tcp_le/aaaaabms_s002_t001.edf,18,
tusz,tusz_v2.0.6/edf/train/aaaaabms/s002_2003/02_tcp_le/aaaaabms_s002_t002.edf,18,
tusz,tusz_v2.0.6/edf/train/aaaaabms/s002_2003/02_tcp_le/aaaaabms_s002_t003.edf,18,
tusz,tusz_v2.0.6/edf/train/aaaaabms/s002_2003/02_tcp_le/aaaaabms_s002_t004.edf,18,
tusz,tusz_v2.0.6/edf/train/aaaaabms/s002_2003/02_tcp_le/aaaaabms_s002_t005.edf,18,
tusz,tusz_v2.0.6/edf/train/aaaaabms/s002_2003/02_tcp_le/aaaaabms_s002_t006.edf,18,
tusz,tusz_v2.0.6/edf/train/aaaaabms/s002_2003/02_tcp_le/aaaaabms_s002_t007.edf,18,
tusz,tusz_v2.0.6/edf/train/aaaaabms/s003_2003/02_tcp_le/aaaaabms_s003_t000.edf,18,
tusz,tusz_v2.0.6/edf/train/aaaaabms/s003_2003/02_tcp_le/aaaaabms_s003_t001.edf,18,
tusz,tusz_v2.0.6/edf/train/aaaaabms/s003_2003/02_tcp_le/aaaaabms_s003_t002.edf,18,
tusz,tusz_v2.0.6/edf/train/aaaaabms/s004_2003/02_tcp_le/aaaaabms_s004_t002.edf,18,
tusz,tusz_v2.0.6/edf/train/aaaaabnm/s001_2003/02_tcp_le/aaaaabnm_s001_t000.edf,18,
tusz,tusz_v2.0.6/edf/train/aaaaabnn/s001_2004/02_tcp_le/aaaaabnn_s001_t001.edf,18,
tusz,tusz_v2.0.6/edf/train/aaaaabnn/s002_2004/03_tcp_ar_a/aaaaabnn_s002_t000.edf,18,
tusz,tusz_v2.0.6/edf/train/aaaaabnn/s002_2004/03_tcp_ar_a/aaaaabnn_s002_t001.edf,18,
tusz,tusz_v2.0.6/edf/train/aaaaabnn/s002_2004/03_tcp_ar_a/aaaaabnn_s002_t002.edf,18,
tusz,tusz_v2.0.6/edf/train/aaaaabnn/s002_2004/03_tcp_ar_a/aaaaabnn_s002_t003.edf,18,
tusz,tusz_v2.0.6/edf/train/aaaaabnn/s002_2004/03_tcp_ar_a/aaaaabnn_s002_t004.edf,18,
tusz,tusz_v2.0.6/edf/train/aaaaabnn/s002_2004/03_tcp_ar_a/aaaaabnn_s002_t005.edf,18,
tusz,tusz_v2.0.6/edf/train/aaaaabnn/s003_2004/01_tcp_ar/aaaaabnn_s003_t000.edf,18,
tusz,tusz_v2.0.6/edf/train/aaaaabnn/s003_2004/01_tcp_ar/aaaaabnn_s003_t001.edf,18,
tusz,tusz_v2.0.6/edf/train/aaaaabnn/s004_2004/01_tcp_ar/aaaaabnn_s004_t000.edf,18,
tusz,tusz_v2.0.6/edf/train/aaaaabnn/s004_2004/01_tcp_ar/aaaaabnn_s004_t001.edf,18,
tusz,tusz_v2.0.6/edf/train/aaaaabnn/s004_2004/01_tcp_ar/aaaaabnn_s004_t002.edf,18,
tusz,tusz_v2.0.6/edf/train/aaaaabnn/s004_2004/01_tcp_ar/aaaaabnn_s004_t003.edf,18,
tusz,tusz_v2.0.6/edf/train/aaaaabnq/s004_2015/01_tcp_ar/aaaaabnq_s004_t000.edf,18,
tusz,tusz_v2.0.6/edf/train/aaaaabnu/s002_2004/01_tcp_ar/aaaaabnu_s002_t000.edf,18,
tusz,tusz_v2.0.6/edf/train/aaaaabnu/s002_2004/01_tcp_ar/aaaaabnu_s002_t001.edf,18,
tusz,tusz_v2.0.6/edf/train/aaaaabnu/s002_2004/01_tcp_ar/aaaaabnu_s002_t002.edf,18,
tusz,tusz_v2.0.6/edf/train/aaaaabog/s001_2004/02_tcp_le/aaaaabog_s001_t000.edf,18,
tusz,tusz_v2.0.6/edf/train/aaaaabok/s002_2008/02_tcp_le/aaaaabok_s002_t001.edf,18,
tusz,tusz_v2.0.6/edf/train/aaaaabom/s005_2006/03_tcp_ar_a/aaaaabom_s005_t000.edf,18,
tusz,tusz_v2.0.6/edf/train/aaaaabom/s005_2006/03_tcp_ar_a/aaaaabom_s005_t001.edf,18,
tusz,tusz_v2.0.6/edf/train/aaaaabom/s005_2006/03_tcp_ar_a/aaaaabom_s005_t002.edf,18,
tusz,tusz_v2.0.6/edf/train/aaaaabom/s005_2006/03_tcp_ar_a/aaaaabom_s005_t003.edf,18,
tusz,tusz_v2.0.6/edf/train/aaaaabom/s005_2006/03_tcp_ar_a/aaaaabom_s005_t004.edf,18,
tusz,tusz_v2.0.6/edf/train/aaaaabom/s005_2006/03_tcp_ar_a/aaaaabom_s005_t005.edf,18,
tusz,tusz_v2.0.6/edf/train/aaaaabom/s005_2006/03_tcp_ar_a/aaaaabom_s005_t006.edf,18,
tusz,tusz_v2.0.6/edf/train/aaaaabom/s005_2006/03_tcp_ar_a/aaaaabom_s005_t007.edf,18,
tusz,tusz_v2.0.6/edf/train/aaaaabom/s005_2006/03_tcp_ar_a/aaaaabom_s005_t008.edf,18,
tusz,tusz_v2.0.6/edf/train/aaaaabom/s005_2006/03_tcp_ar_a/aaaaabom_s005_t009.edf,18,
tusz,tusz_v2.0.6/edf/train/aaaaabom/s005_2006/03_tcp_ar_a/aaaaabom_s005_t010.edf,18,
tusz,tusz_v2.0.6/edf/train/aaaaabom/s005_2006/03_tcp_ar_a/aaaaabom_s005_t011.edf,18,
tusz,tusz_v2.0.6/edf/train/aaaaabom/s005_2006/03_tcp_ar_a/aaaaabom_s005_t012.edf,18,
tusz,tusz_v2.0.6/edf/train/aaaaabom/s005_2006/03_tcp_ar_a/aaaaabom_s005_t014.edf,18,
tusz,tusz_v2.0.6/edf/train/aaaaabom/s005_2006/03_tcp_ar_a/aaaaabom_s005_t015.edf,18,
tusz,tusz_v2.0.6/edf/train/aaaaabpp/s001_2004/02_tcp_le/aaaaabpp_s001_t000.edf,18,
tusz,tusz_v2.0.6/edf/train/aaaaabpp/s001_2004/02_tcp_le/aaaaabpp_s001_t001.edf,18,
tusz,tusz_v2.0.6/edf/train/aaaaabqv/s001_2004/02_tcp_le/aaaaabqv_s001_t000.edf,18,
tusz,tusz_v2.0.6/edf/train/aaaaabqv/s002_2004/02_tcp_le/aaaaabqv_s002_t001.edf,18,
tusz,tusz_v2.0.6/edf/train/aaaaabqy/s001_2004/02_tcp_le/aaaaabqy_s001_t001.edf,18,
tusz,tusz_v2.0.6/edf/train/aaaaabsz/s001_2004/02_tcp_le/aaaaabsz_s001_t000.edf,18,
tusz,tusz_v2.0.6/edf/train/aaaaabts/s001_2004/02_tcp_le/aaaaabts_s001_t000.edf,18,
tusz,tusz_v2.0.6/edf/train/aaaaabui/s002_2004/01_tcp_ar/aaaaabui_s002_t000.edf,18,
tusz,tusz_v2.0.6/edf/train/aaaaabui/s002_2004/01_tcp_ar/aaaaabui_s002_t001.edf,18,
tusz,tusz_v2.0.6/edf/train/aaaaabui/s002_2004/01_tcp_ar/aaaaabui_s002_t002.edf,18,
tusz,tusz_v2.0.6/edf/train/aaaaabuv/s001_2004/02_tcp_le/aaaaabuv_s001_t000.edf,18,
tusz,tusz_v2.0.6/edf/train/aaaaabvy/s002_2007/03_tcp_ar_a/aaaaabvy_s002_t000.edf,18,
tusz,tusz_v2.0.6/edf/train/aaaaabvy/s002_2007/03_tcp_ar_a/aaaaabvy_s002_t001.edf,18,
tusz,tusz_v2.0.6/edf/train/aaaaabvy/s002_2007/03_tcp_ar_a/aaaaabvy_s002_t002.edf,18,
tusz,tusz_v2.0.6/edf/train/aaaaabwt/s003_2004/02_tcp_le/aaaaabwt_s003_t001.edf,18,
tusz,tusz_v2.0.6/edf/train/aaaaabxr/s001_2004/02_tcp_le/aaaaabxr_s001_t001.edf,18,
tusz,tusz_v2.0.6/edf/train/aaaaabyr/s002_2004/02_tcp_le/aaaaabyr_s002_t000.edf,18,
tusz,tusz_v2.0.6/edf/train/aaaaabyy/s001_2004/02_tcp_le/aaaaabyy_s001_t001.edf,18,
tusz,tusz_v2.0.6/edf/train/aaaaabzf/s001_2004/02_tcp_le/aaaaabzf_s001_t000.edf,18,
tusz,tusz_v2.0.6/edf/train/aaaaabzx/s002_2004/02_tcp_le/aaaaabzx_s002_t000.edf,18,
tusz,tusz_v2.0.6/edf/train/aaaaacaf/s001_2004/02_tcp_le/aaaaacaf_s001_t000.edf,18,
tusz,tusz_v2.0.6/edf/train/aaaaacar/s001_2004/02_tcp_le/aaaaacar_s001_t001.edf,18,
tusz,tusz_v2.0.6/edf/train/aaaaacby/s003_2008/02_tcp_le/aaaaacby_s003_t001.edf,18,
tusz,tusz_v2.0.6/edf/train/aaaaaccj/s001_2004/02_tcp_le/aaaaaccj_s001_t000.edf,18,
tusz,tusz_v2.0.6/edf/train/aaaaaccj/s002_2006/02_tcp_le/aaaaaccj_s002_t001.edf,18,
tusz,tusz_v2.0.6/edf/train/aaaaaccj/s003_2008/02_tcp_le/aaaaaccj_s003_t001.edf,18,
tusz,tusz_v2.0.6/edf/train/aaaaacex/s001_2004/02_tcp_le/aaaaacex_s001_t001.edf,18,
tusz,tusz_v2.0.6/edf/train/aaaaacfa/s004_2014/01_tcp_ar/aaaaacfa_s004_t000.edf,18,
tusz,tusz_v2.0.6/edf/train/aaaaacfa/s004_2014/01_tcp_ar/aaaaacfa_s004_t001.edf,18,
tusz,tusz_v2.0.6/edf/train/aaaaacfa/s004_2014/01_tcp_ar/aaaaacfa_s004_t002.edf,18,
tusz,tusz_v2.0.6/edf/train/aaaaacfv/s001_2004/02_tcp_le/aaaaacfv_s001_t000.edf,18,
tusz,tusz_v2.0.6/edf/train/aaaaachj/s001_2004/02_tcp_le/aaaaachj_s001_t000.edf,18,
tusz,tusz_v2.0.6/edf/train/aaaaachj/s002_2004/01_tcp_ar/aaaaachj_s002_t000.edf,18,
tusz,tusz_v2.0.6/edf/train/aaaaachj/s002_2004/01_tcp_ar/aaaaachj_s002_t001.edf,18,
tusz,tusz_v2.0.6/edf/train/aaaaachj/s002_2004/01_tcp_ar/aaaaachj_s002_t002.edf,18,
tusz,tusz_v2.0.6/edf/train/aaaaachj/s002_2004/01_tcp_ar/aaaaachj_s002_t003.edf,18,
tusz,tusz_v2.0.6/edf/train/aaaaachj/s002_2004/01_tcp_ar/aaaaachj_s002_t004.edf,18,
tusz,tusz_v2.0.6/edf/train/aaaaachj/s002_2004/01_tcp_ar/aaaaachj_s002_t005.edf,18,
tusz,tusz_v2.0.6/edf/train/aaaaachj/s002_2004/01_tcp_ar/aaaaachj_s002_t006.edf,18,
tusz,tusz_v2.0.6/edf/train/aaaaachj/s002_2004/01_tcp_ar/aaaaachj_s002_t007.edf,18,
tusz,tusz_v2.0.6/edf/train/aaaaachj/s002_2004/01_tcp_ar/aaaaachj_s002_t008.edf,18,
tusz,tusz_v2.0.6/edf/train/aaaaachl/s002_2006/02_tcp_le/aaaaachl_s002_t000.edf,18,
tusz,tusz_v2.0.6/edf/train/aaaaacho/s002_2004/02_tcp_le/aaaaacho_s002_t000.edf,18,
tusz,tusz_v2.0.6/edf/train/aaaaacjb/s001_2004/02_tcp_le/aaaaacjb_s001_t000.edf,18,
tusz,tusz_v2.0.6/edf/train/aaaaacjb/s001_2004/02_tcp_le/aaaaacjb_s001_t001.edf,18,
tusz,tusz_v2.0.6/edf/train/aaaaacjb/s003_2004/02_tcp_le/aaaaacjb_s003_t000.edf,18,
tusz,tusz_v2.0.6/edf/train/aaaaacjt/s001_2004/02_tcp_le/aaaaacjt_s001_t000.edf,18,
tusz,tusz_v2.0.6/edf/train/aaaaacki/s001_2003/02_tcp_le/aaaaacki_s001_t001.edf,18,
tusz,tusz_v2.0.6/edf/train/aaaaacle/s007_2010/03_tcp_ar_a/aaaaacle_s007_t000.edf,18,
tusz,tusz_v2.0.6/edf/train/aaaaacle/s007_2010/03_tcp_ar_a/aaaaacle_s007_t001.edf,18,
tusz,tusz_v2.0.6/edf/train/aaaaacle/s007_2010/03_tcp_ar_a/aaaaacle_s007_t002.edf,18,
tusz,tusz_v2.0.6/edf/train/aaaaacle/s007_2010/03_tcp_ar_a/aaaaacle_s007_t003.edf,18,
tusz,tusz_v2.0.6/edf/train/aaaaacle/s007_2010/03_tcp_ar_a/aaaaacle_s007_t004.edf,18,
tusz,tusz_v2.0.6/edf/train/aaaaacle/s007_2010/03_tcp_ar_a/aaaaacle_s007_t005.edf,18,
tusz,tusz_v2.0.6/edf/train/aaaaacle/s007_2010/03_tcp_ar_a/aaaaacle_s007_t006.edf,18,
tusz,tusz_v2.0.6/edf/train/aaaaacle/s007_2010/03_tcp_ar_a/aaaaacle_s007_t007.edf,18,
tusz,tusz_v2.0.6/edf/train/aaaaacle/s008_2010/03_tcp_ar_a/aaaaacle_s008_t000.edf,18,
tusz,tusz_v2.0.6/edf/train/aaaaacle/s008_2010/03_tcp_ar_a/aaaaacle_s008_t001.edf,18,
tusz,tusz_v2.0.6/edf/train/aaaaacle/s008_2010/03_tcp_ar_a/aaaaacle_s008_t002.edf,18,
tusz,tusz_v2.0.6/edf/train/aaaaacle/s008_2010/03_tcp_ar_a/aaaaacle_s008_t003.edf,18,
tusz,tusz_v2.0.6/edf/train/aaaaaclp/s001_2004/02_tcp_le/aaaaaclp_s001_t000.edf,18,
tusz,tusz_v2.0.6/edf/train/aaaaacmr/s001_2004/02_tcp_le/aaaaacmr_s001_t000.edf,18,
tusz,tusz_v2.0.6/edf/train/aaaaacna/s001_2004/02_tcp_le/aaaaacna_s001_t000.edf,18,
tusz,tusz_v2.0.6/edf/train/aaaaacna/s001_2004/02_tcp_le/aaaaacna_s001_t001.edf,18,
tusz,tusz_v2.0.6/edf/train/aaaaacni/s001_2004/02_tcp_le/aaaaacni_s001_t001.edf,18,
tusz,tusz_v2.0.6/edf/train/aaaaacpl/s003_2006/02_tcp_le/aaaaacpl_s003_t001.edf,18,
tusz,tusz_v2.0.6/edf/train/aaaaacpl/s004_2006/03_tcp_ar_a/aaaaacpl_s004_t000.edf,18,
tusz,tusz_v2.0.6/edf/train/aaaaacpl/s004_2006/03_tcp_ar_a/aaaaacpl_s004_t001.edf,18,
tusz,tusz_v2.0.6/edf/train/aaaaacpl/s004_2006/03_tcp_ar_a/aaaaacpl_s004_t003.edf,18,
tusz,tusz_v2.0.6/edf/train/aaaaacpl/s004_2006/03_tcp_ar_a/aaaaacpl_s004_t004.edf,18,
tusz,tusz_v2.0.6/edf/train/aaaaacpl/s004_2006/03_tcp_ar_a/aaaaacpl_s004_t005.edf,18,
tusz,tusz_v2.0.6/edf/train/aaaaacqn/s001_2004/02_tcp_le/aaaaacqn_s001_t001.edf,18,
tusz,tusz_v2.0.6/edf/train/aaaaacrb/s001_2004/02_tcp_le/aaaaacrb_s001_t001.edf,18,
tusz,tusz_v2.0.6/edf/train/aaaaacrd/s001_2004/02_tcp_le/aaaaacrd_s001_t000.edf,18,
tusz,tusz_v2.0.6/edf/train/aaaaacsa/s003_2010/01_tcp_ar/aaaaacsa_s003_t001.edf,18,
tusz,tusz_v2.0.6/edf/train/aaaaacsx/s001_2004/02_tcp_le/aaaaacsx_s001_t000.edf,18,
tusz,tusz_v2.0.6/edf/train/aaaaactf/s004_2010/01_tcp_ar/aaaaactf_s004_t000.edf,18,
tusz,tusz_v2.0.6/edf/train/aaaaacts/s001_2004/02_tcp_le/aaaaacts_s001_t001.edf,18,
tusz,tusz_v2.0.6/edf/train/aaaaacug/s001_2004/02_tcp_le/aaaaacug_s001_t001.edf,18,
tusz,tusz_v2.0.6/edf/train/aaaaacut/s001_2004/02_tcp_le/aaaaacut_s001_t000.edf,18,
tusz,tusz_v2.0.6/edf/train/aaaaacut/s001_2004/02_tcp_le/aaaaacut_s001_t001.edf,18,
tusz,tusz_v2.0.6/edf/train/aaaaacwu/s005_2004/03_tcp_ar_a/aaaaacwu_s005_t000.edf,18,
tusz,tusz_v2.0.6/edf/train/aaaaacwu/s005_2004/03_tcp_ar_a/aaaaacwu_s005_t001.edf,18,
tusz,tusz_v2.0.6/edf/train/aaaaacwu/s005_2004/03_tcp_ar_a/aaaaacwu_s005_t002.edf,18,
tusz,tusz_v2.0.6/edf/train/aaaaacwu/s005_2004/03_tcp_ar_a/aaaaacwu_s005_t003.edf,18,
tusz,tusz_v2.0.6/edf/train/aaaaacwu/s005_2004/03_tcp_ar_a/aaaaacwu_s005_t004.edf,18,
tusz,tusz_v2.0.6/edf/train/aaaaacwu/s005_2004/03_tcp_ar_a/aaaaacwu_s005_t006.edf,18,
tusz,tusz_v2.0.6/edf/train/aaaaacwu/s005_2004/03_tcp_ar_a/aaaaacwu_s005_t007.edf,18,
tusz,tusz_v2.0.6/edf/train/aaaaacwu/s005_2004/03_tcp_ar_a/aaaaacwu_s005_t008.edf,18,
tusz,tusz_v2.0.6/edf/train/aaaaacwu/s005_2004/03_tcp_ar_a/aaaaacwu_s005_t009.edf,18,
tusz,tusz_v2.0.6/edf/train/aaaaacwu/s005_2004/03_tcp_ar_a/aaaaacwu_s005_t010.edf,18,
tusz,tusz_v2.0.6/edf/train/aaaaacwv/s001_2004/02_tcp_le/aaaaacwv_s001_t000.edf,18,
tusz,tusz_v2.0.6/edf/train/aaaaacyf/s001_2004/02_tcp_le/aaaaacyf_s001_t000.edf,18,
tusz,tusz_v2.0.6/edf/train/aaaaacyf/s001_2004/02_tcp_le/aaaaacyf_s001_t001.edf,18,
tusz,tusz_v2.0.6/edf/train/aaaaacyf/s002_2005/02_tcp_le/aaaaacyf_s002_t001.edf,18,
tusz,tusz_v2.0.6/edf/train/aaaaacyf/s002_2005/02_tcp_le/aaaaacyf_s002_t002.edf,18,
tusz,tusz_v2.0.6/edf/train/aaaaacyf/s003_2006/02_tcp_le/aaaaacyf_s003_t000.edf,18,
tusz,tusz_v2.0.6/edf/train/aaaaacyf/s004_2008/02_tcp_le/aaaaacyf_s004_t000.edf,18,
tusz,tusz_v2.0.6/edf/train/aaaaacyf/s007_2015/01_tcp_ar/aaaaacyf_s007_t001.edf,18,
tusz,tusz_v2.0.6/edf/train/aaaaacyf/s007_2015/01_tcp_ar/aaaaacyf_s007_t002.edf,18,
tusz,tusz_v2.0.6/edf/train/aaaaacyf/s007_2015/01_tcp_ar/aaaaacyf_s007_t003.edf,18,
tusz,tusz_v2.0.6/edf/train/aaaaacyf/s007_2015/01_tcp_ar/aaaaacyf_s007_t009.edf,18,
tusz,tusz_v2.0.6/edf/train/aaaaacyf/s007_2015/01_tcp_ar/aaaaacyf_s007_t010.edf,18,
tusz,tusz_v2.0.6/edf/train/aaaaacyf/s007_2015/01_tcp_ar/aaaaacyf_s007_t011.edf,18,
tusz,tusz_v2.0.6/edf/train/aaaaacyf/s007_2015/01_tcp_ar/aaaaacyf_s007_t012.edf,18,
tusz,tusz_v2.0.6/edf/train/aaaaacyf/s007_2015/01_tcp_ar/aaaaacyf_s007_t014.edf,18,
tusz,tusz_v2.0.6/edf/train/aaaaacyf/s007_2015/01_tcp_ar/aaaaacyf_s007_t015.edf,18,
tusz,tusz_v2.0.6/edf/train/aaaaacyf/s007_2015/01_tcp_ar/aaaaacyf_s007_t016.edf,18,
tusz,tusz_v2.0.6/edf/train/aaaaacyf/s008_2015/01_tcp_ar/aaaaacyf_s008_t000.edf,18,
tusz,tusz_v2.0.6/edf/train/aaaaacyf/s008_2015/01_tcp_ar/aaaaacyf_s008_t004.edf,18,
tusz,tusz_v2.0.6/edf/train/aaaaacyf/s008_2015/01_tcp_ar/aaaaacyf_s008_t005.edf,18,
tusz,tusz_v2.0.6/edf/train/aaaaacyf/s008_2015/01_tcp_ar/aaaaacyf_s008_t006.edf,18,
tusz,tusz_v2.0.6/edf/train/aaaaacyf/s008_2015/01_tcp_ar/aaaaacyf_s008_t007.edf,18,
tusz,tusz_v2.0.6/edf/train/aaaaacyf/s008_2015/01_tcp_ar/aaaaacyf_s008_t009.edf,18,
tusz,tusz_v2.0.6/edf/train/aaaaacyf/s008_2015/01_tcp_ar/aaaaacyf_s008_t010.edf,18,
tusz,tusz_v2.0.6/edf/train/aaaaacyf/s008_2015/01_tcp_ar/aaaaacyf_s008_t013.edf,18,
tusz,tusz_v2.0.6/edf/train/aaaaacyf/s008_2015/01_tcp_ar/aaaaacyf_s008_t015.edf,18,
tusz,tusz_v2.0.6/edf/train/aaaaacyf/s008_2015/01_tcp_ar/aaaaacyf_s008_t016.edf,18,
tusz,tusz_v2.0.6/edf/train/aaaaacyf/s009_2015/01_tcp_ar/aaaaacyf_s009_t000.edf,18,
tusz,tusz_v2.0.6/edf/train/aaaaacyf/s009_2015/01_tcp_ar/aaaaacyf_s009_t001.edf,18,
tusz,tusz_v2.0.6/edf/train/aaaaacyf/s009_2015/01_tcp_ar/aaaaacyf_s009_t002.edf,18,
tusz,tusz_v2.0.6/edf/train/aaaaacyf/s009_2015/01_tcp_ar/aaaaacyf_s009_t003.edf,18,
tusz,tusz_v2.0.6/edf/train/aaaaacyf/s009_2015/01_tcp_ar/aaaaacyf_s009_t004.edf,18,
tusz,tusz_v2.0.6/edf/train/aaaaacyf/s009_2015/01_tcp_ar/aaaaacyf_s009_t005.edf,18,
tusz,tusz_v2.0.6/edf/train/aaaaacyf/s009_2015/01_tcp_ar/aaaaacyf_s009_t006.edf,18,
tusz,tusz_v2.0.6/edf/train/aaaaacyf/s011_2015/01_tcp_ar/aaaaacyf_s011_t000.edf,18,
tusz,tusz_v2.0.6/edf/train/aaaaacyf/s011_2015/01_tcp_ar/aaaaacyf_s011_t001.edf,18,
tusz,tusz_v2.0.6/edf/train/aaaaacyk/s002_2006/02_tcp_le/aaaaacyk_s002_t000.edf,18,
tusz,tusz_v2.0.6/edf/train/aaaaacyk/s002_2006/02_tcp_le/aaaaacyk_s002_t001.edf,18,
tusz,tusz_v2.0.6/edf/train/aaaaacyy/s001_2004/02_tcp_le/aaaaacyy_s001_t000.edf,18,
tusz,tusz_v2.0.6/edf/train/aaaaacyy/s001_2004/02_tcp_le/aaaaacyy_s001_t001.edf,18,
tusz,tusz_v2.0.6/edf/train/aaaaaczt/s001_2004/02_tcp_le/aaaaaczt_s001_t001.edf,18,
tusz,tusz_v2.0.6/edf/train/aaaaadao/s001_2004/03_tcp_ar_a/aaaaadao_s001_t000.edf,18,
tusz,tusz_v2.0.6/edf/train/aaaaadao/s001_2004/03_tcp_ar_a/aaaaadao_s001_t001.edf,18,
tusz,tusz_v2.0.6/edf/train/aaaaadao/s001_2004/03_tcp_ar_a/aaaaadao_s001_t002.edf,18,
tusz,tusz_v2.0.6/edf/train/aaaaadao/s001_2004/03_tcp_ar_a/aaaaadao_s001_t003.edf,18,
tusz,tusz_v2.0.6/edf/train/aaaaadao/s001_2004/03_tcp_ar_a/aaaaadao_s001_t004.edf,18,
tusz,tusz_v2.0.6/edf/train/aaaaadao/s001_2004/03_tcp_ar_a/aaaaadao_s001_t005.edf,18,
tusz,tusz_v2.0.6/edf/train/aaaaadao/s001_2004/03_tcp_ar_a/aaaaadao_s001_t006.edf,18,
tusz,tusz_v2.0.6/edf/train/aaaaadao/s001_2004/03_tcp_ar_a/aaaaadao_s001_t007.edf,18,
tusz,tusz_v2.0.6/edf/train/aaaaadao/s003_2004/03_tcp_ar_a/aaaaadao_s003_t000.edf,18,
tusz,tusz_v2.0.6/edf/train/aaaaadao/s003_2004/03_tcp_ar_a/aaaaadao_s003_t001.edf,18,
tusz,tusz_v2.0.6/edf/train/aaaaadao/s003_2004/03_tcp_ar_a/aaaaadao_s003_t002.edf,18,
tusz,tusz_v2.0.6/edf/train/aaaaadao/s003_2004/03_tcp_ar_a/aaaaadao_s003_t003.edf,18,
tusz,tusz_v2.0.6/edf/train/aaaaadao/s003_2004/03_tcp_ar_a/aaaaadao_s003_t004.edf,18,
tusz,tusz_v2.0.6/edf/train/aaaaadao/s003_2004/03_tcp_ar_a/aaaaadao_s003_t005.edf,18,
tusz,tusz_v2.0.6/edf/train/aaaaadao/s003_2004/03_tcp_ar_a/aaaaadao_s003_t006.edf,18,
tusz,tusz_v2.0.6/edf/train/aaaaadaq/s001_2004/02_tcp_le/aaaaadaq_s001_t000.edf,18,
tusz,tusz_v2.0.6/edf/train/aaaaadax/s001_2004/02_tcp_le/aaaaadax_s001_t001.edf,18,
tusz,tusz_v2.0.6/edf/train/aaaaadbc/s002_2006/02_tcp_le/aaaaadbc_s002_t002.edf,18,
tusz,tusz_v2.0.6/edf/train/aaaaaddu/s001_2004/02_tcp_le/aaaaaddu_s001_t000.edf,18,
tusz,tusz_v2.0.6/edf/train/aaaaaddu/s001_2004/02_tcp_le/aaaaaddu_s001_t001.edf,18,
tusz,tusz_v2.0.6/edf/train/aaaaadhe/s001_2004/02_tcp_le/aaaaadhe_s001_t000.edf,18,
tusz,tusz_v2.0.6/edf/train/aaaaadhe/s001_2004/02_tcp_le/aaaaadhe_s001_t001.edf,18,
tusz,tusz_v2.0.6/edf/train/aaaaadhp/s002_2006/02_tcp_le/aaaaadhp_s002_t000.edf,18,
tusz,tusz_v2.0.6/edf/train/aaaaadhp/s002_2006/02_tcp_le/aaaaadhp_s002_t001.edf,18,
tusz,tusz_v2.0.6/edf/train/aaaaadhw/s001_2004/02_tcp_le/aaaaadhw_s001_t002.edf,18,
tusz,tusz_v2.0.6/edf/train/aaaaadhw/s001_2004/02_tcp_le/aaaaadhw_s001_t003.edf,18,
tusz,tusz_v2.0.6/edf/train/aaaaadhw/s001_2004/02_tcp_le/aaaaadhw_s001_t004.edf,18,
tusz,tusz_v2.0.6/edf/train/aaaaadhz/s001_2004/02_tcp_le/aaaaadhz_s001_t002.edf,18,
tusz,tusz_v2.0.6/edf/train/aaaaadhz/s001_2004/02_tcp_le/aaaaadhz_s001_t003.edf,18,
tusz,tusz_v2.0.6/edf/train/aaaaadhz/s001_2004/02_tcp_le/aaaaadhz_s001_t004.edf,18,
tusz,tusz_v2.0.6/edf/train/aaaaadia/s001_2004/02_tcp_le/aaaaadia_s001_t000.edf,18,
tusz,tusz_v2.0.6/edf/train/aaaaadiy/s004_2006/02_tcp_le/aaaaadiy_s004_t000.edf,18,
tusz,tusz_v2.0.6/edf/train/aaaaadjj/s001_2005/02_tcp_le/aaaaadjj_s001_t001.edf,18,
tusz,tusz_v2.0.6/edf/train/aaaaadli/s005_2013/01_tcp_ar/aaaaadli_s005_t000.edf,18,
tusz,tusz_v2.0.6/edf/train/aaaaadli/s006_2015/01_tcp_ar/aaaaadli_s006_t000.edf,18,
tusz,tusz_v2.0.6/edf/train/aaaaadli/s006_2015/01_tcp_ar/aaaaadli_s006_t001.edf,18,
tusz,tusz_v2.0.6/edf/train/aaaaadmi/s006_2015/01_tcp_ar/aaaaadmi_s006_t000.edf,18,
tusz,tusz_v2.0.6/edf/train/aaaaadmi/s008_2015/01_tcp_ar/aaaaadmi_s008_t000.edf,18,
tusz,tusz_v2.0.6/edf/train/aaaaadmi/s008_2015/01_tcp_ar/aaaaadmi_s008_t001.edf,18,
tusz,tusz_v2.0.6/edf/train/aaaaadmi/s008_2015/01_tcp_ar/aaaaadmi_s008_t002.edf,18,
tusz,tusz_v2.0.6/edf/train/aaaaadmi/s008_2015/01_tcp_ar/aaaaadmi_s008_t003.edf,18,
tusz,tusz_v2.0.6/edf/train/aaaaadmi/s008_2015/01_tcp_ar/aaaaadmi_s008_t004.edf,18,
tusz,tusz_v2.0.6/edf/train/aaaaadmi/s008_2015/01_tcp_ar/aaaaadmi_s008_t005.edf,18,
tusz,tusz_v2.0.6/edf/train/aaaaadmi/s008_2015/01_tcp_ar/aaaaadmi_s008_t006.edf,18,
tusz,tusz_v2.0.6/edf/train/aaaaadmi/s008_2015/01_tcp_ar/aaaaadmi_s008_t007.edf,18,
tusz,tusz_v2.0.6/edf/train/aaaaadmi/s008_2015/01_tcp_ar/aaaaadmi_s008_t008.edf,18,
tusz,tusz_v2.0.6/edf/train/aaaaadmi/s008_2015/01_tcp_ar/aaaaadmi_s008_t009.edf,18,
tusz,tusz_v2.0.6/edf/train/aaaaadmi/s008_2015/01_tcp_ar/aaaaadmi_s008_t010.edf,18,
tusz,tusz_v2.0.6/edf/train/aaaaadmi/s009_2015/01_tcp_ar/aaaaadmi_s009_t000.edf,18,
tusz,tusz_v2.0.6/edf/train/aaaaadmi/s009_2015/01_tcp_ar/aaaaadmi_s009_t001.edf,18,
tusz,tusz_v2.0.6/edf/train/aaaaadmi/s009_2015/01_tcp_ar/aaaaadmi_s009_t002.edf,18,
tusz,tusz_v2.0.6/edf/train/aaaaadmi/s009_2015/01_tcp_ar/aaaaadmi_s009_t003.edf,18,
tusz,tusz_v2.0.6/edf/train/aaaaadmi/s009_2015/01_tcp_ar/aaaaadmi_s009_t004.edf,18,
tusz,tusz_v2.0.6/edf/train/aaaaadmi/s009_2015/01_tcp_ar/aaaaadmi_s009_t005.edf,18,
tusz,tusz_v2.0.6/edf/train/aaaaadmi/s009_2015/01_tcp_ar/aaaaadmi_s009_t006.edf,18,
tusz,tusz_v2.0.6/edf/train/aaaaadmi/s009_2015/01_tcp_ar/aaaaadmi_s009_t007.edf,18,
tusz,tusz_v2.0.6/edf/train/aaaaadmi/s009_2015/01_tcp_ar/aaaaadmi_s009_t008.edf,18,
tusz,tusz_v2.0.6/edf/train/aaaaadmi/s009_2015/01_tcp_ar/aaaaadmi_s009_t009.edf,18,
tusz,tusz_v2.0.6/edf/train/aaaaadmi/s009_2015/01_tcp_ar/aaaaadmi_s009_t010.edf,18,
tusz,tusz_v2.0.6/edf/train/aaaaadmi/s009_2015/01_tcp_ar/aaaaadmi_s009_t011.edf,18,
tusz,tusz_v2.0.6/edf/train/aaaaadmi/s009_2015/01_tcp_ar/aaaaadmi_s009_t012.edf,18,
tusz,tusz_v2.0.6/edf/train/aaaaadmi/s009_2015/01_tcp_ar/aaaaadmi_s009_t013.edf,18,
tusz,tusz_v2.0.6/edf/train/aaaaadmi/s009_2015/01_tcp_ar/aaaaadmi_s009_t014.edf,18,
tusz,tusz_v2.0.6/edf/train/aaaaadmi/s009_2015/01_tcp_ar/aaaaadmi_s009_t015.edf,18,
tusz,tusz_v2.0.6/edf/train/aaaaadmi/s011_2015/01_tcp_ar/aaaaadmi_s011_t000.edf,18,
tusz,tusz_v2.0.6/edf/train/aaaaadmi/s011_2015/01_tcp_ar/aaaaadmi_s011_t001.edf,18,
tusz,tusz_v2.0.6/edf/train/aaaaadmi/s011_2015/01_tcp_ar/aaaaadmi_s011_t002.edf,18,
tusz,tusz_v2.0.6/edf/train/aaaaadmi/s011_2015/01_tcp_ar/aaaaadmi_s011_t003.edf,18,
tusz,tusz_v2.0.6/edf/train/aaaaadmi/s011_2015/01_tcp_ar/aaaaadmi_s011_t004.edf,18,
tusz,tusz_v2.0.6/edf/train/aaaaadmi/s011_2015/01_tcp_ar/aaaaadmi_s011_t005.edf,18,
tusz,tusz_v2.0.6/edf/train/aaaaadmi/s011_2015/01_tcp_ar/aaaaadmi_s011_t006.edf,18,
tusz,tusz_v2.0.6/edf/train/aaaaadmi/s011_2015/01_tcp_ar/aaaaadmi_s011_t007.edf,18,
tusz,tusz_v2.0.6/edf/train/aaaaadmi/s011_2015/01_tcp_ar/aaaaadmi_s011_t008.edf,18,
tusz,tusz_v2.0.6/edf/train/aaaaadmi/s011_2015/01_tcp_ar/aaaaadmi_s011_t009.edf,18,
tusz,tusz_v2.0.6/edf/train/aaaaadmi/s012_2015/01_tcp_ar/aaaaadmi_s012_t000.edf,18,
tusz,tusz_v2.0.6/edf/train/aaaaadmi/s012_2015/01_tcp_ar/aaaaadmi_s012_t001.edf,18,
tusz,tusz_v2.0.6/edf/train/aaaaadmi/s012_2015/01_tcp_ar/aaaaadmi_s012_t002.edf,18,
tusz,tusz_v2.0.6/edf/train/aaaaadmi/s012_2015/01_tcp_ar/aaaaadmi_s012_t003.edf,18,
tusz,tusz_v2.0.6/edf/train/aaaaadmi/s012_2015/01_tcp_ar/aaaaadmi_s012_t004.edf,18,
tusz,tusz_v2.0.6/edf/train/aaaaadmi/s012_2015/01_tcp_ar/aaaaadmi_s012_t005.edf,18,
tusz,tusz_v2.0.6/edf/train/aaaaadmi/s012_2015/01_tcp_ar/aaaaadmi_s012_t006.edf,18,
tusz,tusz_v2.0.6/edf/train/aaaaadmi/s012_2015/01_tcp_ar/aaaaadmi_s012_t007.edf,18,
tusz,tusz_v2.0.6/edf/train/aaaaadmi/s012_2015/01_tcp_ar/aaaaadmi_s012_t008.edf,18,
tusz,tusz_v2.0.6/edf/train/aaaaadmi/s012_2015/01_tcp_ar/aaaaadmi_s012_t009.edf,18,
tusz,tusz_v2.0.6/edf/train/aaaaadmi/s013_2015/01_tcp_ar/aaaaadmi_s013_t000.edf,18,
tusz,tusz_v2.0.6/edf/train/aaaaadmi/s013_2015/01_tcp_ar/aaaaadmi_s013_t001.edf,18,
tusz,tusz_v2.0.6/edf/train/aaaaadmi/s013_2015/01_tcp_ar/aaaaadmi_s013_t002.edf,18,
tusz,tusz_v2.0.6/edf/train/aaaaadmi/s013_2015/01_tcp_ar/aaaaadmi_s013_t003.edf,18,
tusz,tusz_v2.0.6/edf/train/aaaaadmi/s013_2015/01_tcp_ar/aaaaadmi_s013_t004.edf,18,
tusz,tusz_v2.0.6/edf/train/aaaaadmi/s013_2015/01_tcp_ar/aaaaadmi_s013_t005.edf,18,
tusz,tusz_v2.0.6/edf/train/aaaaadmi/s013_2015/01_tcp_ar/aaaaadmi_s013_t006.edf,18,
tusz,tusz_v2.0.6/edf/train/aaaaadmi/s013_2015/01_tcp_ar/aaaaadmi_s013_t007.edf,18,
tusz,tusz_v2.0.6/edf/train/aaaaadmi/s013_2015/01_tcp_ar/aaaaadmi_s013_t008.edf,18,
tusz,tusz_v2.0.6/edf/train/aaaaadmi/s013_2015/01_tcp_ar/aaaaadmi_s013_t009.edf,18,
tusz,tusz_v2.0.6/edf/train/aaaaadmi/s013_2015/01_tcp_ar/aaaaadmi_s013_t011.edf,18,
tusz,tusz_v2.0.6/edf/train/aaaaadmi/s013_2015/01_tcp_ar/aaaaadmi_s013_t012.edf,18,
tusz,tusz_v2.0.6/edf/train/aaaaadmi/s013_2015/01_tcp_ar/aaaaadmi_s013_t013.edf,18,
tusz,tusz_v2.0.6/edf/train/aaaaadmi/s013_2015/01_tcp_ar/aaaaadmi_s013_t014.edf,18,
tusz,tusz_v2.0.6/edf/train/aaaaadmi/s013_2015/01_tcp_ar/aaaaadmi_s013_t015.edf,18,
tusz,tusz_v2.0.6/edf/train/aaaaadmi/s013_2015/01_tcp_ar/aaaaadmi_s013_t016.edf,18,
tusz,tusz_v2.0.6/edf/train/aaaaadmz/s001_2005/03_tcp_ar_a/aaaaadmz_s001_t000.edf,18,
tusz,tusz_v2.0.6/edf/train/aaaaadmz/s001_2005/03_tcp_ar_a/aaaaadmz_s001_t001.edf,18,
tusz,tusz_v2.0.6/edf/train/aaaaadno/s002_2006/03_tcp_ar_a/aaaaadno_s002_t001.edf,18,
tusz,tusz_v2.0.6/edf/train/aaaaadno/s002_2006/03_tcp_ar_a/aaaaadno_s002_t003.edf,18,
tusz,tusz_v2.0.6/edf/train/aaaaadno/s002_2006/03_tcp_ar_a/aaaaadno_s002_t005.edf,18,
tusz,tusz_v2.0.6/edf/train/aaaaadno/s002_2006/03_tcp_ar_a/aaaaadno_s002_t006.edf,18,
tusz,tusz_v2.0.6/edf/train/aaaaadno/s003_2006/03_tcp_ar_a/aaaaadno_s003_t000.edf,18,
tusz,tusz_v2.0.6/edf/train/aaaaadno/s003_2006/03_tcp_ar_a/aaaaadno_s003_t001.edf,18,
tusz,tusz_v2.0.6/edf/train/aaaaadno/s003_2006/03_tcp_ar_a/aaaaadno_s003_t002.edf,18,
tusz,tusz_v2.0.6/edf/train/aaaaadno/s003_2006/03_tcp_ar_a/aaaaadno_s003_t003.edf,18,
tusz,tusz_v2.0.6/edf/train/aaaaadno/s003_2006/03_tcp_ar_a/aaaaadno_s003_t004.edf,18,
tusz,tusz_v2.0.6/edf/train/aaaaadno/s003_2006/03_tcp_ar_a/aaaaadno_s003_t005.edf,18,
tusz,tusz_v2.0.6/edf/train/aaaaadno/s003_2006/03_tcp_ar_a/aaaaadno_s003_t006.edf,18,
tusz,tusz_v2.0.6/edf/train/aaaaadno/s003_2006/03_tcp_ar_a/aaaaadno_s003_t007.edf,18,
tusz,tusz_v2.0.6/edf/train/aaaaadno/s003_2006/03_tcp_ar_a/aaaaadno_s003_t008.edf,18,
tusz,tusz_v2.0.6/edf/train/aaaaadno/s005_2006/03_tcp_ar_a/aaaaadno_s005_t001.edf,18,
tusz,tusz_v2.0.6/edf/train/aaaaadno/s005_2006/03_tcp_ar_a/aaaaadno_s005_t002.edf,18,
tusz,tusz_v2.0.6/edf/train/aaaaadno/s005_2006/03_tcp_ar_a/aaaaadno_s005_t004.edf,18,
tusz,tusz_v2.0.6/edf/train/aaaaadno/s005_2006/03_tcp_ar_a/aaaaadno_s005_t006.edf,18,
tusz,tusz_v2.0.6/edf/train/aaaaadno/s005_2006/03_tcp_ar_a/aaaaadno_s005_t008.edf,18,
tusz,tusz_v2.0.6/edf/train/aaaaadno/s005_2006/03_tcp_ar_a/aaaaadno_s005_t010.edf,18,
tusz,tusz_v2.0.6/edf/train/aaaaadns/s002_2014/01_tcp_ar/aaaaadns_s002_t000.edf,18,
tusz,tusz_v2.0.6/edf/train/aaaaadns/s002_2014/01_tcp_ar/aaaaadns_s002_t001.edf,18,
tusz,tusz_v2.0.6/edf/train/aaaaadns/s004_2014/01_tcp_ar/aaaaadns_s004_t000.edf,18,
tusz,tusz_v2.0.6/edf/train/aaaaadns/s004_2014/01_tcp_ar/aaaaadns_s004_t001.edf,18,
tusz,tusz_v2.0.6/edf/train/aaaaadns/s004_2014/01_tcp_ar/aaaaadns_s004_t002.edf,18,
tusz,tusz_v2.0.6/edf/train/aaaaadoc/s001_2006/02_tcp_le/aaaaadoc_s001_t000.edf,18,
tusz,tusz_v2.0.6/edf/train/aaaaadpj/s003_2006/02_tcp_le/aaaaadpj_s003_t000.edf,18,
tusz,tusz_v2.0.6/edf/train/aaaaadpj/s005_2006/03_tcp_ar_a/aaaaadpj_s005_t000.edf,18,
tusz,tusz_v2.0.6/edf/train/aaaaadpj/s005_2006/03_tcp_ar_a/aaaaadpj_s005_t001.edf,18,
tusz,tusz_v2.0.6/edf/train/aaaaadpj/s005_2006/03_tcp_ar_a/aaaaadpj_s005_t002.edf,18,
tusz,tusz_v2.0.6/edf/train/aaaaadpj/s005_2006/03_tcp_ar_a/aaaaadpj_s005_t003.edf,18,
tusz,tusz_v2.0.6/edf/train/aaaaadpj/s005_2006/03_tcp_ar_a/aaaaadpj_s005_t004.edf,18,
tusz,tusz_v2.0.6/edf/train/aaaaadpj/s005_2006/03_tcp_ar_a/aaaaadpj_s005_t005.edf,18,
tusz,tusz_v2.0.6/edf/train/aaaaadpr/s002_2006/02_tcp_le/aaaaadpr_s002_t001.edf,18,
tusz,tusz_v2.0.6/edf/train/aaaaadpr/s002_2006/02_tcp_le/aaaaadpr_s002_t002.edf,18,
tusz,tusz_v2.0.6/edf/train/aaaaadqb/s002_2007/02_tcp_le/aaaaadqb_s002_t000.edf,18,
tusz,tusz_v2.0.6/edf/train/aaaaadqb/s002_2007/02_tcp_le/aaaaadqb_s002_t001.edf,18,
tusz,tusz_v2.0.6/edf/train/aaaaadqe/s001_2006/02_tcp_le/aaaaadqe_s001_t001.edf,18,
tusz,tusz_v2.0.6/edf/train/aaaaadqe/s001_2006/02_tcp_le/aaaaadqe_s001_t002.edf,18,
tusz,tusz_v2.0.6/edf/train/aaaaadqe/s001_2006/02_tcp_le/aaaaadqe_s001_t003.edf,18,
tusz,tusz_v2.0.6/edf/train/aaaaadqe/s001_2006/02_tcp_le/aaaaadqe_s001_t004.edf,18,
tusz,tusz_v2.0.6/edf/train/aaaaadri/s001_2006/02_tcp_le/aaaaadri_s001_t002.edf,18,
tusz,tusz_v2.0.6/edf/train/aaaaadri/s001_2006/02_tcp_le/aaaaadri_s001_t003.edf,18,
tusz,tusz_v2.0.6/edf/train/aaaaadri/s001_2006/02_tcp_le/aaaaadri_s001_t004.edf,18,
tusz,tusz_v2.0.6/edf/train/aaaaadro/s001_2006/02_tcp_le/aaaaadro_s001_t000.edf,18,
tusz,tusz_v2.0.6/edf/train/aaaaadro/s002_2006/02_tcp_le/aaaaadro_s002_t000.edf,18,
tusz,tusz_v2.0.6/edf/train/aaaaadrt/s003_2007/02_tcp_le/aaaaadrt_s003_t000.edf,18,
tusz,tusz_v2.0.6/edf/train/aaaaadse/s001_2006/02_tcp_le/aaaaadse_s001_t000.edf,18,
tusz,tusz_v2.0.6/edf/train/aaaaadse/s001_2006/02_tcp_le/aaaaadse_s001_t001.edf,18,
tusz,tusz_v2.0.6/edf/train/aaaaadse/s001_2006/02_tcp_le/aaaaadse_s001_t002.edf,18,
tusz,tusz_v2.0.6/edf/train/aaaaadse/s001_2006/02_tcp_le/aaaaadse_s001_t003.edf,18,
tusz,tusz_v2.0.6/edf/train/aaaaadse/s001_2006/02_tcp_le/aaaaadse_s001_t004.edf,18,
tusz,tusz_v2.0.6/edf/train/aaaaadse/s001_2006/02_tcp_le/aaaaadse_s001_t005.edf,18,
tusz,tusz_v2.0.6/edf/train/aaaaadse/s001_2006/02_tcp_le/aaaaadse_s001_t006.edf,18,
tusz,tusz_v2.0.6/edf/train/aaaaadsz/s001_2006/02_tcp_le/aaaaadsz_s001_t000.edf,18,
tusz,tusz_v2.0.6/edf/train/aaaaadsz/s001_2006/02_tcp_le/aaaaadsz_s001_t001.edf,18,
tusz,tusz_v2.0.6/edf/train/aaaaadsz/s002_2006/01_tcp_ar/aaaaadsz_s002_t000.edf,18,
tusz,tusz_v2.0.6/edf/train/aaaaadsz/s002_2006/01_tcp_ar/aaaaadsz_s002_t001.edf,18,
tusz,tusz_v2.0.6/edf/train/aaaaadsz/s002_2006/01_tcp_ar/aaaaadsz_s002_t002.edf,18,
tusz,tusz_v2.0.6/edf/train/aaaaadsz/s002_2006/01_tcp_ar/aaaaadsz_s002_t003.edf,18,
tusz,tusz_v2.0.6/edf/train/aaaaadsz/s002_2006/01_tcp_ar/aaaaadsz_s002_t004.edf,18,
tusz,tusz_v2.0.6/edf/train/aaaaadsz/s002_2006/01_tcp_ar/aaaaadsz_s002_t005.edf,18,
tusz,tusz_v2.0.6/edf/train/aaaaadsz/s005_2006/02_tcp_le/aaaaadsz_s005_t000.edf,18,
tusz,tusz_v2.0.6/edf/train/aaaaadsz/s006_2006/02_tcp_le/aaaaadsz_s006_t000.edf,18,
tusz,tusz_v2.0.6/edf/train/aaaaadsz/s007_2007/02_tcp_le/aaaaadsz_s007_t000.edf,18,
tusz,tusz_v2.0.6/edf/train/aaaaadtv/s002_2008/02_tcp_le/aaaaadtv_s002_t000.edf,18,
tusz,tusz_v2.0.6/edf/train/aaaaaduu/s001_2006/02_tcp_le/aaaaaduu_s001_t002.edf,18,
tusz,tusz_v2.0.6/edf/train/aaaaaduu/s001_2006/02_tcp_le/aaaaaduu_s001_t003.edf,18,
tusz,tusz_v2.0.6/edf/train/aaaaadwo/s002_2007/02_tcp_le/aaaaadwo_s002_t001.edf,18,
tusz,tusz_v2.0.6/edf/train/aaaaadyf/s001_2006/02_tcp_le/aaaaadyf_s001_t000.edf,18,
tusz,tusz_v2.0.6/edf/train/aaaaadyf/s001_2006/02_tcp_le/aaaaadyf_s001_t001.edf,18,
tusz,tusz_v2.0.6/edf/train/aaaaadyf/s001_2006/02_tcp_le/aaaaadyf_s001_t002.edf,18,
tusz,tusz_v2.0.6/edf/train/aaaaaead/s001_2006/01_tcp_ar/aaaaaead_s001_t000.edf,18,
tusz,tusz_v2.0.6/edf/train/aaaaaead/s001_2006/01_tcp_ar/aaaaaead_s001_t001.edf,18,
tusz,tusz_v2.0.6/edf/train/aaaaaead/s002_2006/02_tcp_le/aaaaaead_s002_t000.edf,18,
tusz,tusz_v2.0.6/edf/train/aaaaaeau/s002_2006/02_tcp_le/aaaaaeau_s002_t002.edf,18,
tusz,tusz_v2.0.6/edf/train/aaaaaebw/s001_2006/02_tcp_le/aaaaaebw_s001_t000.edf,18,
tusz,tusz_v2.0.6/edf/train/aaaaaece/s001_2006/02_tcp_le/aaaaaece_s001_t000.edf,18,
tusz,tusz_v2.0.6/edf/train/aaaaaedo/s001_2004/02_tcp_le/aaaaaedo_s001_t000.edf,18,
tusz,tusz_v2.0.6/edf/train/aaaaaedo/s001_2004/02_tcp_le/aaaaaedo_s001_t001.edf,18,
tusz,tusz_v2.0.6/edf/train/aaaaaedy/s001_2004/01_tcp_ar/aaaaaedy_s001_t000.edf,18,
tusz,tusz_v2.0.6/edf/train/aaaaaedy/s001_2004/01_tcp_ar/aaaaaedy_s001_t001.edf,18,
tusz,tusz_v2.0.6/edf/train/aaaaaedy/s001_2004/01_tcp_ar/aaaaaedy_s001_t002.edf,18,
tusz,tusz_v2.0.6/edf/train/aaaaaedy/s001_2004/01_tcp_ar/aaaaaedy_s001_t003.edf,18,
tusz,tusz_v2.0.6/edf/train/aaaaaedy/s001_2004/01_tcp_ar/aaaaaedy_s001_t004.edf,18,
tusz,tusz_v2.0.6/edf/train/aaaaaedy/s001_2004/01_tcp_ar/aaaaaedy_s001_t005.edf,18,
tusz,tusz_v2.0.6/edf/train/aaaaaedy/s001_2004/01_tcp_ar/aaaaaedy_s001_t006.edf,18,
tusz,tusz_v2.0.6/edf/train/aaaaaedy/s001_2004/01_tcp_ar/aaaaaedy_s001_t007.edf,18,
tusz,tusz_v2.0.6/edf/train/aaaaaedy/s002_2004/02_tcp_le/aaaaaedy_s002_t001.edf,18,
tusz,tusz_v2.0.6/edf/train/aaaaaedy/s003_2004/02_tcp_le/aaaaaedy_s003_t000.edf,18,
tusz,tusz_v2.0.6/edf/train/aaaaaedz/s001_2004/02_tcp_le/aaaaaedz_s001_t001.edf,18,
tusz,tusz_v2.0.6/edf/train/aaaaaeet/s001_2006/02_tcp_le/aaaaaeet_s001_t000.edf,18,
tusz,tusz_v2.0.6/edf/train/aaaaaefn/s001_2006/02_tcp_le/aaaaaefn_s001_t001.edf,18,
tusz,tusz_v2.0.6/edf/train/aaaaaegi/s001_2006/02_tcp_le/aaaaaegi_s001_t001.edf,18,
tusz,tusz_v2.0.6/edf/train/aaaaaegi/s002_2009/02_tcp_le/aaaaaegi_s002_t000.edf,18,
tusz,tusz_v2.0.6/edf/train/aaaaaegi/s003_2013/01_tcp_ar/aaaaaegi_s003_t000.edf,18,
tusz,tusz_v2.0.6/edf/train/aaaaaegv/s001_2006/02_tcp_le/aaaaaegv_s001_t000.edf,18,
tusz,tusz_v2.0.6/edf/train/aaaaaeha/s006_2011/03_tcp_ar_a/aaaaaeha_s006_t000.edf,18,
tusz,tusz_v2.0.6/edf/train/aaaaaeha/s006_2011/03_tcp_ar_a/aaaaaeha_s006_t001.edf,18,
tusz,tusz_v2.0.6/edf/train/aaaaaeha/s006_2011/03_tcp_ar_a/aaaaaeha_s006_t002.edf,18,
tusz,tusz_v2.0.6/edf/train/aaaaaeha/s008_2011/03_tcp_ar_a/aaaaaeha_s008_t000.edf,18,
tusz,tusz_v2.0.6/edf/train/aaaaaeha/s008_2011/03_tcp_ar_a/aaaaaeha_s008_t001.edf,18,
tusz,tusz_v2.0.6/edf/train/aaaaaeha/s008_2011/03_tcp_ar_a/aaaaaeha_s008_t002.edf,18,
tusz,tusz_v2.0.6/edf/train/aaaaaeha/s008_2011/03_tcp_ar_a/aaaaaeha_s008_t003.edf,18,
tusz,tusz_v2.0.6/edf/train/aaaaaeha/s008_2011/03_tcp_ar_a/aaaaaeha_s008_t004.edf,18,
tusz,tusz_v2.0.6/edf/train/aaaaaeij/s001_2006/02_tcp_le/aaaaaeij_s001_t000.edf,18,
tusz,tusz_v2.0.6/edf/train/aaaaaelb/s001_2006/02_tcp_le/aaaaaelb_s001_t002.edf,18,
tusz,tusz_v2.0.6/edf/train/aaaaaelb/s002_2009/02_tcp_le/aaaaaelb_s002_t000.edf,18,
tusz,tusz_v2.0.6/edf/train/aaaaaelb/s003_2010/01_tcp_ar/aaaaaelb_s003_t000.edf,18,
tusz,tusz_v2.0.6/edf/train/aaaaaelb/s003_2010/01_tcp_ar/aaaaaelb_s003_t001.edf,18,
tusz,tusz_v2.0.6/edf/train/aaaaaelb/s004_2010/03_tcp_ar_a/aaaaaelb_s004_t000.edf,18,
tusz,tusz_v2.0.6/edf/train/aaaaaelb/s004_2010/03_tcp_ar_a/aaaaaelb_s004_t001.edf,18,
tusz,tusz_v2.0.6/edf/train/aaaaaelb/s004_2010/03_tcp_ar_a/aaaaaelb_s004_t002.edf,18,
tusz,tusz_v2.0.6/edf/train/aaaaaelb/s004_2010/03_tcp_ar_a/aaaaaelb_s004_t003.edf,18,
tusz,tusz_v2.0.6/edf/train/aaaaaelb/s004_2010/03_tcp_ar_a/aaaaaelb_s004_t004.edf,18,
tusz,tusz_v2.0.6/edf/train/aaaaaelb/s004_2010/03_tcp_ar_a/aaaaaelb_s004_t005.edf,18,
tusz,tusz_v2.0.6/edf/train/aaaaaelb/s004_2010/03_tcp_ar_a/aaaaaelb_s004_t006.edf,18,
tusz,tusz_v2.0.6/edf/train/aaaaaelb/s005_2010/03_tcp_ar_a/aaaaaelb_s005_t001.edf,18,
tusz,tusz_v2.0.6/edf/train/aaaaaelb/s005_2010/03_tcp_ar_a/aaaaaelb_s005_t003.edf,18,
tusz,tusz_v2.0.6/edf/train/aaaaaelb/s005_2010/03_tcp_ar_a/aaaaaelb_s005_t004.edf,18,
tusz,tusz_v2.0.6/edf/train/aaaaaelb/s005_2010/03_tcp_ar_a/aaaaaelb_s005_t005.edf,18,
tusz,tusz_v2.0.6/edf/train/aaaaaelp/s003_2010/02_tcp_le/aaaaaelp_s003_t000.edf,18,
tusz,tusz_v2.0.6/edf/train/aaaaaelp/s004_2010/01_tcp_ar/aaaaaelp_s004_t001.edf,18,
tusz,tusz_v2.0.6/edf/train/aaaaaelv/s001_2006/02_tcp_le/aaaaaelv_s001_t001.edf,18,
tusz,tusz_v2.0.6/edf/train/aaaaaelv/s001_2006/02_tcp_le/aaaaaelv_s001_t002.edf,18,
tusz,tusz_v2.0.6/edf/train/aaaaaemu/s002_2006/02_tcp_le/aaaaaemu_s002_t000.edf,18,
tusz,tusz_v2.0.6/edf/train/aaaaaemw/s001_2006/02_tcp_le/aaaaaemw_s001_t001.edf,18,
tusz,tusz_v2.0.6/edf/train/aaaaaenl/s001_2006/02_tcp_le/aaaaaenl_s001_t001.edf,18,
tusz,tusz_v2.0.6/edf/train/aaaaaent/s001_2006/02_tcp_le/aaaaaent_s001_t000.edf,18,
tusz,tusz_v2.0.6/edf/train/aaaaaent/s001_2006/02_tcp_le/aaaaaent_s001_t001.edf,18,
tusz,tusz_v2.0.6/edf/train/aaaaaent/s001_2006/02_tcp_le/aaaaaent_s001_t002.edf,18,
tusz,tusz_v2.0.6/edf/train/aaaaaeph/s002_2006/02_tcp_le/aaaaaeph_s002_t000.edf,18,
tusz,tusz_v2.0.6/edf/train/aaaaaeph/s002_2006/02_tcp_le/aaaaaeph_s002_t001.edf,18,
tusz,tusz_v2.0.6/edf/train/aaaaaeph/s002_2006/02_tcp_le/aaaaaeph_s002_t002.edf,18,
tusz,tusz_v2.0.6/edf/train/aaaaaeph/s002_2006/02_tcp_le/aaaaaeph_s002_t003.edf,18,
tusz,tusz_v2.0.6/edf/train/aaaaaeph/s002_2006/02_tcp_le/aaaaaeph_s002_t004.edf,18,
tusz,tusz_v2.0.6/edf/train/aaaaaeph/s003_2006/02_tcp_le/aaaaaeph_s003_t000.edf,18,
tusz,tusz_v2.0.6/edf/train/aaaaaeph/s003_2006/02_tcp_le/aaaaaeph_s003_t001.edf,18,
tusz,tusz_v2.0.6/edf/train/aaaaaeph/s003_2006/02_tcp_le/aaaaaeph_s003_t002.edf,18,
tusz,tusz_v2.0.6/edf/train/aaaaaeph/s003_2006/02_tcp_le/aaaaaeph_s003_t003.edf,18,
tusz,tusz_v2.0.6/edf/train/aaaaaeph/s003_2006/02_tcp_le/aaaaaeph_s003_t004.edf,18,
tusz,tusz_v2.0.6/edf/train/aaaaaeph/s003_2006/02_tcp_le/aaaaaeph_s003_t005.edf,18,
tusz,tusz_v2.0.6/edf/train/aaaaaeph/s003_2006/02_tcp_le/aaaaaeph_s003_t006.edf,18,
tusz,tusz_v2.0.6/edf/train/aaaaaeph/s003_2006/02_tcp_le/aaaaaeph_s003_t007.edf,18,
tusz,tusz_v2.0.6/edf/train/aaaaaeph/s003_2006/02_tcp_le/aaaaaeph_s003_t008.edf,18,
tusz,tusz_v2.0.6/edf/train/aaaaaeph/s003_2006/02_tcp_le/aaaaaeph_s003_t009.edf,18,
tusz,tusz_v2.0.6/edf/train/aaaaaeph/s003_2006/02_tcp_le/aaaaaeph_s003_t010.edf,18,
tusz,tusz_v2.0.6/edf/train/aaaaaeph/s003_2006/02_tcp_le/aaaaaeph_s003_t011.edf,18,
tusz,tusz_v2.0.6/edf/train/aaaaaeph/s003_2006/02_tcp_le/aaaaaeph_s003_t012.edf,18,
tusz,tusz_v2.0.6/edf/train/aaaaaeph/s003_2006/02_tcp_le/aaaaaeph_s003_t013.edf,18,
tusz,tusz_v2.0.6/edf/train/aaaaaeph/s003_2006/02_tcp_le/aaaaaeph_s003_t014.edf,18,
tusz,tusz_v2.0.6/edf/train/aaaaaeph/s003_2006/02_tcp_le/aaaaaeph_s003_t015.edf,18,
tusz,tusz_v2.0.6/edf/train/aaaaaeph/s003_2006/02_tcp_le/aaaaaeph_s003_t016.edf,18,
tusz,tusz_v2.0.6/edf/train/aaaaaeph/s003_2006/02_tcp_le/aaaaaeph_s003_t017.edf,18,
tusz,tusz_v2.0.6/edf/train/aaaaaeph/s003_2006/02_tcp_le/aaaaaeph_s003_t018.edf,18,
tusz,tusz_v2.0.6/edf/train/aaaaaeph/s004_2010/01_tcp_ar/aaaaaeph_s004_t000.edf,18,
tusz,tusz_v2.0.6/edf/train/aaaaaeph/s005_2012/01_tcp_ar/aaaaaeph_s005_t000.edf,18,
tusz,tusz_v2.0.6/edf/train/aaaaaeqh/s002_2006/03_tcp_ar_a/aaaaaeqh_s002_t000.edf,18,
tusz,tusz_v2.0.6/edf/train/aaaaaeqh/s002_2006/03_tcp_ar_a/aaaaaeqh_s002_t001.edf,18,
tusz,tusz_v2.0.6/edf/train/aaaaaeqh/s002_2006/03_tcp_ar_a/aaaaaeqh_s002_t002.edf,18,
tusz,tusz_v2.0.6/edf/train/aaaaaeqy/s001_2006/02_tcp_le/aaaaaeqy_s001_t000.edf,18,
tusz,tusz_v2.0.6/edf/train/aaaaaerk/s003_2006/03_tcp_ar_a/aaaaaerk_s003_t000.edf,18,
tusz,tusz_v2.0.6/edf/train/aaaaaerk/s003_2006/03_tcp_ar_a/aaaaaerk_s003_t001.edf,18,
tusz,tusz_v2.0.6/edf/train/aaaaaerk/s003_2006/03_tcp_ar_a/aaaaaerk_s003_t003.edf,18,
tusz,tusz_v2.0.6/edf/train/aaaaaerk/s003_2006/03_tcp_ar_a/aaaaaerk_s003_t004.edf,18,
tusz,tusz_v2.0.6/edf/train/aaaaaerk/s004_2006/03_tcp_ar_a/aaaaaerk_s004_t000.edf,18,
tusz,tusz_v2.0.6/edf/train/aaaaaerk/s004_2006/03_tcp_ar_a/aaaaaerk_s004_t001.edf,18,
tusz,tusz_v2.0.6/edf/train/aaaaaerk/s004_2006/03_tcp_ar_a/aaaaaerk_s004_t002.edf,18,
tusz,tusz_v2.0.6/edf/train/aaaaaerk/s004_2006/03_tcp_ar_a/aaaaaerk_s004_t003.edf,18,
tusz,tusz_v2.0.6/edf/train/aaaaaerk/s004_2006/03_tcp_ar_a/aaaaaerk_s004_t004.edf,18,
tusz,tusz_v2.0.6/edf/train/aaaaaetk/s001_2006/02_tcp_le/aaaaaetk_s001_t001.edf,18,
tusz,tusz_v2.0.6/edf/train/aaaaaetk/s001_2006/02_tcp_le/aaaaaetk_s001_t002.edf,18,
tusz,tusz_v2.0.6/edf/train/aaaaaetm/s002_2006/03_tcp_ar_a/aaaaaetm_s002_t000.edf,18,
tusz,tusz_v2.0.6/edf/train/aaaaaetm/s002_2006/03_tcp_ar_a/aaaaaetm_s002_t001.edf,18,
tusz,tusz_v2.0.6/edf/train/aaaaaetm/s002_2006/03_tcp_ar_a/aaaaaetm_s002_t003.edf,18,
tusz,tusz_v2.0.6/edf/train/aaaaaewg/s002_2006/03_tcp_ar_a/aaaaaewg_s002_t000.edf,18,
tusz,tusz_v2.0.6/edf/train/aaaaaewg/s002_2006/03_tcp_ar_a/aaaaaewg_s002_t001.edf,18,
tusz,tusz_v2.0.6/edf/train/aaaaaewg/s004_2006/03_tcp_ar_a/aaaaaewg_s004_t000.edf,18,
tusz,tusz_v2.0.6/edf/train/aaaaaewg/s004_2006/03_tcp_ar_a/aaaaaewg_s004_t001.edf,18,
tusz,tusz_v2.0.6/edf/train/aaaaaewg/s004_2006/03_tcp_ar_a/aaaaaewg_s004_t002.edf,18,
tusz,tusz_v2.0.6/edf/train/aaaaaewg/s004_2006/03_tcp_ar_a/aaaaaewg_s004_t003.edf,18,
tusz,tusz_v2.0.6/edf/train/aaaaaewi/s001_2006/02_tcp_le/aaaaaewi_s001_t000.edf,18,
tusz,tusz_v2.0.6/edf/train/aaaaaexq/s001_2006/02_tcp_le/aaaaaexq_s001_t001.edf,18,
tusz,tusz_v2.0.6/edf/train/aaaaaexr/s002_2006/03_tcp_ar_a/aaaaaexr_s002_t000.edf,18,
tusz,tusz_v2.0.6/edf/train/aaaaaexr/s002_2006/03_tcp_ar_a/aaaaaexr_s002_t001.edf,18,
tusz,tusz_v2.0.6/edf/train/aaaaaexr/s002_2006/03_tcp_ar_a/aaaaaexr_s002_t002.edf,18,
tusz,tusz_v2.0.6/edf/train/aaaaaexr/s002_2006/03_tcp_ar_a/aaaaaexr_s002_t003.edf,18,
tusz,tusz_v2.0.6/edf/train/aaaaaexr/s002_2006/03_tcp_ar_a/aaaaaexr_s002_t004.edf,18,
tusz,tusz_v2.0.6/edf/train/aaaaaexr/s002_2006/03_tcp_ar_a/aaaaaexr_s002_t005.edf,18,
tusz,tusz_v2.0.6/edf/train/aaaaaeys/s001_2006/02_tcp_le/aaaaaeys_s001_t000.edf,18,
tusz,tusz_v2.0.6/edf/train/aaaaafav/s001_2006/02_tcp_le/aaaaafav_s001_t000.edf,18,
tusz,tusz_v2.0.6/edf/train/aaaaafav/s001_2006/02_tcp_le/aaaaafav_s001_t001.edf,18,
tusz,tusz_v2.0.6/edf/train/aaaaafav/s001_2006/02_tcp_le/aaaaafav_s001_t002.edf,18,
tusz,tusz_v2.0.6/edf/train/aaaaafav/s001_2006/02_tcp_le/aaaaafav_s001_t003.edf,18,
tusz,tusz_v2.0.6/edf/train/aaaaafbn/s001_2006/02_tcp_le/aaaaafbn_s001_t000.edf,18,
tusz,tusz_v2.0.6/edf/train/aaaaafef/s001_2006/02_tcp_le/aaaaafef_s001_t001.edf,18,
tusz,tusz_v2.0.6/edf/train/aaaaafgk/s002_2006/02_tcp_le/aaaaafgk_s002_t001.edf,18,
tusz,tusz_v2.0.6/edf/train/aaaaafie/s002_2006/03_tcp_ar_a/aaaaafie_s002_t001.edf,18,
tusz,tusz_v2.0.6/edf/train/aaaaafie/s002_2006/03_tcp_ar_a/aaaaafie_s002_t002.edf,18,
tusz,tusz_v2.0.6/edf/train/aaaaafie/s002_2006/03_tcp_ar_a/aaaaafie_s002_t003.edf,18,
tusz,tusz_v2.0.6/edf/train/aaaaafie/s002_2006/03_tcp_ar_a/aaaaafie_s002_t004.edf,18,
tusz,tusz_v2.0.6/edf/train/aaaaafjj/s002_2007/02_tcp_le/aaaaafjj_s002_t001.edf,18,
tusz,tusz_v2.0.6/edf/train/aaaaafjw/s001_2007/03_tcp_ar_a/aaaaafjw_s001_t001.edf,18,
tusz,tusz_v2.0.6/edf/train/aaaaafjw/s001_2007/03_tcp_ar_a/aaaaafjw_s001_t002.edf,18,
tusz,tusz_v2.0.6/edf/train/aaaaafjw/s001_2007/03_tcp_ar_a/aaaaafjw_s001_t005.edf,18,
tusz,tusz_v2.0.6/edf/train/aaaaafjw/s001_2007/03_tcp_ar_a/aaaaafjw_s001_t006.edf,18,
tusz,tusz_v2.0.6/edf/train/aaaaafjw/s001_2007/03_tcp_ar_a/aaaaafjw_s001_t007.edf,18,
tusz,tusz_v2.0.6/edf/train/aaaaafjw/s001_2007/03_tcp_ar_a/aaaaafjw_s001_t008.edf,18,
tusz,tusz_v2.0.6/edf/train/aaaaafjw/s002_2007/02_tcp_le/aaaaafjw_s002_t000.edf,18,
tusz,tusz_v2.0.6/edf/train/aaaaafjw/s002_2007/02_tcp_le/aaaaafjw_s002_t001.edf,18,
tusz,tusz_v2.0.6/edf/train/aaaaafjw/s002_2007/02_tcp_le/aaaaafjw_s002_t002.edf,18,
tusz,tusz_v2.0.6/edf/train/aaaaafjw/s002_2007/02_tcp_le/aaaaafjw_s002_t003.edf,18,
tusz,tusz_v2.0.6/edf/train/aaaaafjw/s002_2007/02_tcp_le/aaaaafjw_s002_t004.edf,18,
tusz,tusz_v2.0.6/edf/train/aaaaafjw/s002_2007/02_tcp_le/aaaaafjw_s002_t005.edf,18,
tusz,tusz_v2.0.6/edf/train/aaaaafjw/s002_2007/02_tcp_le/aaaaafjw_s002_t006.edf,18,
tusz,tusz_v2.0.6/edf/train/aaaaafjw/s002_2007/02_tcp_le/aaaaafjw_s002_t007.edf,18,
tusz,tusz_v2.0.6/edf/train/aaaaafjw/s002_2007/02_tcp_le/aaaaafjw_s002_t008.edf,18,
tusz,tusz_v2.0.6/edf/train/aaaaafjw/s002_2007/02_tcp_le/aaaaafjw_s002_t009.edf,18,
tusz,tusz_v2.0.6/edf/train/aaaaafjw/s002_2007/02_tcp_le/aaaaafjw_s002_t010.edf,18,
tusz,tusz_v2.0.6/edf/train/aaaaafjw/s003_2007/03_tcp_ar_a/aaaaafjw_s003_t000.edf,18,
tusz,tusz_v2.0.6/edf/train/aaaaafjw/s003_2007/03_tcp_ar_a/aaaaafjw_s003_t001.edf,18,
tusz,tusz_v2.0.6/edf/train/aaaaafjw/s003_2007/03_tcp_ar_a/aaaaafjw_s003_t002.edf,18,
tusz,tusz_v2.0.6/edf/train/aaaaafjw/s003_2007/03_tcp_ar_a/aaaaafjw_s003_t003.edf,18,
tusz,tusz_v2.0.6/edf/train/aaaaafjw/s003_2007/03_tcp_ar_a/aaaaafjw_s003_t004.edf,18,
tusz,tusz_v2.0.6/edf/train/aaaaaflc/s001_2007/02_tcp_le/aaaaaflc_s001_t001.edf,18,
tusz,tusz_v2.0.6/edf/train/aaaaafli/s004_2007/02_tcp_le/aaaaafli_s004_t000.edf,18,
tusz,tusz_v2.0.6/edf/train/aaaaafoq/s001_2007/02_tcp_le/aaaaafoq_s001_t000.edf,18,
tusz,tusz_v2.0.6/edf/train/aaaaafrv/s002_2007/02_tcp_le/aaaaafrv_s002_t000.edf,18,
tusz,tusz_v2.0.6/edf/train/aaaaafrv/s002_2007/02_tcp_le/aaaaafrv_s002_t001.edf,18,
tusz,tusz_v2.0.6/edf/train/aaaaafsb/s001_2007/02_tcp_le/aaaaafsb_s001_t000.edf,18,
tusz,tusz_v2.0.6/edf/train/aaaaafsb/s004_2007/03_tcp_ar_a/aaaaafsb_s004_t000.edf,18,
tusz,tusz_v2.0.6/edf/train/aaaaafsb/s004_2007/03_tcp_ar_a/aaaaafsb_s004_t001.edf,18,
tusz,tusz_v2.0.6/edf/train/aaaaafsb/s004_2007/03_tcp_ar_a/aaaaafsb_s004_t002.edf,18,
tusz,tusz_v2.0.6/edf/train/aaaaafsb/s004_2007/03_tcp_ar_a/aaaaafsb_s004_t003.edf,18,
tusz,tusz_v2.0.6/edf/train/aaaaafsb/s004_2007/03_tcp_ar_a/aaaaafsb_s004_t004.edf,18,
tusz,tusz_v2.0.6/edf/train/aaaaafsb/s004_2007/03_tcp_ar_a/aaaaafsb_s004_t005.edf,18,
tusz,tusz_v2.0.6/edf/train/aaaaaftk/s002_2007/02_tcp_le/aaaaaftk_s002_t000.edf,18,
tusz,tusz_v2.0.6/edf/train/aaaaaftk/s002_2007/02_tcp_le/aaaaaftk_s002_t001.edf,18,
tusz,tusz_v2.0.6/edf/train/aaaaaftk/s002_2007/02_tcp_le/aaaaaftk_s002_t002.edf,18,
tusz,tusz_v2.0.6/edf/train/aaaaaftl/s001_2007/02_tcp_le/aaaaaftl_s001_t000.edf,18,
tusz,tusz_v2.0.6/edf/train/aaaaafwi/s001_2007/02_tcp_le/aaaaafwi_s001_t001.edf,18,
tusz,tusz_v2.0.6/edf/train/aaaaafwz/s001_2007/02_tcp_le/aaaaafwz_s001_t000.edf,18,
tusz,tusz_v2.0.6/edf/train/aaaaafwz/s001_2007/02_tcp_le/aaaaafwz_s001_t001.edf,18,
tusz,tusz_v2.0.6/edf/train/aaaaafxk/s001_2007/02_tcp_le/aaaaafxk_s001_t001.edf,18,
tusz,tusz_v2.0.6/edf/train/aaaaafxr/s002_2007/03_tcp_ar_a/aaaaafxr_s002_t001.edf,18,
tusz,tusz_v2.0.6/edf/train/aaaaafxr/s002_2007/03_tcp_ar_a/aaaaafxr_s002_t002.edf,18,
tusz,tusz_v2.0.6/edf/train/aaaaafxr/s002_2007/03_tcp_ar_a/aaaaafxr_s002_t003.edf,18,
tusz,tusz_v2.0.6/edf/train/aaaaafxr/s002_2007/03_tcp_ar_a/aaaaafxr_s002_t004.edf,18,
tusz,tusz_v2.0.6/edf/train/aaaaafxr/s002_2007/03_tcp_ar_a/aaaaafxr_s002_t005.edf,18,
tusz,tusz_v2.0.6/edf/train/aaaaafxr/s002_2007/03_tcp_ar_a/aaaaafxr_s002_t006.edf,18,
tusz,tusz_v2.0.6/edf/train/aaaaafxr/s003_2007/03_tcp_ar_a/aaaaafxr_s003_t000.edf,18,
tusz,tusz_v2.0.6/edf/train/aaaaafxr/s003_2007/03_tcp_ar_a/aaaaafxr_s003_t001.edf,18,
tusz,tusz_v2.0.6/edf/train/aaaaafxr/s003_2007/03_tcp_ar_a/aaaaafxr_s003_t002.edf,18,
tusz,tusz_v2.0.6/edf/train/aaaaafxr/s003_2007/03_tcp_ar_a/aaaaafxr_s003_t003.edf,18,
tusz,tusz_v2.0.6/edf/train/aaaaafxr/s003_2007/03_tcp_ar_a/aaaaafxr_s003_t004.edf,18,
tusz,tusz_v2.0.6/edf/train/aaaaafxr/s004_2007/03_tcp_ar_a/aaaaafxr_s004_t000.edf,18,
tusz,tusz_v2.0.6/edf/train/aaaaafxr/s004_2007/03_tcp_ar_a/aaaaafxr_s004_t001.edf,18,
tusz,tusz_v2.0.6/edf/train/aaaaafxr/s004_2007/03_tcp_ar_a/aaaaafxr_s004_t002.edf,18,
tusz,tusz_v2.0.6/edf/train/aaaaafxr/s004_2007/03_tcp_ar_a/aaaaafxr_s004_t003.edf,18,
tusz,tusz_v2.0.6/edf/train/aaaaafxr/s004_2007/03_tcp_ar_a/aaaaafxr_s004_t004.edf,18,
tusz,tusz_v2.0.6/edf/train/aaaaafxr/s004_2007/03_tcp_ar_a/aaaaafxr_s004_t005.edf,18,
tusz,tusz_v2.0.6/edf/train/aaaaafxr/s004_2007/03_tcp_ar_a/aaaaafxr_s004_t006.edf,18,
tusz,tusz_v2.0.6/edf/train/aaaaafye/s002_2007/03_tcp_ar_a/aaaaafye_s002_t000.edf,18,
tusz,tusz_v2.0.6/edf/train/aaaaafye/s002_2007/03_tcp_ar_a/aaaaafye_s002_t001.edf,18,
tusz,tusz_v2.0.6/edf/train/aaaaafye/s002_2007/03_tcp_ar_a/aaaaafye_s002_t002.edf,18,
tusz,tusz_v2.0.6/edf/train/aaaaafye/s002_2007/03_tcp_ar_a/aaaaafye_s002_t003.edf,18,
tusz,tusz_v2.0.6/edf/train/aaaaafyv/s001_2007/02_tcp_le/aaaaafyv_s001_t000.edf,18,
tusz,tusz_v2.0.6/edf/train/aaaaafza/s001_2007/02_tcp_le/aaaaafza_s001_t000.edf,18,
tusz,tusz_v2.0.6/edf/train/aaaaafzl/s001_2007/02_tcp_le/aaaaafzl_s001_t000.edf,18,
tusz,tusz_v2.0.6/edf/train/aaaaafzp/s001_2007/02_tcp_le/aaaaafzp_s001_t001.edf,18,
tusz,tusz_v2.0.6/edf/train/aaaaafzr/s001_2007/02_tcp_le/aaaaafzr_s001_t001.edf,18,
tusz,tusz_v2.0.6/edf/train/aaaaafzt/s003_2013/01_tcp_ar/aaaaafzt_s003_t000.edf,18,
tusz,tusz_v2.0.6/edf/train/aaaaagcs/s001_2007/02_tcp_le/aaaaagcs_s001_t000.edf,18,
tusz,tusz_v2.0.6/edf/train/aaaaagcs/s002_2008/02_tcp_le/aaaaagcs_s002_t000.edf,18,
tusz,tusz_v2.0.6/edf/train/aaaaagdh/s001_2007/02_tcp_le/aaaaagdh_s001_t001.edf,18,
tusz,tusz_v2.0.6/edf/train/aaaaagez/s001_2007/02_tcp_le/aaaaagez_s001_t001.edf,18,
tusz,tusz_v2.0.6/edf/train/aaaaagez/s001_2007/02_tcp_le/aaaaagez_s001_t002.edf,18,
tusz,tusz_v2.0.6/edf/train/aaaaagez/s001_2007/02_tcp_le/aaaaagez_s001_t003.edf,18,
tusz,tusz_v2.0.6/edf/train/aaaaagfw/s001_2007/02_tcp_le/aaaaagfw_s001_t000.edf,18,
tusz,tusz_v2.0.6/edf/train/aaaaaggi/s002_2007/02_tcp_le/aaaaaggi_s002_t000.edf,18,
tusz,tusz_v2.0.6/edf/train/aaaaagje/s001_2007/02_tcp_le/aaaaagje_s001_t000.edf,18,
tusz,tusz_v2.0.6/edf/train/aaaaagkw/s001_2007/02_tcp_le/aaaaagkw_s001_t001.edf,18,
tusz,tusz_v2.0.6/edf/train/aaaaagmg/s001_2007/02_tcp_le/aaaaagmg_s001_t000.edf,18,
tusz,tusz_v2.0.6/edf/train/aaaaagoo/s003_2008/02_tcp_le/aaaaagoo_s003_t000.edf,18,
tusz,tusz_v2.0.6/edf/train/aaaaagoo/s004_2008/03_tcp_ar_a/aaaaagoo_s004_t000.edf,18,
tusz,tusz_v2.0.6/edf/train/aaaaagoo/s004_2008/03_tcp_ar_a/aaaaagoo_s004_t001.edf,18,
tusz,tusz_v2.0.6/edf/train/aaaaagoo/s004_2008/03_tcp_ar_a/aaaaagoo_s004_t002.edf,18,
tusz,tusz_v2.0.6/edf/train/aaaaagoo/s004_2008/03_tcp_ar_a/aaaaagoo_s004_t003.edf,18,
tusz,tusz_v2.0.6/edf/train/aaaaagoo/s005_2008/03_tcp_ar_a/aaaaagoo_s005_t000.edf,18,
tusz,tusz_v2.0.6/edf/train/aaaaagoo/s005_2008/03_tcp_ar_a/aaaaagoo_s005_t001.edf,18,
tusz,tusz_v2.0.6/edf/train/aaaaagoo/s005_2008/03_tcp_ar_a/aaaaagoo_s005_t002.edf,18,
tusz,tusz_v2.0.6/edf/train/aaaaagoo/s005_2008/03_tcp_ar_a/aaaaagoo_s005_t003.edf,18,
tusz,tusz_v2.0.6/edf/train/aaaaagpk/s009_2010/02_tcp_le/aaaaagpk_s009_t000.edf,18,
tusz,tusz_v2.0.6/edf/train/aaaaagpk/s009_2010/02_tcp_le/aaaaagpk_s009_t001.edf,18,
tusz,tusz_v2.0.6/edf/train/aaaaagpk/s009_2010/02_tcp_le/aaaaagpk_s009_t002.edf,18,
tusz,tusz_v2.0.6/edf/train/aaaaagpk/s012_2014/01_tcp_ar/aaaaagpk_s012_t000.edf,18,
tusz,tusz_v2.0.6/edf/train/aaaaagpk/s012_2014/01_tcp_ar/aaaaagpk_s012_t002.edf,18,
tusz,tusz_v2.0.6/edf/train/aaaaagpk/s012_2014/01_tcp_ar/aaaaagpk_s012_t003.edf,18,
tusz,tusz_v2.0.6/edf/train/aaaaagpk/s013_2014/01_tcp_ar/aaaaagpk_s013_t000.edf,16,Fz-Cz;Cz-Pz
tusz,tusz_v2.0.6/edf/train/aaaaagpk/s013_2014/01_tcp_ar/aaaaagpk_s013_t001.edf,16,Fz-Cz;Cz-Pz
tusz,tusz_v2.0.6/edf/train/aaaaagpk/s013_2014/01_tcp_ar/aaaaagpk_s013_t002.edf,16,Fz-Cz;Cz-Pz
tusz,tusz_v2.0.6/edf/train/aaaaagpk/s013_2014/01_tcp_ar/aaaaagpk_s013_t003.edf,16,Fz-Cz;Cz-Pz
tusz,tusz_v2.0.6/edf/train/aaaaagpk/s013_2014/01_tcp_ar/aaaaagpk_s013_t004.edf,16,Fz-Cz;Cz-Pz
tusz,tusz_v2.0.6/edf/train/aaaaagpk/s013_2014/01_tcp_ar/aaaaagpk_s013_t005.edf,16,Fz-Cz;Cz-Pz
tusz,tusz_v2.0.6/edf/train/aaaaagpk/s013_2014/01_tcp_ar/aaaaagpk_s013_t006.edf,18,
tusz,tusz_v2.0.6/edf/train/aaaaagpk/s013_2014/01_tcp_ar/aaaaagpk_s013_t007.edf,18,
tusz,tusz_v2.0.6/edf/train/aaaaagpk/s013_2014/01_tcp_ar/aaaaagpk_s013_t008.edf,18,
tusz,tusz_v2.0.6/edf/train/aaaaagpk/s013_2014/01_tcp_ar/aaaaagpk_s013_t009.edf,16,Fz-Cz;Cz-Pz
tusz,tusz_v2.0.6/edf/train/aaaaagpk/s013_2014/01_tcp_ar/aaaaagpk_s013_t010.edf,16,Fz-Cz;Cz-Pz
tusz,tusz_v2.0.6/edf/train/aaaaagpk/s013_2014/01_tcp_ar/aaaaagpk_s013_t011.edf,16,Fz-Cz;Cz-Pz
tusz,tusz_v2.0.6/edf/train/aaaaagpk/s013_2014/01_tcp_ar/aaaaagpk_s013_t012.edf,16,Fz-Cz;Cz-Pz
tusz,tusz_v2.0.6/edf/train/aaaaagpk/s013_2014/01_tcp_ar/aaaaagpk_s013_t013.edf,18,
tusz,tusz_v2.0.6/edf/train/aaaaagpk/s013_2014/01_tcp_ar/aaaaagpk_s013_t014.edf,18,
tusz,tusz_v2.0.6/edf/train/aaaaagpk/s015_2014/01_tcp_ar/aaaaagpk_s015_t000.edf,18,
tusz,tusz_v2.0.6/edf/train/aaaaagpk/s015_2014/01_tcp_ar/aaaaagpk_s015_t001.edf,18,
tusz,tusz_v2.0.6/edf/train/aaaaagpk/s015_2014/01_tcp_ar/aaaaagpk_s015_t002.edf,18,
tusz,tusz_v2.0.6/edf/train/aaaaagpk/s015_2014/01_tcp_ar/aaaaagpk_s015_t003.edf,18,
tusz,tusz_v2.0.6/edf/train/aaaaagpk/s015_2014/01_tcp_ar/aaaaagpk_s015_t004.edf,18,
tusz,tusz_v2.0.6/edf/train/aaaaagpk/s015_2014/01_tcp_ar/aaaaagpk_s015_t005.edf,18,
tusz,tusz_v2.0.6/edf/train/aaaaagpk/s015_2014/01_tcp_ar/aaaaagpk_s015_t006.edf,18,
tusz,tusz_v2.0.6/edf/train/aaaaagpk/s015_2014/01_tcp_ar/aaaaagpk_s015_t007.edf,18,
tusz,tusz_v2.0.6/edf/train/aaaaagpk/s015_2014/01_tcp_ar/aaaaagpk_s015_t008.edf,18,
tusz,tusz_v2.0.6/edf/train/aaaaagpk/s015_2014/01_tcp_ar/aaaaagpk_s015_t009.edf,18,
tusz,tusz_v2.0.6/edf/train/aaaaagpk/s015_2014/01_tcp_ar/aaaaagpk_s015_t010.edf,18,
tusz,tusz_v2.0.6/edf/train/aaaaagqb/s001_2008/02_tcp_le/aaaaagqb_s001_t000.edf,18,
tusz,tusz_v2.0.6/edf/train/aaaaagqb/s002_2008/02_tcp_le/aaaaagqb_s002_t001.edf,18,
tusz,tusz_v2.0.6/edf/train/aaaaagqb/s002_2008/02_tcp_le/aaaaagqb_s002_t002.edf,18,
tusz,tusz_v2.0.6/edf/train/aaaaagqb/s003_2008/02_tcp_le/aaaaagqb_s003_t002.edf,18,
tusz,tusz_v2.0.6/edf/train/aaaaagqb/s004_2008/02_tcp_le/aaaaagqb_s004_t001.edf,18,
tusz,tusz_v2.0.6/edf/train/aaaaagro/s003_2009/02_tcp_le/aaaaagro_s003_t000.edf,18,
tusz,tusz_v2.0.6/edf/train/aaaaagro/s003_2009/02_tcp_le/aaaaagro_s003_t001.edf,18,
tusz,tusz_v2.0.6/edf/train/aaaaagrz/s001_2007/02_tcp_le/aaaaagrz_s001_t000.edf,18,
tusz,tusz_v2.0.6/edf/train/aaaaagrz/s002_2007/03_tcp_ar_a/aaaaagrz_s002_t000.edf,18,
tusz,tusz_v2.0.6/edf/train/aaaaagrz/s002_2007/03_tcp_ar_a/aaaaagrz_s002_t001.edf,18,
tusz,tusz_v2.0.6/edf/train/aaaaagrz/s002_2007/03_tcp_ar_a/aaaaagrz_s002_t002.edf,18,
tusz,tusz_v2.0.6/edf/train/aaaaagrz/s002_2007/03_tcp_ar_a/aaaaagrz_s002_t003.edf,18,
tusz,tusz_v2.0.6/edf/train/aaaaagrz/s002_2007/03_tcp_ar_a/aaaaagrz_s002_t004.edf,18,
tusz,tusz_v2.0.6/edf/train/aaaaagrz/s002_2007/03_tcp_ar_a/aaaaagrz_s002_t005.edf,18,
tusz,tusz_v2.0.6/edf/train/aaaaagrz/s002_2007/03_tcp_ar_a/aaaaagrz_s002_t006.edf,18,
tusz,tusz_v2.0.6/edf/train/aaaaagrz/s002_2007/03_tcp_ar_a/aaaaagrz_s002_t007.edf,18,
tusz,tusz_v2.0.6/edf/train/aaaaagrz/s002_2007/03_tcp_ar_a/aaaaagrz_s002_t008.edf,18,
tusz,tusz_v2.0.6/edf/train/aaaaagrz/s002_2007/03_tcp_ar_a/aaaaagrz_s002_t009.edf,18,
tusz,tusz_v2.0.6/edf/train/aaaaagsc/s002_2009/02_tcp_le/aaaaagsc_s002_t000.edf,18,
tusz,tusz_v2.0.6/edf/train/aaaaagtc/s001_2007/03_tcp_ar_a/aaaaagtc_s001_t000.edf,18,
tusz,tusz_v2.0.6/edf/train/aaaaagtc/s001_2007/03_tcp_ar_a/aaaaagtc_s001_t001.edf,18,
tusz,tusz_v2.0.6/edf/train/aaaaagtc/s001_2007/03_tcp_ar_a/aaaaagtc_s001_t002.edf,18,
tusz,tusz_v2.0.6/edf/train/aaaaagtc/s001_2007/03_tcp_ar_a/aaaaagtc_s001_t003.edf,18,
tusz,tusz_v2.0.6/edf/train/aaaaagtc/s001_2007/03_tcp_ar_a/aaaaagtc_s001_t004.edf,18,
tusz,tusz_v2.0.6/edf/train/aaaaagtt/s002_2008/03_tcp_ar_a/aaaaagtt_s002_t000.edf,18,
tusz,tusz_v2.0.6/edf/train/aaaaagtt/s002_2008/03_tcp_ar_a/aaaaagtt_s002_t001.edf,18,
tusz,tusz_v2.0.6/edf/train/aaaaagtt/s002_2008/03_tcp_ar_a/aaaaagtt_s002_t002.edf,18,
tusz,tusz_v2.0.6/edf/train/aaaaagtt/s002_2008/03_tcp_ar_a/aaaaagtt_s002_t003.edf,18,
tusz,tusz_v2.0.6/edf/train/aaaaagtt/s002_2008/03_tcp_ar_a/aaaaagtt_s002_t004.edf,18,
tusz,tusz_v2.0.6/edf/train/aaaaagtt/s005_2008/03_tcp_ar_a/aaaaagtt_s005_t000.edf,18,
tusz,tusz_v2.0.6/edf/train/aaaaagtt/s005_2008/03_tcp_ar_a/aaaaagtt_s005_t001.edf,18,
tusz,tusz_v2.0.6/edf/train/aaaaagtt/s005_2008/03_tcp_ar_a/aaaaagtt_s005_t002.edf,18,
tusz,tusz_v2.0.6/edf/train/aaaaagtt/s005_2008/03_tcp_ar_a/aaaaagtt_s005_t003.edf,18,
tusz,tusz_v2.0.6/edf/train/aaaaagtt/s005_2008/03_tcp_ar_a/aaaaagtt_s005_t004.edf,18,
tusz,tusz_v2.0.6/edf/train/aaaaagtt/s006_2008/03_tcp_ar_a/aaaaagtt_s006_t000.edf,18,
tusz,tusz_v2.0.6/edf/train/aaaaagtt/s006_2008/03_tcp_ar_a/aaaaagtt_s006_t001.edf,18,
tusz,tusz_v2.0.6/edf/train/aaaaagtt/s007_2008/03_tcp_ar_a/aaaaagtt_s007_t000.edf,18,
tusz,tusz_v2.0.6/edf/train/aaaaagtt/s007_2008/03_tcp_ar_a/aaaaagtt_s007_t001.edf,18,
tusz,tusz_v2.0.6/edf/train/aaaaagtt/s007_2008/03_tcp_ar_a/aaaaagtt_s007_t002.edf,18,
tusz,tusz_v2.0.6/edf/train/aaaaagtt/s007_2008/03_tcp_ar_a/aaaaagtt_s007_t003.edf,18,
tusz,tusz_v2.0.6/edf/train/aaaaagtt/s007_2008/03_tcp_ar_a/aaaaagtt_s007_t004.edf,18,
tusz,tusz_v2.0.6/edf/train/aaaaagtt/s007_2008/03_tcp_ar_a/aaaaagtt_s007_t005.edf,18,
tusz,tusz_v2.0.6/edf/train/aaaaagtt/s007_2008/03_tcp_ar_a/aaaaagtt_s007_t006.edf,18,
tusz,tusz_v2.0.6/edf/train/aaaaagtt/s008_2008/03_tcp_ar_a/aaaaagtt_s008_t000.edf,18,
tusz,tusz_v2.0.6/edf/train/aaaaagtt/s008_2008/03_tcp_ar_a/aaaaagtt_s008_t001.edf,18,
tusz,tusz_v2.0.6/edf/train/aaaaagtt/s008_2008/03_tcp_ar_a/aaaaagtt_s008_t002.edf,18,
tusz,tusz_v2.0.6/edf/train/aaaaagtt/s008_2008/03_tcp_ar_a/aaaaagtt_s008_t003.edf,18,
tusz,tusz_v2.0.6/edf/train/aaaaaguu/s001_2008/02_tcp_le/aaaaaguu_s001_t000.edf,18,
tusz,tusz_v2.0.6/edf/train/aaaaaguu/s001_2008/02_tcp_le/aaaaaguu_s001_t001.edf,18,
tusz,tusz_v2.0.6/edf/train/aaaaagxd/s001_2008/02_tcp_le/aaaaagxd_s001_t001.edf,18,
tusz,tusz_v2.0.6/edf/train/aaaaagxr/s001_2008/02_tcp_le/aaaaagxr_s001_t001.edf,18,
tusz,tusz_v2.0.6/edf/train/aaaaagxr/s002_2009/02_tcp_le/aaaaagxr_s002_t000.edf,18,
tusz,tusz_v2.0.6/edf/train/aaaaagxr/s004_2009/03_tcp_ar_a/aaaaagxr_s004_t000.edf,18,
tusz,tusz_v2.0.6/edf/train/aaaaagxr/s004_2009/03_tcp_ar_a/aaaaagxr_s004_t001.edf,18,
tusz,tusz_v2.0.6/edf/train/aaaaagxr/s004_2009/03_tcp_ar_a/aaaaagxr_s004_t002.edf,18,
tusz,tusz_v2.0.6/edf/train/aaaaagxr/s004_2009/03_tcp_ar_a/aaaaagxr_s004_t003.edf,18,
tusz,tusz_v2.0.6/edf/train/aaaaagxr/s005_2010/02_tcp_le/aaaaagxr_s005_t001.edf,18,
tusz,tusz_v2.0.6/edf/train/aaaaagxr/s006_2010/01_tcp_ar/aaaaagxr_s006_t000.edf,18,
tusz,tusz_v2.0.6/edf/train/aaaaagxr/s007_2012/01_tcp_ar/aaaaagxr_s007_t000.edf,18,
tusz,tusz_v2.0.6/edf/train/aaaaagxr/s007_2012/01_tcp_ar/aaaaagxr_s007_t001.edf,18,
tusz,tusz_v2.0.6/edf/train/aaaaagxr/s008_2012/01_tcp_ar/aaaaagxr_s008_t000.edf,18,
tusz,tusz_v2.0.6/edf/train/aaaaagxr/s009_2012/01_tcp_ar/aaaaagxr_s009_t000.edf,18,
tusz,tusz_v2.0.6/edf/train/aaaaagxr/s009_2012/01_tcp_ar/aaaaagxr_s009_t001.edf,18,
tusz,tusz_v2.0.6/edf/train/aaaaagxr/s010_2013/01_tcp_ar/aaaaagxr_s010_t000.edf,18,
tusz,tusz_v2.0.6/edf/train/aaaaagxr/s011_2013/01_tcp_ar/aaaaagxr_s011_t000.edf,18,
tusz,tusz_v2.0.6/edf/train/aaaaagxr/s011_2013/01_tcp_ar/aaaaagxr_s011_t001.edf,18,
tusz,tusz_v2.0.6/edf/train/aaaaagxr/s011_2013/01_tcp_ar/aaaaagxr_s011_t002.edf,18,
tusz,tusz_v2.0.6/edf/train/aaaaagxr/s011_2013/01_tcp_ar/aaaaagxr_s011_t003.edf,18,
tusz,tusz_v2.0.6/edf/train/aaaaagxr/s011_2013/01_tcp_ar/aaaaagxr_s011_t004.edf,18,
tusz,tusz_v2.0.6/edf/train/aaaaagxr/s011_2013/01_tcp_ar/aaaaagxr_s011_t005.edf,18,
tusz,tusz_v2.0.6/edf/train/aaaaagxr/s011_2013/01_tcp_ar/aaaaagxr_s011_t006.edf,18,
tusz,tusz_v2.0.6/edf/train/aaaaagxr/s011_2013/01_tcp_ar/aaaaagxr_s011_t007.edf,18,
tusz,tusz_v2.0.6/edf/train/aaaaagxr/s011_2013/01_tcp_ar/aaaaagxr_s011_t008.edf,18,
tusz,tusz_v2.0.6/edf/train/aaaaagxr/s011_2013/01_tcp_ar/aaaaagxr_s011_t009.edf,18,
tusz,tusz_v2.0.6/edf/train/aaaaagxr/s011_2013/01_tcp_ar/aaaaagxr_s011_t010.edf,18,
tusz,tusz_v2.0.6/edf/train/aaaaagxr/s015_2015/03_tcp_ar_a/aaaaagxr_s015_t000.edf,18,
tusz,tusz_v2.0.6/edf/train/aaaaagxr/s015_2015/03_tcp_ar_a/aaaaagxr_s015_t001.edf,18,
tusz,tusz_v2.0.6/edf/train/aaaaagxr/s015_2015/03_tcp_ar_a/aaaaagxr_s015_t002.edf,18,
tusz,tusz_v2.0.6/edf/train/aaaaagxr/s015_2015/03_tcp_ar_a/aaaaagxr_s015_t003.edf,18,
tusz,tusz_v2.0.6/edf/train/aaaaagxr/s015_2015/03_tcp_ar_a/aaaaagxr_s015_t004.edf,18,
tusz,tusz_v2.0.6/edf/train/aaaaagxr/s015_2015/03_tcp_ar_a/aaaaagxr_s015_t005.edf,18,
tusz,tusz_v2.0.6/edf/train/aaaaagxr/s015_2015/03_tcp_ar_a/aaaaagxr_s015_t006.edf,18,
tusz,tusz_v2.0.6/edf/train/aaaaagxr/s015_2015/03_tcp_ar_a/aaaaagxr_s015_t007.edf,18,
tusz,tusz_v2.0.6/edf/train/aaaaagxr/s015_2015/03_tcp_ar_a/aaaaagxr_s015_t008.edf,18,
tusz,tusz_v2.0.6/edf/train/aaaaagxr/s015_2015/03_tcp_ar_a/aaaaagxr_s015_t009.edf,18,
tusz,tusz_v2.0.6/edf/train/aaaaagxr/s015_2015/03_tcp_ar_a/aaaaagxr_s015_t010.edf,18,
tusz,tusz_v2.0.6/edf/train/aaaaagxr/s016_2015/03_tcp_ar_a/aaaaagxr_s016_t000.edf,18,
tusz,tusz_v2.0.6/edf/train/aaaaagxr/s016_2015/03_tcp_ar_a/aaaaagxr_s016_t001.edf,18,
tusz,tusz_v2.0.6/edf/train/aaaaagxr/s016_2015/03_tcp_ar_a/aaaaagxr_s016_t002.edf,18,
tusz,tusz_v2.0.6/edf/train/aaaaagxr/s016_2015/03_tcp_ar_a/aaaaagxr_s016_t003.edf,18,
tusz,tusz_v2.0.6/edf/train/aaaaagxr/s016_2015/03_tcp_ar_a/aaaaagxr_s016_t004.edf,18,
tusz,tusz_v2.0.6/edf/train/aaaaagxr/s016_2015/03_tcp_ar_a/aaaaagxr_s016_t005.edf,18,
tusz,tusz_v2.0.6/edf/train/aaaaagxr/s016_2015/03_tcp_ar_a/aaaaagxr_s016_t006.edf,18,
tusz,tusz_v2.0.6/edf/train/aaaaagxr/s016_2015/03_tcp_ar_a/aaaaagxr_s016_t007.edf,18,
tusz,tusz_v2.0.6/edf/train/aaaaagxr/s016_2015/03_tcp_ar_a/aaaaagxr_s016_t008.edf,18,
tusz,tusz_v2.0.6/edf/train/aaaaagxr/s016_2015/03_tcp_ar_a/aaaaagxr_s016_t009.edf,18,
tusz,tusz_v2.0.6/edf/train/aaaaagxr/s017_2015/03_tcp_ar_a/aaaaagxr_s017_t000.edf,18,
tusz,tusz_v2.0.6/edf/train/aaaaagxr/s017_2015/03_tcp_ar_a/aaaaagxr_s017_t001.edf,18,
tusz,tusz_v2.0.6/edf/train/aaaaagxr/s017_2015/03_tcp_ar_a/aaaaagxr_s017_t002.edf,18,
tusz,tusz_v2.0.6/edf/train/aaaaagxr/s017_2015/03_tcp_ar_a/aaaaagxr_s017_t003.edf,18,
tusz,tusz_v2.0.6/edf/train/aaaaagxr/s017_2015/03_tcp_ar_a/aaaaagxr_s017_t004.edf,18,
tusz,tusz_v2.0.6/edf/train/aaaaagxr/s017_2015/03_tcp_ar_a/aaaaagxr_s017_t005.edf,18,
tusz,tusz_v2.0.6/edf/train/aaaaagxr/s017_2015/03_tcp_ar_a/aaaaagxr_s017_t006.edf,18,
tusz,tusz_v2.0.6/edf/train/aaaaagxr/s017_2015/03_tcp_ar_a/aaaaagxr_s017_t007.edf,18,
tusz,tusz_v2.0.6/edf/train/aaaaagxr/s017_2015/03_tcp_ar_a/aaaaagxr_s017_t008.edf,18,
tusz,tusz_v2.0.6/edf/train/aaaaagxr/s017_2015/03_tcp_ar_a/aaaaagxr_s017_t009.edf,18,
tusz,tusz_v2.0.6/edf/train/aaaaagxr/s017_2015/03_tcp_ar_a/aaaaagxr_s017_t010.edf,18,
tusz,tusz_v2.0.6/edf/train/aaaaagxr/s018_2015/03_tcp_ar_a/aaaaagxr_s018_t000.edf,18,
tusz,tusz_v2.0.6/edf/train/aaaaagxr/s018_2015/03_tcp_ar_a/aaaaagxr_s018_t001.edf,18,
tusz,tusz_v2.0.6/edf/train/aaaaagxr/s018_2015/03_tcp_ar_a/aaaaagxr_s018_t002.edf,18,
tusz,tusz_v2.0.6/edf/train/aaaaagxr/s018_2015/03_tcp_ar_a/aaaaagxr_s018_t003.edf,18,
tusz,tusz_v2.0.6/edf/train/aaaaagxr/s018_2015/03_tcp_ar_a/aaaaagxr_s018_t004.edf,18,
tusz,tusz_v2.0.6/edf/train/aaaaagxr/s018_2015/03_tcp_ar_a/aaaaagxr_s018_t005.edf,18,
tusz,tusz_v2.0.6/edf/train/aaaaagxr/s018_2015/03_tcp_ar_a/aaaaagxr_s018_t006.edf,18,
tusz,tusz_v2.0.6/edf/train/aaaaagxr/s020_2015/03_tcp_ar_a/aaaaagxr_s020_t000.edf,18,
tusz,tusz_v2.0.6/edf/train/aaaaagxr/s020_2015/03_tcp_ar_a/aaaaagxr_s020_t001.edf,18,
tusz,tusz_v2.0.6/edf/train/aaaaagxr/s020_2015/03_tcp_ar_a/aaaaagxr_s020_t002.edf,18,
tusz,tusz_v2.0.6/edf/train/aaaaagxr/s020_2015/03_tcp_ar_a/aaaaagxr_s020_t003.edf,18,
tusz,tusz_v2.0.6/edf/train/aaaaagxr/s020_2015/03_tcp_ar_a/aaaaagxr_s020_t004.edf,18,
tusz,tusz_v2.0.6/edf/train/aaaaagxr/s020_2015/03_tcp_ar_a/aaaaagxr_s020_t005.edf,18,
tusz,tusz_v2.0.6/edf/train/aaaaagxr/s020_2015/03_tcp_ar_a/aaaaagxr_s020_t006.edf,18,
tusz,tusz_v2.0.6/edf/train/aaaaagxr/s020_2015/03_tcp_ar_a/aaaaagxr_s020_t007.edf,18,
tusz,tusz_v2.0.6/edf/train/aaaaagxr/s021_2015/01_tcp_ar/aaaaagxr_s021_t000.edf,18,
tusz,tusz_v2.0.6/edf/train/aaaaagxr/s021_2015/01_tcp_ar/aaaaagxr_s021_t001.edf,18,
tusz,tusz_v2.0.6/edf/train/aaaaagxr/s021_2015/01_tcp_ar/aaaaagxr_s021_t002.edf,18,
tusz,tusz_v2.0.6/edf/train/aaaaagxr/s021_2015/01_tcp_ar/aaaaagxr_s021_t003.edf,18,
tusz,tusz_v2.0.6/edf/train/aaaaagxr/s021_2015/01_tcp_ar/aaaaagxr_s021_t004.edf,18,
tusz,tusz_v2.0.6/edf/train/aaaaagxr/s021_2015/01_tcp_ar/aaaaagxr_s021_t005.edf,18,
tusz,tusz_v2.0.6/edf/train/aaaaagxr/s021_2015/01_tcp_ar/aaaaagxr_s021_t006.edf,18,
tusz,tusz_v2.0.6/edf/train/aaaaagxr/s021_2015/01_tcp_ar/aaaaagxr_s021_t007.edf,18,
tusz,tusz_v2.0.6/edf/train/aaaaagxr/s021_2015/01_tcp_ar/aaaaagxr_s021_t008.edf,18,
tusz,tusz_v2.0.6/edf/train/aaaaagxr/s022_2015/01_tcp_ar/aaaaagxr_s022_t000.edf,18,
tusz,tusz_v2.0.6/edf/train/aaaaagxr/s022_2015/01_tcp_ar/aaaaagxr_s022_t001.edf,18,
tusz,tusz_v2.0.6/edf/train/aaaaagxr/s022_2015/01_tcp_ar/aaaaagxr_s022_t002.edf,18,
tusz,tusz_v2.0.6/edf/train/aaaaagxr/s022_2015/01_tcp_ar/aaaaagxr_s022_t003.edf,18,
tusz,tusz_v2.0.6/edf/train/aaaaagxr/s022_2015/01_tcp_ar/aaaaagxr_s022_t004.edf,18,
tusz,tusz_v2.0.6/edf/train/aaaaagxr/s022_2015/01_tcp_ar/aaaaagxr_s022_t005.edf,18,
tusz,tusz_v2.0.6/edf/train/aaaaagxr/s022_2015/01_tcp_ar/aaaaagxr_s022_t006.edf,18,
tusz,tusz_v2.0.6/edf/train/aaaaagym/s001_2008/02_tcp_le/aaaaagym_s001_t002.edf,18,
tusz,tusz_v2.0.6/edf/train/aaaaagzn/s002_2008/02_tcp_le/aaaaagzn_s002_t000.edf,18,
tusz,tusz_v2.0.6/edf/train/aaaaahao/s001_2008/02_tcp_le/aaaaahao_s001_t001.edf,18,
tusz,tusz_v2.0.6/edf/train/aaaaahbb/s001_2008/02_tcp_le/aaaaahbb_s001_t000.edf,18,
tusz,tusz_v2.0.6/edf/train/aaaaahbq/s001_2008/02_tcp_le/aaaaahbq_s001_t001.edf,18,
tusz,tusz_v2.0.6/edf/train/aaaaahbq/s001_2008/02_tcp_le/aaaaahbq_s001_t002.edf,18,
tusz,tusz_v2.0.6/edf/train/aaaaahcp/s002_2009/02_tcp_le/aaaaahcp_s002_t001.edf,18,
tusz,tusz_v2.0.6/edf/train/aaaaahcr/s001_2008/02_tcp_le/aaaaahcr_s001_t000.edf,18,
tusz,tusz_v2.0.6/edf/train/aaaaahct/s001_2007/02_tcp_le/aaaaahct_s001_t000.edf,18,
tusz,tusz_v2.0.6/edf/train/aaaaahea/s001_2007/02_tcp_le/aaaaahea_s001_t000.edf,18,
tusz,tusz_v2.0.6/edf/train/aaaaahef/s001_2008/02_tcp_le/aaaaahef_s001_t000.edf,18,
tusz,tusz_v2.0.6/edf/train/aaaaaheg/s001_2008/02_tcp_le/aaaaaheg_s001_t001.edf,18,
tusz,tusz_v2.0.6/edf/train/aaaaaheg/s001_2008/02_tcp_le/aaaaaheg_s001_t002.edf,18,
tusz,tusz_v2.0.6/edf/train/aaaaahfd/s002_2009/02_tcp_le/aaaaahfd_s002_t000.edf,18,
tusz,tusz_v2.0.6/edf/train/aaaaahge/s001_2008/02_tcp_le/aaaaahge_s001_t001.edf,18,
tusz,tusz_v2.0.6/edf/train/aaaaahhh/s001_2008/02_tcp_le/aaaaahhh_s001_t000.edf,18,
tusz,tusz_v2.0.6/edf/train/aaaaahlh/s001_2008/02_tcp_le/aaaaahlh_s001_t000.edf,18,
tusz,tusz_v2.0.6/edf/train/aaaaahlq/s001_2008/02_tcp_le/aaaaahlq_s001_t000.edf,18,
tusz,tusz_v2.0.6/edf/train/aaaaahlq/s001_2008/02_tcp_le/aaaaahlq_s001_t001.edf,18,
tusz,tusz_v2.0.6/edf/train/aaaaahma/s001_2008/03_tcp_ar_a/aaaaahma_s001_t000.edf,18,
tusz,tusz_v2.0.6/edf/train/aaaaahma/s001_2008/03_tcp_ar_a/aaaaahma_s001_t001.edf,18,
tusz,tusz_v2.0.6/edf/train/aaaaahma/s001_2008/03_tcp_ar_a/aaaaahma_s001_t002.edf,18,
tusz,tusz_v2.0.6/edf/train/aaaaahma/s002_2008/03_tcp_ar_a/aaaaahma_s002_t000.edf,18,
tusz,tusz_v2.0.6/edf/train/aaaaahma/s002_2008/03_tcp_ar_a/aaaaahma_s002_t001.edf,18,
tusz,tusz_v2.0.6/edf/train/aaaaahma/s002_2008/03_tcp_ar_a/aaaaahma_s002_t002.edf,18,
tusz,tusz_v2.0.6/edf/train/aaaaahma/s002_2008/03_tcp_ar_a/aaaaahma_s002_t003.edf,18,
tusz,tusz_v2.0.6/edf/train/aaaaahnz/s001_2008/02_tcp_le/aaaaahnz_s001_t000.edf,18,
tusz,tusz_v2.0.6/edf/train/aaaaahnz/s001_2008/02_tcp_le/aaaaahnz_s001_t001.edf,18,
tusz,tusz_v2.0.6/edf/train/aaaaahoa/s006_2008/02_tcp_le/aaaaahoa_s006_t000.edf,18,
tusz,tusz_v2.0.6/edf/train/aaaaahoa/s006_2008/02_tcp_le/aaaaahoa_s006_t001.edf,18,
tusz,tusz_v2.0.6/edf/train/aaaaahof/s001_2008/03_tcp_ar_a/aaaaahof_s001_t000.edf,18,
tusz,tusz_v2.0.6/edf/train/aaaaahof/s002_2008/02_tcp_le/aaaaahof_s002_t000.edf,18,
tusz,tusz_v2.0.6/edf/train/aaaaahof/s003_2008/03_tcp_ar_a/aaaaahof_s003_t000.edf,18,
tusz,tusz_v2.0.6/edf/train/aaaaahof/s003_2008/03_tcp_ar_a/aaaaahof_s003_t001.edf,18,
tusz,tusz_v2.0.6/edf/train/aaaaahof/s003_2008/03_tcp_ar_a/aaaaahof_s003_t002.edf,18,
tusz,tusz_v2.0.6/edf/train/aaaaahof/s003_2008/03_tcp_ar_a/aaaaahof_s003_t003.edf,18,
tusz,tusz_v2.0.6/edf/train/aaaaahof/s003_2008/03_tcp_ar_a/aaaaahof_s003_t004.edf,18,
tusz,tusz_v2.0.6/edf/train/aaaaahoh/s002_2009/02_tcp_le/aaaaahoh_s002_t001.edf,18,
tusz,tusz_v2.0.6/edf/train/aaaaahoh/s002_2009/02_tcp_le/aaaaahoh_s002_t002.edf,18,
tusz,tusz_v2.0.6/edf/train/aaaaahpi/s002_2008/02_tcp_le/aaaaahpi_s002_t000.edf,18,
tusz,tusz_v2.0.6/edf/train/aaaaahpi/s002_2008/02_tcp_le/aaaaahpi_s002_t001.edf,18,
tusz,tusz_v2.0.6/edf/train/aaaaahpi/s002_2008/02_tcp_le/aaaaahpi_s002_t002.edf,18,
tusz,tusz_v2.0.6/edf/train/aaaaahpi/s002_2008/02_tcp_le/aaaaahpi_s002_t003.edf,18,
tusz,tusz_v2.0.6/edf/train/aaaaahpi/s002_2008/02_tcp_le/aaaaahpi_s002_t004.edf,18,
tusz,tusz_v2.0.6/edf/train/aaaaahpi/s002_2008/02_tcp_le/aaaaahpi_s002_t005.edf,18,
tusz,tusz_v2.0.6/edf/train/aaaaahpi/s002_2008/02_tcp_le/aaaaahpi_s002_t006.edf,18,
tusz,tusz_v2.0.6/edf/train/aaaaahpi/s002_2008/02_tcp_le/aaaaahpi_s002_t007.edf,18,
tusz,tusz_v2.0.6/edf/train/aaaaahqv/s006_2015/01_tcp_ar/aaaaahqv_s006_t000.edf,18,
tusz,tusz_v2.0.6/edf/train/aaaaahqv/s006_2015/01_tcp_ar/aaaaahqv_s006_t001.edf,18,
tusz,tusz_v2.0.6/edf/train/aaaaahqv/s007_2015/01_tcp_ar/aaaaahqv_s007_t000.edf,18,
tusz,tusz_v2.0.6/edf/train/aaaaahqv/s007_2015/01_tcp_ar/aaaaahqv_s007_t001.edf,18,
tusz,tusz_v2.0.6/edf/train/aaaaahqv/s007_2015/01_tcp_ar/aaaaahqv_s007_t002.edf,18,
tusz,tusz_v2.0.6/edf/train/aaaaahqv/s007_2015/01_tcp_ar/aaaaahqv_s007_t005.edf,18,
tusz,tusz_v2.0.6/edf/train/aaaaahqv/s007_2015/01_tcp_ar/aaaaahqv_s007_t006.edf,18,
tusz,tusz_v2.0.6/edf/train/aaaaahqv/s007_2015/01_tcp_ar/aaaaahqv_s007_t007.edf,18,
tusz,tusz_v2.0.6/edf/train/aaaaahqv/s007_2015/01_tcp_ar/aaaaahqv_s007_t009.edf,18,
tusz,tusz_v2.0.6/edf/train/aaaaahqv/s007_2015/01_tcp_ar/aaaaahqv_s007_t014.edf,18,
tusz,tusz_v2.0.6/edf/train/aaaaahqv/s007_2015/01_tcp_ar/aaaaahqv_s007_t017.edf,18,
tusz,tusz_v2.0.6/edf/train/aaaaahqv/s007_2015/01_tcp_ar/aaaaahqv_s007_t018.edf,18,
tusz,tusz_v2.0.6/edf/train/aaaaahqv/s007_2015/01_tcp_ar/aaaaahqv_s007_t019.edf,18,
tusz,tusz_v2.0.6/edf/train/aaaaahqv/s007_2015/01_tcp_ar/aaaaahqv_s007_t020.edf,18,
tusz,tusz_v2.0.6/edf/train/aaaaahrg/s001_2008/02_tcp_le/aaaaahrg_s001_t000.edf,18,
tusz,tusz_v2.0.6/edf/train/aaaaahrj/s001_2008/02_tcp_le/aaaaahrj_s001_t000.edf,18,
tusz,tusz_v2.0.6/edf/train/aaaaahth/s001_2008/02_tcp_le/aaaaahth_s001_t001.edf,18,
tusz,tusz_v2.0.6/edf/train/aaaaahun/s006_2009/02_tcp_le/aaaaahun_s006_t000.edf,18,
tusz,tusz_v2.0.6/edf/train/aaaaahun/s012_2009/02_tcp_le/aaaaahun_s012_t001.edf,18,
tusz,tusz_v2.0.6/edf/train/aaaaahun/s015_2011/03_tcp_ar_a/aaaaahun_s015_t000.edf,18,
tusz,tusz_v2.0.6/edf/train/aaaaahun/s015_2011/03_tcp_ar_a/aaaaahun_s015_t001.edf,18,
tusz,tusz_v2.0.6/edf/train/aaaaahun/s015_2011/03_tcp_ar_a/aaaaahun_s015_t002.edf,18,
tusz,tusz_v2.0.6/edf/train/aaaaahun/s015_2011/03_tcp_ar_a/aaaaahun_s015_t003.edf,18,
tusz,tusz_v2.0.6/edf/train/aaaaahun/s015_2011/03_tcp_ar_a/aaaaahun_s015_t004.edf,18,
tusz,tusz_v2.0.6/edf/train/aaaaahux/s001_2009/02_tcp_le/aaaaahux_s001_t000.edf,18,
tusz,tusz_v2.0.6/edf/train/aaaaahux/s001_2009/02_tcp_le/aaaaahux_s001_t001.edf,18,
tusz,tusz_v2.0.6/edf/train/aaaaahux/s001_2009/02_tcp_le/aaaaahux_s001_t002.edf,18,
tusz,tusz_v2.0.6/edf/train/aaaaahux/s002_2009/02_tcp_le/aaaaahux_s002_t001.edf,18,
tusz,tusz_v2.0.6/edf/train/aaaaahvw/s001_2009/02_tcp_le/aaaaahvw_s001_t001.edf,18,
tusz,tusz_v2.0.6/edf/train/aaaaahvx/s001_2008/02_tcp_le/aaaaahvx_s001_t000.edf,18,
tusz,tusz_v2.0.6/edf/train/aaaaahwt/s003_2009/02_tcp_le/aaaaahwt_s003_t000.edf,18,
tusz,tusz_v2.0.6/edf/train/aaaaahxq/s004_2009/02_tcp_le/aaaaahxq_s004_t000.edf,18,
tusz,tusz_v2.0.6/edf/train/aaaaahxq/s004_2009/02_tcp_le/aaaaahxq_s004_t001.edf,18,
tusz,tusz_v2.0.6/edf/train/aaaaahxq/s004_2009/02_tcp_le/aaaaahxq_s004_t002.edf,18,
tusz,tusz_v2.0.6/edf/train/aaaaahxq/s004_2009/02_tcp_le/aaaaahxq_s004_t003.edf,18,
tusz,tusz_v2.0.6/edf/train/aaaaahxr/s001_2008/02_tcp_le/aaaaahxr_s001_t001.edf,18,
tusz,tusz_v2.0.6/edf/train/aaaaahyp/s001_2009/02_tcp_le/aaaaahyp_s001_t000.edf,18,
tusz,tusz_v2.0.6/edf/train/aaaaahyp/s002_2009/03_tcp_ar_a/aaaaahyp_s002_t000.edf,18,
tusz,tusz_v2.0.6/edf/train/aaaaahyp/s002_2009/03_tcp_ar_a/aaaaahyp_s002_t001.edf,18,
tusz,tusz_v2.0.6/edf/train/aaaaahyp/s002_2009/03_tcp_ar_a/aaaaahyp_s002_t002.edf,18,
tusz,tusz_v2.0.6/edf/train/aaaaahyp/s002_2009/03_tcp_ar_a/aaaaahyp_s002_t003.edf,18,
tusz,tusz_v2.0.6/edf/train/aaaaahyp/s002_2009/03_tcp_ar_a/aaaaahyp_s002_t004.edf,18,
tusz,tusz_v2.0.6/edf/train/aaaaahyp/s002_2009/03_tcp_ar_a/aaaaahyp_s002_t005.edf,18,
tusz,tusz_v2.0.6/edf/train/aaaaahyp/s002_2009/03_tcp_ar_a/aaaaahyp_s002_t006.edf,18,
tusz,tusz_v2.0.6/edf/train/aaaaahyp/s002_2009/03_tcp_ar_a/aaaaahyp_s002_t007.edf,18,
tusz,tusz_v2.0.6/edf/train/aaaaahyp/s002_2009/03_tcp_ar_a/aaaaahyp_s002_t008.edf,18,
tusz,tusz_v2.0.6/edf/train/aaaaahyp/s003_2009/03_tcp_ar_a/aaaaahyp_s003_t000.edf,18,
tusz,tusz_v2.0.6/edf/train/aaaaahyp/s003_2009/03_tcp_ar_a/aaaaahyp_s003_t001.edf,18,
tusz,tusz_v2.0.6/edf/train/aaaaahyp/s003_2009/03_tcp_ar_a/aaaaahyp_s003_t002.edf,18,
tusz,tusz_v2.0.6/edf/train/aaaaahyp/s003_2009/03_tcp_ar_a/aaaaahyp_s003_t003.edf,18,
tusz,tusz_v2.0.6/edf/train/aaaaahyp/s007_2009/02_tcp_le/aaaaahyp_s007_t001.edf,18,
tusz,tusz_v2.0.6/edf/train/aaaaaiad/s002_2009/02_tcp_le/aaaaaiad_s002_t000.edf,18,
tusz,tusz_v2.0.6/edf/train/aaaaaiad/s002_2009/02_tcp_le/aaaaaiad_s002_t001.edf,18,
tusz,tusz_v2.0.6/edf/train/aaaaaias/s001_2008/02_tcp_le/aaaaaias_s001_t000.edf,18,
tusz,tusz_v2.0.6/edf/train/aaaaaias/s009_2009/03_tcp_ar_a/aaaaaias_s009_t000.edf,18,
tusz,tusz_v2.0.6/edf/train/aaaaaias/s009_2009/03_tcp_ar_a/aaaaaias_s009_t001.edf,18,
tusz,tusz_v2.0.6/edf/train/aaaaaias/s009_2009/03_tcp_ar_a/aaaaaias_s009_t002.edf,18,
tusz,tusz_v2.0.6/edf/train/aaaaaias/s010_2009/03_tcp_ar_a/aaaaaias_s010_t000.edf,18,
tusz,tusz_v2.0.6/edf/train/aaaaaias/s010_2009/03_tcp_ar_a/aaaaaias_s010_t001.edf,18,
tusz,tusz_v2.0.6/edf/train/aaaaaias/s010_2009/03_tcp_ar_a/aaaaaias_s010_t002.edf,18,
tusz,tusz_v2.0.6/edf/train/aaaaaias/s010_2009/03_tcp_ar_a/aaaaaias_s010_t003.edf,18,
tusz,tusz_v2.0.6/edf/train/aaaaaias/s010_2009/03_tcp_ar_a/aaaaaias_s010_t004.edf,18,
tusz,tusz_v2.0.6/edf/train/aaaaaias/s010_2009/03_tcp_ar_a/aaaaaias_s010_t005.edf,18,
tusz,tusz_v2.0.6/edf/train/aaaaaiat/s002_2009/02_tcp_le/aaaaaiat_s002_t000.edf,18,
tusz,tusz_v2.0.6/edf/train/aaaaaiat/s003_2012/01_tcp_ar/aaaaaiat_s003_t000.edf,18,
tusz,tusz_v2.0.6/edf/train/aaaaaiat/s004_2012/01_tcp_ar/aaaaaiat_s004_t000.edf,18,
tusz,tusz_v2.0.6/edf/train/aaaaaiat/s005_2012/01_tcp_ar/aaaaaiat_s005_t000.edf,18,
tusz,tusz_v2.0.6/edf/train/aaaaaiat/s005_2012/01_tcp_ar/aaaaaiat_s005_t001.edf,18,
tusz,tusz_v2.0.6/edf/train/aaaaaiat/s005_2012/01_tcp_ar/aaaaaiat_s005_t003.edf,18,
tusz,tusz_v2.0.6/edf/train/aaaaaiat/s006_2012/01_tcp_ar/aaaaaiat_s006_t000.edf,18,
tusz,tusz_v2.0.6/edf/train/aaaaaiat/s006_2012/01_tcp_ar/aaaaaiat_s006_t003.edf,18,
tusz,tusz_v2.0.6/edf/train/aaaaaiat/s006_2012/01_tcp_ar/aaaaaiat_s006_t005.edf,18,
tusz,tusz_v2.0.6/edf/train/aaaaaiat/s006_2012/01_tcp_ar/aaaaaiat_s006_t008.edf,18,
tusz,tusz_v2.0.6/edf/train/aaaaaiat/s006_2012/01_tcp_ar/aaaaaiat_s006_t014.edf,18,
tusz,tusz_v2.0.6/edf/train/aaaaaiat/s007_2012/01_tcp_ar/aaaaaiat_s007_t003.edf,18,
tusz,tusz_v2.0.6/edf/train/aaaaaiat/s007_2012/01_tcp_ar/aaaaaiat_s007_t006.edf,18,
tusz,tusz_v2.0.6/edf/train/aaaaaiat/s007_2012/01_tcp_ar/aaaaaiat_s007_t009.edf,18,
tusz,tusz_v2.0.6/edf/train/aaaaaiat/s008_2012/01_tcp_ar/aaaaaiat_s008_t000.edf,18,
tusz,tusz_v2.0.6/edf/train/aaaaaiat/s008_2012/01_tcp_ar/aaaaaiat_s008_t001.edf,18,
tusz,tusz_v2.0.6/edf/train/aaaaaiat/s008_2012/01_tcp_ar/aaaaaiat_s008_t002.edf,18,
tusz,tusz_v2.0.6/edf/train/aaaaaiat/s008_2012/01_tcp_ar/aaaaaiat_s008_t003.edf,18,
tusz,tusz_v2.0.6/edf/train/aaaaaiat/s008_2012/01_tcp_ar/aaaaaiat_s008_t004.edf,18,
tusz,tusz_v2.0.6/edf/train/aaaaaiat/s009_2012/01_tcp_ar/aaaaaiat_s009_t000.edf,18,
tusz,tusz_v2.0.6/edf/train/aaaaaiat/s009_2012/01_tcp_ar/aaaaaiat_s009_t002.edf,18,
tusz,tusz_v2.0.6/edf/train/aaaaaiat/s009_2012/01_tcp_ar/aaaaaiat_s009_t004.edf,18,
tusz,tusz_v2.0.6/edf/train/aaaaaiat/s009_2012/01_tcp_ar/aaaaaiat_s009_t005.edf,18,
tusz,tusz_v2.0.6/edf/train/aaaaaiat/s009_2012/01_tcp_ar/aaaaaiat_s009_t006.edf,18,
tusz,tusz_v2.0.6/edf/train/aaaaaiat/s010_2012/01_tcp_ar/aaaaaiat_s010_t000.edf,18,
tusz,tusz_v2.0.6/edf/train/aaaaaiat/s011_2012/01_tcp_ar/aaaaaiat_s011_t000.edf,18,
tusz,tusz_v2.0.6/edf/train/aaaaaiat/s011_2012/01_tcp_ar/aaaaaiat_s011_t001.edf,18,
tusz,tusz_v2.0.6/edf/train/aaaaaiat/s011_2012/01_tcp_ar/aaaaaiat_s011_t002.edf,18,
tusz,tusz_v2.0.6/edf/train/aaaaaiat/s011_2012/01_tcp_ar/aaaaaiat_s011_t004.edf,18,
tusz,tusz_v2.0.6/edf/train/aaaaaiat/s011_2012/01_tcp_ar/aaaaaiat_s011_t005.edf,18,
tusz,tusz_v2.0.6/edf/train/aaaaaiat/s011_2012/01_tcp_ar/aaaaaiat_s011_t006.edf,18,
tusz,tusz_v2.0.6/edf/train/aaaaaiat/s011_2012/01_tcp_ar/aaaaaiat_s011_t007.edf,18,
tusz,tusz_v2.0.6/edf/train/aaaaaiat/s012_2012/01_tcp_ar/aaaaaiat_s012_t000.edf,18,
tusz,tusz_v2.0.6/edf/train/aaaaaiat/s012_2012/01_tcp_ar/aaaaaiat_s012_t001.edf,18,
tusz,tusz_v2.0.6/edf/train/aaaaaiat/s012_2012/01_tcp_ar/aaaaaiat_s012_t002.edf,18,
tusz,tusz_v2.0.6/edf/train/aaaaaiat/s012_2012/01_tcp_ar/aaaaaiat_s012_t003.edf,18,
tusz,tusz_v2.0.6/edf/train/aaaaaiat/s012_2012/01_tcp_ar/aaaaaiat_s012_t004.edf,18,
tusz,tusz_v2.0.6/edf/train/aaaaaiat/s012_2012/01_tcp_ar/aaaaaiat_s012_t005.edf,18,
tusz,tusz_v2.0.6/edf/train/aaaaaibs/s001_2009/02_tcp_le/aaaaaibs_s001_t000.edf,18,
tusz,tusz_v2.0.6/edf/train/aaaaaibs/s002_2009/02_tcp_le/aaaaaibs_s002_t000.edf,18,
tusz,tusz_v2.0.6/edf/train/aaaaaibs/s002_2009/02_tcp_le/aaaaaibs_s002_t001.edf,18,
tusz,tusz_v2.0.6/edf/train/aaaaaibs/s002_2009/02_tcp_le/aaaaaibs_s002_t002.edf,18,
tusz,tusz_v2.0.6/edf/train/aaaaaibs/s002_2009/02_tcp_le/aaaaaibs_s002_t003.edf,18,
tusz,tusz_v2.0.6/edf/train/aaaaaibs/s002_2009/02_tcp_le/aaaaaibs_s002_t004.edf,18,
tusz,tusz_v2.0.6/edf/train/aaaaaibs/s002_2009/02_tcp_le/aaaaaibs_s002_t005.edf,18,
tusz,tusz_v2.0.6/edf/train/aaaaaibs/s002_2009/02_tcp_le/aaaaaibs_s002_t006.edf,18,
tusz,tusz_v2.0.6/edf/train/aaaaaibs/s002_2009/02_tcp_le/aaaaaibs_s002_t007.edf,18,
tusz,tusz_v2.0.6/edf/train/aaaaaicj/s004_2014/01_tcp_ar/aaaaaicj_s004_t000.edf,18,
tusz,tusz_v2.0.6/edf/train/aaaaaicq/s001_2008/02_tcp_le/aaaaaicq_s001_t001.edf,18,
tusz,tusz_v2.0.6/edf/train/aaaaaicq/s002_2008/02_tcp_le/aaaaaicq_s002_t001.edf,18,
tusz,tusz_v2.0.6/edf/train/aaaaaiea/s004_2009/03_tcp_ar_a/aaaaaiea_s004_t000.edf,18,
tusz,tusz_v2.0.6/edf/train/aaaaaiea/s004_2009/03_tcp_ar_a/aaaaaiea_s004_t001.edf,18,
tusz,tusz_v2.0.6/edf/train/aaaaaiea/s004_2009/03_tcp_ar_a/aaaaaiea_s004_t002.edf,18,
tusz,tusz_v2.0.6/edf/train/aaaaaiea/s004_2009/03_tcp_ar_a/aaaaaiea_s004_t003.edf,18,
tusz,tusz_v2.0.6/edf/train/aaaaaiea/s004_2009/03_tcp_ar_a/aaaaaiea_s004_t004.edf,18,
tusz,tusz_v2.0.6/edf/train/aaaaaiea/s004_2009/03_tcp_ar_a/aaaaaiea_s004_t005.edf,18,
tusz,tusz_v2.0.6/edf/train/aaaaaieo/s001_2009/02_tcp_le/aaaaaieo_s001_t001.edf,18,
tusz,tusz_v2.0.6/edf/train/aaaaaiev/s003_2012/01_tcp_ar/aaaaaiev_s003_t000.edf,18,
tusz,tusz_v2.0.6/edf/train/aaaaaiev/s005_2012/01_tcp_ar/aaaaaiev_s005_t001.edf,18,
tusz,tusz_v2.0.6/edf/train/aaaaaiev/s006_2012/01_tcp_ar/aaaaaiev_s006_t000.edf,18,
tusz,tusz_v2.0.6/edf/train/aaaaaiev/s006_2012/01_tcp_ar/aaaaaiev_s006_t007.edf,18,
tusz,tusz_v2.0.6/edf/train/aaaaaiev/s006_2012/01_tcp_ar/aaaaaiev_s006_t012.edf,18,
tusz,tusz_v2.0.6/edf/train/aaaaaiev/s006_2012/01_tcp_ar/aaaaaiev_s006_t013.edf,18,
tusz,tusz_v2.0.6/edf/train/aaaaaiev/s006_2012/01_tcp_ar/aaaaaiev_s006_t014.edf,18,
tusz,tusz_v2.0.6/edf/train/aaaaaiev/s006_2012/01_tcp_ar/aaaaaiev_s006_t016.edf,18,
tusz,tusz_v2.0.6/edf/train/aaaaaiev/s006_2012/01_tcp_ar/aaaaaiev_s006_t020.edf,18,
tusz,tusz_v2.0.6/edf/train/aaaaaiev/s006_2012/01_tcp_ar/aaaaaiev_s006_t022.edf,18,
tusz,tusz_v2.0.6/edf/train/aaaaaiev/s006_2012/01_tcp_ar/aaaaaiev_s006_t024.edf,18,
tusz,tusz_v2.0.6/edf/train/aaaaaiev/s006_2012/01_tcp_ar/aaaaaiev_s006_t025.edf,18,
tusz,tusz_v2.0.6/edf/train/aaaaaiev/s006_2012/01_tcp_ar/aaaaaiev_s006_t026.edf,18,
tusz,tusz_v2.0.6/edf/train/aaaaaiev/s006_2012/01_tcp_ar/aaaaaiev_s006_t027.edf,18,
tusz,tusz_v2.0.6/edf/train/aaaaaiev/s006_2012/01_tcp_ar/aaaaaiev_s006_t028.edf,18,
tusz,tusz_v2.0.6/edf/train/aaaaaiev/s006_2012/01_tcp_ar/aaaaaiev_s006_t029.edf,18,
tusz,tusz_v2.0.6/edf/train/aaaaaifq/s001_2009/02_tcp_le/aaaaaifq_s001_t000.edf,18,
tusz,tusz_v2.0.6/edf/train/aaaaaifq/s002_2009/02_tcp_le/aaaaaifq_s002_t000.edf,18,
tusz,tusz_v2.0.6/edf/train/aaaaaifq/s003_2009/02_tcp_le/aaaaaifq_s003_t000.edf,18,
tusz,tusz_v2.0.6/edf/train/aaaaaifq/s004_2009/02_tcp_le/aaaaaifq_s004_t001.edf,18,
tusz,tusz_v2.0.6/edf/train/aaaaaigl/s001_2009/02_tcp_le/aaaaaigl_s001_t000.edf,18,
tusz,tusz_v2.0.6/edf/train/aaaaaihp/s002_2009/03_tcp_ar_a/aaaaaihp_s002_t000.edf,18,
tusz,tusz_v2.0.6/edf/train/aaaaaihp/s002_2009/03_tcp_ar_a/aaaaaihp_s002_t001.edf,18,
tusz,tusz_v2.0.6/edf/train/aaaaaihp/s002_2009/03_tcp_ar_a/aaaaaihp_s002_t002.edf,18,
tusz,tusz_v2.0.6/edf/train/aaaaaihp/s002_2009/03_tcp_ar_a/aaaaaihp_s002_t003.edf,18,
tusz,tusz_v2.0.6/edf/train/aaaaaihp/s002_2009/03_tcp_ar_a/aaaaaihp_s002_t004.edf,18,
tusz,tusz_v2.0.6/edf/train/aaaaaihp/s002_2009/03_tcp_ar_a/aaaaaihp_s002_t005.edf,18,
tusz,tusz_v2.0.6/edf/train/aaaaaihp/s002_2009/03_tcp_ar_a/aaaaaihp_s002_t006.edf,18,
tusz,tusz_v2.0.6/edf/train/aaaaaiir/s002_2009/03_tcp_ar_a/aaaaaiir_s002_t000.edf,18,
tusz,tusz_v2.0.6/edf/train/aaaaaiir/s002_2009/03_tcp_ar_a/aaaaaiir_s002_t001.edf,18,
tusz,tusz_v2.0.6/edf/train/aaaaaiir/s002_2009/03_tcp_ar_a/aaaaaiir_s002_t002.edf,18,
tusz,tusz_v2.0.6/edf/train/aaaaaiir/s002_2009/03_tcp_ar_a/aaaaaiir_s002_t003.edf,18,
tusz,tusz_v2.0.6/edf/train/aaaaaiir/s002_2009/03_tcp_ar_a/aaaaaiir_s002_t004.edf,18,
tusz,tusz_v2.0.6/edf/train/aaaaaijs/s001_2009/03_tcp_ar_a/aaaaaijs_s001_t000.edf,18,
tusz,tusz_v2.0.6/edf/train/aaaaaijs/s001_2009/03_tcp_ar_a/aaaaaijs_s001_t001.edf,18,
tusz,tusz_v2.0.6/edf/train/aaaaaijs/s001_2009/03_tcp_ar_a/aaaaaijs_s001_t002.edf,18,
tusz,tusz_v2.0.6/edf/train/aaaaaijs/s001_2009/03_tcp_ar_a/aaaaaijs_s001_t003.edf,18,
tusz,tusz_v2.0.6/edf/train/aaaaaike/s001_2009/02_tcp_le/aaaaaike_s001_t001.edf,18,
tusz,tusz_v2.0.6/edf/train/aaaaaike/s002_2009/03_tcp_ar_a/aaaaaike_s002_t000.edf,18,
tusz,tusz_v2.0.6/edf/train/aaaaaike/s003_2009/03_tcp_ar_a/aaaaaike_s003_t000.edf,18,
tusz,tusz_v2.0.6/edf/train/aaaaaike/s003_2009/03_tcp_ar_a/aaaaaike_s003_t001.edf,18,
tusz,tusz_v2.0.6/edf/train/aaaaaike/s003_2009/03_tcp_ar_a/aaaaaike_s003_t002.edf,18,
tusz,tusz_v2.0.6/edf/train/aaaaaike/s003_2009/03_tcp_ar_a/aaaaaike_s003_t003.edf,18,
tusz,tusz_v2.0.6/edf/train/aaaaaike/s003_2009/03_tcp_ar_a/aaaaaike_s003_t004.edf,18,
tusz,tusz_v2.0.6/edf/train/aaaaaike/s004_2009/02_tcp_le/aaaaaike_s004_t001.edf,18,
tusz,tusz_v2.0.6/edf/train/aaaaaimu/s003_2014/01_tcp_ar/aaaaaimu_s003_t000.edf,18,
tusz,tusz_v2.0.6/edf/train/aaaaaimu/s005_2014/01_tcp_ar/aaaaaimu_s005_t000.edf,16,Fz-Cz;Cz-Pz
tusz,tusz_v2.0.6/edf/train/aaaaaimu/s005_2014/01_tcp_ar/aaaaaimu_s005_t001.edf,16,Fz-Cz;Cz-Pz
tusz,tusz_v2.0.6/edf/train/aaaaaimu/s005_2014/01_tcp_ar/aaaaaimu_s005_t002.edf,16,Fz-Cz;Cz-Pz
tusz,tusz_v2.0.6/edf/train/aaaaaimu/s005_2014/01_tcp_ar/aaaaaimu_s005_t003.edf,16,Fz-Cz;Cz-Pz
tusz,tusz_v2.0.6/edf/train/aaaaaimu/s005_2014/01_tcp_ar/aaaaaimu_s005_t004.edf,16,Fz-Cz;Cz-Pz
tusz,tusz_v2.0.6/edf/train/aaaaaimu/s005_2014/01_tcp_ar/aaaaaimu_s005_t005.edf,16,Fz-Cz;Cz-Pz
tusz,tusz_v2.0.6/edf/train/aaaaaimu/s005_2014/01_tcp_ar/aaaaaimu_s005_t006.edf,16,Fz-Cz;Cz-Pz
tusz,tusz_v2.0.6/edf/train/aaaaaimu/s005_2014/01_tcp_ar/aaaaaimu_s005_t007.edf,16,Fz-Cz;Cz-Pz
tusz,tusz_v2.0.6/edf/train/aaaaaimu/s005_2014/01_tcp_ar/aaaaaimu_s005_t008.edf,16,Fz-Cz;Cz-Pz
tusz,tusz_v2.0.6/edf/train/aaaaaimu/s005_2014/01_tcp_ar/aaaaaimu_s005_t009.edf,16,Fz-Cz;Cz-Pz
tusz,tusz_v2.0.6/edf/train/aaaaaimu/s005_2014/01_tcp_ar/aaaaaimu_s005_t010.edf,16,Fz-Cz;Cz-Pz
tusz,tusz_v2.0.6/edf/train/aaaaaimu/s005_2014/01_tcp_ar/aaaaaimu_s005_t011.edf,16,Fz-Cz;Cz-Pz
tusz,tusz_v2.0.6/edf/train/aaaaaimu/s005_2014/01_tcp_ar/aaaaaimu_s005_t012.edf,16,Fz-Cz;Cz-Pz
tusz,tusz_v2.0.6/edf/train/aaaaaimu/s005_2014/01_tcp_ar/aaaaaimu_s005_t013.edf,16,Fz-Cz;Cz-Pz
tusz,tusz_v2.0.6/edf/train/aaaaaimu/s005_2014/01_tcp_ar/aaaaaimu_s005_t014.edf,16,Fz-Cz;Cz-Pz
tusz,tusz_v2.0.6/edf/train/aaaaaimu/s005_2014/01_tcp_ar/aaaaaimu_s005_t015.edf,16,Fz-Cz;Cz-Pz
tusz,tusz_v2.0.6/edf/train/aaaaaimu/s005_2014/01_tcp_ar/aaaaaimu_s005_t016.edf,16,Fz-Cz;Cz-Pz
tusz,tusz_v2.0.6/edf/train/aaaaaimu/s005_2014/01_tcp_ar/aaaaaimu_s005_t017.edf,16,Fz-Cz;Cz-Pz
tusz,tusz_v2.0.6/edf/train/aaaaaimu/s005_2014/01_tcp_ar/aaaaaimu_s005_t018.edf,16,Fz-Cz;Cz-Pz
tusz,tusz_v2.0.6/edf/train/aaaaaimu/s005_2014/01_tcp_ar/aaaaaimu_s005_t019.edf,16,Fz-Cz;Cz-Pz
tusz,tusz_v2.0.6/edf/train/aaaaaimu/s005_2014/01_tcp_ar/aaaaaimu_s005_t020.edf,16,Fz-Cz;Cz-Pz
tusz,tusz_v2.0.6/edf/train/aaaaaimu/s005_2014/01_tcp_ar/aaaaaimu_s005_t021.edf,16,Fz-Cz;Cz-Pz
tusz,tusz_v2.0.6/edf/train/aaaaaimu/s005_2014/01_tcp_ar/aaaaaimu_s005_t022.edf,16,Fz-Cz;Cz-Pz
tusz,tusz_v2.0.6/edf/train/aaaaaimu/s005_2014/01_tcp_ar/aaaaaimu_s005_t023.edf,16,Fz-Cz;Cz-Pz
tusz,tusz_v2.0.6/edf/train/aaaaaimu/s005_2014/01_tcp_ar/aaaaaimu_s005_t024.edf,16,Fz-Cz;Cz-Pz
tusz,tusz_v2.0.6/edf/train/aaaaaimu/s008_2014/01_tcp_ar/aaaaaimu_s008_t000.edf,18,
tusz,tusz_v2.0.6/edf/train/aaaaaimu/s008_2014/01_tcp_ar/aaaaaimu_s008_t001.edf,18,
tusz,tusz_v2.0.6/edf/train/aaaaaimu/s008_2014/01_tcp_ar/aaaaaimu_s008_t002.edf,18,
tusz,tusz_v2.0.6/edf/train/aaaaaimu/s008_2014/01_tcp_ar/aaaaaimu_s008_t003.edf,18,
tusz,tusz_v2.0.6/edf/train/aaaaaimu/s008_2014/01_tcp_ar/aaaaaimu_s008_t004.edf,18,
tusz,tusz_v2.0.6/edf/train/aaaaaimu/s008_2014/01_tcp_ar/aaaaaimu_s008_t005.edf,18,
tusz,tusz_v2.0.6/edf/train/aaaaaimu/s008_2014/01_tcp_ar/aaaaaimu_s008_t006.edf,18,
tusz,tusz_v2.0.6/edf/train/aaaaaimu/s008_2014/01_tcp_ar/aaaaaimu_s008_t007.edf,18,
tusz,tusz_v2.0.6/edf/train/aaaaaimu/s008_2014/01_tcp_ar/aaaaaimu_s008_t008.edf,18,
tusz,tusz_v2.0.6/edf/train/aaaaaimu/s008_2014/01_tcp_ar/aaaaaimu_s008_t009.edf,18,
tusz,tusz_v2.0.6/edf/train/aaaaaimu/s008_2014/01_tcp_ar/aaaaaimu_s008_t010.edf,18,
tusz,tusz_v2.0.6/edf/train/aaaaainq/s001_2009/02_tcp_le/aaaaainq_s001_t000.edf,18,
tusz,tusz_v2.0.6/edf/train/aaaaaint/s001_2009/02_tcp_le/aaaaaint_s001_t000.edf,18,
tusz,tusz_v2.0.6/edf/train/aaaaaint/s002_2010/02_tcp_le/aaaaaint_s002_t000.edf,18,
tusz,tusz_v2.0.6/edf/train/aaaaaint/s003_2010/01_tcp_ar/aaaaaint_s003_t000.edf,18,
tusz,tusz_v2.0.6/edf/train/aaaaaint/s005_2010/01_tcp_ar/aaaaaint_s005_t000.edf,18,
tusz,tusz_v2.0.6/edf/train/aaaaaint/s006_2010/02_tcp_le/aaaaaint_s006_t000.edf,18,
tusz,tusz_v2.0.6/edf/train/aaaaaipg/s001_2008/02_tcp_le/aaaaaipg_s001_t000.edf,18,
tusz,tusz_v2.0.6/edf/train/aaaaaipg/s002_2008/02_tcp_le/aaaaaipg_s002_t000.edf,18,
tusz,tusz_v2.0.6/edf/train/aaaaaipg/s002_2008/02_tcp_le/aaaaaipg_s002_t001.edf,18,
tusz,tusz_v2.0.6/edf/train/aaaaaipg/s002_2008/02_tcp_le/aaaaaipg_s002_t002.edf,18,
tusz,tusz_v2.0.6/edf/train/aaaaaipg/s002_2008/02_tcp_le/aaaaaipg_s002_t003.edf,18,
tusz,tusz_v2.0.6/edf/train/aaaaaipg/s002_2008/02_tcp_le/aaaaaipg_s002_t004.edf,18,
tusz,tusz_v2.0.6/edf/train/aaaaaipg/s002_2008/02_tcp_le/aaaaaipg_s002_t005.edf,18,
tusz,tusz_v2.0.6/edf/train/aaaaaipg/s002_2008/02_tcp_le/aaaaaipg_s002_t006.edf,18,
tusz,tusz_v2.0.6/edf/train/aaaaaiui/s001_2009/01_tcp_ar/aaaaaiui_s001_t000.edf,18,
tusz,tusz_v2.0.6/edf/train/aaaaaiui/s001_2009/01_tcp_ar/aaaaaiui_s001_t001.edf,18,
tusz,tusz_v2.0.6/edf/train/aaaaaiwu/s001_2009/03_tcp_ar_a/aaaaaiwu_s001_t000.edf,18,
tusz,tusz_v2.0.6/edf/train/aaaaaiwu/s001_2009/03_tcp_ar_a/aaaaaiwu_s001_t001.edf,18,
tusz,tusz_v2.0.6/edf/train/aaaaaiwu/s001_2009/03_tcp_ar_a/aaaaaiwu_s001_t002.edf,18,
tusz,tusz_v2.0.6/edf/train/aaaaaiwu/s001_2009/03_tcp_ar_a/aaaaaiwu_s001_t003.edf,18,
tusz,tusz_v2.0.6/edf/train/aaaaaiwu/s001_2009/03_tcp_ar_a/aaaaaiwu_s001_t004.edf,18,
tusz,tusz_v2.0.6/edf/train/aaaaaiwu/s001_2009/03_tcp_ar_a/aaaaaiwu_s001_t005.edf,18,
tusz,tusz_v2.0.6/edf/train/aaaaaiwu/s001_2009/03_tcp_ar_a/aaaaaiwu_s001_t006.edf,18,
tusz,tusz_v2.0.6/edf/train/aaaaaiwu/s001_2009/03_tcp_ar_a/aaaaaiwu_s001_t007.edf,18,
tusz,tusz_v2.0.6/edf/train/aaaaaiwu/s001_2009/03_tcp_ar_a/aaaaaiwu_s001_t008.edf,18,
tusz,tusz_v2.0.6/edf/train/aaaaaiwu/s001_2009/03_tcp_ar_a/aaaaaiwu_s001_t009.edf,18,
tusz,tusz_v2.0.6/edf/train/aaaaaiwu/s002_2009/03_tcp_ar_a/aaaaaiwu_s002_t000.edf,18,
tusz,tusz_v2.0.6/edf/train/aaaaaiwu/s002_2009/03_tcp_ar_a/aaaaaiwu_s002_t001.edf,18,
tusz,tusz_v2.0.6/edf/train/aaaaaiwu/s002_2009/03_tcp_ar_a/aaaaaiwu_s002_t002.edf,18,
tusz,tusz_v2.0.6/edf/train/aaaaaiwu/s002_2009/03_tcp_ar_a/aaaaaiwu_s002_t003.edf,18,
tusz,tusz_v2.0.6/edf/train/aaaaaiwu/s002_2009/03_tcp_ar_a/aaaaaiwu_s002_t004.edf,18,
tusz,tusz_v2.0.6/edf/train/aaaaaiwu/s002_2009/03_tcp_ar_a/aaaaaiwu_s002_t005.edf,18,
tusz,tusz_v2.0.6/edf/train/aaaaaizz/s003_2010/02_tcp_le/aaaaaizz_s003_t001.edf,18,
tusz,tusz_v2.0.6/edf/train/aaaaaizz/s004_2010/02_tcp_le/aaaaaizz_s004_t001.edf,18,
tusz,tusz_v2.0.6/edf/train/aaaaaizz/s004_2010/02_tcp_le/aaaaaizz_s004_t002.edf,18,
tusz,tusz_v2.0.6/edf/train/aaaaaizz/s005_2010/03_tcp_ar_a/aaaaaizz_s005_t000.edf,18,
tusz,tusz_v2.0.6/edf/train/aaaaajad/s005_2011/02_tcp_le/aaaaajad_s005_t000.edf,18,
tusz,tusz_v2.0.6/edf/train/aaaaajad/s006_2011/02_tcp_le/aaaaajad_s006_t000.edf,18,
tusz,tusz_v2.0.6/edf/train/aaaaajat/s005_2010/01_tcp_ar/aaaaajat_s005_t001.edf,18,
tusz,tusz_v2.0.6/edf/train/aaaaajat/s006_2010/03_tcp_ar_a/aaaaajat_s006_t000.edf,18,
tusz,tusz_v2.0.6/edf/train/aaaaajat/s006_2010/03_tcp_ar_a/aaaaajat_s006_t001.edf,18,
tusz,tusz_v2.0.6/edf/train/aaaaajat/s006_2010/03_tcp_ar_a/aaaaajat_s006_t002.edf,18,
tusz,tusz_v2.0.6/edf/train/aaaaajat/s006_2010/03_tcp_ar_a/aaaaajat_s006_t003.edf,18,
tusz,tusz_v2.0.6/edf/train/aaaaajat/s006_2010/03_tcp_ar_a/aaaaajat_s006_t004.edf,18,
tusz,tusz_v2.0.6/edf/train/aaaaajat/s006_2010/03_tcp_ar_a/aaaaajat_s006_t005.edf,16,Fz-Cz;Cz-Pz
tusz,tusz_v2.0.6/edf/train/aaaaajat/s006_2010/03_tcp_ar_a/aaaaajat_s006_t006.edf,16,Fz-Cz;Cz-Pz
tusz,tusz_v2.0.6/edf/train/aaaaajat/s006_2010/03_tcp_ar_a/aaaaajat_s006_t007.edf,16,Fz-Cz;Cz-Pz
tusz,tusz_v2.0.6/edf/train/aaaaajax/s001_2009/03_tcp_ar_a/aaaaajax_s001_t000.edf,18,
tusz,tusz_v2.0.6/edf/train/aaaaajax/s001_2009/03_tcp_ar_a/aaaaajax_s001_t001.edf,18,
tusz,tusz_v2.0.6/edf/train/aaaaajax/s001_2009/03_tcp_ar_a/aaaaajax_s001_t002.edf,18,
tusz,tusz_v2.0.6/edf/train/aaaaajax/s001_2009/03_tcp_ar_a/aaaaajax_s001_t003.edf,18,
tusz,tusz_v2.0.6/edf/train/aaaaajax/s001_2009/03_tcp_ar_a/aaaaajax_s001_t004.edf,18,
tusz,tusz_v2.0.6/edf/train/aaaaajax/s001_2009/03_tcp_ar_a/aaaaajax_s001_t005.edf,18,
tusz,tusz_v2.0.6/edf/train/aaaaajby/s001_2009/02_tcp_le/aaaaajby_s001_t000.edf,18,
tusz,tusz_v2.0.6/edf/train/aaaaajby/s002_2009/02_tcp_le/aaaaajby_s002_t000.edf,18,
tusz,tusz_v2.0.6/edf/train/aaaaajcd/s001_2009/02_tcp_le/aaaaajcd_s001_t000.edf,18,
tusz,tusz_v2.0.6/edf/train/aaaaajdn/s002_2011/01_tcp_ar/aaaaajdn_s002_t000.edf,18,
tusz,tusz_v2.0.6/edf/train/aaaaajdn/s003_2011/03_tcp_ar_a/aaaaajdn_s003_t000.edf,18,
tusz,tusz_v2.0.6/edf/train/aaaaajdn/s003_2011/03_tcp_ar_a/aaaaajdn_s003_t001.edf,18,
tusz,tusz_v2.0.6/edf/train/aaaaajdn/s003_2011/03_tcp_ar_a/aaaaajdn_s003_t002.edf,18,
tusz,tusz_v2.0.6/edf/train/aaaaajdn/s003_2011/03_tcp_ar_a/aaaaajdn_s003_t003.edf,18,
tusz,tusz_v2.0.6/edf/train/aaaaajdn/s003_2011/03_tcp_ar_a/aaaaajdn_s003_t004.edf,18,
tusz,tusz_v2.0.6/edf/train/aaaaajdn/s003_2011/03_tcp_ar_a/aaaaajdn_s003_t005.edf,18,
tusz,tusz_v2.0.6/edf/train/aaaaajdn/s003_2011/03_tcp_ar_a/aaaaajdn_s003_t006.edf,18,
tusz,tusz_v2.0.6/edf/train/aaaaajdn/s003_2011/03_tcp_ar_a/aaaaajdn_s003_t007.edf,18,
tusz,tusz_v2.0.6/edf/train/aaaaajfq/s001_2009/01_tcp_ar/aaaaajfq_s001_t001.edf,18,
tusz,tusz_v2.0.6/edf/train/aaaaajfq/s002_2010/01_tcp_ar/aaaaajfq_s002_t001.edf,18,
tusz,tusz_v2.0.6/edf/train/aaaaajfq/s003_2010/01_tcp_ar/aaaaajfq_s003_t000.edf,18,
tusz,tusz_v2.0.6/edf/train/aaaaajfq/s004_2010/03_tcp_ar_a/aaaaajfq_s004_t000.edf,18,
tusz,tusz_v2.0.6/edf/train/aaaaajfq/s004_2010/03_tcp_ar_a/aaaaajfq_s004_t001.edf,18,
tusz,tusz_v2.0.6/edf/train/aaaaajfq/s004_2010/03_tcp_ar_a/aaaaajfq_s004_t002.edf,18,
tusz,tusz_v2.0.6/edf/train/aaaaajfq/s004_2010/03_tcp_ar_a/aaaaajfq_s004_t003.edf,18,
tusz,tusz_v2.0.6/edf/train/aaaaajfq/s004_2010/03_tcp_ar_a/aaaaajfq_s004_t004.edf,18,
tusz,tusz_v2.0.6/edf/train/aaaaajfq/s004_2010/03_tcp_ar_a/aaaaajfq_s004_t005.edf,18,
tusz,tusz_v2.0.6/edf/train/aaaaajfq/s004_2010/03_tcp_ar_a/aaaaajfq_s004_t006.edf,18,
tusz,tusz_v2.0.6/edf/train/aaaaajfq/s006_2010/03_tcp_ar_a/aaaaajfq_s006_t000.edf,18,
tusz,tusz_v2.0.6/edf/train/aaaaajfq/s006_2010/03_tcp_ar_a/aaaaajfq_s006_t001.edf,18,
tusz,tusz_v2.0.6/edf/train/aaaaajfq/s006_2010/03_tcp_ar_a/aaaaajfq_s006_t002.edf,18,
tusz,tusz_v2.0.6/edf/train/aaaaajfq/s006_2010/03_tcp_ar_a/aaaaajfq_s006_t003.edf,18,
tusz,tusz_v2.0.6/edf/train/aaaaajfq/s006_2010/03_tcp_ar_a/aaaaajfq_s006_t004.edf,18,
tusz,tusz_v2.0.6/edf/train/aaaaajfq/s006_2010/03_tcp_ar_a/aaaaajfq_s006_t005.edf,18,
tusz,tusz_v2.0.6/edf/train/aaaaajfq/s009_2011/01_tcp_ar/aaaaajfq_s009_t000.edf,18,
tusz,tusz_v2.0.6/edf/train/aaaaajfq/s010_2011/03_tcp_ar_a/aaaaajfq_s010_t000.edf,18,
tusz,tusz_v2.0.6/edf/train/aaaaajfq/s010_2011/03_tcp_ar_a/aaaaajfq_s010_t001.edf,18,
tusz,tusz_v2.0.6/edf/train/aaaaajfq/s010_2011/03_tcp_ar_a/aaaaajfq_s010_t002.edf,18,
tusz,tusz_v2.0.6/edf/train/aaaaajfq/s010_2011/03_tcp_ar_a/aaaaajfq_s010_t003.edf,18,
tusz,tusz_v2.0.6/edf/train/aaaaajfq/s010_2011/03_tcp_ar_a/aaaaajfq_s010_t004.edf,18,
tusz,tusz_v2.0.6/edf/train/aaaaajfq/s011_2011/03_tcp_ar_a/aaaaajfq_s011_t000.edf,18,
tusz,tusz_v2.0.6/edf/train/aaaaajfq/s011_2011/03_tcp_ar_a/aaaaajfq_s011_t001.edf,18,
tusz,tusz_v2.0.6/edf/train/aaaaajfq/s011_2011/03_tcp_ar_a/aaaaajfq_s011_t002.edf,18,
tusz,tusz_v2.0.6/edf/train/aaaaajfq/s011_2011/03_tcp_ar_a/aaaaajfq_s011_t003.edf,18,
tusz,tusz_v2.0.6/edf/train/aaaaajfq/s011_2011/03_tcp_ar_a/aaaaajfq_s011_t004.edf,18,
tusz,tusz_v2.0.6/edf/train/aaaaajfq/s011_2011/03_tcp_ar_a/aaaaajfq_s011_t005.edf,18,
tusz,tusz_v2.0.6/edf/train/aaaaajfq/s012_2011/03_tcp_ar_a/aaaaajfq_s012_t000.edf,18,
tusz,tusz_v2.0.6/edf/train/aaaaajfq/s012_2011/03_tcp_ar_a/aaaaajfq_s012_t002.edf,18,
tusz,tusz_v2.0.6/edf/train/aaaaajfq/s012_2011/03_tcp_ar_a/aaaaajfq_s012_t003.edf,18,
tusz,tusz_v2.0.6/edf/train/aaaaajfq/s013_2011/03_tcp_ar_a/aaaaajfq_s013_t000.edf,18,
tusz,tusz_v2.0.6/edf/train/aaaaajfq/s013_2011/03_tcp_ar_a/aaaaajfq_s013_t001.edf,18,
tusz,tusz_v2.0.6/edf/train/aaaaajfq/s013_2011/03_tcp_ar_a/aaaaajfq_s013_t002.edf,18,
tusz,tusz_v2.0.6/edf/train/aaaaajfq/s013_2011/03_tcp_ar_a/aaaaajfq_s013_t003.edf,18,
tusz,tusz_v2.0.6/edf/train/aaaaajfq/s014_2011/03_tcp_ar_a/aaaaajfq_s014_t000.edf,18,
tusz,tusz_v2.0.6/edf/train/aaaaajfq/s014_2011/03_tcp_ar_a/aaaaajfq_s014_t001.edf,18,
tusz,tusz_v2.0.6/edf/train/aaaaajfq/s014_2011/03_tcp_ar_a/aaaaajfq_s014_t002.edf,18,
tusz,tusz_v2.0.6/edf/train/aaaaajfq/s014_2011/03_tcp_ar_a/aaaaajfq_s014_t003.edf,18,
tusz,tusz_v2.0.6/edf/train/aaaaajfq/s014_2011/03_tcp_ar_a/aaaaajfq_s014_t004.edf,18,
tusz,tusz_v2.0.6/edf/train/aaaaajfq/s015_2011/01_tcp_ar/aaaaajfq_s015_t001.edf,18,
tusz,tusz_v2.0.6/edf/train/aaaaajfw/s002_2012/01_tcp_ar/aaaaajfw_s002_t000.edf,18,
tusz,tusz_v2.0.6/edf/train/aaaaajgl/s002_2009/03_tcp_ar_a/aaaaajgl_s002_t000.edf,18,
tusz,tusz_v2.0.6/edf/train/aaaaajgl/s002_2009/03_tcp_ar_a/aaaaajgl_s002_t001.edf,18,
tusz,tusz_v2.0.6/edf/train/aaaaajgl/s002_2009/03_tcp_ar_a/aaaaajgl_s002_t002.edf,18,
tusz,tusz_v2.0.6/edf/train/aaaaajgl/s002_2009/03_tcp_ar_a/aaaaajgl_s002_t003.edf,18,
tusz,tusz_v2.0.6/edf/train/aaaaajgl/s002_2009/03_tcp_ar_a/aaaaajgl_s002_t004.edf,18,
tusz,tusz_v2.0.6/edf/train/aaaaajgl/s002_2009/03_tcp_ar_a/aaaaajgl_s002_t005.edf,18,
tusz,tusz_v2.0.6/edf/train/aaaaajgl/s002_2009/03_tcp_ar_a/aaaaajgl_s002_t006.edf,18,
tusz,tusz_v2.0.6/edf/train/aaaaajkh/s001_2009/02_tcp_le/aaaaajkh_s001_t000.edf,18,
tusz,tusz_v2.0.6/edf/train/aaaaajki/s001_2009/02_tcp_le/aaaaajki_s001_t000.edf,18,
tusz,tusz_v2.0.6/edf/train/aaaaajmm/s001_2009/02_tcp_le/aaaaajmm_s001_t001.edf,18,
tusz,tusz_v2.0.6/edf/train/aaaaajmr/s004_2010/02_tcp_le/aaaaajmr_s004_t000.edf,18,
tusz,tusz_v2.0.6/edf/train/aaaaajmr/s005_2010/03_tcp_ar_a/aaaaajmr_s005_t000.edf,18,
tusz,tusz_v2.0.6/edf/train/aaaaajmr/s006_2010/03_tcp_ar_a/aaaaajmr_s006_t000.edf,18,
tusz,tusz_v2.0.6/edf/train/aaaaajmr/s006_2010/03_tcp_ar_a/aaaaajmr_s006_t001.edf,18,
tusz,tusz_v2.0.6/edf/train/aaaaajmr/s006_2010/03_tcp_ar_a/aaaaajmr_s006_t002.edf,18,
tusz,tusz_v2.0.6/edf/train/aaaaajmr/s006_2010/03_tcp_ar_a/aaaaajmr_s006_t003.edf,18,
tusz,tusz_v2.0.6/edf/train/aaaaajns/s001_2010/01_tcp_ar/aaaaajns_s001_t000.edf,18,
tusz,tusz_v2.0.6/edf/train/aaaaajns/s001_2010/01_tcp_ar/aaaaajns_s001_t001.edf,18,
tusz,tusz_v2.0.6/edf/train/aaaaajns/s002_2010/01_tcp_ar/aaaaajns_s002_t000.edf,18,
tusz,tusz_v2.0.6/edf/train/aaaaajns/s002_2010/01_tcp_ar/aaaaajns_s002_t001.edf,18,
tusz,tusz_v2.0.6/edf/train/aaaaajns/s002_2010/01_tcp_ar/aaaaajns_s002_t002.edf,18,
tusz,tusz_v2.0.6/edf/train/aaaaajns/s002_2010/01_tcp_ar/aaaaajns_s002_t003.edf,18,
tusz,tusz_v2.0.6/edf/train/aaaaajns/s003_2010/01_tcp_ar/aaaaajns_s003_t000.edf,18,
tusz,tusz_v2.0.6/edf/train/aaaaajns/s003_2010/01_tcp_ar/aaaaajns_s003_t001.edf,18,
tusz,tusz_v2.0.6/edf/train/aaaaajns/s004_2010/01_tcp_ar/aaaaajns_s004_t000.edf,18,
tusz,tusz_v2.0.6/edf/train/aaaaajns/s004_2010/01_tcp_ar/aaaaajns_s004_t001.edf,18,
tusz,tusz_v2.0.6/edf/train/aaaaajns/s005_2010/01_tcp_ar/aaaaajns_s005_t000.edf,18,
tusz,tusz_v2.0.6/edf/train/aaaaajns/s005_2010/01_tcp_ar/aaaaajns_s005_t001.edf,18,
tusz,tusz_v2.0.6/edf/train/aaaaajns/s006_2010/01_tcp_ar/aaaaajns_s006_t000.edf,18,
tusz,tusz_v2.0.6/edf/train/aaaaajns/s007_2010/01_tcp_ar/aaaaajns_s007_t000.edf,18,
tusz,tusz_v2.0.6/edf/train/aaaaajns/s007_2010/01_tcp_ar/aaaaajns_s007_t001.edf,18,
tusz,tusz_v2.0.6/edf/train/aaaaajnw/s001_2010/01_tcp_ar/aaaaajnw_s001_t000.edf,18,
tusz,tusz_v2.0.6/edf/train/aaaaajnw/s002_2010/01_tcp_ar/aaaaajnw_s002_t000.edf,18,
tusz,tusz_v2.0.6/edf/train/aaaaajnw/s002_2010/01_tcp_ar/aaaaajnw_s002_t001.edf,18,
tusz,tusz_v2.0.6/edf/train/aaaaajnw/s003_2010/01_tcp_ar/aaaaajnw_s003_t000.edf,18,
tusz,tusz_v2.0.6/edf/train/aaaaajnw/s003_2010/01_tcp_ar/aaaaajnw_s003_t001.edf,18,
tusz,tusz_v2.0.6/edf/train/aaaaajnw/s003_2010/01_tcp_ar/aaaaajnw_s003_t002.edf,18,
tusz,tusz_v2.0.6/edf/train/aaaaajnw/s003_2010/01_tcp_ar/aaaaajnw_s003_t003.edf,18,
tusz,tusz_v2.0.6/edf/train/aaaaajoe/s001_2010/01_tcp_ar/aaaaajoe_s001_t001.edf,18,
tusz,tusz_v2.0.6/edf/train/aaaaajoh/s004_2012/01_tcp_ar/aaaaajoh_s004_t000.edf,18,
tusz,tusz_v2.0.6/edf/train/aaaaajoh/s005_2014/01_tcp_ar/aaaaajoh_s005_t000.edf,18,
tusz,tusz_v2.0.6/edf/train/aaaaajoh/s005_2014/01_tcp_ar/aaaaajoh_s005_t001.edf,18,
tusz,tusz_v2.0.6/edf/train/aaaaajoh/s005_2014/01_tcp_ar/aaaaajoh_s005_t002.edf,18,
tusz,tusz_v2.0.6/edf/train/aaaaajoh/s006_2014/01_tcp_ar/aaaaajoh_s006_t000.edf,18,
tusz,tusz_v2.0.6/edf/train/aaaaajoh/s006_2014/01_tcp_ar/aaaaajoh_s006_t001.edf,18,
tusz,tusz_v2.0.6/edf/train/aaaaajoh/s006_2014/01_tcp_ar/aaaaajoh_s006_t002.edf,18,
tusz,tusz_v2.0.6/edf/train/aaaaajoh/s006_2014/01_tcp_ar/aaaaajoh_s006_t003.edf,18,
tusz,tusz_v2.0.6/edf/train/aaaaajoh/s006_2014/01_tcp_ar/aaaaajoh_s006_t004.edf,18,
tusz,tusz_v2.0.6/edf/train/aaaaajoh/s006_2014/01_tcp_ar/aaaaajoh_s006_t005.edf,18,
tusz,tusz_v2.0.6/edf/train/aaaaajoh/s006_2014/01_tcp_ar/aaaaajoh_s006_t006.edf,18,
tusz,tusz_v2.0.6/edf/train/aaaaajoh/s006_2014/01_tcp_ar/aaaaajoh_s006_t007.edf,18,
tusz,tusz_v2.0.6/edf/train/aaaaajoh/s006_2014/01_tcp_ar/aaaaajoh_s006_t008.edf,18,
tusz,tusz_v2.0.6/edf/train/aaaaajoh/s007_2014/01_tcp_ar/aaaaajoh_s007_t000.edf,18,
tusz,tusz_v2.0.6/edf/train/aaaaajoh/s007_2014/01_tcp_ar/aaaaajoh_s007_t001.edf,18,
tusz,tusz_v2.0.6/edf/train/aaaaajoh/s007_2014/01_tcp_ar/aaaaajoh_s007_t002.edf,18,
tusz,tusz_v2.0.6/edf/train/aaaaajoh/s007_2014/01_tcp_ar/aaaaajoh_s007_t003.edf,18,
tusz,tusz_v2.0.6/edf/train/aaaaajoh/s007_2014/01_tcp_ar/aaaaajoh_s007_t004.edf,18,
tusz,tusz_v2.0.6/edf/train/aaaaajoh/s007_2014/01_tcp_ar/aaaaajoh_s007_t005.edf,18,
tusz,tusz_v2.0.6/edf/train/aaaaajoh/s007_2014/01_tcp_ar/aaaaajoh_s007_t006.edf,18,
tusz,tusz_v2.0.6/edf/train/aaaaajoh/s007_2014/01_tcp_ar/aaaaajoh_s007_t007.edf,18,
tusz,tusz_v2.0.6/edf/train/aaaaajoh/s007_2014/01_tcp_ar/aaaaajoh_s007_t008.edf,18,
tusz,tusz_v2.0.6/edf/train/aaaaajoh/s008_2014/01_tcp_ar/aaaaajoh_s008_t000.edf,18,
tusz,tusz_v2.0.6/edf/train/aaaaajoh/s008_2014/01_tcp_ar/aaaaajoh_s008_t001.edf,18,
tusz,tusz_v2.0.6/edf/train/aaaaajoh/s008_2014/01_tcp_ar/aaaaajoh_s008_t002.edf,18,
tusz,tusz_v2.0.6/edf/train/aaaaajoh/s008_2014/01_tcp_ar/aaaaajoh_s008_t003.edf,18,
tusz,tusz_v2.0.6/edf/train/aaaaajoh/s008_2014/01_tcp_ar/aaaaajoh_s008_t004.edf,18,
tusz,tusz_v2.0.6/edf/train/aaaaajoh/s008_2014/01_tcp_ar/aaaaajoh_s008_t005.edf,18,
tusz,tusz_v2.0.6/edf/train/aaaaajoh/s008_2014/01_tcp_ar/aaaaajoh_s008_t006.edf,18,
tusz,tusz_v2.0.6/edf/train/aaaaajpi/s001_2010/02_tcp_le/aaaaajpi_s001_t001.edf,18,
tusz,tusz_v2.0.6/edf/train/aaaaajpi/s001_2010/02_tcp_le/aaaaajpi_s001_t002.edf,18,
tusz,tusz_v2.0.6/edf/train/aaaaajpi/s001_2010/02_tcp_le/aaaaajpi_s001_t003.edf,18,
tusz,tusz_v2.0.6/edf/train/aaaaajpi/s001_2010/02_tcp_le/aaaaajpi_s001_t004.edf,18,
tusz,tusz_v2.0.6/edf/train/aaaaajqb/s001_2010/02_tcp_le/aaaaajqb_s001_t000.edf,18,
tusz,tusz_v2.0.6/edf/train/aaaaajqh/s001_2010/02_tcp_le/aaaaajqh_s001_t000.edf,18,
tusz,tusz_v2.0.6/edf/train/aaaaajqo/s001_2010/01_tcp_ar/aaaaajqo_s001_t000.edf,18,
tusz,tusz_v2.0.6/edf/train/aaaaajqo/s003_2010/01_tcp_ar/aaaaajqo_s003_t000.edf,18,
tusz,tusz_v2.0.6/edf/train/aaaaajqo/s003_2010/01_tcp_ar/aaaaajqo_s003_t001.edf,18,
tusz,tusz_v2.0.6/edf/train/aaaaajqo/s003_2010/01_tcp_ar/aaaaajqo_s003_t002.edf,18,
tusz,tusz_v2.0.6/edf/train/aaaaajqo/s004_2010/03_tcp_ar_a/aaaaajqo_s004_t000.edf,18,
tusz,tusz_v2.0.6/edf/train/aaaaajqo/s004_2010/03_tcp_ar_a/aaaaajqo_s004_t001.edf,18,
tusz,tusz_v2.0.6/edf/train/aaaaajqo/s004_2010/03_tcp_ar_a/aaaaajqo_s004_t003.edf,18,
tusz,tusz_v2.0.6/edf/train/aaaaajqo/s007_2010/02_tcp_le/aaaaajqo_s007_t000.edf,18,
tusz,tusz_v2.0.6/edf/train/aaaaajqo/s007_2010/02_tcp_le/aaaaajqo_s007_t001.edf,18,
tusz,tusz_v2.0.6/edf/train/aaaaajqo/s008_2010/02_tcp_le/aaaaajqo_s008_t000.edf,18,
tusz,tusz_v2.0.6/edf/train/aaaaajqo/s008_2010/02_tcp_le/aaaaajqo_s008_t001.edf,18,
tusz,tusz_v2.0.6/edf/train/aaaaajqo/s010_2010/03_tcp_ar_a/aaaaajqo_s010_t000.edf,18,
tusz,tusz_v2.0.6/edf/train/aaaaajqo/s010_2010/03_tcp_ar_a/aaaaajqo_s010_t001.edf,18,
tusz,tusz_v2.0.6/edf/train/aaaaajqo/s010_2010/03_tcp_ar_a/aaaaajqo_s010_t002.edf,18,
tusz,tusz_v2.0.6/edf/train/aaaaajqo/s010_2010/03_tcp_ar_a/aaaaajqo_s010_t003.edf,18,
tusz,tusz_v2.0.6/edf/train/aaaaajqo/s010_2010/03_tcp_ar_a/aaaaajqo_s010_t004.edf,16,Fz-Cz;Cz-Pz
tusz,tusz_v2.0.6/edf/train/aaaaajqo/s010_2010/03_tcp_ar_a/aaaaajqo_s010_t005.edf,16,Fz-Cz;Cz-Pz
tusz,tusz_v2.0.6/edf/train/aaaaajqo/s010_2010/03_tcp_ar_a/aaaaajqo_s010_t006.edf,16,Fz-Cz;Cz-Pz
tusz,tusz_v2.0.6/edf/train/aaaaajqo/s010_2010/03_tcp_ar_a/aaaaajqo_s010_t007.edf,18,
tusz,tusz_v2.0.6/edf/train/aaaaajqo/s010_2010/03_tcp_ar_a/aaaaajqo_s010_t008.edf,18,
tusz,tusz_v2.0.6/edf/train/aaaaajqo/s010_2010/03_tcp_ar_a/aaaaajqo_s010_t009.edf,16,Fz-Cz;Cz-Pz
tusz,tusz_v2.0.6/edf/train/aaaaajqo/s010_2010/03_tcp_ar_a/aaaaajqo_s010_t010.edf,16,Fz-Cz;Cz-Pz
tusz,tusz_v2.0.6/edf/train/aaaaajqo/s010_2010/03_tcp_ar_a/aaaaajqo_s010_t011.edf,16,Fz-Cz;Cz-Pz
tusz,tusz_v2.0.6/edf/train/aaaaajqo/s010_2010/03_tcp_ar_a/aaaaajqo_s010_t012.edf,16,Fz-Cz;Cz-Pz
tusz,tusz_v2.0.6/edf/train/aaaaajqo/s010_2010/03_tcp_ar_a/aaaaajqo_s010_t013.edf,16,Fz-Cz;Cz-Pz
tusz,tusz_v2.0.6/edf/train/aaaaajqo/s010_2010/03_tcp_ar_a/aaaaajqo_s010_t014.edf,16,Fz-Cz;Cz-Pz
tusz,tusz_v2.0.6/edf/train/aaaaajqo/s010_2010/03_tcp_ar_a/aaaaajqo_s010_t015.edf,16,Fz-Cz;Cz-Pz
tusz,tusz_v2.0.6/edf/train/aaaaajqo/s011_2010/03_tcp_ar_a/aaaaajqo_s011_t000.edf,18,
tusz,tusz_v2.0.6/edf/train/aaaaajqo/s011_2010/03_tcp_ar_a/aaaaajqo_s011_t001.edf,18,
tusz,tusz_v2.0.6/edf/train/aaaaajqo/s011_2010/03_tcp_ar_a/aaaaajqo_s011_t002.edf,18,
tusz,tusz_v2.0.6/edf/train/aaaaajqo/s011_2010/03_tcp_ar_a/aaaaajqo_s011_t003.edf,18,
tusz,tusz_v2.0.6/edf/train/aaaaajqo/s011_2010/03_tcp_ar_a/aaaaajqo_s011_t004.edf,18,
tusz,tusz_v2.0.6/edf/train/aaaaajqo/s011_2010/03_tcp_ar_a/aaaaajqo_s011_t005.edf,18,
tusz,tusz_v2.0.6/edf/train/aaaaajqo/s011_2010/03_tcp_ar_a/aaaaajqo_s011_t006.edf,18,
tusz,tusz_v2.0.6/edf/train/aaaaajqo/s011_2010/03_tcp_ar_a/aaaaajqo_s011_t007.edf,18,
tusz,tusz_v2.0.6/edf/train/aaaaajqo/s011_2010/03_tcp_ar_a/aaaaajqo_s011_t008.edf,18,
tusz,tusz_v2.0.6/edf/train/aaaaajqo/s011_2010/03_tcp_ar_a/aaaaajqo_s011_t009.edf,18,
tusz,tusz_v2.0.6/edf/train/aaaaajqo/s011_2010/03_tcp_ar_a/aaaaajqo_s011_t010.edf,18,
tusz,tusz_v2.0.6/edf/train/aaaaajqo/s011_2010/03_tcp_ar_a/aaaaajqo_s011_t011.edf,18,
tusz,tusz_v2.0.6/edf/train/aaaaajqo/s011_2010/03_tcp_ar_a/aaaaajqo_s011_t012.edf,18,
tusz,tusz_v2.0.6/edf/train/aaaaajqo/s011_2010/03_tcp_ar_a/aaaaajqo_s011_t013.edf,18,
tusz,tusz_v2.0.6/edf/train/aaaaajqo/s011_2010/03_tcp_ar_a/aaaaajqo_s011_t014.edf,18,
tusz,tusz_v2.0.6/edf/train/aaaaajqo/s011_2010/03_tcp_ar_a/aaaaajqo_s011_t015.edf,18,
tusz,tusz_v2.0.6/edf/train/aaaaajqo/s011_2010/03_tcp_ar_a/aaaaajqo_s011_t016.edf,18,
tusz,tusz_v2.0.6/edf/train/aaaaajqo/s011_2010/03_tcp_ar_a/aaaaajqo_s011_t017.edf,18,
tusz,tusz_v2.0.6/edf/train/aaaaajqo/s012_2010/03_tcp_ar_a/aaaaajqo_s012_t000.edf,18,
tusz,tusz_v2.0.6/edf/train/aaaaajqo/s012_2010/03_tcp_ar_a/aaaaajqo_s012_t001.edf,18,
tusz,tusz_v2.0.6/edf/train/aaaaajqo/s012_2010/03_tcp_ar_a/aaaaajqo_s012_t002.edf,18,
tusz,tusz_v2.0.6/edf/train/aaaaajqo/s012_2010/03_tcp_ar_a/aaaaajqo_s012_t003.edf,18,
tusz,tusz_v2.0.6/edf/train/aaaaajqo/s012_2010/03_tcp_ar_a/aaaaajqo_s012_t004.edf,18,
tusz,tusz_v2.0.6/edf/train/aaaaajqo/s012_2010/03_tcp_ar_a/aaaaajqo_s012_t005.edf,18,
tusz,tusz_v2.0.6/edf/train/aaaaajqo/s012_2010/03_tcp_ar_a/aaaaajqo_s012_t006.edf,18,
tusz,tusz_v2.0.6/edf/train/aaaaajqo/s019_2010/02_tcp_le/aaaaajqo_s019_t001.edf,18,
tusz,tusz_v2.0.6/edf/train/aaaaajqo/s020_2010/02_tcp_le/aaaaajqo_s020_t000.edf,18,
tusz,tusz_v2.0.6/edf/train/aaaaajqo/s020_2010/02_tcp_le/aaaaajqo_s020_t001.edf,18,
tusz,tusz_v2.0.6/edf/train/aaaaajqo/s020_2010/02_tcp_le/aaaaajqo_s020_t002.edf,18,
tusz,tusz_v2.0.6/edf/train/aaaaajqo/s020_2010/02_tcp_le/aaaaajqo_s020_t003.edf,18,
tusz,tusz_v2.0.6/edf/train/aaaaajqo/s020_2010/02_tcp_le/aaaaajqo_s020_t004.edf,18,
tusz,tusz_v2.0.6/edf/train/aaaaajqo/s020_2010/02_tcp_le/aaaaajqo_s020_t005.edf,18,
tusz,tusz_v2.0.6/edf/train/aaaaajqo/s020_2010/02_tcp_le/aaaaajqo_s020_t006.edf,18,
tusz,tusz_v2.0.6/edf/train/aaaaajqo/s020_2010/02_tcp_le/aaaaajqo_s020_t007.edf,18,
tusz,tusz_v2.0.6/edf/train/aaaaajqo/s020_2010/02_tcp_le/aaaaajqo_s020_t008.edf,18,
tusz,tusz_v2.0.6/edf/train/aaaaajqo/s022_2010/02_tcp_le/aaaaajqo_s022_t000.edf,18,
tusz,tusz_v2.0.6/edf/train/aaaaajqo/s023_2010/02_tcp_le/aaaaajqo_s023_t000.edf,18,
tusz,tusz_v2.0.6/edf/train/aaaaajqo/s024_2010/02_tcp_le/aaaaajqo_s024_t001.edf,18,
tusz,tusz_v2.0.6/edf/train/aaaaajqo/s025_2010/02_tcp_le/aaaaajqo_s025_t000.edf,18,
tusz,tusz_v2.0.6/edf/train/aaaaajqo/s025_2010/02_tcp_le/aaaaajqo_s025_t001.edf,18,
tusz,tusz_v2.0.6/edf/train/aaaaajqo/s026_2010/01_tcp_ar/aaaaajqo_s026_t000.edf,18,
tusz,tusz_v2.0.6/edf/train/aaaaajqo/s027_2010/01_tcp_ar/aaaaajqo_s027_t000.edf,18,
tusz,tusz_v2.0.6/edf/train/aaaaajqo/s028_2010/01_tcp_ar/aaaaajqo_s028_t000.edf,18,
tusz,tusz_v2.0.6/edf/train/aaaaajqo/s031_2010/01_tcp_ar/aaaaajqo_s031_t001.edf,18,
tusz,tusz_v2.0.6/edf/train/aaaaajqo/s032_2010/01_tcp_ar/aaaaajqo_s032_t000.edf,18,
tusz,tusz_v2.0.6/edf/train/aaaaajqo/s032_2010/01_tcp_ar/aaaaajqo_s032_t001.edf,18,
tusz,tusz_v2.0.6/edf/train/aaaaajqo/s033_2010/01_tcp_ar/aaaaajqo_s033_t000.edf,18,
tusz,tusz_v2.0.6/edf/train/aaaaajqp/s003_2010/01_tcp_ar/aaaaajqp_s003_t000.edf,18,
tusz,tusz_v2.0.6/edf/train/aaaaajqu/s003_2010/03_tcp_ar_a/aaaaajqu_s003_t000.edf,18,
tusz,tusz_v2.0.6/edf/train/aaaaajqu/s003_2010/03_tcp_ar_a/aaaaajqu_s003_t001.edf,18,
tusz,tusz_v2.0.6/edf/train/aaaaajqu/s003_2010/03_tcp_ar_a/aaaaajqu_s003_t002.edf,18,
tusz,tusz_v2.0.6/edf/train/aaaaajqu/s003_2010/03_tcp_ar_a/aaaaajqu_s003_t003.edf,18,
tusz,tusz_v2.0.6/edf/train/aaaaajqu/s003_2010/03_tcp_ar_a/aaaaajqu_s003_t004.edf,18,
tusz,tusz_v2.0.6/edf/train/aaaaajqu/s003_2010/03_tcp_ar_a/aaaaajqu_s003_t005.edf,18,
tusz,tusz_v2.0.6/edf/train/aaaaajqu/s007_2010/03_tcp_ar_a/aaaaajqu_s007_t000.edf,18,
tusz,tusz_v2.0.6/edf/train/aaaaajqu/s007_2010/03_tcp_ar_a/aaaaajqu_s007_t001.edf,18,
tusz,tusz_v2.0.6/edf/train/aaaaajqu/s007_2010/03_tcp_ar_a/aaaaajqu_s007_t002.edf,18,
tusz,tusz_v2.0.6/edf/train/aaaaajqu/s007_2010/03_tcp_ar_a/aaaaajqu_s007_t003.edf,18,
tusz,tusz_v2.0.6/edf/train/aaaaajqu/s007_2010/03_tcp_ar_a/aaaaajqu_s007_t004.edf,18,
tusz,tusz_v2.0.6/edf/train/aaaaajrd/s001_2010/01_tcp_ar/aaaaajrd_s001_t000.edf,18,
tusz,tusz_v2.0.6/edf/train/aaaaajrd/s002_2010/03_tcp_ar_a/aaaaajrd_s002_t000.edf,18,
tusz,tusz_v2.0.6/edf/train/aaaaajrd/s002_2010/03_tcp_ar_a/aaaaajrd_s002_t001.edf,18,
tusz,tusz_v2.0.6/edf/train/aaaaajrd/s002_2010/03_tcp_ar_a/aaaaajrd_s002_t002.edf,18,
tusz,tusz_v2.0.6/edf/train/aaaaajrd/s002_2010/03_tcp_ar_a/aaaaajrd_s002_t003.edf,18,
tusz,tusz_v2.0.6/edf/train/aaaaajrj/s001_2010/01_tcp_ar/aaaaajrj_s001_t000.edf,18,
tusz,tusz_v2.0.6/edf/train/aaaaajrj/s002_2012/01_tcp_ar/aaaaajrj_s002_t000.edf,18,
tusz,tusz_v2.0.6/edf/train/aaaaajrj/s003_2012/01_tcp_ar/aaaaajrj_s003_t000.edf,18,
tusz,tusz_v2.0.6/edf/train/aaaaajrj/s003_2012/01_tcp_ar/aaaaajrj_s003_t001.edf,18,
tusz,tusz_v2.0.6/edf/train/aaaaajrj/s003_2012/01_tcp_ar/aaaaajrj_s003_t002.edf,18,
tusz,tusz_v2.0.6/edf/train/aaaaajrj/s003_2012/01_tcp_ar/aaaaajrj_s003_t003.edf,18,
tusz,tusz_v2.0.6/edf/train/aaaaajrj/s003_2012/01_tcp_ar/aaaaajrj_s003_t005.edf,18,
tusz,tusz_v2.0.6/edf/train/aaaaajrj/s003_2012/01_tcp_ar/aaaaajrj_s003_t006.edf,18,
tusz,tusz_v2.0.6/edf/train/aaaaajrj/s003_2012/01_tcp_ar/aaaaajrj_s003_t008.edf,18,
tusz,tusz_v2.0.6/edf/train/aaaaajrj/s003_2012/01_tcp_ar/aaaaajrj_s003_t009.edf,18,
tusz,tusz_v2.0.6/edf/train/aaaaajrj/s003_2012/01_tcp_ar/aaaaajrj_s003_t010.edf,18,
tusz,tusz_v2.0.6/edf/train/aaaaajrj/s003_2012/01_tcp_ar/aaaaajrj_s003_t011.edf,18,
tusz,tusz_v2.0.6/edf/train/aaaaajrj/s003_2012/01_tcp_ar/aaaaajrj_s003_t012.edf,18,
tusz,tusz_v2.0.6/edf/train/aaaaajrj/s003_2012/01_tcp_ar/aaaaajrj_s003_t013.edf,18,
tusz,tusz_v2.0.6/edf/train/aaaaajrj/s003_2012/01_tcp_ar/aaaaajrj_s003_t014.edf,18,
tusz,tusz_v2.0.6/edf/train/aaaaajrj/s004_2012/01_tcp_ar/aaaaajrj_s004_t000.edf,18,
tusz,tusz_v2.0.6/edf/train/aaaaajrj/s004_2012/01_tcp_ar/aaaaajrj_s004_t001.edf,18,
tusz,tusz_v2.0.6/edf/train/aaaaajrj/s004_2012/01_tcp_ar/aaaaajrj_s004_t002.edf,18,
tusz,tusz_v2.0.6/edf/train/aaaaajrj/s004_2012/01_tcp_ar/aaaaajrj_s004_t003.edf,18,
tusz,tusz_v2.0.6/edf/train/aaaaajrj/s004_2012/01_tcp_ar/aaaaajrj_s004_t004.edf,18,
tusz,tusz_v2.0.6/edf/train/aaaaajrj/s004_2012/01_tcp_ar/aaaaajrj_s004_t005.edf,18,
tusz,tusz_v2.0.6/edf/train/aaaaajrj/s004_2012/01_tcp_ar/aaaaajrj_s004_t006.edf,18,
tusz,tusz_v2.0.6/edf/train/aaaaajrj/s004_2012/01_tcp_ar/aaaaajrj_s004_t007.edf,18,
tusz,tusz_v2.0.6/edf/train/aaaaajrj/s004_2012/01_tcp_ar/aaaaajrj_s004_t008.edf,18,
tusz,tusz_v2.0.6/edf/train/aaaaajrj/s004_2012/01_tcp_ar/aaaaajrj_s004_t009.edf,18,
tusz,tusz_v2.0.6/edf/train/aaaaajrj/s004_2012/01_tcp_ar/aaaaajrj_s004_t010.edf,18,
tusz,tusz_v2.0.6/edf/train/aaaaajrj/s004_2012/01_tcp_ar/aaaaajrj_s004_t011.edf,18,
tusz,tusz_v2.0.6/edf/train/aaaaajrj/s005_2012/01_tcp_ar/aaaaajrj_s005_t000.edf,18,
tusz,tusz_v2.0.6/edf/train/aaaaajrj/s005_2012/01_tcp_ar/aaaaajrj_s005_t001.edf,18,
tusz,tusz_v2.0.6/edf/train/aaaaajrj/s005_2012/01_tcp_ar/aaaaajrj_s005_t002.edf,18,
tusz,tusz_v2.0.6/edf/train/aaaaajrj/s005_2012/01_tcp_ar/aaaaajrj_s005_t003.edf,18,
tusz,tusz_v2.0.6/edf/train/aaaaajrj/s005_2012/01_tcp_ar/aaaaajrj_s005_t004.edf,18,
tusz,tusz_v2.0.6/edf/train/aaaaajrj/s005_2012/01_tcp_ar/aaaaajrj_s005_t005.edf,18,
tusz,tusz_v2.0.6/edf/train/aaaaajrj/s005_2012/01_tcp_ar/aaaaajrj_s005_t006.edf,18,
tusz,tusz_v2.0.6/edf/train/aaaaajrj/s005_2012/01_tcp_ar/aaaaajrj_s005_t007.edf,18,
tusz,tusz_v2.0.6/edf/train/aaaaajrj/s005_2012/01_tcp_ar/aaaaajrj_s005_t008.edf,18,
tusz,tusz_v2.0.6/edf/train/aaaaajrj/s005_2012/01_tcp_ar/aaaaajrj_s005_t009.edf,18,
tusz,tusz_v2.0.6/edf/train/aaaaajrj/s006_2012/01_tcp_ar/aaaaajrj_s006_t000.edf,18,
tusz,tusz_v2.0.6/edf/train/aaaaajrj/s006_2012/01_tcp_ar/aaaaajrj_s006_t001.edf,18,
tusz,tusz_v2.0.6/edf/train/aaaaajrj/s006_2012/01_tcp_ar/aaaaajrj_s006_t002.edf,18,
tusz,tusz_v2.0.6/edf/train/aaaaajrj/s006_2012/01_tcp_ar/aaaaajrj_s006_t003.edf,18,
tusz,tusz_v2.0.6/edf/train/aaaaajrj/s006_2012/01_tcp_ar/aaaaajrj_s006_t004.edf,18,
tusz,tusz_v2.0.6/edf/train/aaaaajrj/s006_2012/01_tcp_ar/aaaaajrj_s006_t005.edf,18,
tusz,tusz_v2.0.6/edf/train/aaaaajrj/s006_2012/01_tcp_ar/aaaaajrj_s006_t006.edf,18,
tusz,tusz_v2.0.6/edf/train/aaaaajrj/s006_2012/01_tcp_ar/aaaaajrj_s006_t007.edf,18,
tusz,tusz_v2.0.6/edf/train/aaaaajrj/s006_2012/01_tcp_ar/aaaaajrj_s006_t008.edf,18,
tusz,tusz_v2.0.6/edf/train/aaaaajrj/s006_2012/01_tcp_ar/aaaaajrj_s006_t009.edf,18,
tusz,tusz_v2.0.6/edf/train/aaaaajrj/s006_2012/01_tcp_ar/aaaaajrj_s006_t010.edf,18,
tusz,tusz_v2.0.6/edf/train/aaaaajrj/s006_2012/01_tcp_ar/aaaaajrj_s006_t011.edf,18,
tusz,tusz_v2.0.6/edf/train/aaaaajrs/s001_2010/02_tcp_le/aaaaajrs_s001_t000.edf,18,
tusz,tusz_v2.0.6/edf/train/aaaaajrs/s001_2010/02_tcp_le/aaaaajrs_s001_t001.edf,18,
tusz,tusz_v2.0.6/edf/train/aaaaajsj/s005_2010/03_tcp_ar_a/aaaaajsj_s005_t000.edf,18,
tusz,tusz_v2.0.6/edf/train/aaaaajsj/s005_2010/03_tcp_ar_a/aaaaajsj_s005_t001.edf,18,
tusz,tusz_v2.0.6/edf/train/aaaaajsk/s003_2011/01_tcp_ar/aaaaajsk_s003_t000.edf,18,
tusz,tusz_v2.0.6/edf/train/aaaaajsl/s001_2010/01_tcp_ar/aaaaajsl_s001_t000.edf,18,
tusz,tusz_v2.0.6/edf/train/aaaaajsl/s001_2010/01_tcp_ar/aaaaajsl_s001_t001.edf,18,
tusz,tusz_v2.0.6/edf/train/aaaaajsl/s001_2010/01_tcp_ar/aaaaajsl_s001_t002.edf,18,
tusz,tusz_v2.0.6/edf/train/aaaaajsl/s002_2010/01_tcp_ar/aaaaajsl_s002_t000.edf,18,
tusz,tusz_v2.0.6/edf/train/aaaaajsl/s002_2010/01_tcp_ar/aaaaajsl_s002_t001.edf,18,
tusz,tusz_v2.0.6/edf/train/aaaaajsl/s002_2010/01_tcp_ar/aaaaajsl_s002_t002.edf,18,
tusz,tusz_v2.0.6/edf/train/aaaaajsl/s009_2010/01_tcp_ar/aaaaajsl_s009_t000.edf,18,
tusz,tusz_v2.0.6/edf/train/aaaaajsl/s009_2010/01_tcp_ar/aaaaajsl_s009_t001.edf,18,
tusz,tusz_v2.0.6/edf/train/aaaaajsl/s009_2010/01_tcp_ar/aaaaajsl_s009_t002.edf,18,
tusz,tusz_v2.0.6/edf/train/aaaaajsl/s009_2010/01_tcp_ar/aaaaajsl_s009_t003.edf,18,
tusz,tusz_v2.0.6/edf/train/aaaaajud/s001_2010/01_tcp_ar/aaaaajud_s001_t000.edf,18,
tusz,tusz_v2.0.6/edf/train/aaaaajud/s001_2010/01_tcp_ar/aaaaajud_s001_t001.edf,18,
tusz,tusz_v2.0.6/edf/train/aaaaajvs/s002_2011/03_tcp_ar_a/aaaaajvs_s002_t000.edf,18,
tusz,tusz_v2.0.6/edf/train/aaaaajvs/s002_2011/03_tcp_ar_a/aaaaajvs_s002_t001.edf,18,
tusz,tusz_v2.0.6/edf/train/aaaaajvs/s002_2011/03_tcp_ar_a/aaaaajvs_s002_t002.edf,18,
tusz,tusz_v2.0.6/edf/train/aaaaajvs/s002_2011/03_tcp_ar_a/aaaaajvs_s002_t003.edf,18,
tusz,tusz_v2.0.6/edf/train/aaaaajvs/s002_2011/03_tcp_ar_a/aaaaajvs_s002_t004.edf,18,
tusz,tusz_v2.0.6/edf/train/aaaaajvs/s002_2011/03_tcp_ar_a/aaaaajvs_s002_t005.edf,18,
tusz,tusz_v2.0.6/edf/train/aaaaajvs/s002_2011/03_tcp_ar_a/aaaaajvs_s002_t006.edf,18,
tusz,tusz_v2.0.6/edf/train/aaaaajvs/s002_2011/03_tcp_ar_a/aaaaajvs_s002_t007.edf,18,
tusz,tusz_v2.0.6/edf/train/aaaaajxq/s001_2010/01_tcp_ar/aaaaajxq_s001_t001.edf,18,
tusz,tusz_v2.0.6/edf/train/aaaaajxr/s001_2010/01_tcp_ar/aaaaajxr_s001_t001.edf,18,
tusz,tusz_v2.0.6/edf/train/aaaaakal/s003_2010/02_tcp_le/aaaaakal_s003_t000.edf,18,
tusz,tusz_v2.0.6/edf/train/aaaaakao/s007_2014/01_tcp_ar/aaaaakao_s007_t000.edf,18,
tusz,tusz_v2.0.6/edf/train/aaaaakao/s007_2014/01_tcp_ar/aaaaakao_s007_t001.edf,18,
tusz,tusz_v2.0.6/edf/train/aaaaakao/s007_2014/01_tcp_ar/aaaaakao_s007_t002.edf,18,
tusz,tusz_v2.0.6/edf/train/aaaaakao/s007_2014/01_tcp_ar/aaaaakao_s007_t004.edf,18,
tusz,tusz_v2.0.6/edf/train/aaaaakao/s007_2014/01_tcp_ar/aaaaakao_s007_t005.edf,18,
tusz,tusz_v2.0.6/edf/train/aaaaakao/s007_2014/01_tcp_ar/aaaaakao_s007_t006.edf,18,
tusz,tusz_v2.0.6/edf/train/aaaaakao/s007_2014/01_tcp_ar/aaaaakao_s007_t007.edf,18,
tusz,tusz_v2.0.6/edf/train/aaaaakao/s007_2014/01_tcp_ar/aaaaakao_s007_t008.edf,18,
tusz,tusz_v2.0.6/edf/train/aaaaakao/s007_2014/01_tcp_ar/aaaaakao_s007_t009.edf,18,
tusz,tusz_v2.0.6/edf/train/aaaaakao/s007_2014/01_tcp_ar/aaaaakao_s007_t010.edf,18,
tusz,tusz_v2.0.6/edf/train/aaaaakao/s007_2014/01_tcp_ar/aaaaakao_s007_t011.edf,18,
tusz,tusz_v2.0.6/edf/train/aaaaakbz/s001_2010/01_tcp_ar/aaaaakbz_s001_t000.edf,18,
tusz,tusz_v2.0.6/edf/train/aaaaakbz/s002_2010/01_tcp_ar/aaaaakbz_s002_t000.edf,18,
tusz,tusz_v2.0.6/edf/train/aaaaakbz/s002_2010/01_tcp_ar/aaaaakbz_s002_t001.edf,18,
tusz,tusz_v2.0.6/edf/train/aaaaakbz/s003_2010/03_tcp_ar_a/aaaaakbz_s003_t000.edf,18,
tusz,tusz_v2.0.6/edf/train/aaaaakbz/s003_2010/03_tcp_ar_a/aaaaakbz_s003_t001.edf,18,
tusz,tusz_v2.0.6/edf/train/aaaaakbz/s003_2010/03_tcp_ar_a/aaaaakbz_s003_t002.edf,18,
tusz,tusz_v2.0.6/edf/train/aaaaakbz/s003_2010/03_tcp_ar_a/aaaaakbz_s003_t003.edf,18,
tusz,tusz_v2.0.6/edf/train/aaaaakbz/s003_2010/03_tcp_ar_a/aaaaakbz_s003_t004.edf,18,
tusz,tusz_v2.0.6/edf/train/aaaaakbz/s003_2010/03_tcp_ar_a/aaaaakbz_s003_t005.edf,18,
tusz,tusz_v2.0.6/edf/train/aaaaakbz/s003_2010/03_tcp_ar_a/aaaaakbz_s003_t006.edf,18,
tusz,tusz_v2.0.6/edf/train/aaaaakbz/s003_2010/03_tcp_ar_a/aaaaakbz_s003_t007.edf,18,
tusz,tusz_v2.0.6/edf/train/aaaaakbz/s004_2010/02_tcp_le/aaaaakbz_s004_t000.edf,18,
tusz,tusz_v2.0.6/edf/train/aaaaakbz/s005_2011/01_tcp_ar/aaaaakbz_s005_t000.edf,18,
tusz,tusz_v2.0.6/edf/train/aaaaakbz/s006_2012/01_tcp_ar/aaaaakbz_s006_t000.edf,18,
tusz,tusz_v2.0.6/edf/train/aaaaakea/s001_2010/01_tcp_ar/aaaaakea_s001_t001.edf,18,
tusz,tusz_v2.0.6/edf/train/aaaaakea/s002_2010/01_tcp_ar/aaaaakea_s002_t000.edf,18,
tusz,tusz_v2.0.6/edf/train/aaaaakfo/s001_2010/02_tcp_le/aaaaakfo_s001_t000.edf,18,
tusz,tusz_v2.0.6/edf/train/aaaaakfo/s001_2010/02_tcp_le/aaaaakfo_s001_t001.edf,18,
tusz,tusz_v2.0.6/edf/train/aaaaakfo/s004_2010/01_tcp_ar/aaaaakfo_s004_t000.edf,18,
tusz,tusz_v2.0.6/edf/train/aaaaakfo/s004_2010/01_tcp_ar/aaaaakfo_s004_t001.edf,18,
tusz,tusz_v2.0.6/edf/train/aaaaakfo/s004_2010/01_tcp_ar/aaaaakfo_s004_t002.edf,18,
tusz,tusz_v2.0.6/edf/train/aaaaakfo/s004_2010/01_tcp_ar/aaaaakfo_s004_t003.edf,18,
tusz,tusz_v2.0.6/edf/train/aaaaakfo/s004_2010/01_tcp_ar/aaaaakfo_s004_t004.edf,18,
tusz,tusz_v2.0.6/edf/train/aaaaakfo/s005_2010/01_tcp_ar/aaaaakfo_s005_t000.edf,18,
tusz,tusz_v2.0.6/edf/train/aaaaakfo/s005_2010/01_tcp_ar/aaaaakfo_s005_t001.edf,18,
tusz,tusz_v2.0.6/edf/train/aaaaakfo/s005_2010/01_tcp_ar/aaaaakfo_s005_t002.edf,18,
tusz,tusz_v2.0.6/edf/train/aaaaakfo/s007_2010/01_tcp_ar/aaaaakfo_s007_t000.edf,18,
tusz,tusz_v2.0.6/edf/train/aaaaakfo/s007_2010/01_tcp_ar/aaaaakfo_s007_t001.edf,18,
tusz,tusz_v2.0.6/edf/train/aaaaakfo/s007_2010/01_tcp_ar/aaaaakfo_s007_t002.edf,18,
tusz,tusz_v2.0.6/edf/train/aaaaakfo/s007_2010/01_tcp_ar/aaaaakfo_s007_t003.edf,18,
tusz,tusz_v2.0.6/edf/train/aaaaakfo/s007_2010/01_tcp_ar/aaaaakfo_s007_t004.edf,18,
tusz,tusz_v2.0.6/edf/train/aaaaakfo/s007_2010/01_tcp_ar/aaaaakfo_s007_t005.edf,18,
tusz,tusz_v2.0.6/edf/train/aaaaakfo/s007_2010/01_tcp_ar/aaaaakfo_s007_t006.edf,18,
tusz,tusz_v2.0.6/edf/train/aaaaakfo/s008_2010/01_tcp_ar/aaaaakfo_s008_t000.edf,18,
tusz,tusz_v2.0.6/edf/train/aaaaakfo/s008_2010/01_tcp_ar/aaaaakfo_s008_t001.edf,18,
tusz,tusz_v2.0.6/edf/train/aaaaakfo/s008_2010/01_tcp_ar/aaaaakfo_s008_t002.edf,18,
tusz,tusz_v2.0.6/edf/train/aaaaakfo/s008_2010/01_tcp_ar/aaaaakfo_s008_t003.edf,18,
tusz,tusz_v2.0.6/edf/train/aaaaakkm/s002_2010/03_tcp_ar_a/aaaaakkm_s002_t000.edf,18,
tusz,tusz_v2.0.6/edf/train/aaaaakkm/s002_2010/03_tcp_ar_a/aaaaakkm_s002_t001.edf,18,
tusz,tusz_v2.0.6/edf/train/aaaaakkm/s002_2010/03_tcp_ar_a/aaaaakkm_s002_t002.edf,18,
tusz,tusz_v2.0.6/edf/train/aaaaakkm/s002_2010/03_tcp_ar_a/aaaaakkm_s002_t003.edf,18,
tusz,tusz_v2.0.6/edf/train/aaaaakkm/s002_2010/03_tcp_ar_a/aaaaakkm_s002_t004.edf,18,
tusz,tusz_v2.0.6/edf/train/aaaaakkm/s003_2010/03_tcp_ar_a/aaaaakkm_s003_t000.edf,18,
tusz,tusz_v2.0.6/edf/train/aaaaakkm/s003_2010/03_tcp_ar_a/aaaaakkm_s003_t001.edf,18,
tusz,tusz_v2.0.6/edf/train/aaaaakkm/s003_2010/03_tcp_ar_a/aaaaakkm_s003_t002.edf,18,
tusz,tusz_v2.0.6/edf/train/aaaaakkm/s003_2010/03_tcp_ar_a/aaaaakkm_s003_t003.edf,18,
tusz,tusz_v2.0.6/edf/train/aaaaakkm/s003_2010/03_tcp_ar_a/aaaaakkm_s003_t004.edf,18,
tusz,tusz_v2.0.6/edf/train/aaaaakkm/s003_2010/03_tcp_ar_a/aaaaakkm_s003_t005.edf,18,
tusz,tusz_v2.0.6/edf/train/aaaaakkm/s003_2010/03_tcp_ar_a/aaaaakkm_s003_t006.edf,18,
tusz,tusz_v2.0.6/edf/train/aaaaakkm/s004_2010/03_tcp_ar_a/aaaaakkm_s004_t000.edf,18,
tusz,tusz_v2.0.6/edf/train/aaaaakkm/s004_2010/03_tcp_ar_a/aaaaakkm_s004_t001.edf,18,
tusz,tusz_v2.0.6/edf/train/aaaaakkm/s004_2010/03_tcp_ar_a/aaaaakkm_s004_t002.edf,18,
tusz,tusz_v2.0.6/edf/train/aaaaakkm/s004_2010/03_tcp_ar_a/aaaaakkm_s004_t003.edf,18,
tusz,tusz_v2.0.6/edf/train/aaaaakkm/s005_2011/01_tcp_ar/aaaaakkm_s005_t001.edf,18,
tusz,tusz_v2.0.6/edf/train/aaaaakkm/s005_2011/01_tcp_ar/aaaaakkm_s005_t002.edf,18,
tusz,tusz_v2.0.6/edf/train/aaaaakkm/s005_2011/01_tcp_ar/aaaaakkm_s005_t003.edf,18,
tusz,tusz_v2.0.6/edf/train/aaaaakkm/s005_2011/01_tcp_ar/aaaaakkm_s005_t004.edf,18,
tusz,tusz_v2.0.6/edf/train/aaaaakkm/s006_2011/03_tcp_ar_a/aaaaakkm_s006_t000.edf,18,
tusz,tusz_v2.0.6/edf/train/aaaaakkm/s006_2011/03_tcp_ar_a/aaaaakkm_s006_t001.edf,18,
tusz,tusz_v2.0.6/edf/train/aaaaakkm/s006_2011/03_tcp_ar_a/aaaaakkm_s006_t002.edf,18,
tusz,tusz_v2.0.6/edf/train/aaaaakkm/s006_2011/03_tcp_ar_a/aaaaakkm_s006_t003.edf,18,
tusz,tusz_v2.0.6/edf/train/aaaaakkm/s007_2011/03_tcp_ar_a/aaaaakkm_s007_t000.edf,18,
tusz,tusz_v2.0.6/edf/train/aaaaakkm/s007_2011/03_tcp_ar_a/aaaaakkm_s007_t001.edf,18,
tusz,tusz_v2.0.6/edf/train/aaaaakkm/s007_2011/03_tcp_ar_a/aaaaakkm_s007_t002.edf,18,
tusz,tusz_v2.0.6/edf/train/aaaaakkm/s007_2011/03_tcp_ar_a/aaaaakkm_s007_t003.edf,18,
tusz,tusz_v2.0.6/edf/train/aaaaakkm/s007_2011/03_tcp_ar_a/aaaaakkm_s007_t004.edf,18,
tusz,tusz_v2.0.6/edf/train/aaaaakkm/s007_2011/03_tcp_ar_a/aaaaakkm_s007_t005.edf,18,
tusz,tusz_v2.0.6/edf/train/aaaaakkm/s008_2011/01_tcp_ar/aaaaakkm_s008_t000.edf,18,
tusz,tusz_v2.0.6/edf/train/aaaaakkm/s008_2011/01_tcp_ar/aaaaakkm_s008_t001.edf,18,
tusz,tusz_v2.0.6/edf/train/aaaaakkm/s009_2011/01_tcp_ar/aaaaakkm_s009_t000.edf,18,
tusz,tusz_v2.0.6/edf/train/aaaaakks/s001_2010/01_tcp_ar/aaaaakks_s001_t000.edf,18,
tusz,tusz_v2.0.6/edf/train/aaaaakks/s001_2010/01_tcp_ar/aaaaakks_s001_t001.edf,18,
tusz,tusz_v2.0.6/edf/train/aaaaaklv/s001_2010/02_tcp_le/aaaaaklv_s001_t001.edf,18,
tusz,tusz_v2.0.6/edf/train/aaaaakmu/s001_2010/03_tcp_ar_a/aaaaakmu_s001_t000.edf,18,
tusz,tusz_v2.0.6/edf/train/aaaaakmu/s002_2010/03_tcp_ar_a/aaaaakmu_s002_t000.edf,18,
tusz,tusz_v2.0.6/edf/train/aaaaakmu/s002_2010/03_tcp_ar_a/aaaaakmu_s002_t001.edf,18,
tusz,tusz_v2.0.6/edf/train/aaaaakmu/s002_2010/03_tcp_ar_a/aaaaakmu_s002_t002.edf,18,
tusz,tusz_v2.0.6/edf/train/aaaaakmu/s002_2010/03_tcp_ar_a/aaaaakmu_s002_t003.edf,18,
tusz,tusz_v2.0.6/edf/train/aaaaakmu/s002_2010/03_tcp_ar_a/aaaaakmu_s002_t004.edf,18,
tusz,tusz_v2.0.6/edf/train/aaaaakmu/s003_2010/03_tcp_ar_a/aaaaakmu_s003_t000.edf,18,
tusz,tusz_v2.0.6/edf/train/aaaaakmu/s003_2010/03_tcp_ar_a/aaaaakmu_s003_t001.edf,18,
tusz,tusz_v2.0.6/edf/train/aaaaakmu/s003_2010/03_tcp_ar_a/aaaaakmu_s003_t002.edf,18,
tusz,tusz_v2.0.6/edf/train/aaaaakmu/s003_2010/03_tcp_ar_a/aaaaakmu_s003_t003.edf,18,
tusz,tusz_v2.0.6/edf/train/aaaaakmw/s003_2010/01_tcp_ar/aaaaakmw_s003_t001.edf,18,
tusz,tusz_v2.0.6/edf/train/aaaaakmw/s003_2010/01_tcp_ar/aaaaakmw_s003_t002.edf,18,
tusz,tusz_v2.0.6/edf/train/aaaaakmw/s003_2010/01_tcp_ar/aaaaakmw_s003_t003.edf,18,
tusz,tusz_v2.0.6/edf/train/aaaaakmw/s003_2010/01_tcp_ar/aaaaakmw_s003_t004.edf,18,
tusz,tusz_v2.0.6/edf/train/aaaaakmw/s003_2010/01_tcp_ar/aaaaakmw_s003_t005.edf,18,
tusz,tusz_v2.0.6/edf/train/aaaaakmw/s003_2010/01_tcp_ar/aaaaakmw_s003_t006.edf,18,
tusz,tusz_v2.0.6/edf/train/aaaaakmw/s003_2010/01_tcp_ar/aaaaakmw_s003_t007.edf,18,
tusz,tusz_v2.0.6/edf/train/aaaaakmw/s003_2010/01_tcp_ar/aaaaakmw_s003_t008.edf,18,
tusz,tusz_v2.0.6/edf/train/aaaaakmw/s003_2010/01_tcp_ar/aaaaakmw_s003_t009.edf,18,
tusz,tusz_v2.0.6/edf/train/aaaaakmw/s003_2010/01_tcp_ar/aaaaakmw_s003_t010.edf,18,
tusz,tusz_v2.0.6/edf/train/aaaaakmw/s003_2010/01_tcp_ar/aaaaakmw_s003_t011.edf,18,
tusz,tusz_v2.0.6/edf/train/aaaaakmw/s003_2010/01_tcp_ar/aaaaakmw_s003_t012.edf,18,
tusz,tusz_v2.0.6/edf/train/aaaaakmx/s003_2011/01_tcp_ar/aaaaakmx_s003_t000.edf,18,
tusz,tusz_v2.0.6/edf/train/aaaaakmx/s003_2011/01_tcp_ar/aaaaakmx_s003_t001.edf,18,
tusz,tusz_v2.0.6/edf/train/aaaaaknk/s001_2010/02_tcp_le/aaaaaknk_s001_t000.edf,18,
tusz,tusz_v2.0.6/edf/train/aaaaaknk/s001_2010/02_tcp_le/aaaaaknk_s001_t001.edf,18,
tusz,tusz_v2.0.6/edf/train/aaaaaknk/s001_2010/02_tcp_le/aaaaaknk_s001_t002.edf,18,
tusz,tusz_v2.0.6/edf/train/aaaaaknk/s001_2010/02_tcp_le/aaaaaknk_s001_t003.edf,18,
tusz,tusz_v2.0.6/edf/train/aaaaakny/s004_2013/01_tcp_ar/aaaaakny_s004_t000.edf,18,
tusz,tusz_v2.0.6/edf/train/aaaaakny/s004_2013/01_tcp_ar/aaaaakny_s004_t001.edf,18,
tusz,tusz_v2.0.6/edf/train/aaaaakny/s004_2013/01_tcp_ar/aaaaakny_s004_t002.edf,18,
tusz,tusz_v2.0.6/edf/train/aaaaakny/s004_2013/01_tcp_ar/aaaaakny_s004_t003.edf,18,
tusz,tusz_v2.0.6/edf/train/aaaaakny/s004_2013/01_tcp_ar/aaaaakny_s004_t004.edf,18,
tusz,tusz_v2.0.6/edf/train/aaaaakny/s004_2013/01_tcp_ar/aaaaakny_s004_t005.edf,18,
tusz,tusz_v2.0.6/edf/train/aaaaakny/s006_2013/01_tcp_ar/aaaaakny_s006_t000.edf,18,
tusz,tusz_v2.0.6/edf/train/aaaaakny/s006_2013/01_tcp_ar/aaaaakny_s006_t001.edf,18,
tusz,tusz_v2.0.6/edf/train/aaaaakny/s006_2013/01_tcp_ar/aaaaakny_s006_t002.edf,18,
tusz,tusz_v2.0.6/edf/train/aaaaakny/s006_2013/01_tcp_ar/aaaaakny_s006_t003.edf,18,
tusz,tusz_v2.0.6/edf/train/aaaaakny/s006_2013/01_tcp_ar/aaaaakny_s006_t004.edf,18,
tusz,tusz_v2.0.6/edf/train/aaaaakny/s006_2013/01_tcp_ar/aaaaakny_s006_t005.edf,18,
tusz,tusz_v2.0.6/edf/train/aaaaakny/s006_2013/01_tcp_ar/aaaaakny_s006_t006.edf,18,
tusz,tusz_v2.0.6/edf/train/aaaaakny/s007_2013/01_tcp_ar/aaaaakny_s007_t000.edf,18,
tusz,tusz_v2.0.6/edf/train/aaaaakny/s007_2013/01_tcp_ar/aaaaakny_s007_t001.edf,18,
tusz,tusz_v2.0.6/edf/train/aaaaakny/s008_2013/01_tcp_ar/aaaaakny_s008_t000.edf,18,
tusz,tusz_v2.0.6/edf/train/aaaaakny/s008_2013/01_tcp_ar/aaaaakny_s008_t001.edf,18,
tusz,tusz_v2.0.6/edf/train/aaaaakny/s008_2013/01_tcp_ar/aaaaakny_s008_t002.edf,18,
tusz,tusz_v2.0.6/edf/train/aaaaakny/s008_2013/01_tcp_ar/aaaaakny_s008_t003.edf,18,
tusz,tusz_v2.0.6/edf/train/aaaaakny/s008_2013/01_tcp_ar/aaaaakny_s008_t004.edf,18,
tusz,tusz_v2.0.6/edf/train/aaaaakny/s008_2013/01_tcp_ar/aaaaakny_s008_t005.edf,18,
tusz,tusz_v2.0.6/edf/train/aaaaakny/s008_2013/01_tcp_ar/aaaaakny_s008_t006.edf,18,
tusz,tusz_v2.0.6/edf/train/aaaaakny/s008_2013/01_tcp_ar/aaaaakny_s008_t007.edf,18,
tusz,tusz_v2.0.6/edf/train/aaaaakny/s008_2013/01_tcp_ar/aaaaakny_s008_t008.edf,18,
tusz,tusz_v2.0.6/edf/train/aaaaakny/s008_2013/01_tcp_ar/aaaaakny_s008_t009.edf,18,
tusz,tusz_v2.0.6/edf/train/aaaaakoe/s001_2010/02_tcp_le/aaaaakoe_s001_t001.edf,18,
tusz,tusz_v2.0.6/edf/train/aaaaakoe/s002_2010/03_tcp_ar_a/aaaaakoe_s002_t000.edf,18,
tusz,tusz_v2.0.6/edf/train/aaaaakoe/s002_2010/03_tcp_ar_a/aaaaakoe_s002_t001.edf,18,
tusz,tusz_v2.0.6/edf/train/aaaaakoe/s002_2010/03_tcp_ar_a/aaaaakoe_s002_t002.edf,18,
tusz,tusz_v2.0.6/edf/train/aaaaakoe/s002_2010/03_tcp_ar_a/aaaaakoe_s002_t003.edf,18,
tusz,tusz_v2.0.6/edf/train/aaaaakoe/s002_2010/03_tcp_ar_a/aaaaakoe_s002_t004.edf,18,
tusz,tusz_v2.0.6/edf/train/aaaaakoe/s002_2010/03_tcp_ar_a/aaaaakoe_s002_t005.edf,18,
tusz,tusz_v2.0.6/edf/train/aaaaakoe/s002_2010/03_tcp_ar_a/aaaaakoe_s002_t006.edf,18,
tusz,tusz_v2.0.6/edf/train/aaaaakoe/s004_2010/03_tcp_ar_a/aaaaakoe_s004_t000.edf,18,
tusz,tusz_v2.0.6/edf/train/aaaaakoe/s004_2010/03_tcp_ar_a/aaaaakoe_s004_t001.edf,18,
tusz,tusz_v2.0.6/edf/train/aaaaakoe/s004_2010/03_tcp_ar_a/aaaaakoe_s004_t002.edf,18,
tusz,tusz_v2.0.6/edf/train/aaaaakoe/s004_2010/03_tcp_ar_a/aaaaakoe_s004_t003.edf,18,
tusz,tusz_v2.0.6/edf/train/aaaaakog/s001_2010/01_tcp_ar/aaaaakog_s001_t000.edf,18,
tusz,tusz_v2.0.6/edf/train/aaaaakog/s002_2012/01_tcp_ar/aaaaakog_s002_t000.edf,18,
tusz,tusz_v2.0.6/edf/train/aaaaakpu/s001_2010/01_tcp_ar/aaaaakpu_s001_t000.edf,18,
tusz,tusz_v2.0.6/edf/train/aaaaakpu/s001_2010/01_tcp_ar/aaaaakpu_s001_t001.edf,18,
tusz,tusz_v2.0.6/edf/train/aaaaakpu/s002_2010/03_tcp_ar_a/aaaaakpu_s002_t000.edf,18,
tusz,tusz_v2.0.6/edf/train/aaaaakpu/s002_2010/03_tcp_ar_a/aaaaakpu_s002_t001.edf,18,
tusz,tusz_v2.0.6/edf/train/aaaaakpu/s002_2010/03_tcp_ar_a/aaaaakpu_s002_t002.edf,18,
tusz,tusz_v2.0.6/edf/train/aaaaakpu/s002_2010/03_tcp_ar_a/aaaaakpu_s002_t003.edf,18,
tusz,tusz_v2.0.6/edf/train/aaaaakpu/s002_2010/03_tcp_ar_a/aaaaakpu_s002_t004.edf,18,
tusz,tusz_v2.0.6/edf/train/aaaaakpu/s002_2010/03_tcp_ar_a/aaaaakpu_s002_t005.edf,18,
tusz,tusz_v2.0.6/edf/train/aaaaakpu/s002_2010/03_tcp_ar_a/aaaaakpu_s002_t006.edf,18,
tusz,tusz_v2.0.6/edf/train/aaaaakpu/s003_2010/03_tcp_ar_a/aaaaakpu_s003_t000.edf,18,
tusz,tusz_v2.0.6/edf/train/aaaaakpu/s003_2010/03_tcp_ar_a/aaaaakpu_s003_t001.edf,18,
tusz,tusz_v2.0.6/edf/train/aaaaakpu/s003_2010/03_tcp_ar_a/aaaaakpu_s003_t002.edf,18,
tusz,tusz_v2.0.6/edf/train/aaaaakpu/s003_2010/03_tcp_ar_a/aaaaakpu_s003_t003.edf,18,
tusz,tusz_v2.0.6/edf/train/aaaaakpu/s003_2010/03_tcp_ar_a/aaaaakpu_s003_t004.edf,18,
tusz,tusz_v2.0.6/edf/train/aaaaakpu/s004_2013/01_tcp_ar/aaaaakpu_s004_t000.edf,18,
tusz,tusz_v2.0.6/edf/train/aaaaakqu/s002_2010/03_tcp_ar_a/aaaaakqu_s002_t000.edf,18,
tusz,tusz_v2.0.6/edf/train/aaaaakqu/s002_2010/03_tcp_ar_a/aaaaakqu_s002_t001.edf,18,
tusz,tusz_v2.0.6/edf/train/aaaaakqu/s002_2010/03_tcp_ar_a/aaaaakqu_s002_t002.edf,18,
tusz,tusz_v2.0.6/edf/train/aaaaakqu/s002_2010/03_tcp_ar_a/aaaaakqu_s002_t003.edf,18,
tusz,tusz_v2.0.6/edf/train/aaaaakqu/s002_2010/03_tcp_ar_a/aaaaakqu_s002_t004.edf,18,
tusz,tusz_v2.0.6/edf/train/aaaaakro/s009_2014/01_tcp_ar/aaaaakro_s009_t000.edf,18,
tusz,tusz_v2.0.6/edf/train/aaaaakro/s009_2014/01_tcp_ar/aaaaakro_s009_t001.edf,18,
tusz,tusz_v2.0.6/edf/train/aaaaakrt/s003_2010/03_tcp_ar_a/aaaaakrt_s003_t000.edf,18,
tusz,tusz_v2.0.6/edf/train/aaaaakrt/s003_2010/03_tcp_ar_a/aaaaakrt_s003_t001.edf,18,
tusz,tusz_v2.0.6/edf/train/aaaaakrt/s003_2010/03_tcp_ar_a/aaaaakrt_s003_t003.edf,18,
tusz,tusz_v2.0.6/edf/train/aaaaakrt/s003_2010/03_tcp_ar_a/aaaaakrt_s003_t004.edf,18,
tusz,tusz_v2.0.6/edf/train/aaaaaksg/s001_2010/02_tcp_le/aaaaaksg_s001_t001.edf,18,
tusz,tusz_v2.0.6/edf/train/aaaaaksg/s001_2010/02_tcp_le/aaaaaksg_s001_t002.edf,18,
tusz,tusz_v2.0.6/edf/train/aaaaaksg/s002_2010/03_tcp_ar_a/aaaaaksg_s002_t000.edf,18,
tusz,tusz_v2.0.6/edf/train/aaaaaksg/s002_2010/03_tcp_ar_a/aaaaaksg_s002_t001.edf,18,
tusz,tusz_v2.0.6/edf/train/aaaaaksg/s002_2010/03_tcp_ar_a/aaaaaksg_s002_t002.edf,18,
tusz,tusz_v2.0.6/edf/train/aaaaaksg/s002_2010/03_tcp_ar_a/aaaaaksg_s002_t003.edf,18,
tusz,tusz_v2.0.6/edf/train/aaaaaksg/s002_2010/03_tcp_ar_a/aaaaaksg_s002_t004.edf,18,
tusz,tusz_v2.0.6/edf/train/aaaaaksh/s001_2010/01_tcp_ar/aaaaaksh_s001_t000.edf,18,
tusz,tusz_v2.0.6/edf/train/aaaaaksh/s001_2010/01_tcp_ar/aaaaaksh_s001_t001.edf,18,
tusz,tusz_v2.0.6/edf/train/aaaaaksh/s003_2010/01_tcp_ar/aaaaaksh_s003_t000.edf,18,
tusz,tusz_v2.0.6/edf/train/aaaaaksh/s003_2010/01_tcp_ar/aaaaaksh_s003_t001.edf,18,
tusz,tusz_v2.0.6/edf/train/aaaaaksh/s003_2010/01_tcp_ar/aaaaaksh_s003_t002.edf,18,
tusz,tusz_v2.0.6/edf/train/aaaaaksh/s003_2010/01_tcp_ar/aaaaaksh_s003_t003.edf,18,
tusz,tusz_v2.0.6/edf/train/aaaaaksh/s004_2010/03_tcp_ar_a/aaaaaksh_s004_t000.edf,18,
tusz,tusz_v2.0.6/edf/train/aaaaaksh/s004_2010/03_tcp_ar_a/aaaaaksh_s004_t001.edf,18,
tusz,tusz_v2.0.6/edf/train/aaaaaksh/s004_2010/03_tcp_ar_a/aaaaaksh_s004_t002.edf,18,
tusz,tusz_v2.0.6/edf/train/aaaaaksh/s005_2010/03_tcp_ar_a/aaaaaksh_s005_t000.edf,18,
tusz,tusz_v2.0.6/edf/train/aaaaaksh/s005_2010/03_tcp_ar_a/aaaaaksh_s005_t001.edf,18,
tusz,tusz_v2.0.6/edf/train/aaaaaksh/s005_2010/03_tcp_ar_a/aaaaaksh_s005_t002.edf,18,
tusz,tusz_v2.0.6/edf/train/aaaaaksh/s005_2010/03_tcp_ar_a/aaaaaksh_s005_t003.edf,18,
tusz,tusz_v2.0.6/edf/train/aaaaaksh/s007_2010/03_tcp_ar_a/aaaaaksh_s007_t000.edf,18,
tusz,tusz_v2.0.6/edf/train/aaaaaksh/s007_2010/03_tcp_ar_a/aaaaaksh_s007_t002.edf,18,
tusz,tusz_v2.0.6/edf/train/aaaaaksh/s007_2010/03_tcp_ar_a/aaaaaksh_s007_t003.edf,18,
tusz,tusz_v2.0.6/edf/train/aaaaaksh/s007_2010/03_tcp_ar_a/aaaaaksh_s007_t005.edf,18,
tusz,tusz_v2.0.6/edf/train/aaaaaksh/s007_2010/03_tcp_ar_a/aaaaaksh_s007_t006.edf,18,
tusz,tusz_v2.0.6/edf/train/aaaaaksh/s009_2010/01_tcp_ar/aaaaaksh_s009_t000.edf,18,
tusz,tusz_v2.0.6/edf/train/aaaaaksy/s001_2010/02_tcp_le/aaaaaksy_s001_t000.edf,18,
tusz,tusz_v2.0.6/edf/train/aaaaaksy/s001_2010/02_tcp_le/aaaaaksy_s001_t001.edf,18,
tusz,tusz_v2.0.6/edf/train/aaaaaksy/s002_2010/02_tcp_le/aaaaaksy_s002_t000.edf,18,
tusz,tusz_v2.0.6/edf/train/aaaaaktb/s001_2010/02_tcp_le/aaaaaktb_s001_t000.edf,18,
tusz,tusz_v2.0.6/edf/train/aaaaaktk/s002_2010/03_tcp_ar_a/aaaaaktk_s002_t000.edf,18,
tusz,tusz_v2.0.6/edf/train/aaaaaktk/s002_2010/03_tcp_ar_a/aaaaaktk_s002_t001.edf,18,
tusz,tusz_v2.0.6/edf/train/aaaaaktk/s002_2010/03_tcp_ar_a/aaaaaktk_s002_t002.edf,18,
tusz,tusz_v2.0.6/edf/train/aaaaaktk/s002_2010/03_tcp_ar_a/aaaaaktk_s002_t003.edf,18,
tusz,tusz_v2.0.6/edf/train/aaaaaktz/s001_2010/01_tcp_ar/aaaaaktz_s001_t000.edf,18,
tusz,tusz_v2.0.6/edf/train/aaaaakuq/s004_2014/01_tcp_ar/aaaaakuq_s004_t000.edf,18,
tusz,tusz_v2.0.6/edf/train/aaaaakvb/s001_2010/02_tcp_le/aaaaakvb_s001_t000.edf,18,
tusz,tusz_v2.0.6/edf/train/aaaaakvb/s001_2010/02_tcp_le/aaaaakvb_s001_t001.edf,18,
tusz,tusz_v2.0.6/edf/train/aaaaakvb/s002_2010/02_tcp_le/aaaaakvb_s002_t001.edf,18,
tusz,tusz_v2.0.6/edf/train/aaaaakvh/s001_2010/01_tcp_ar/aaaaakvh_s001_t000.edf,18,
tusz,tusz_v2.0.6/edf/train/aaaaakvh/s001_2010/01_tcp_ar/aaaaakvh_s001_t001.edf,18,
tusz,tusz_v2.0.6/edf/train/aaaaakxq/s006_2013/01_tcp_ar/aaaaakxq_s006_t000.edf,18,
tusz,tusz_v2.0.6/edf/train/aaaaakzv/s008_2012/01_tcp_ar/aaaaakzv_s008_t000.edf,18,
tusz,tusz_v2.0.6/edf/train/aaaaakzv/s008_2012/01_tcp_ar/aaaaakzv_s008_t001.edf,18,
tusz,tusz_v2.0.6/edf/train/aaaaakzv/s008_2012/01_tcp_ar/aaaaakzv_s008_t002.edf,18,
tusz,tusz_v2.0.6/edf/train/aaaaakzv/s008_2012/01_tcp_ar/aaaaakzv_s008_t003.edf,18,
tusz,tusz_v2.0.6/edf/train/aaaaakzv/s008_2012/01_tcp_ar/aaaaakzv_s008_t004.edf,18,
tusz,tusz_v2.0.6/edf/train/aaaaakzv/s008_2012/01_tcp_ar/aaaaakzv_s008_t005.edf,18,
tusz,tusz_v2.0.6/edf/train/aaaaakzv/s009_2015/01_tcp_ar/aaaaakzv_s009_t001.edf,18,
tusz,tusz_v2.0.6/edf/train/aaaaalak/s001_2010/02_tcp_le/aaaaalak_s001_t000.edf,18,
tusz,tusz_v2.0.6/edf/train/aaaaalak/s002_2015/01_tcp_ar/aaaaalak_s002_t000.edf,18,
tusz,tusz_v2.0.6/edf/train/aaaaalak/s003_2015/01_tcp_ar/aaaaalak_s003_t000.edf,18,
tusz,tusz_v2.0.6/edf/train/aaaaalak/s003_2015/01_tcp_ar/aaaaalak_s003_t001.edf,18,
tusz,tusz_v2.0.6/edf/train/aaaaalak/s003_2015/01_tcp_ar/aaaaalak_s003_t002.edf,18,
tusz,tusz_v2.0.6/edf/train/aaaaalak/s003_2015/01_tcp_ar/aaaaalak_s003_t003.edf,18,
tusz,tusz_v2.0.6/edf/train/aaaaalak/s003_2015/01_tcp_ar/aaaaalak_s003_t004.edf,18,
tusz,tusz_v2.0.6/edf/train/aaaaalak/s003_2015/01_tcp_ar/aaaaalak_s003_t005.edf,18,
tusz,tusz_v2.0.6/edf/train/aaaaalak/s003_2015/01_tcp_ar/aaaaalak_s003_t006.edf,18,
tusz,tusz_v2.0.6/edf/train/aaaaalak/s003_2015/01_tcp_ar/aaaaalak_s003_t007.edf,18,
tusz,tusz_v2.0.6/edf/train/aaaaalak/s003_2015/01_tcp_ar/aaaaalak_s003_t008.edf,18,
tusz,tusz_v2.0.6/edf/train/aaaaalak/s003_2015/01_tcp_ar/aaaaalak_s003_t009.edf,18,
tusz,tusz_v2.0.6/edf/train/aaaaalak/s007_2015/01_tcp_ar/aaaaalak_s007_t000.edf,18,
tusz,tusz_v2.0.6/edf/train/aaaaalak/s007_2015/01_tcp_ar/aaaaalak_s007_t001.edf,18,
tusz,tusz_v2.0.6/edf/train/aaaaalak/s007_2015/01_tcp_ar/aaaaalak_s007_t002.edf,18,
tusz,tusz_v2.0.6/edf/train/aaaaalak/s007_2015/01_tcp_ar/aaaaalak_s007_t003.edf,18,
tusz,tusz_v2.0.6/edf/train/aaaaalak/s007_2015/01_tcp_ar/aaaaalak_s007_t004.edf,18,
tusz,tusz_v2.0.6/edf/train/aaaaalak/s007_2015/01_tcp_ar/aaaaalak_s007_t005.edf,18,
tusz,tusz_v2.0.6/edf/train/aaaaalak/s007_2015/01_tcp_ar/aaaaalak_s007_t006.edf,18,
tusz,tusz_v2.0.6/edf/train/aaaaalak/s007_2015/01_tcp_ar/aaaaalak_s007_t007.edf,18,
tusz,tusz_v2.0.6/edf/train/aaaaalak/s007_2015/01_tcp_ar/aaaaalak_s007_t008.edf,18,
tusz,tusz_v2.0.6/edf/train/aaaaalak/s007_2015/01_tcp_ar/aaaaalak_s007_t009.edf,18,
tusz,tusz_v2.0.6/edf/train/aaaaalaw/s003_2013/01_tcp_ar/aaaaalaw_s003_t000.edf,18,
tusz,tusz_v2.0.6/edf/train/aaaaalbn/s003_2013/01_tcp_ar/aaaaalbn_s003_t000.edf,18,
tusz,tusz_v2.0.6/edf/train/aaaaalcq/s001_2011/01_tcp_ar/aaaaalcq_s001_t000.edf,18,
tusz,tusz_v2.0.6/edf/train/aaaaalep/s008_2012/01_tcp_ar/aaaaalep_s008_t000.edf,18,
tusz,tusz_v2.0.6/edf/train/aaaaalep/s008_2012/01_tcp_ar/aaaaalep_s008_t001.edf,18,
tusz,tusz_v2.0.6/edf/train/aaaaalep/s008_2012/01_tcp_ar/aaaaalep_s008_t002.edf,18,
tusz,tusz_v2.0.6/edf/train/aaaaalep/s008_2012/01_tcp_ar/aaaaalep_s008_t003.edf,18,
tusz,tusz_v2.0.6/edf/train/aaaaalep/s008_2012/01_tcp_ar/aaaaalep_s008_t004.edf,18,
tusz,tusz_v2.0.6/edf/train/aaaaalep/s008_2012/01_tcp_ar/aaaaalep_s008_t005.edf,18,
tusz,tusz_v2.0.6/edf/train/aaaaalep/s008_2012/01_tcp_ar/aaaaalep_s008_t006.edf,18,
tusz,tusz_v2.0.6/edf/train/aaaaalep/s008_2012/01_tcp_ar/aaaaalep_s008_t007.edf,18,
tusz,tusz_v2.0.6/edf/train/aaaaalep/s008_2012/01_tcp_ar/aaaaalep_s008_t008.edf,18,
tusz,tusz_v2.0.6/edf/train/aaaaalfs/s001_2010/03_tcp_ar_a/aaaaalfs_s001_t000.edf,18,
tusz,tusz_v2.0.6/edf/train/aaaaalfs/s001_2010/03_tcp_ar_a/aaaaalfs_s001_t001.edf,18,
tusz,tusz_v2.0.6/edf/train/aaaaalfs/s002_2010/03_tcp_ar_a/aaaaalfs_s002_t000.edf,18,
tusz,tusz_v2.0.6/edf/train/aaaaalfs/s002_2010/03_tcp_ar_a/aaaaalfs_s002_t001.edf,18,
tusz,tusz_v2.0.6/edf/train/aaaaalfs/s002_2010/03_tcp_ar_a/aaaaalfs_s002_t002.edf,18,
tusz,tusz_v2.0.6/edf/train/aaaaalfs/s002_2010/03_tcp_ar_a/aaaaalfs_s002_t003.edf,18,
tusz,tusz_v2.0.6/edf/train/aaaaalfs/s002_2010/03_tcp_ar_a/aaaaalfs_s002_t004.edf,18,
tusz,tusz_v2.0.6/edf/train/aaaaalfs/s002_2010/03_tcp_ar_a/aaaaalfs_s002_t005.edf,18,
tusz,tusz_v2.0.6/edf/train/aaaaalfs/s004_2011/01_tcp_ar/aaaaalfs_s004_t000.edf,18,
tusz,tusz_v2.0.6/edf/train/aaaaalgz/s001_2011/01_tcp_ar/aaaaalgz_s001_t000.edf,18,
tusz,tusz_v2.0.6/edf/train/aaaaalgz/s003_2011/01_tcp_ar/aaaaalgz_s003_t000.edf,18,
tusz,tusz_v2.0.6/edf/train/aaaaalgz/s003_2011/01_tcp_ar/aaaaalgz_s003_t001.edf,18,
tusz,tusz_v2.0.6/edf/train/aaaaalgz/s003_2011/01_tcp_ar/aaaaalgz_s003_t002.edf,18,
tusz,tusz_v2.0.6/edf/train/aaaaalgz/s003_2011/01_tcp_ar/aaaaalgz_s003_t003.edf,18,
tusz,tusz_v2.0.6/edf/train/aaaaalgz/s003_2011/01_tcp_ar/aaaaalgz_s003_t004.edf,18,
tusz,tusz_v2.0.6/edf/train/aaaaalhf/s001_2011/02_tcp_le/aaaaalhf_s001_t000.edf,18,
tusz,tusz_v2.0.6/edf/train/aaaaalim/s012_2011/01_tcp_ar/aaaaalim_s012_t001.edf,18,
tusz,tusz_v2.0.6/edf/train/aaaaaliv/s003_2015/01_tcp_ar/aaaaaliv_s003_t000.edf,18,
tusz,tusz_v2.0.6/edf/train/aaaaaliv/s003_2015/01_tcp_ar/aaaaaliv_s003_t001.edf,18,
tusz,tusz_v2.0.6/edf/train/aaaaaliv/s003_2015/01_tcp_ar/aaaaaliv_s003_t002.edf,18,
tusz,tusz_v2.0.6/edf/train/aaaaaljo/s001_2011/01_tcp_ar/aaaaaljo_s001_t000.edf,18,
tusz,tusz_v2.0.6/edf/train/aaaaaljo/s001_2011/01_tcp_ar/aaaaaljo_s001_t001.edf,18,
tusz,tusz_v2.0.6/edf/train/aaaaaljo/s001_2011/01_tcp_ar/aaaaaljo_s001_t002.edf,18,
tusz,tusz_v2.0.6/edf/train/aaaaaljo/s001_2011/01_tcp_ar/aaaaaljo_s001_t003.edf,18,
tusz,tusz_v2.0.6/edf/train/aaaaalmx/s002_2011/03_tcp_ar_a/aaaaalmx_s002_t000.edf,18,
tusz,tusz_v2.0.6/edf/train/aaaaalmx/s002_2011/03_tcp_ar_a/aaaaalmx_s002_t001.edf,18,
tusz,tusz_v2.0.6/edf/train/aaaaalmx/s002_2011/03_tcp_ar_a/aaaaalmx_s002_t002.edf,18,
tusz,tusz_v2.0.6/edf/train/aaaaalmx/s002_2011/03_tcp_ar_a/aaaaalmx_s002_t003.edf,18,
tusz,tusz_v2.0.6/edf/train/aaaaalmx/s002_2011/03_tcp_ar_a/aaaaalmx_s002_t004.edf,18,
tusz,tusz_v2.0.6/edf/train/aaaaalmy/s002_2011/01_tcp_ar/aaaaalmy_s002_t000.edf,18,
tusz,tusz_v2.0.6/edf/train/aaaaalmz/s003_2011/01_tcp_ar/aaaaalmz_s003_t000.edf,18,
tusz,tusz_v2.0.6/edf/train/aaaaalmz/s003_2011/01_tcp_ar/aaaaalmz_s003_t001.edf,18,
tusz,tusz_v2.0.6/edf/train/aaaaalmz/s003_2011/01_tcp_ar/aaaaalmz_s003_t002.edf,18,
tusz,tusz_v2.0.6/edf/train/aaaaalmz/s003_2011/01_tcp_ar/aaaaalmz_s003_t003.edf,18,
tusz,tusz_v2.0.6/edf/train/aaaaalmz/s003_2011/01_tcp_ar/aaaaalmz_s003_t004.edf,18,
tusz,tusz_v2.0.6/edf/train/aaaaalmz/s003_2011/01_tcp_ar/aaaaalmz_s003_t005.edf,18,
tusz,tusz_v2.0.6/edf/train/aaaaalmz/s003_2011/01_tcp_ar/aaaaalmz_s003_t006.edf,18,
tusz,tusz_v2.0.6/edf/train/aaaaalmz/s003_2011/01_tcp_ar/aaaaalmz_s003_t007.edf,18,
tusz,tusz_v2.0.6/edf/train/aaaaalmz/s003_2011/01_tcp_ar/aaaaalmz_s003_t008.edf,18,
tusz,tusz_v2.0.6/edf/train/aaaaalmz/s005_2011/01_tcp_ar/aaaaalmz_s005_t000.edf,18,
tusz,tusz_v2.0.6/edf/train/aaaaalmz/s005_2011/01_tcp_ar/aaaaalmz_s005_t001.edf,18,
tusz,tusz_v2.0.6/edf/train/aaaaalmz/s005_2011/01_tcp_ar/aaaaalmz_s005_t002.edf,18,
tusz,tusz_v2.0.6/edf/train/aaaaalmz/s005_2011/01_tcp_ar/aaaaalmz_s005_t003.edf,18,
tusz,tusz_v2.0.6/edf/train/aaaaalmz/s005_2011/01_tcp_ar/aaaaalmz_s005_t004.edf,18,
tusz,tusz_v2.0.6/edf/train/aaaaalmz/s005_2011/01_tcp_ar/aaaaalmz_s005_t005.edf,18,
tusz,tusz_v2.0.6/edf/train/aaaaalmz/s007_2011/01_tcp_ar/aaaaalmz_s007_t000.edf,18,
tusz,tusz_v2.0.6/edf/train/aaaaalmz/s007_2011/01_tcp_ar/aaaaalmz_s007_t001.edf,18,
tusz,tusz_v2.0.6/edf/train/aaaaalmz/s007_2011/01_tcp_ar/aaaaalmz_s007_t002.edf,18,
tusz,tusz_v2.0.6/edf/train/aaaaalmz/s007_2011/01_tcp_ar/aaaaalmz_s007_t003.edf,18,
tusz,tusz_v2.0.6/edf/train/aaaaalmz/s008_2011/01_tcp_ar/aaaaalmz_s008_t000.edf,18,
tusz,tusz_v2.0.6/edf/train/aaaaalmz/s008_2011/01_tcp_ar/aaaaalmz_s008_t001.edf,18,
tusz,tusz_v2.0.6/edf/train/aaaaalmz/s008_2011/01_tcp_ar/aaaaalmz_s008_t002.edf,18,
tusz,tusz_v2.0.6/edf/train/aaaaalmz/s008_2011/01_tcp_ar/aaaaalmz_s008_t003.edf,18,
tusz,tusz_v2.0.6/edf/train/aaaaalmz/s008_2011/01_tcp_ar/aaaaalmz_s008_t004.edf,18,
tusz,tusz_v2.0.6/edf/train/aaaaalmz/s008_2011/01_tcp_ar/aaaaalmz_s008_t005.edf,18,
tusz,tusz_v2.0.6/edf/train/aaaaalmz/s008_2011/01_tcp_ar/aaaaalmz_s008_t006.edf,18,
tusz,tusz_v2.0.6/edf/train/aaaaalnt/s001_2011/01_tcp_ar/aaaaalnt_s001_t000.edf,18,
tusz,tusz_v2.0.6/edf/train/aaaaalnt/s001_2011/01_tcp_ar/aaaaalnt_s001_t001.edf,18,
tusz,tusz_v2.0.6/edf/train/aaaaalnt/s002_2011/03_tcp_ar_a/aaaaalnt_s002_t000.edf,18,
tusz,tusz_v2.0.6/edf/train/aaaaalnt/s002_2011/03_tcp_ar_a/aaaaalnt_s002_t001.edf,18,
tusz,tusz_v2.0.6/edf/train/aaaaalnt/s002_2011/03_tcp_ar_a/aaaaalnt_s002_t002.edf,18,
tusz,tusz_v2.0.6/edf/train/aaaaalnt/s002_2011/03_tcp_ar_a/aaaaalnt_s002_t003.edf,18,
tusz,tusz_v2.0.6/edf/train/aaaaalnt/s002_2011/03_tcp_ar_a/aaaaalnt_s002_t004.edf,18,
tusz,tusz_v2.0.6/edf/train/aaaaalnt/s002_2011/03_tcp_ar_a/aaaaalnt_s002_t005.edf,18,
tusz,tusz_v2.0.6/edf/train/aaaaalnv/s005_2015/01_tcp_ar/aaaaalnv_s005_t006.edf,18,
tusz,tusz_v2.0.6/edf/train/aaaaalnv/s005_2015/01_tcp_ar/aaaaalnv_s005_t008.edf,18,
tusz,tusz_v2.0.6/edf/train/aaaaalnv/s005_2015/01_tcp_ar/aaaaalnv_s005_t009.edf,18,
tusz,tusz_v2.0.6/edf/train/aaaaalnv/s005_2015/01_tcp_ar/aaaaalnv_s005_t012.edf,18,
tusz,tusz_v2.0.6/edf/train/aaaaalnv/s005_2015/01_tcp_ar/aaaaalnv_s005_t022.edf,18,
tusz,tusz_v2.0.6/edf/train/aaaaalnv/s005_2015/01_tcp_ar/aaaaalnv_s005_t024.edf,18,
tusz,tusz_v2.0.6/edf/train/aaaaalnv/s005_2015/01_tcp_ar/aaaaalnv_s005_t027.edf,18,
tusz,tusz_v2.0.6/edf/train/aaaaalnv/s005_2015/01_tcp_ar/aaaaalnv_s005_t028.edf,18,
tusz,tusz_v2.0.6/edf/train/aaaaalnv/s005_2015/01_tcp_ar/aaaaalnv_s005_t029.edf,18,
tusz,tusz_v2.0.6/edf/train/aaaaalnv/s006_2015/01_tcp_ar/aaaaalnv_s006_t000.edf,18,
tusz,tusz_v2.0.6/edf/train/aaaaalnv/s006_2015/01_tcp_ar/aaaaalnv_s006_t002.edf,18,
tusz,tusz_v2.0.6/edf/train/aaaaalnv/s006_2015/01_tcp_ar/aaaaalnv_s006_t005.edf,18,
tusz,tusz_v2.0.6/edf/train/aaaaalnv/s006_2015/01_tcp_ar/aaaaalnv_s006_t008.edf,18,
tusz,tusz_v2.0.6/edf/train/aaaaalnv/s006_2015/01_tcp_ar/aaaaalnv_s006_t016.edf,18,
tusz,tusz_v2.0.6/edf/train/aaaaalnv/s006_2015/01_tcp_ar/aaaaalnv_s006_t021.edf,18,
tusz,tusz_v2.0.6/edf/train/aaaaalnv/s006_2015/01_tcp_ar/aaaaalnv_s006_t024.edf,18,
tusz,tusz_v2.0.6/edf/train/aaaaalnv/s007_2015/01_tcp_ar/aaaaalnv_s007_t000.edf,18,
tusz,tusz_v2.0.6/edf/train/aaaaalnv/s007_2015/01_tcp_ar/aaaaalnv_s007_t013.edf,18,
tusz,tusz_v2.0.6/edf/train/aaaaalnv/s007_2015/01_tcp_ar/aaaaalnv_s007_t017.edf,18,
tusz,tusz_v2.0.6/edf/train/aaaaalnv/s007_2015/01_tcp_ar/aaaaalnv_s007_t018.edf,18,
tusz,tusz_v2.0.6/edf/train/aaaaalnv/s007_2015/01_tcp_ar/aaaaalnv_s007_t021.edf,18,
tusz,tusz_v2.0.6/edf/train/aaaaalnv/s007_2015/01_tcp_ar/aaaaalnv_s007_t024.edf,18,
tusz,tusz_v2.0.6/edf/train/aaaaalnv/s007_2015/01_tcp_ar/aaaaalnv_s007_t028.edf,18,
tusz,tusz_v2.0.6/edf/train/aaaaalnv/s007_2015/01_tcp_ar/aaaaalnv_s007_t030.edf,18,
tusz,tusz_v2.0.6/edf/train/aaaaalnv/s007_2015/01_tcp_ar/aaaaalnv_s007_t031.edf,18,
tusz,tusz_v2.0.6/edf/train/aaaaalnv/s007_2015/01_tcp_ar/aaaaalnv_s007_t032.edf,18,
tusz,tusz_v2.0.6/edf/train/aaaaalnv/s008_2015/01_tcp_ar/aaaaalnv_s008_t002.edf,18,
tusz,tusz_v2.0.6/edf/train/aaaaalnv/s008_2015/01_tcp_ar/aaaaalnv_s008_t003.edf,18,
tusz,tusz_v2.0.6/edf/train/aaaaalnv/s008_2015/01_tcp_ar/aaaaalnv_s008_t007.edf,18,
tusz,tusz_v2.0.6/edf/train/aaaaalnv/s008_2015/01_tcp_ar/aaaaalnv_s008_t012.edf,18,
tusz,tusz_v2.0.6/edf/train/aaaaalnv/s008_2015/01_tcp_ar/aaaaalnv_s008_t013.edf,18,
tusz,tusz_v2.0.6/edf/train/aaaaalnv/s008_2015/01_tcp_ar/aaaaalnv_s008_t014.edf,18,
tusz,tusz_v2.0.6/edf/train/aaaaalnv/s008_2015/01_tcp_ar/aaaaalnv_s008_t015.edf,18,
tusz,tusz_v2.0.6/edf/train/aaaaalnv/s008_2015/01_tcp_ar/aaaaalnv_s008_t016.edf,18,
tusz,tusz_v2.0.6/edf/train/aaaaalnv/s009_2015/01_tcp_ar/aaaaalnv_s009_t001.edf,18,
tusz,tusz_v2.0.6/edf/train/aaaaalnv/s009_2015/01_tcp_ar/aaaaalnv_s009_t002.edf,18,
tusz,tusz_v2.0.6/edf/train/aaaaalnv/s009_2015/01_tcp_ar/aaaaalnv_s009_t004.edf,18,
tusz,tusz_v2.0.6/edf/train/aaaaalnv/s009_2015/01_tcp_ar/aaaaalnv_s009_t006.edf,18,
tusz,tusz_v2.0.6/edf/train/aaaaalnv/s009_2015/01_tcp_ar/aaaaalnv_s009_t007.edf,18,
tusz,tusz_v2.0.6/edf/train/aaaaalnv/s009_2015/01_tcp_ar/aaaaalnv_s009_t008.edf,18,
tusz,tusz_v2.0.6/edf/train/aaaaalnv/s010_2015/01_tcp_ar/aaaaalnv_s010_t000.edf,18,
tusz,tusz_v2.0.6/edf/train/aaaaalnv/s010_2015/01_tcp_ar/aaaaalnv_s010_t001.edf,18,
tusz,tusz_v2.0.6/edf/train/aaaaalnv/s010_2015/01_tcp_ar/aaaaalnv_s010_t002.edf,18,
tusz,tusz_v2.0.6/edf/train/aaaaalnx/s003_2011/03_tcp_ar_a/aaaaalnx_s003_t000.edf,18,
tusz,tusz_v2.0.6/edf/train/aaaaalnx/s003_2011/03_tcp_ar_a/aaaaalnx_s003_t001.edf,18,
tusz,tusz_v2.0.6/edf/train/aaaaalnx/s003_2011/03_tcp_ar_a/aaaaalnx_s003_t002.edf,18,
tusz,tusz_v2.0.6/edf/train/aaaaalnx/s003_2011/03_tcp_ar_a/aaaaalnx_s003_t003.edf,18,
tusz,tusz_v2.0.6/edf/train/aaaaalnx/s003_2011/03_tcp_ar_a/aaaaalnx_s003_t004.edf,18,
tusz,tusz_v2.0.6/edf/train/aaaaalnx/s003_2011/03_tcp_ar_a/aaaaalnx_s003_t005.edf,18,
tusz,tusz_v2.0.6/edf/train/aaaaalnx/s003_2011/03_tcp_ar_a/aaaaalnx_s003_t006.edf,18,
tusz,tusz_v2.0.6/edf/train/aaaaaloc/s002_2011/03_tcp_ar_a/aaaaaloc_s002_t000.edf,18,
tusz,tusz_v2.0.6/edf/train/aaaaaloc/s002_2011/03_tcp_ar_a/aaaaaloc_s002_t001.edf,18,
tusz,tusz_v2.0.6/edf/train/aaaaaloc/s002_2011/03_tcp_ar_a/aaaaaloc_s002_t002.edf,18,
tusz,tusz_v2.0.6/edf/train/aaaaaloc/s002_2011/03_tcp_ar_a/aaaaaloc_s002_t003.edf,18,
tusz,tusz_v2.0.6/edf/train/aaaaaloc/s002_2011/03_tcp_ar_a/aaaaaloc_s002_t004.edf,18,
tusz,tusz_v2.0.6/edf/train/aaaaaloc/s002_2011/03_tcp_ar_a/aaaaaloc_s002_t005.edf,18,
tusz,tusz_v2.0.6/edf/train/aaaaaloc/s002_2011/03_tcp_ar_a/aaaaaloc_s002_t006.edf,18,
tusz,tusz_v2.0.6/edf/train/aaaaaloc/s002_2011/03_tcp_ar_a/aaaaaloc_s002_t007.edf,18,
tusz,tusz_v2.0.6/edf/train/aaaaaloc/s002_2011/03_tcp_ar_a/aaaaaloc_s002_t008.edf,18,
tusz,tusz_v2.0.6/edf/train/aaaaalpc/s002_2014/03_tcp_ar_a/aaaaalpc_s002_t000.edf,18,
tusz,tusz_v2.0.6/edf/train/aaaaalpc/s002_2014/03_tcp_ar_a/aaaaalpc_s002_t001.edf,18,
tusz,tusz_v2.0.6/edf/train/aaaaalpc/s004_2014/03_tcp_ar_a/aaaaalpc_s004_t000.edf,18,
tusz,tusz_v2.0.6/edf/train/aaaaalpc/s004_2014/03_tcp_ar_a/aaaaalpc_s004_t001.edf,18,
tusz,tusz_v2.0.6/edf/train/aaaaalpc/s004_2014/03_tcp_ar_a/aaaaalpc_s004_t002.edf,18,
tusz,tusz_v2.0.6/edf/train/aaaaalpc/s004_2014/03_tcp_ar_a/aaaaalpc_s004_t003.edf,16,Fz-Cz;Cz-Pz
tusz,tusz_v2.0.6/edf/train/aaaaalpc/s004_2014/03_tcp_ar_a/aaaaalpc_s004_t004.edf,16,Fz-Cz;Cz-Pz
tusz,tusz_v2.0.6/edf/train/aaaaalpc/s004_2014/03_tcp_ar_a/aaaaalpc_s004_t005.edf,16,Fz-Cz;Cz-Pz
tusz,tusz_v2.0.6/edf/train/aaaaalpc/s004_2014/03_tcp_ar_a/aaaaalpc_s004_t006.edf,16,Fz-Cz;Cz-Pz
tusz,tusz_v2.0.6/edf/train/aaaaalpc/s004_2014/03_tcp_ar_a/aaaaalpc_s004_t007.edf,16,Fz-Cz;Cz-Pz
tusz,tusz_v2.0.6/edf/train/aaaaalpc/s004_2014/03_tcp_ar_a/aaaaalpc_s004_t008.edf,16,Fz-Cz;Cz-Pz
tusz,tusz_v2.0.6/edf/train/aaaaalpc/s004_2014/03_tcp_ar_a/aaaaalpc_s004_t009.edf,16,Fz-Cz;Cz-Pz
tusz,tusz_v2.0.6/edf/train/aaaaalpc/s004_2014/03_tcp_ar_a/aaaaalpc_s004_t010.edf,18,
tusz,tusz_v2.0.6/edf/train/aaaaalpc/s005_2014/03_tcp_ar_a/aaaaalpc_s005_t000.edf,18,
tusz,tusz_v2.0.6/edf/train/aaaaalpc/s005_2014/03_tcp_ar_a/aaaaalpc_s005_t001.edf,18,
tusz,tusz_v2.0.6/edf/train/aaaaalpc/s005_2014/03_tcp_ar_a/aaaaalpc_s005_t002.edf,18,
tusz,tusz_v2.0.6/edf/train/aaaaalpc/s005_2014/03_tcp_ar_a/aaaaalpc_s005_t003.edf,18,
tusz,tusz_v2.0.6/edf/train/aaaaalpc/s005_2014/03_tcp_ar_a/aaaaalpc_s005_t004.edf,18,
tusz,tusz_v2.0.6/edf/train/aaaaalpc/s005_2014/03_tcp_ar_a/aaaaalpc_s005_t005.edf,18,
tusz,tusz_v2.0.6/edf/train/aaaaalpc/s005_2014/03_tcp_ar_a/aaaaalpc_s005_t007.edf,18,
tusz,tusz_v2.0.6/edf/train/aaaaalpc/s005_2014/03_tcp_ar_a/aaaaalpc_s005_t008.edf,18,
tusz,tusz_v2.0.6/edf/train/aaaaalpc/s005_2014/03_tcp_ar_a/aaaaalpc_s005_t009.edf,18,
tusz,tusz_v2.0.6/edf/train/aaaaalpc/s005_2014/03_tcp_ar_a/aaaaalpc_s005_t010.edf,18,
tusz,tusz_v2.0.6/edf/train/aaaaalpc/s005_2014/03_tcp_ar_a/aaaaalpc_s005_t011.edf,18,
tusz,tusz_v2.0.6/edf/train/aaaaalpj/s002_2011/02_tcp_le/aaaaalpj_s002_t001.edf,18,
tusz,tusz_v2.0.6/edf/train/aaaaalpn/s002_2014/01_tcp_ar/aaaaalpn_s002_t000.edf,18,
tusz,tusz_v2.0.6/edf/train/aaaaalpn/s002_2014/01_tcp_ar/aaaaalpn_s002_t001.edf,18,
tusz,tusz_v2.0.6/edf/train/aaaaalpn/s002_2014/01_tcp_ar/aaaaalpn_s002_t002.edf,18,
tusz,tusz_v2.0.6/edf/train/aaaaalpn/s002_2014/01_tcp_ar/aaaaalpn_s002_t003.edf,18,
tusz,tusz_v2.0.6/edf/train/aaaaalpn/s002_2014/01_tcp_ar/aaaaalpn_s002_t004.edf,18,
tusz,tusz_v2.0.6/edf/train/aaaaalpn/s002_2014/01_tcp_ar/aaaaalpn_s002_t005.edf,18,
tusz,tusz_v2.0.6/edf/train/aaaaalpn/s002_2014/01_tcp_ar/aaaaalpn_s002_t006.edf,18,
tusz,tusz_v2.0.6/edf/train/aaaaalpn/s002_2014/01_tcp_ar/aaaaalpn_s002_t007.edf,18,
tusz,tusz_v2.0.6/edf/train/aaaaalrn/s001_2011/02_tcp_le/aaaaalrn_s001_t001.edf,18,
tusz,tusz_v2.0.6/edf/train/aaaaalsg/s001_2011/02_tcp_le/aaaaalsg_s001_t000.edf,18,
tusz,tusz_v2.0.6/edf/train/aaaaalsj/s001_2011/02_tcp_le/aaaaalsj_s001_t000.edf,18,
tusz,tusz_v2.0.6/edf/train/aaaaalsz/s004_2014/01_tcp_ar/aaaaalsz_s004_t000.edf,18,
tusz,tusz_v2.0.6/edf/train/aaaaalsz/s006_2014/01_tcp_ar/aaaaalsz_s006_t000.edf,18,
tusz,tusz_v2.0.6/edf/train/aaaaalsz/s006_2014/01_tcp_ar/aaaaalsz_s006_t001.edf,18,
tusz,tusz_v2.0.6/edf/train/aaaaalsz/s006_2014/01_tcp_ar/aaaaalsz_s006_t002.edf,18,
tusz,tusz_v2.0.6/edf/train/aaaaalsz/s006_2014/01_tcp_ar/aaaaalsz_s006_t003.edf,18,
tusz,tusz_v2.0.6/edf/train/aaaaalsz/s006_2014/01_tcp_ar/aaaaalsz_s006_t004.edf,18,
tusz,tusz_v2.0.6/edf/train/aaaaalsz/s007_2014/01_tcp_ar/aaaaalsz_s007_t000.edf,18,
tusz,tusz_v2.0.6/edf/train/aaaaalsz/s007_2014/01_tcp_ar/aaaaalsz_s007_t001.edf,18,
tusz,tusz_v2.0.6/edf/train/aaaaalsz/s007_2014/01_tcp_ar/aaaaalsz_s007_t002.edf,18,
tusz,tusz_v2.0.6/edf/train/aaaaalsz/s007_2014/01_tcp_ar/aaaaalsz_s007_t003.edf,18,
tusz,tusz_v2.0.6/edf/train/aaaaalsz/s007_2014/01_tcp_ar/aaaaalsz_s007_t004.edf,18,
tusz,tusz_v2.0.6/edf/train/aaaaaltg/s004_2014/01_tcp_ar/aaaaaltg_s004_t000.edf,18,
tusz,tusz_v2.0.6/edf/train/aaaaaltg/s004_2014/01_tcp_ar/aaaaaltg_s004_t001.edf,18,
tusz,tusz_v2.0.6/edf/train/aaaaaltg/s004_2014/01_tcp_ar/aaaaaltg_s004_t002.edf,18,
tusz,tusz_v2.0.6/edf/train/aaaaaltg/s004_2014/01_tcp_ar/aaaaaltg_s004_t003.edf,18,
tusz,tusz_v2.0.6/edf/train/aaaaaltg/s004_2014/01_tcp_ar/aaaaaltg_s004_t004.edf,18,
tusz,tusz_v2.0.6/edf/train/aaaaaltg/s004_2014/01_tcp_ar/aaaaaltg_s004_t005.edf,18,
tusz,tusz_v2.0.6/edf/train/aaaaaltg/s004_2014/01_tcp_ar/aaaaaltg_s004_t006.edf,18,
tusz,tusz_v2.0.6/edf/train/aaaaaltg/s004_2014/01_tcp_ar/aaaaaltg_s004_t007.edf,18,
tusz,tusz_v2.0.6/edf/train/aaaaaltg/s004_2014/01_tcp_ar/aaaaaltg_s004_t008.edf,18,
tusz,tusz_v2.0.6/edf/train/aaaaaltg/s004_2014/01_tcp_ar/aaaaaltg_s004_t009.edf,18,
tusz,tusz_v2.0.6/edf/train/aaaaaltg/s007_2014/01_tcp_ar/aaaaaltg_s007_t000.edf,18,
tusz,tusz_v2.0.6/edf/train/aaaaaltg/s007_2014/01_tcp_ar/aaaaaltg_s007_t001.edf,18,
tusz,tusz_v2.0.6/edf/train/aaaaaltg/s008_2014/01_tcp_ar/aaaaaltg_s008_t000.edf,18,
tusz,tusz_v2.0.6/edf/train/aaaaaltg/s008_2014/01_tcp_ar/aaaaaltg_s008_t001.edf,18,
tusz,tusz_v2.0.6/edf/train/aaaaaltg/s008_2014/01_tcp_ar/aaaaaltg_s008_t002.edf,18,
tusz,tusz_v2.0.6/edf/train/aaaaaltg/s008_2014/01_tcp_ar/aaaaaltg_s008_t003.edf,18,
tusz,tusz_v2.0.6/edf/train/aaaaaltg/s008_2014/01_tcp_ar/aaaaaltg_s008_t004.edf,18,
tusz,tusz_v2.0.6/edf/train/aaaaaltg/s008_2014/01_tcp_ar/aaaaaltg_s008_t005.edf,18,
tusz,tusz_v2.0.6/edf/train/aaaaaltg/s008_2014/01_tcp_ar/aaaaaltg_s008_t006.edf,18,
tusz,tusz_v2.0.6/edf/train/aaaaaltg/s008_2014/01_tcp_ar/aaaaaltg_s008_t007.edf,18,
tusz,tusz_v2.0.6/edf/train/aaaaalth/s003_2015/01_tcp_ar/aaaaalth_s003_t000.edf,18,
tusz,tusz_v2.0.6/edf/train/aaaaalth/s003_2015/01_tcp_ar/aaaaalth_s003_t001.edf,18,
tusz,tusz_v2.0.6/edf/train/aaaaaltw/s001_2011/02_tcp_le/aaaaaltw_s001_t001.edf,18,
tusz,tusz_v2.0.6/edf/train/aaaaalwk/s004_2011/03_tcp_ar_a/aaaaalwk_s004_t000.edf,18,
tusz,tusz_v2.0.6/edf/train/aaaaalwk/s004_2011/03_tcp_ar_a/aaaaalwk_s004_t001.edf,18,
tusz,tusz_v2.0.6/edf/train/aaaaalwk/s004_2011/03_tcp_ar_a/aaaaalwk_s004_t002.edf,18,
tusz,tusz_v2.0.6/edf/train/aaaaalwk/s004_2011/03_tcp_ar_a/aaaaalwk_s004_t003.edf,18,
tusz,tusz_v2.0.6/edf/train/aaaaalwk/s004_2011/03_tcp_ar_a/aaaaalwk_s004_t004.edf,18,
tusz,tusz_v2.0.6/edf/train/aaaaalwk/s004_2011/03_tcp_ar_a/aaaaalwk_s004_t005.edf,18,
tusz,tusz_v2.0.6/edf/train/aaaaalwk/s004_2011/03_tcp_ar_a/aaaaalwk_s004_t006.edf,18,
tusz,tusz_v2.0.6/edf/train/aaaaalwk/s004_2011/03_tcp_ar_a/aaaaalwk_s004_t007.edf,18,
tusz,tusz_v2.0.6/edf/train/aaaaalwk/s004_2011/03_tcp_ar_a/aaaaalwk_s004_t008.edf,18,
tusz,tusz_v2.0.6/edf/train/aaaaalwv/s002_2011/03_tcp_ar_a/aaaaalwv_s002_t000.edf,18,
tusz,tusz_v2.0.6/edf/train/aaaaalwv/s002_2011/03_tcp_ar_a/aaaaalwv_s002_t002.edf,18,
tusz,tusz_v2.0.6/edf/train/aaaaalwv/s002_2011/03_tcp_ar_a/aaaaalwv_s002_t003.edf,18,
tusz,tusz_v2.0.6/edf/train/aaaaalwv/s002_2011/03_tcp_ar_a/aaaaalwv_s002_t004.edf,18,
tusz,tusz_v2.0.6/edf/train/aaaaalwv/s003_2011/03_tcp_ar_a/aaaaalwv_s003_t000.edf,18,
tusz,tusz_v2.0.6/edf/train/aaaaalwv/s003_2011/03_tcp_ar_a/aaaaalwv_s003_t001.edf,18,
tusz,tusz_v2.0.6/edf/train/aaaaalwv/s003_2011/03_tcp_ar_a/aaaaalwv_s003_t003.edf,18,
tusz,tusz_v2.0.6/edf/train/aaaaalwv/s003_2011/03_tcp_ar_a/aaaaalwv_s003_t004.edf,18,
tusz,tusz_v2.0.6/edf/train/aaaaalwv/s003_2011/03_tcp_ar_a/aaaaalwv_s003_t005.edf,18,
tusz,tusz_v2.0.6/edf/train/aaaaalwv/s003_2011/03_tcp_ar_a/aaaaalwv_s003_t006.edf,18,
tusz,tusz_v2.0.6/edf/train/aaaaalwv/s003_2011/03_tcp_ar_a/aaaaalwv_s003_t007.edf,18,
tusz,tusz_v2.0.6/edf/train/aaaaalwv/s004_2011/03_tcp_ar_a/aaaaalwv_s004_t000.edf,18,
tusz,tusz_v2.0.6/edf/train/aaaaalwv/s004_2011/03_tcp_ar_a/aaaaalwv_s004_t001.edf,18,
tusz,tusz_v2.0.6/edf/train/aaaaalwv/s004_2011/03_tcp_ar_a/aaaaalwv_s004_t002.edf,18,
tusz,tusz_v2.0.6/edf/train/aaaaalwv/s004_2011/03_tcp_ar_a/aaaaalwv_s004_t003.edf,18,
tusz,tusz_v2.0.6/edf/train/aaaaalwv/s004_2011/03_tcp_ar_a/aaaaalwv_s004_t004.edf,18,
tusz,tusz_v2.0.6/edf/train/aaaaalxt/s001_2011/01_tcp_ar/aaaaalxt_s001_t001.edf,18,
tusz,tusz_v2.0.6/edf/train/aaaaalxt/s002_2011/03_tcp_ar_a/aaaaalxt_s002_t000.edf,18,
tusz,tusz_v2.0.6/edf/train/aaaaalxt/s002_2011/03_tcp_ar_a/aaaaalxt_s002_t001.edf,18,
tusz,tusz_v2.0.6/edf/train/aaaaalxt/s002_2011/03_tcp_ar_a/aaaaalxt_s002_t002.edf,18,
tusz,tusz_v2.0.6/edf/train/aaaaalxt/s002_2011/03_tcp_ar_a/aaaaalxt_s002_t003.edf,18,
tusz,tusz_v2.0.6/edf/train/aaaaalxt/s002_2011/03_tcp_ar_a/aaaaalxt_s002_t004.edf,18,
tusz,tusz_v2.0.6/edf/train/aaaaalxt/s002_2011/03_tcp_ar_a/aaaaalxt_s002_t005.edf,18,
tusz,tusz_v2.0.6/edf/train/aaaaalxt/s002_2011/03_tcp_ar_a/aaaaalxt_s002_t006.edf,18,
tusz,tusz_v2.0.6/edf/train/aaaaalxt/s002_2011/03_tcp_ar_a/aaaaalxt_s002_t007.edf,18,
tusz,tusz_v2.0.6/edf/train/aaaaalxt/s002_2011/03_tcp_ar_a/aaaaalxt_s002_t008.edf,18,
tusz,tusz_v2.0.6/edf/train/aaaaalxt/s003_2011/03_tcp_ar_a/aaaaalxt_s003_t000.edf,18,
tusz,tusz_v2.0.6/edf/train/aaaaalxt/s003_2011/03_tcp_ar_a/aaaaalxt_s003_t001.edf,18,
tusz,tusz_v2.0.6/edf/train/aaaaalxt/s003_2011/03_tcp_ar_a/aaaaalxt_s003_t002.edf,18,
tusz,tusz_v2.0.6/edf/train/aaaaalxt/s003_2011/03_tcp_ar_a/aaaaalxt_s003_t003.edf,18,
tusz,tusz_v2.0.6/edf/train/aaaaalxt/s003_2011/03_tcp_ar_a/aaaaalxt_s003_t004.edf,18,
tusz,tusz_v2.0.6/edf/train/aaaaalxt/s003_2011/03_tcp_ar_a/aaaaalxt_s003_t005.edf,18,
tusz,tusz_v2.0.6/edf/train/aaaaalxt/s003_2011/03_tcp_ar_a/aaaaalxt_s003_t006.edf,18,
tusz,tusz_v2.0.6/edf/train/aaaaalxt/s003_2011/03_tcp_ar_a/aaaaalxt_s003_t007.edf,18,
tusz,tusz_v2.0.6/edf/train/aaaaalxt/s003_2011/03_tcp_ar_a/aaaaalxt_s003_t008.edf,18,
tusz,tusz_v2.0.6/edf/train/aaaaalxt/s003_2011/03_tcp_ar_a/aaaaalxt_s003_t009.edf,18,
tusz,tusz_v2.0.6/edf/train/aaaaalxw/s002_2013/01_tcp_ar/aaaaalxw_s002_t000.edf,18,
tusz,tusz_v2.0.6/edf/train/aaaaalzg/s005_2013/01_tcp_ar/aaaaalzg_s005_t000.edf,18,
tusz,tusz_v2.0.6/edf/train/aaaaalzg/s006_2013/01_tcp_ar/aaaaalzg_s006_t000.edf,18,
tusz,tusz_v2.0.6/edf/train/aaaaalzg/s006_2013/01_tcp_ar/aaaaalzg_s006_t001.edf,18,
tusz,tusz_v2.0.6/edf/train/aaaaalzg/s006_2013/01_tcp_ar/aaaaalzg_s006_t002.edf,18,
tusz,tusz_v2.0.6/edf/train/aaaaalzg/s006_2013/01_tcp_ar/aaaaalzg_s006_t003.edf,18,
tusz,tusz_v2.0.6/edf/train/aaaaalzg/s006_2013/01_tcp_ar/aaaaalzg_s006_t004.edf,18,
tusz,tusz_v2.0.6/edf/train/aaaaalzg/s006_2013/01_tcp_ar/aaaaalzg_s006_t005.edf,18,
tusz,tusz_v2.0.6/edf/train/aaaaalzg/s006_2013/01_tcp_ar/aaaaalzg_s006_t006.edf,18,
tusz,tusz_v2.0.6/edf/train/aaaaalzg/s006_2013/01_tcp_ar/aaaaalzg_s006_t007.edf,18,
tusz,tusz_v2.0.6/edf/train/aaaaalzo/s002_2011/01_tcp_ar/aaaaalzo_s002_t000.edf,18,
tusz,tusz_v2.0.6/edf/train/aaaaambf/s005_2011/01_tcp_ar/aaaaambf_s005_t000.edf,18,
tusz,tusz_v2.0.6/edf/train/aaaaambf/s009_2011/01_tcp_ar/aaaaambf_s009_t000.edf,18,
tusz,tusz_v2.0.6/edf/train/aaaaambf/s009_2011/01_tcp_ar/aaaaambf_s009_t001.edf,18,
tusz,tusz_v2.0.6/edf/train/aaaaambf/s009_2011/01_tcp_ar/aaaaambf_s009_t002.edf,18,
tusz,tusz_v2.0.6/edf/train/aaaaambf/s009_2011/01_tcp_ar/aaaaambf_s009_t003.edf,18,
tusz,tusz_v2.0.6/edf/train/aaaaambf/s009_2011/01_tcp_ar/aaaaambf_s009_t004.edf,18,
tusz,tusz_v2.0.6/edf/train/aaaaambf/s009_2011/01_tcp_ar/aaaaambf_s009_t005.edf,18,
tusz,tusz_v2.0.6/edf/train/aaaaambf/s009_2011/01_tcp_ar/aaaaambf_s009_t006.edf,18,
tusz,tusz_v2.0.6/edf/train/aaaaambs/s009_2015/01_tcp_ar/aaaaambs_s009_t000.edf,18,
tusz,tusz_v2.0.6/edf/train/aaaaambs/s009_2015/01_tcp_ar/aaaaambs_s009_t001.edf,18,
tusz,tusz_v2.0.6/edf/train/aaaaambs/s009_2015/01_tcp_ar/aaaaambs_s009_t002.edf,18,
tusz,tusz_v2.0.6/edf/train/aaaaambs/s009_2015/01_tcp_ar/aaaaambs_s009_t003.edf,18,
tusz,tusz_v2.0.6/edf/train/aaaaambs/s009_2015/01_tcp_ar/aaaaambs_s009_t004.edf,18,
tusz,tusz_v2.0.6/edf/train/aaaaambs/s009_2015/01_tcp_ar/aaaaambs_s009_t005.edf,18,
tusz,tusz_v2.0.6/edf/train/aaaaambs/s009_2015/01_tcp_ar/aaaaambs_s009_t006.edf,18,
tusz,tusz_v2.0.6/edf/train/aaaaambs/s009_2015/01_tcp_ar/aaaaambs_s009_t007.edf,18,
tusz,tusz_v2.0.6/edf/train/aaaaambs/s009_2015/01_tcp_ar/aaaaambs_s009_t008.edf,18,
tusz,tusz_v2.0.6/edf/train/aaaaambs/s009_2015/01_tcp_ar/aaaaambs_s009_t009.edf,18,
tusz,tusz_v2.0.6/edf/train/aaaaambs/s009_2015/01_tcp_ar/aaaaambs_s009_t010.edf,18,
tusz,tusz_v2.0.6/edf/train/aaaaambs/s010_2015/01_tcp_ar/aaaaambs_s010_t000.edf,18,
tusz,tusz_v2.0.6/edf/train/aaaaambs/s010_2015/01_tcp_ar/aaaaambs_s010_t001.edf,18,
tusz,tusz_v2.0.6/edf/train/aaaaambs/s010_2015/01_tcp_ar/aaaaambs_s010_t002.edf,18,
tusz,tusz_v2.0.6/edf/train/aaaaambs/s010_2015/01_tcp_ar/aaaaambs_s010_t003.edf,18,
tusz,tusz_v2.0.6/edf/train/aaaaambs/s010_2015/01_tcp_ar/aaaaambs_s010_t004.edf,18,
tusz,tusz_v2.0.6/edf/train/aaaaambs/s010_2015/01_tcp_ar/aaaaambs_s010_t005.edf,18,
tusz,tusz_v2.0.6/edf/train/aaaaambs/s010_2015/01_tcp_ar/aaaaambs_s010_t006.edf,18,
tusz,tusz_v2.0.6/edf/train/aaaaambs/s010_2015/01_tcp_ar/aaaaambs_s010_t007.edf,18,
tusz,tusz_v2.0.6/edf/train/aaaaambs/s010_2015/01_tcp_ar/aaaaambs_s010_t008.edf,18,
tusz,tusz_v2.0.6/edf/train/aaaaambs/s010_2015/01_tcp_ar/aaaaambs_s010_t009.edf,18,
tusz,tusz_v2.0.6/edf/train/aaaaambs/s010_2015/01_tcp_ar/aaaaambs_s010_t010.edf,18,
tusz,tusz_v2.0.6/edf/train/aaaaambs/s011_2015/01_tcp_ar/aaaaambs_s011_t000.edf,18,
tusz,tusz_v2.0.6/edf/train/aaaaambs/s011_2015/01_tcp_ar/aaaaambs_s011_t001.edf,18,
tusz,tusz_v2.0.6/edf/train/aaaaambs/s011_2015/01_tcp_ar/aaaaambs_s011_t002.edf,18,
tusz,tusz_v2.0.6/edf/train/aaaaambs/s011_2015/01_tcp_ar/aaaaambs_s011_t003.edf,18,
tusz,tusz_v2.0.6/edf/train/aaaaambs/s011_2015/01_tcp_ar/aaaaambs_s011_t004.edf,18,
tusz,tusz_v2.0.6/edf/train/aaaaambs/s011_2015/01_tcp_ar/aaaaambs_s011_t005.edf,18,
tusz,tusz_v2.0.6/edf/train/aaaaambs/s011_2015/01_tcp_ar/aaaaambs_s011_t006.edf,18,
tusz,tusz_v2.0.6/edf/train/aaaaambs/s011_2015/01_tcp_ar/aaaaambs_s011_t007.edf,18,
tusz,tusz_v2.0.6/edf/train/aaaaambs/s011_2015/01_tcp_ar/aaaaambs_s011_t008.edf,18,
tusz,tusz_v2.0.6/edf/train/aaaaambs/s011_2015/01_tcp_ar/aaaaambs_s011_t009.edf,18,
tusz,tusz_v2.0.6/edf/train/aaaaambs/s011_2015/01_tcp_ar/aaaaambs_s011_t010.edf,18,
tusz,tusz_v2.0.6/edf/train/aaaaambs/s012_2015/01_tcp_ar/aaaaambs_s012_t000.edf,18,
tusz,tusz_v2.0.6/edf/train/aaaaambs/s012_2015/01_tcp_ar/aaaaambs_s012_t001.edf,18,
tusz,tusz_v2.0.6/edf/train/aaaaambs/s012_2015/01_tcp_ar/aaaaambs_s012_t002.edf,18,
tusz,tusz_v2.0.6/edf/train/aaaaambs/s012_2015/01_tcp_ar/aaaaambs_s012_t003.edf,18,
tusz,tusz_v2.0.6/edf/train/aaaaambs/s012_2015/01_tcp_ar/aaaaambs_s012_t004.edf,18,
tusz,tusz_v2.0.6/edf/train/aaaaambs/s012_2015/01_tcp_ar/aaaaambs_s012_t005.edf,18,
tusz,tusz_v2.0.6/edf/train/aaaaambs/s012_2015/01_tcp_ar/aaaaambs_s012_t006.edf,18,
tusz,tusz_v2.0.6/edf/train/aaaaambs/s012_2015/01_tcp_ar/aaaaambs_s012_t007.edf,18,
tusz,tusz_v2.0.6/edf/train/aaaaambs/s012_2015/01_tcp_ar/aaaaambs_s012_t008.edf,18,
tusz,tusz_v2.0.6/edf/train/aaaaambs/s012_2015/01_tcp_ar/aaaaambs_s012_t009.edf,18,
tusz,tusz_v2.0.6/edf/train/aaaaambs/s013_2015/01_tcp_ar/aaaaambs_s013_t000.edf,18,
tusz,tusz_v2.0.6/edf/train/aaaaambs/s013_2015/01_tcp_ar/aaaaambs_s013_t001.edf,18,
tusz,tusz_v2.0.6/edf/train/aaaaambs/s013_2015/01_tcp_ar/aaaaambs_s013_t002.edf,18,
tusz,tusz_v2.0.6/edf/train/aaaaambs/s013_2015/01_tcp_ar/aaaaambs_s013_t003.edf,18,
tusz,tusz_v2.0.6/edf/train/aaaaambs/s013_2015/01_tcp_ar/aaaaambs_s013_t004.edf,18,
tusz,tusz_v2.0.6/edf/train/aaaaambs/s013_2015/01_tcp_ar/aaaaambs_s013_t005.edf,18,
tusz,tusz_v2.0.6/edf/train/aaaaambs/s013_2015/01_tcp_ar/aaaaambs_s013_t006.edf,18,
tusz,tusz_v2.0.6/edf/train/aaaaambs/s013_2015/01_tcp_ar/aaaaambs_s013_t007.edf,18,
tusz,tusz_v2.0.6/edf/train/aaaaambs/s013_2015/01_tcp_ar/aaaaambs_s013_t008.edf,18,
tusz,tusz_v2.0.6/edf/train/aaaaambs/s013_2015/01_tcp_ar/aaaaambs_s013_t009.edf,18,
tusz,tusz_v2.0.6/edf/train/aaaaambs/s014_2015/01_tcp_ar/aaaaambs_s014_t000.edf,18,
tusz,tusz_v2.0.6/edf/train/aaaaambs/s014_2015/01_tcp_ar/aaaaambs_s014_t001.edf,18,
tusz,tusz_v2.0.6/edf/train/aaaaambs/s014_2015/01_tcp_ar/aaaaambs_s014_t002.edf,18,
tusz,tusz_v2.0.6/edf/train/aaaaambs/s014_2015/01_tcp_ar/aaaaambs_s014_t003.edf,18,
tusz,tusz_v2.0.6/edf/train/aaaaambs/s014_2015/01_tcp_ar/aaaaambs_s014_t004.edf,18,
tusz,tusz_v2.0.6/edf/train/aaaaambs/s014_2015/01_tcp_ar/aaaaambs_s014_t005.edf,18,
tusz,tusz_v2.0.6/edf/train/aaaaambs/s014_2015/01_tcp_ar/aaaaambs_s014_t006.edf,18,
tusz,tusz_v2.0.6/edf/train/aaaaambs/s014_2015/01_tcp_ar/aaaaambs_s014_t007.edf,18,
tusz,tusz_v2.0.6/edf/train/aaaaambs/s014_2015/01_tcp_ar/aaaaambs_s014_t008.edf,18,
tusz,tusz_v2.0.6/edf/train/aaaaambs/s014_2015/01_tcp_ar/aaaaambs_s014_t009.edf,18,
tusz,tusz_v2.0.6/edf/train/aaaaambs/s014_2015/01_tcp_ar/aaaaambs_s014_t010.edf,18,
tusz,tusz_v2.0.6/edf/train/aaaaamca/s004_2013/01_tcp_ar/aaaaamca_s004_t000.edf,16,Fz-Cz;Cz-Pz
tusz,tusz_v2.0.6/edf/train/aaaaamca/s004_2013/01_tcp_ar/aaaaamca_s004_t001.edf,16,Fz-Cz;Cz-Pz
tusz,tusz_v2.0.6/edf/train/aaaaamca/s004_2013/01_tcp_ar/aaaaamca_s004_t002.edf,16,Fz-Cz;Cz-Pz
tusz,tusz_v2.0.6/edf/train/aaaaamca/s004_2013/01_tcp_ar/aaaaamca_s004_t003.edf,18,
tusz,tusz_v2.0.6/edf/train/aaaaamca/s004_2013/01_tcp_ar/aaaaamca_s004_t004.edf,18,
tusz,tusz_v2.0.6/edf/train/aaaaamca/s004_2013/01_tcp_ar/aaaaamca_s004_t005.edf,18,
tusz,tusz_v2.0.6/edf/train/aaaaamca/s004_2013/01_tcp_ar/aaaaamca_s004_t006.edf,18,
tusz,tusz_v2.0.6/edf/train/aaaaamca/s004_2013/01_tcp_ar/aaaaamca_s004_t007.edf,18,
tusz,tusz_v2.0.6/edf/train/aaaaamcy/s002_2013/01_tcp_ar/aaaaamcy_s002_t000.edf,18,
tusz,tusz_v2.0.6/edf/train/aaaaamdo/s001_2011/01_tcp_ar/aaaaamdo_s001_t000.edf,18,
tusz,tusz_v2.0.6/edf/train/aaaaamgy/s002_2011/01_tcp_ar/aaaaamgy_s002_t000.edf,18,
tusz,tusz_v2.0.6/edf/train/aaaaamgy/s002_2011/01_tcp_ar/aaaaamgy_s002_t001.edf,18,
tusz,tusz_v2.0.6/edf/train/aaaaamgy/s002_2011/01_tcp_ar/aaaaamgy_s002_t002.edf,18,
tusz,tusz_v2.0.6/edf/train/aaaaamgy/s002_2011/01_tcp_ar/aaaaamgy_s002_t003.edf,18,
tusz,tusz_v2.0.6/edf/train/aaaaamgy/s002_2011/01_tcp_ar/aaaaamgy_s002_t004.edf,18,
tusz,tusz_v2.0.6/edf/train/aaaaamgy/s002_2011/01_tcp_ar/aaaaamgy_s002_t005.edf,18,
tusz,tusz_v2.0.6/edf/train/aaaaamhb/s001_2011/01_tcp_ar/aaaaamhb_s001_t000.edf,18,
tusz,tusz_v2.0.6/edf/train/aaaaamhb/s001_2011/01_tcp_ar/aaaaamhb_s001_t001.edf,18,
tusz,tusz_v2.0.6/edf/train/aaaaamhb/s001_2011/01_tcp_ar/aaaaamhb_s001_t002.edf,18,
tusz,tusz_v2.0.6/edf/train/aaaaamhb/s002_2011/01_tcp_ar/aaaaamhb_s002_t000.edf,18,
tusz,tusz_v2.0.6/edf/train/aaaaamhb/s002_2011/01_tcp_ar/aaaaamhb_s002_t001.edf,18,
tusz,tusz_v2.0.6/edf/train/aaaaamhb/s002_2011/01_tcp_ar/aaaaamhb_s002_t002.edf,18,
tusz,tusz_v2.0.6/edf/train/aaaaamhb/s002_2011/01_tcp_ar/aaaaamhb_s002_t003.edf,18,
tusz,tusz_v2.0.6/edf/train/aaaaamhb/s002_2011/01_tcp_ar/aaaaamhb_s002_t004.edf,18,
tusz,tusz_v2.0.6/edf/train/aaaaamhb/s002_2011/01_tcp_ar/aaaaamhb_s002_t005.edf,18,
tusz,tusz_v2.0.6/edf/train/aaaaamhb/s002_2011/01_tcp_ar/aaaaamhb_s002_t006.edf,18,
tusz,tusz_v2.0.6/edf/train/aaaaamhb/s003_2012/01_tcp_ar/aaaaamhb_s003_t000.edf,18,
tusz,tusz_v2.0.6/edf/train/aaaaamhb/s004_2012/01_tcp_ar/aaaaamhb_s004_t000.edf,18,
tusz,tusz_v2.0.6/edf/train/aaaaamhb/s004_2012/01_tcp_ar/aaaaamhb_s004_t001.edf,18,
tusz,tusz_v2.0.6/edf/train/aaaaamhb/s004_2012/01_tcp_ar/aaaaamhb_s004_t002.edf,18,
tusz,tusz_v2.0.6/edf/train/aaaaamhb/s004_2012/01_tcp_ar/aaaaamhb_s004_t003.edf,18,
tusz,tusz_v2.0.6/edf/train/aaaaamhb/s004_2012/01_tcp_ar/aaaaamhb_s004_t004.edf,18,
tusz,tusz_v2.0.6/edf/train/aaaaamhb/s004_2012/01_tcp_ar/aaaaamhb_s004_t005.edf,18,
tusz,tusz_v2.0.6/edf/train/aaaaamhb/s004_2012/01_tcp_ar/aaaaamhb_s004_t006.edf,18,
tusz,tusz_v2.0.6/edf/train/aaaaamhb/s004_2012/01_tcp_ar/aaaaamhb_s004_t007.edf,18,
tusz,tusz_v2.0.6/edf/train/aaaaamhb/s004_2012/01_tcp_ar/aaaaamhb_s004_t008.edf,18,
tusz,tusz_v2.0.6/edf/train/aaaaamhb/s004_2012/01_tcp_ar/aaaaamhb_s004_t009.edf,18,
tusz,tusz_v2.0.6/edf/train/aaaaamhb/s005_2012/01_tcp_ar/aaaaamhb_s005_t000.edf,18,
tusz,tusz_v2.0.6/edf/train/aaaaamhb/s006_2012/01_tcp_ar/aaaaamhb_s006_t000.edf,18,
tusz,tusz_v2.0.6/edf/train/aaaaamhb/s006_2012/01_tcp_ar/aaaaamhb_s006_t001.edf,18,
tusz,tusz_v2.0.6/edf/train/aaaaamhb/s006_2012/01_tcp_ar/aaaaamhb_s006_t002.edf,18,
tusz,tusz_v2.0.6/edf/train/aaaaamhb/s006_2012/01_tcp_ar/aaaaamhb_s006_t003.edf,18,
tusz,tusz_v2.0.6/edf/train/aaaaamhb/s006_2012/01_tcp_ar/aaaaamhb_s006_t004.edf,18,
tusz,tusz_v2.0.6/edf/train/aaaaamhb/s006_2012/01_tcp_ar/aaaaamhb_s006_t005.edf,18,
tusz,tusz_v2.0.6/edf/train/aaaaamhb/s007_2012/01_tcp_ar/aaaaamhb_s007_t000.edf,18,
tusz,tusz_v2.0.6/edf/train/aaaaamhb/s007_2012/01_tcp_ar/aaaaamhb_s007_t001.edf,18,
tusz,tusz_v2.0.6/edf/train/aaaaamhb/s007_2012/01_tcp_ar/aaaaamhb_s007_t002.edf,18,
tusz,tusz_v2.0.6/edf/train/aaaaamhb/s007_2012/01_tcp_ar/aaaaamhb_s007_t003.edf,18,
tusz,tusz_v2.0.6/edf/train/aaaaamhb/s007_2012/01_tcp_ar/aaaaamhb_s007_t004.edf,18,
tusz,tusz_v2.0.6/edf/train/aaaaamhb/s007_2012/01_tcp_ar/aaaaamhb_s007_t005.edf,18,
tusz,tusz_v2.0.6/edf/train/aaaaamhb/s007_2012/01_tcp_ar/aaaaamhb_s007_t006.edf,18,
tusz,tusz_v2.0.6/edf/train/aaaaamhb/s007_2012/01_tcp_ar/aaaaamhb_s007_t007.edf,18,
tusz,tusz_v2.0.6/edf/train/aaaaamhb/s007_2012/01_tcp_ar/aaaaamhb_s007_t008.edf,18,
tusz,tusz_v2.0.6/edf/train/aaaaamhb/s007_2012/01_tcp_ar/aaaaamhb_s007_t009.edf,18,
tusz,tusz_v2.0.6/edf/train/aaaaamhb/s008_2012/01_tcp_ar/aaaaamhb_s008_t000.edf,18,
tusz,tusz_v2.0.6/edf/train/aaaaamhb/s008_2012/01_tcp_ar/aaaaamhb_s008_t001.edf,18,
tusz,tusz_v2.0.6/edf/train/aaaaamhb/s008_2012/01_tcp_ar/aaaaamhb_s008_t002.edf,18,
tusz,tusz_v2.0.6/edf/train/aaaaamhb/s008_2012/01_tcp_ar/aaaaamhb_s008_t003.edf,18,
tusz,tusz_v2.0.6/edf/train/aaaaamhb/s008_2012/01_tcp_ar/aaaaamhb_s008_t004.edf,18,
tusz,tusz_v2.0.6/edf/train/aaaaamhb/s008_2012/01_tcp_ar/aaaaamhb_s008_t005.edf,18,
tusz,tusz_v2.0.6/edf/train/aaaaamhb/s008_2012/01_tcp_ar/aaaaamhb_s008_t006.edf,18,
tusz,tusz_v2.0.6/edf/train/aaaaamhb/s008_2012/01_tcp_ar/aaaaamhb_s008_t007.edf,18,
tusz,tusz_v2.0.6/edf/train/aaaaamhb/s008_2012/01_tcp_ar/aaaaamhb_s008_t008.edf,18,
tusz,tusz_v2.0.6/edf/train/aaaaamhb/s008_2012/01_tcp_ar/aaaaamhb_s008_t009.edf,18,
tusz,tusz_v2.0.6/edf/train/aaaaamhb/s009_2012/01_tcp_ar/aaaaamhb_s009_t000.edf,18,
tusz,tusz_v2.0.6/edf/train/aaaaamhb/s009_2012/01_tcp_ar/aaaaamhb_s009_t001.edf,18,
tusz,tusz_v2.0.6/edf/train/aaaaamhb/s009_2012/01_tcp_ar/aaaaamhb_s009_t002.edf,18,
tusz,tusz_v2.0.6/edf/train/aaaaamhb/s009_2012/01_tcp_ar/aaaaamhb_s009_t003.edf,18,
tusz,tusz_v2.0.6/edf/train/aaaaamhb/s009_2012/01_tcp_ar/aaaaamhb_s009_t004.edf,18,
tusz,tusz_v2.0.6/edf/train/aaaaamhb/s009_2012/01_tcp_ar/aaaaamhb_s009_t005.edf,18,
tusz,tusz_v2.0.6/edf/train/aaaaamhb/s009_2012/01_tcp_ar/aaaaamhb_s009_t006.edf,18,
tusz,tusz_v2.0.6/edf/train/aaaaamhb/s009_2012/01_tcp_ar/aaaaamhb_s009_t007.edf,18,
tusz,tusz_v2.0.6/edf/train/aaaaamhb/s009_2012/01_tcp_ar/aaaaamhb_s009_t008.edf,18,
tusz,tusz_v2.0.6/edf/train/aaaaamhb/s009_2012/01_tcp_ar/aaaaamhb_s009_t009.edf,18,
tusz,tusz_v2.0.6/edf/train/aaaaamhb/s010_2012/01_tcp_ar/aaaaamhb_s010_t000.edf,18,
tusz,tusz_v2.0.6/edf/train/aaaaamhb/s010_2012/01_tcp_ar/aaaaamhb_s010_t001.edf,18,
tusz,tusz_v2.0.6/edf/train/aaaaamhb/s010_2012/01_tcp_ar/aaaaamhb_s010_t002.edf,18,
tusz,tusz_v2.0.6/edf/train/aaaaamhb/s010_2012/01_tcp_ar/aaaaamhb_s010_t003.edf,18,
tusz,tusz_v2.0.6/edf/train/aaaaamhb/s010_2012/01_tcp_ar/aaaaamhb_s010_t004.edf,18,
tusz,tusz_v2.0.6/edf/train/aaaaamhb/s010_2012/01_tcp_ar/aaaaamhb_s010_t005.edf,18,
tusz,tusz_v2.0.6/edf/train/aaaaamhb/s010_2012/01_tcp_ar/aaaaamhb_s010_t006.edf,18,
tusz,tusz_v2.0.6/edf/train/aaaaamhb/s010_2012/01_tcp_ar/aaaaamhb_s010_t007.edf,18,
tusz,tusz_v2.0.6/edf/train/aaaaamhb/s010_2012/01_tcp_ar/aaaaamhb_s010_t008.edf,18,
tusz,tusz_v2.0.6/edf/train/aaaaamhb/s011_2012/01_tcp_ar/aaaaamhb_s011_t000.edf,18,
tusz,tusz_v2.0.6/edf/train/aaaaamhb/s011_2012/01_tcp_ar/aaaaamhb_s011_t001.edf,18,
tusz,tusz_v2.0.6/edf/train/aaaaamhb/s011_2012/01_tcp_ar/aaaaamhb_s011_t002.edf,18,
tusz,tusz_v2.0.6/edf/train/aaaaamhb/s011_2012/01_tcp_ar/aaaaamhb_s011_t003.edf,18,
tusz,tusz_v2.0.6/edf/train/aaaaamhb/s011_2012/01_tcp_ar/aaaaamhb_s011_t004.edf,18,
tusz,tusz_v2.0.6/edf/train/aaaaamhb/s011_2012/01_tcp_ar/aaaaamhb_s011_t005.edf,18,
tusz,tusz_v2.0.6/edf/train/aaaaamhb/s012_2012/01_tcp_ar/aaaaamhb_s012_t000.edf,18,
tusz,tusz_v2.0.6/edf/train/aaaaamhb/s012_2012/01_tcp_ar/aaaaamhb_s012_t001.edf,18,
tusz,tusz_v2.0.6/edf/train/aaaaamhb/s012_2012/01_tcp_ar/aaaaamhb_s012_t002.edf,18,
tusz,tusz_v2.0.6/edf/train/aaaaamhb/s012_2012/01_tcp_ar/aaaaamhb_s012_t003.edf,18,
tusz,tusz_v2.0.6/edf/train/aaaaamhb/s012_2012/01_tcp_ar/aaaaamhb_s012_t004.edf,18,
tusz,tusz_v2.0.6/edf/train/aaaaamhb/s012_2012/01_tcp_ar/aaaaamhb_s012_t005.edf,18,
tusz,tusz_v2.0.6/edf/train/aaaaamhb/s012_2012/01_tcp_ar/aaaaamhb_s012_t006.edf,18,
tusz,tusz_v2.0.6/edf/train/aaaaamhb/s012_2012/01_tcp_ar/aaaaamhb_s012_t007.edf,18,
tusz,tusz_v2.0.6/edf/train/aaaaamhb/s012_2012/01_tcp_ar/aaaaamhb_s012_t008.edf,18,
tusz,tusz_v2.0.6/edf/train/aaaaamhb/s013_2013/01_tcp_ar/aaaaamhb_s013_t000.edf,18,
tusz,tusz_v2.0.6/edf/train/aaaaamhb/s013_2013/01_tcp_ar/aaaaamhb_s013_t001.edf,18,
tusz,tusz_v2.0.6/edf/train/aaaaamhj/s001_2011/01_tcp_ar/aaaaamhj_s001_t000.edf,18,
tusz,tusz_v2.0.6/edf/train/aaaaamhj/s002_2011/01_tcp_ar/aaaaamhj_s002_t000.edf,18,
tusz,tusz_v2.0.6/edf/train/aaaaamhj/s002_2011/01_tcp_ar/aaaaamhj_s002_t001.edf,18,
tusz,tusz_v2.0.6/edf/train/aaaaamhj/s002_2011/01_tcp_ar/aaaaamhj_s002_t002.edf,18,
tusz,tusz_v2.0.6/edf/train/aaaaamhj/s002_2011/01_tcp_ar/aaaaamhj_s002_t003.edf,18,
tusz,tusz_v2.0.6/edf/train/aaaaamhj/s002_2011/01_tcp_ar/aaaaamhj_s002_t004.edf,18,
tusz,tusz_v2.0.6/edf/train/aaaaamhj/s002_2011/01_tcp_ar/aaaaamhj_s002_t005.edf,18,
tusz,tusz_v2.0.6/edf/train/aaaaamhj/s002_2011/01_tcp_ar/aaaaamhj_s002_t006.edf,18,
tusz,tusz_v2.0.6/edf/train/aaaaamhj/s003_2011/01_tcp_ar/aaaaamhj_s003_t000.edf,18,
tusz,tusz_v2.0.6/edf/train/aaaaamhj/s003_2011/01_tcp_ar/aaaaamhj_s003_t001.edf,18,
tusz,tusz_v2.0.6/edf/train/aaaaamhj/s003_2011/01_tcp_ar/aaaaamhj_s003_t002.edf,18,
tusz,tusz_v2.0.6/edf/train/aaaaamhj/s003_2011/01_tcp_ar/aaaaamhj_s003_t003.edf,18,
tusz,tusz_v2.0.6/edf/train/aaaaamhj/s003_2011/01_tcp_ar/aaaaamhj_s003_t004.edf,18,
tusz,tusz_v2.0.6/edf/train/aaaaamhj/s003_2011/01_tcp_ar/aaaaamhj_s003_t005.edf,18,
tusz,tusz_v2.0.6/edf/train/aaaaamhj/s003_2011/01_tcp_ar/aaaaamhj_s003_t006.edf,18,
tusz,tusz_v2.0.6/edf/train/aaaaamhj/s003_2011/01_tcp_ar/aaaaamhj_s003_t007.edf,18,
tusz,tusz_v2.0.6/edf/train/aaaaamhj/s004_2011/01_tcp_ar/aaaaamhj_s004_t000.edf,18,
tusz,tusz_v2.0.6/edf/train/aaaaamhj/s004_2011/01_tcp_ar/aaaaamhj_s004_t001.edf,18,
tusz,tusz_v2.0.6/edf/train/aaaaamhj/s004_2011/01_tcp_ar/aaaaamhj_s004_t002.edf,18,
tusz,tusz_v2.0.6/edf/train/aaaaamhj/s004_2011/01_tcp_ar/aaaaamhj_s004_t003.edf,18,
tusz,tusz_v2.0.6/edf/train/aaaaamhj/s004_2011/01_tcp_ar/aaaaamhj_s004_t004.edf,18,
tusz,tusz_v2.0.6/edf/train/aaaaamhj/s004_2011/01_tcp_ar/aaaaamhj_s004_t005.edf,18,
tusz,tusz_v2.0.6/edf/train/aaaaamhj/s004_2011/01_tcp_ar/aaaaamhj_s004_t006.edf,18,
tusz,tusz_v2.0.6/edf/train/aaaaamhj/s004_2011/01_tcp_ar/aaaaamhj_s004_t007.edf,18,
tusz,tusz_v2.0.6/edf/train/aaaaamhj/s005_2011/01_tcp_ar/aaaaamhj_s005_t000.edf,18,
tusz,tusz_v2.0.6/edf/train/aaaaamhj/s005_2011/01_tcp_ar/aaaaamhj_s005_t001.edf,18,
tusz,tusz_v2.0.6/edf/train/aaaaamhj/s005_2011/01_tcp_ar/aaaaamhj_s005_t002.edf,18,
tusz,tusz_v2.0.6/edf/train/aaaaamhj/s005_2011/01_tcp_ar/aaaaamhj_s005_t003.edf,18,
tusz,tusz_v2.0.6/edf/train/aaaaamhj/s005_2011/01_tcp_ar/aaaaamhj_s005_t004.edf,18,
tusz,tusz_v2.0.6/edf/train/aaaaamhj/s007_2011/01_tcp_ar/aaaaamhj_s007_t000.edf,18,
tusz,tusz_v2.0.6/edf/train/aaaaamiz/s001_2011/01_tcp_ar/aaaaamiz_s001_t000.edf,18,
tusz,tusz_v2.0.6/edf/train/aaaaammq/s004_2014/01_tcp_ar/aaaaammq_s004_t002.edf,18,
tusz,tusz_v2.0.6/edf/train/aaaaammq/s014_2015/01_tcp_ar/aaaaammq_s014_t000.edf,18,
tusz,tusz_v2.0.6/edf/train/aaaaammu/s001_2011/01_tcp_ar/aaaaammu_s001_t001.edf,18,
tusz,tusz_v2.0.6/edf/train/aaaaammu/s002_2012/01_tcp_ar/aaaaammu_s002_t000.edf,18,
tusz,tusz_v2.0.6/edf/train/aaaaammu/s002_2012/01_tcp_ar/aaaaammu_s002_t001.edf,18,
tusz,tusz_v2.0.6/edf/train/aaaaammu/s003_2012/01_tcp_ar/aaaaammu_s003_t000.edf,18,
tusz,tusz_v2.0.6/edf/train/aaaaammu/s003_2012/01_tcp_ar/aaaaammu_s003_t001.edf,18,
tusz,tusz_v2.0.6/edf/train/aaaaammu/s003_2012/01_tcp_ar/aaaaammu_s003_t002.edf,18,
tusz,tusz_v2.0.6/edf/train/aaaaammu/s003_2012/01_tcp_ar/aaaaammu_s003_t003.edf,18,
tusz,tusz_v2.0.6/edf/train/aaaaammu/s003_2012/01_tcp_ar/aaaaammu_s003_t004.edf,18,
tusz,tusz_v2.0.6/edf/train/aaaaammu/s003_2012/01_tcp_ar/aaaaammu_s003_t005.edf,18,
tusz,tusz_v2.0.6/edf/train/aaaaammu/s003_2012/01_tcp_ar/aaaaammu_s003_t006.edf,18,
tusz,tusz_v2.0.6/edf/train/aaaaammu/s003_2012/01_tcp_ar/aaaaammu_s003_t007.edf,18,
tusz,tusz_v2.0.6/edf/train/aaaaammu/s003_2012/01_tcp_ar/aaaaammu_s003_t008.edf,18,
tusz,tusz_v2.0.6/edf/train/aaaaammu/s003_2012/01_tcp_ar/aaaaammu_s003_t009.edf,18,
tusz,tusz_v2.0.6/edf/train/aaaaammu/s003_2012/01_tcp_ar/aaaaammu_s003_t010.edf,18,
tusz,tusz_v2.0.6/edf/train/aaaaammu/s003_2012/01_tcp_ar/aaaaammu_s003_t011.edf,18,
tusz,tusz_v2.0.6/edf/train/aaaaammu/s003_2012/01_tcp_ar/aaaaammu_s003_t012.edf,18,
tusz,tusz_v2.0.6/edf/train/aaaaammu/s004_2012/01_tcp_ar/aaaaammu_s004_t000.edf,18,
tusz,tusz_v2.0.6/edf/train/aaaaammu/s004_2012/01_tcp_ar/aaaaammu_s004_t001.edf,18,
tusz,tusz_v2.0.6/edf/train/aaaaammu/s004_2012/01_tcp_ar/aaaaammu_s004_t002.edf,18,
tusz,tusz_v2.0.6/edf/train/aaaaammu/s004_2012/01_tcp_ar/aaaaammu_s004_t003.edf,18,
tusz,tusz_v2.0.6/edf/train/aaaaammu/s004_2012/01_tcp_ar/aaaaammu_s004_t004.edf,18,
tusz,tusz_v2.0.6/edf/train/aaaaammu/s004_2012/01_tcp_ar/aaaaammu_s004_t005.edf,18,
tusz,tusz_v2.0.6/edf/train/aaaaammu/s004_2012/01_tcp_ar/aaaaammu_s004_t006.edf,18,
tusz,tusz_v2.0.6/edf/train/aaaaammu/s004_2012/01_tcp_ar/aaaaammu_s004_t007.edf,18,
tusz,tusz_v2.0.6/edf/train/aaaaammu/s004_2012/01_tcp_ar/aaaaammu_s004_t008.edf,18,
tusz,tusz_v2.0.6/edf/train/aaaaamnl/s001_2011/01_tcp_ar/aaaaamnl_s001_t000.edf,18,
tusz,tusz_v2.0.6/edf/train/aaaaamnl/s001_2011/01_tcp_ar/aaaaamnl_s001_t001.edf,18,
tusz,tusz_v2.0.6/edf/train/aaaaamnv/s001_2011/01_tcp_ar/aaaaamnv_s001_t000.edf,18,
tusz,tusz_v2.0.6/edf/train/aaaaamoa/s001_2012/01_tcp_ar/aaaaamoa_s001_t000.edf,18,
tusz,tusz_v2.0.6/edf/train/aaaaamoa/s002_2012/01_tcp_ar/aaaaamoa_s002_t000.edf,18,
tusz,tusz_v2.0.6/edf/train/aaaaamoa/s002_2012/01_tcp_ar/aaaaamoa_s002_t001.edf,18,
tusz,tusz_v2.0.6/edf/train/aaaaamoa/s002_2012/01_tcp_ar/aaaaamoa_s002_t002.edf,18,
tusz,tusz_v2.0.6/edf/train/aaaaamoa/s003_2012/01_tcp_ar/aaaaamoa_s003_t000.edf,18,
tusz,tusz_v2.0.6/edf/train/aaaaamoa/s003_2012/01_tcp_ar/aaaaamoa_s003_t001.edf,18,
tusz,tusz_v2.0.6/edf/train/aaaaamoa/s003_2012/01_tcp_ar/aaaaamoa_s003_t002.edf,18,
tusz,tusz_v2.0.6/edf/train/aaaaamoa/s003_2012/01_tcp_ar/aaaaamoa_s003_t003.edf,18,
tusz,tusz_v2.0.6/edf/train/aaaaamoa/s003_2012/01_tcp_ar/aaaaamoa_s003_t004.edf,18,
tusz,tusz_v2.0.6/edf/train/aaaaamoa/s003_2012/01_tcp_ar/aaaaamoa_s003_t005.edf,18,
tusz,tusz_v2.0.6/edf/train/aaaaamoa/s003_2012/01_tcp_ar/aaaaamoa_s003_t006.edf,18,
tusz,tusz_v2.0.6/edf/train/aaaaamoa/s003_2012/01_tcp_ar/aaaaamoa_s003_t007.edf,18,
tusz,tusz_v2.0.6/edf/train/aaaaamoa/s003_2012/01_tcp_ar/aaaaamoa_s003_t008.edf,18,
tusz,tusz_v2.0.6/edf/train/aaaaamoa/s003_2012/01_tcp_ar/aaaaamoa_s003_t009.edf,18,
tusz,tusz_v2.0.6/edf/train/aaaaamoa/s003_2012/01_tcp_ar/aaaaamoa_s003_t010.edf,18,
tusz,tusz_v2.0.6/edf/train/aaaaamoa/s003_2012/01_tcp_ar/aaaaamoa_s003_t011.edf,18,
tusz,tusz_v2.0.6/edf/train/aaaaamoa/s004_2012/01_tcp_ar/aaaaamoa_s004_t000.edf,18,
tusz,tusz_v2.0.6/edf/train/aaaaamoa/s004_2012/01_tcp_ar/aaaaamoa_s004_t001.edf,18,
tusz,tusz_v2.0.6/edf/train/aaaaamoa/s004_2012/01_tcp_ar/aaaaamoa_s004_t002.edf,18,
tusz,tusz_v2.0.6/edf/train/aaaaamoa/s004_2012/01_tcp_ar/aaaaamoa_s004_t003.edf,18,
tusz,tusz_v2.0.6/edf/train/aaaaamoa/s004_2012/01_tcp_ar/aaaaamoa_s004_t004.edf,18,
tusz,tusz_v2.0.6/edf/train/aaaaamoa/s004_2012/01_tcp_ar/aaaaamoa_s004_t005.edf,18,
tusz,tusz_v2.0.6/edf/train/aaaaamoa/s004_2012/01_tcp_ar/aaaaamoa_s004_t006.edf,18,
tusz,tusz_v2.0.6/edf/train/aaaaamoa/s004_2012/01_tcp_ar/aaaaamoa_s004_t007.edf,18,
tusz,tusz_v2.0.6/edf/train/aaaaamoa/s004_2012/01_tcp_ar/aaaaamoa_s004_t008.edf,18,
tusz,tusz_v2.0.6/edf/train/aaaaamoa/s004_2012/01_tcp_ar/aaaaamoa_s004_t009.edf,18,
tusz,tusz_v2.0.6/edf/train/aaaaamoa/s004_2012/01_tcp_ar/aaaaamoa_s004_t010.edf,18,
tusz,tusz_v2.0.6/edf/train/aaaaamoa/s006_2012/01_tcp_ar/aaaaamoa_s006_t000.edf,18,
tusz,tusz_v2.0.6/edf/train/aaaaamoa/s006_2012/01_tcp_ar/aaaaamoa_s006_t002.edf,18,
tusz,tusz_v2.0.6/edf/train/aaaaamoa/s006_2012/01_tcp_ar/aaaaamoa_s006_t003.edf,18,
tusz,tusz_v2.0.6/edf/train/aaaaamoa/s006_2012/01_tcp_ar/aaaaamoa_s006_t004.edf,18,
tusz,tusz_v2.0.6/edf/train/aaaaamoa/s006_2012/01_tcp_ar/aaaaamoa_s006_t006.edf,18,
tusz,tusz_v2.0.6/edf/train/aaaaamoa/s006_2012/01_tcp_ar/aaaaamoa_s006_t007.edf,18,
tusz,tusz_v2.0.6/edf/train/aaaaamoa/s006_2012/01_tcp_ar/aaaaamoa_s006_t008.edf,18,
tusz,tusz_v2.0.6/edf/train/aaaaamoa/s006_2012/01_tcp_ar/aaaaamoa_s006_t009.edf,18,
tusz,tusz_v2.0.6/edf/train/aaaaamoa/s006_2012/01_tcp_ar/aaaaamoa_s006_t010.edf,18,
tusz,tusz_v2.0.6/edf/train/aaaaamoa/s006_2012/01_tcp_ar/aaaaamoa_s006_t011.edf,18,
tusz,tusz_v2.0.6/edf/train/aaaaamoa/s007_2012/01_tcp_ar/aaaaamoa_s007_t000.edf,18,
tusz,tusz_v2.0.6/edf/train/aaaaamoa/s007_2012/01_tcp_ar/aaaaamoa_s007_t001.edf,18,
tusz,tusz_v2.0.6/edf/train/aaaaamoa/s008_2012/01_tcp_ar/aaaaamoa_s008_t000.edf,18,
tusz,tusz_v2.0.6/edf/train/aaaaamoe/s001_2012/01_tcp_ar/aaaaamoe_s001_t000.edf,18,
tusz,tusz_v2.0.6/edf/train/aaaaamoe/s002_2012/01_tcp_ar/aaaaamoe_s002_t000.edf,18,
tusz,tusz_v2.0.6/edf/train/aaaaamoe/s002_2012/01_tcp_ar/aaaaamoe_s002_t001.edf,18,
tusz,tusz_v2.0.6/edf/train/aaaaamoe/s002_2012/01_tcp_ar/aaaaamoe_s002_t002.edf,18,
tusz,tusz_v2.0.6/edf/train/aaaaamoe/s002_2012/01_tcp_ar/aaaaamoe_s002_t003.edf,18,
tusz,tusz_v2.0.6/edf/train/aaaaamoe/s002_2012/01_tcp_ar/aaaaamoe_s002_t004.edf,18,
tusz,tusz_v2.0.6/edf/train/aaaaamoe/s002_2012/01_tcp_ar/aaaaamoe_s002_t005.edf,18,
tusz,tusz_v2.0.6/edf/train/aaaaamoe/s003_2012/01_tcp_ar/aaaaamoe_s003_t000.edf,18,
tusz,tusz_v2.0.6/edf/train/aaaaamoe/s003_2012/01_tcp_ar/aaaaamoe_s003_t001.edf,18,
tusz,tusz_v2.0.6/edf/train/aaaaamoe/s003_2012/01_tcp_ar/aaaaamoe_s003_t002.edf,18,
tusz,tusz_v2.0.6/edf/train/aaaaamoe/s004_2012/01_tcp_ar/aaaaamoe_s004_t000.edf,18,
tusz,tusz_v2.0.6/edf/train/aaaaamoe/s004_2012/01_tcp_ar/aaaaamoe_s004_t001.edf,18,
tusz,tusz_v2.0.6/edf/train/aaaaamoe/s004_2012/01_tcp_ar/aaaaamoe_s004_t002.edf,18,
tusz,tusz_v2.0.6/edf/train/aaaaamoe/s004_2012/01_tcp_ar/aaaaamoe_s004_t003.edf,18,
tusz,tusz_v2.0.6/edf/train/aaaaamoe/s005_2012/01_tcp_ar/aaaaamoe_s005_t000.edf,18,
tusz,tusz_v2.0.6/edf/train/aaaaamoe/s005_2012/01_tcp_ar/aaaaamoe_s005_t001.edf,18,
tusz,tusz_v2.0.6/edf/train/aaaaamoe/s005_2012/01_tcp_ar/aaaaamoe_s005_t002.edf,18,
tusz,tusz_v2.0.6/edf/train/aaaaamoe/s005_2012/01_tcp_ar/aaaaamoe_s005_t003.edf,18,
tusz,tusz_v2.0.6/edf/train/aaaaamoe/s007_2012/01_tcp_ar/aaaaamoe_s007_t000.edf,18,
tusz,tusz_v2.0.6/edf/train/aaaaamoe/s007_2012/01_tcp_ar/aaaaamoe_s007_t001.edf,18,
tusz,tusz_v2.0.6/edf/train/aaaaamoe/s007_2012/01_tcp_ar/aaaaamoe_s007_t002.edf,18,
tusz,tusz_v2.0.6/edf/train/aaaaamoe/s007_2012/01_tcp_ar/aaaaamoe_s007_t003.edf,18,
tusz,tusz_v2.0.6/edf/train/aaaaamoe/s007_2012/01_tcp_ar/aaaaamoe_s007_t004.edf,18,
tusz,tusz_v2.0.6/edf/train/aaaaamoe/s009_2012/01_tcp_ar/aaaaamoe_s009_t000.edf,18,
tusz,tusz_v2.0.6/edf/train/aaaaamoe/s009_2012/01_tcp_ar/aaaaamoe_s009_t001.edf,18,
tusz,tusz_v2.0.6/edf/train/aaaaamoe/s009_2012/01_tcp_ar/aaaaamoe_s009_t002.edf,18,
tusz,tusz_v2.0.6/edf/train/aaaaamof/s001_2012/01_tcp_ar/aaaaamof_s001_t000.edf,18,
tusz,tusz_v2.0.6/edf/train/aaaaamof/s002_2012/01_tcp_ar/aaaaamof_s002_t000.edf,18,
tusz,tusz_v2.0.6/edf/train/aaaaamof/s002_2012/01_tcp_ar/aaaaamof_s002_t001.edf,18,
tusz,tusz_v2.0.6/edf/train/aaaaamof/s002_2012/01_tcp_ar/aaaaamof_s002_t002.edf,18,
tusz,tusz_v2.0.6/edf/train/aaaaamof/s002_2012/01_tcp_ar/aaaaamof_s002_t003.edf,18,
tusz,tusz_v2.0.6/edf/train/aaaaamof/s003_2012/01_tcp_ar/aaaaamof_s003_t000.edf,18,
tusz,tusz_v2.0.6/edf/train/aaaaamof/s003_2012/01_tcp_ar/aaaaamof_s003_t001.edf,18,
tusz,tusz_v2.0.6/edf/train/aaaaamof/s003_2012/01_tcp_ar/aaaaamof_s003_t002.edf,18,
tusz,tusz_v2.0.6/edf/train/aaaaamof/s003_2012/01_tcp_ar/aaaaamof_s003_t003.edf,18,
tusz,tusz_v2.0.6/edf/train/aaaaamof/s003_2012/01_tcp_ar/aaaaamof_s003_t004.edf,18,
tusz,tusz_v2.0.6/edf/train/aaaaamol/s002_2013/01_tcp_ar/aaaaamol_s002_t000.edf,18,
tusz,tusz_v2.0.6/edf/train/aaaaamoq/s005_2012/01_tcp_ar/aaaaamoq_s005_t000.edf,18,
tusz,tusz_v2.0.6/edf/train/aaaaamoq/s005_2012/01_tcp_ar/aaaaamoq_s005_t001.edf,18,
tusz,tusz_v2.0.6/edf/train/aaaaamoq/s005_2012/01_tcp_ar/aaaaamoq_s005_t002.edf,18,
tusz,tusz_v2.0.6/edf/train/aaaaamoq/s005_2012/01_tcp_ar/aaaaamoq_s005_t003.edf,18,
tusz,tusz_v2.0.6/edf/train/aaaaamoq/s005_2012/01_tcp_ar/aaaaamoq_s005_t004.edf,18,
tusz,tusz_v2.0.6/edf/train/aaaaamoq/s005_2012/01_tcp_ar/aaaaamoq_s005_t005.edf,18,
tusz,tusz_v2.0.6/edf/train/aaaaamoq/s005_2012/01_tcp_ar/aaaaamoq_s005_t006.edf,18,
tusz,tusz_v2.0.6/edf/train/aaaaamoq/s005_2012/01_tcp_ar/aaaaamoq_s005_t007.edf,18,
tusz,tusz_v2.0.6/edf/train/aaaaamoq/s005_2012/01_tcp_ar/aaaaamoq_s005_t008.edf,18,
tusz,tusz_v2.0.6/edf/train/aaaaamoq/s005_2012/01_tcp_ar/aaaaamoq_s005_t009.edf,18,
tusz,tusz_v2.0.6/edf/train/aaaaamoq/s005_2012/01_tcp_ar/aaaaamoq_s005_t010.edf,18,
tusz,tusz_v2.0.6/edf/train/aaaaampz/s002_2015/01_tcp_ar/aaaaampz_s002_t000.edf,18,
tusz,tusz_v2.0.6/edf/train/aaaaampz/s003_2015/01_tcp_ar/aaaaampz_s003_t000.edf,18,
tusz,tusz_v2.0.6/edf/train/aaaaampz/s003_2015/01_tcp_ar/aaaaampz_s003_t001.edf,18,
tusz,tusz_v2.0.6/edf/train/aaaaampz/s003_2015/01_tcp_ar/aaaaampz_s003_t002.edf,18,
tusz,tusz_v2.0.6/edf/train/aaaaampz/s003_2015/01_tcp_ar/aaaaampz_s003_t003.edf,18,
tusz,tusz_v2.0.6/edf/train/aaaaampz/s004_2015/01_tcp_ar/aaaaampz_s004_t000.edf,18,
tusz,tusz_v2.0.6/edf/train/aaaaampz/s004_2015/01_tcp_ar/aaaaampz_s004_t001.edf,18,
tusz,tusz_v2.0.6/edf/train/aaaaampz/s004_2015/01_tcp_ar/aaaaampz_s004_t002.edf,18,
tusz,tusz_v2.0.6/edf/train/aaaaampz/s004_2015/01_tcp_ar/aaaaampz_s004_t003.edf,18,
tusz,tusz_v2.0.6/edf/train/aaaaampz/s004_2015/01_tcp_ar/aaaaampz_s004_t004.edf,18,
tusz,tusz_v2.0.6/edf/train/aaaaampz/s004_2015/01_tcp_ar/aaaaampz_s004_t005.edf,18,
tusz,tusz_v2.0.6/edf/train/aaaaampz/s005_2015/01_tcp_ar/aaaaampz_s005_t000.edf,18,
tusz,tusz_v2.0.6/edf/train/aaaaampz/s005_2015/01_tcp_ar/aaaaampz_s005_t001.edf,18,
tusz,tusz_v2.0.6/edf/train/aaaaampz/s005_2015/01_tcp_ar/aaaaampz_s005_t002.edf,18,
tusz,tusz_v2.0.6/edf/train/aaaaampz/s005_2015/01_tcp_ar/aaaaampz_s005_t003.edf,18,
tusz,tusz_v2.0.6/edf/train/aaaaampz/s005_2015/01_tcp_ar/aaaaampz_s005_t004.edf,18,
tusz,tusz_v2.0.6/edf/train/aaaaampz/s005_2015/01_tcp_ar/aaaaampz_s005_t005.edf,18,
tusz,tusz_v2.0.6/edf/train/aaaaampz/s005_2015/01_tcp_ar/aaaaampz_s005_t006.edf,18,
tusz,tusz_v2.0.6/edf/train/aaaaampz/s005_2015/01_tcp_ar/aaaaampz_s005_t007.edf,18,
tusz,tusz_v2.0.6/edf/train/aaaaampz/s005_2015/01_tcp_ar/aaaaampz_s005_t008.edf,18,
tusz,tusz_v2.0.6/edf/train/aaaaampz/s005_2015/01_tcp_ar/aaaaampz_s005_t009.edf,18,
tusz,tusz_v2.0.6/edf/train/aaaaamqy/s001_2012/01_tcp_ar/aaaaamqy_s001_t000.edf,18,
tusz,tusz_v2.0.6/edf/train/aaaaamqy/s002_2013/01_tcp_ar/aaaaamqy_s002_t000.edf,18,
tusz,tusz_v2.0.6/edf/train/aaaaamqy/s003_2013/01_tcp_ar/aaaaamqy_s003_t001.edf,18,
tusz,tusz_v2.0.6/edf/train/aaaaamqy/s004_2013/01_tcp_ar/aaaaamqy_s004_t000.edf,18,
tusz,tusz_v2.0.6/edf/train/aaaaamqy/s004_2013/01_tcp_ar/aaaaamqy_s004_t001.edf,18,
tusz,tusz_v2.0.6/edf/train/aaaaamqy/s004_2013/01_tcp_ar/aaaaamqy_s004_t002.edf,18,
tusz,tusz_v2.0.6/edf/train/aaaaamqy/s006_2013/01_tcp_ar/aaaaamqy_s006_t000.edf,18,
tusz,tusz_v2.0.6/edf/train/aaaaamqy/s006_2013/01_tcp_ar/aaaaamqy_s006_t001.edf,18,
tusz,tusz_v2.0.6/edf/train/aaaaamqy/s006_2013/01_tcp_ar/aaaaamqy_s006_t002.edf,18,
tusz,tusz_v2.0.6/edf/train/aaaaamqy/s006_2013/01_tcp_ar/aaaaamqy_s006_t003.edf,18,
tusz,tusz_v2.0.6/edf/train/aaaaamqy/s006_2013/01_tcp_ar/aaaaamqy_s006_t004.edf,18,
tusz,tusz_v2.0.6/edf/train/aaaaamqy/s006_2013/01_tcp_ar/aaaaamqy_s006_t005.edf,18,
tusz,tusz_v2.0.6/edf/train/aaaaamqy/s006_2013/01_tcp_ar/aaaaamqy_s006_t006.edf,18,
tusz,tusz_v2.0.6/edf/train/aaaaamqy/s006_2013/01_tcp_ar/aaaaamqy_s006_t007.edf,18,
tusz,tusz_v2.0.6/edf/train/aaaaamqy/s007_2013/01_tcp_ar/aaaaamqy_s007_t000.edf,18,
tusz,tusz_v2.0.6/edf/train/aaaaamqy/s007_2013/01_tcp_ar/aaaaamqy_s007_t001.edf,18,
tusz,tusz_v2.0.6/edf/train/aaaaamqy/s007_2013/01_tcp_ar/aaaaamqy_s007_t002.edf,18,
tusz,tusz_v2.0.6/edf/train/aaaaamqy/s007_2013/01_tcp_ar/aaaaamqy_s007_t003.edf,18,
tusz,tusz_v2.0.6/edf/train/aaaaamqy/s007_2013/01_tcp_ar/aaaaamqy_s007_t004.edf,18,
tusz,tusz_v2.0.6/edf/train/aaaaamqy/s007_2013/01_tcp_ar/aaaaamqy_s007_t005.edf,18,
tusz,tusz_v2.0.6/edf/train/aaaaamqy/s007_2013/01_tcp_ar/aaaaamqy_s007_t006.edf,18,
tusz,tusz_v2.0.6/edf/train/aaaaamqy/s007_2013/01_tcp_ar/aaaaamqy_s007_t007.edf,18,
tusz,tusz_v2.0.6/edf/train/aaaaamqy/s007_2013/01_tcp_ar/aaaaamqy_s007_t008.edf,18,
tusz,tusz_v2.0.6/edf/train/aaaaamqy/s007_2013/01_tcp_ar/aaaaamqy_s007_t009.edf,18,
tusz,tusz_v2.0.6/edf/train/aaaaamqy/s008_2013/01_tcp_ar/aaaaamqy_s008_t000.edf,18,
tusz,tusz_v2.0.6/edf/train/aaaaamqy/s008_2013/01_tcp_ar/aaaaamqy_s008_t001.edf,18,
tusz,tusz_v2.0.6/edf/train/aaaaamqy/s008_2013/01_tcp_ar/aaaaamqy_s008_t002.edf,18,
tusz,tusz_v2.0.6/edf/train/aaaaamqy/s008_2013/01_tcp_ar/aaaaamqy_s008_t003.edf,18,
tusz,tusz_v2.0.6/edf/train/aaaaamqy/s008_2013/01_tcp_ar/aaaaamqy_s008_t004.edf,18,
tusz,tusz_v2.0.6/edf/train/aaaaamqy/s008_2013/01_tcp_ar/aaaaamqy_s008_t005.edf,18,
tusz,tusz_v2.0.6/edf/train/aaaaamqy/s008_2013/01_tcp_ar/aaaaamqy_s008_t006.edf,18,
tusz,tusz_v2.0.6/edf/train/aaaaamqy/s008_2013/01_tcp_ar/aaaaamqy_s008_t007.edf,18,
tusz,tusz_v2.0.6/edf/train/aaaaamqy/s008_2013/01_tcp_ar/aaaaamqy_s008_t008.edf,18,
tusz,tusz_v2.0.6/edf/train/aaaaamqy/s009_2013/01_tcp_ar/aaaaamqy_s009_t000.edf,18,
tusz,tusz_v2.0.6/edf/train/aaaaamqy/s009_2013/01_tcp_ar/aaaaamqy_s009_t001.edf,18,
tusz,tusz_v2.0.6/edf/train/aaaaamqy/s009_2013/01_tcp_ar/aaaaamqy_s009_t002.edf,18,
tusz,tusz_v2.0.6/edf/train/aaaaamqy/s009_2013/01_tcp_ar/aaaaamqy_s009_t003.edf,18,
tusz,tusz_v2.0.6/edf/train/aaaaamqy/s009_2013/01_tcp_ar/aaaaamqy_s009_t004.edf,18,
tusz,tusz_v2.0.6/edf/train/aaaaamqy/s009_2013/01_tcp_ar/aaaaamqy_s009_t005.edf,18,
tusz,tusz_v2.0.6/edf/train/aaaaamqy/s009_2013/01_tcp_ar/aaaaamqy_s009_t006.edf,18,
tusz,tusz_v2.0.6/edf/train/aaaaamqy/s009_2013/01_tcp_ar/aaaaamqy_s009_t007.edf,18,
tusz,tusz_v2.0.6/edf/train/aaaaamqy/s009_2013/01_tcp_ar/aaaaamqy_s009_t008.edf,18,
tusz,tusz_v2.0.6/edf/train/aaaaamqy/s009_2013/01_tcp_ar/aaaaamqy_s009_t009.edf,18,
tusz,tusz_v2.0.6/edf/train/aaaaamqy/s010_2013/01_tcp_ar/aaaaamqy_s010_t000.edf,18,
tusz,tusz_v2.0.6/edf/train/aaaaamqy/s010_2013/01_tcp_ar/aaaaamqy_s010_t001.edf,18,
tusz,tusz_v2.0.6/edf/train/aaaaamqy/s010_2013/01_tcp_ar/aaaaamqy_s010_t002.edf,18,
tusz,tusz_v2.0.6/edf/train/aaaaamqy/s010_2013/01_tcp_ar/aaaaamqy_s010_t003.edf,18,
tusz,tusz_v2.0.6/edf/train/aaaaamqy/s010_2013/01_tcp_ar/aaaaamqy_s010_t004.edf,18,
tusz,tusz_v2.0.6/edf/train/aaaaamqy/s010_2013/01_tcp_ar/aaaaamqy_s010_t005.edf,18,
tusz,tusz_v2.0.6/edf/train/aaaaamqy/s010_2013/01_tcp_ar/aaaaamqy_s010_t006.edf,18,
tusz,tusz_v2.0.6/edf/train/aaaaamqy/s010_2013/01_tcp_ar/aaaaamqy_s010_t007.edf,18,
tusz,tusz_v2.0.6/edf/train/aaaaamqy/s010_2013/01_tcp_ar/aaaaamqy_s010_t008.edf,18,
tusz,tusz_v2.0.6/edf/train/aaaaamrh/s002_2011/01_tcp_ar/aaaaamrh_s002_t000.edf,18,
tusz,tusz_v2.0.6/edf/train/aaaaamrh/s002_2011/01_tcp_ar/aaaaamrh_s002_t001.edf,18,
tusz,tusz_v2.0.6/edf/train/aaaaamrh/s002_2011/01_tcp_ar/aaaaamrh_s002_t002.edf,18,
tusz,tusz_v2.0.6/edf/train/aaaaamrh/s002_2011/01_tcp_ar/aaaaamrh_s002_t003.edf,18,
tusz,tusz_v2.0.6/edf/train/aaaaamrh/s002_2011/01_tcp_ar/aaaaamrh_s002_t004.edf,18,
tusz,tusz_v2.0.6/edf/train/aaaaamrh/s002_2011/01_tcp_ar/aaaaamrh_s002_t005.edf,18,
tusz,tusz_v2.0.6/edf/train/aaaaamrh/s002_2011/01_tcp_ar/aaaaamrh_s002_t006.edf,18,
tusz,tusz_v2.0.6/edf/train/aaaaamrh/s002_2011/01_tcp_ar/aaaaamrh_s002_t007.edf,18,
tusz,tusz_v2.0.6/edf/train/aaaaamrt/s001_2012/01_tcp_ar/aaaaamrt_s001_t000.edf,18,
tusz,tusz_v2.0.6/edf/train/aaaaamrt/s001_2012/01_tcp_ar/aaaaamrt_s001_t001.edf,18,
tusz,tusz_v2.0.6/edf/train/aaaaamru/s001_2012/01_tcp_ar/aaaaamru_s001_t000.edf,18,
tusz,tusz_v2.0.6/edf/train/aaaaamrz/s001_2012/01_tcp_ar/aaaaamrz_s001_t000.edf,18,
tusz,tusz_v2.0.6/edf/train/aaaaamtc/s001_2012/01_tcp_ar/aaaaamtc_s001_t000.edf,18,
tusz,tusz_v2.0.6/edf/train/aaaaamtj/s001_2012/01_tcp_ar/aaaaamtj_s001_t000.edf,18,
tusz,tusz_v2.0.6/edf/train/aaaaamtj/s001_2012/01_tcp_ar/aaaaamtj_s001_t001.edf,18,
tusz,tusz_v2.0.6/edf/train/aaaaamtj/s001_2012/01_tcp_ar/aaaaamtj_s001_t002.edf,18,
tusz,tusz_v2.0.6/edf/train/aaaaamtj/s002_2012/01_tcp_ar/aaaaamtj_s002_t000.edf,18,
tusz,tusz_v2.0.6/edf/train/aaaaamtk/s001_2012/01_tcp_ar/aaaaamtk_s001_t000.edf,18,
tusz,tusz_v2.0.6/edf/train/aaaaamtk/s001_2012/01_tcp_ar/aaaaamtk_s001_t001.edf,18,
tusz,tusz_v2.0.6/edf/train/aaaaamtw/s001_2012/01_tcp_ar/aaaaamtw_s001_t000.edf,18,
tusz,tusz_v2.0.6/edf/train/aaaaamul/s001_2012/01_tcp_ar/aaaaamul_s001_t000.edf,18,
tusz,tusz_v2.0.6/edf/train/aaaaamul/s002_2012/01_tcp_ar/aaaaamul_s002_t000.edf,18,
tusz,tusz_v2.0.6/edf/train/aaaaamul/s002_2012/01_tcp_ar/aaaaamul_s002_t001.edf,18,
tusz,tusz_v2.0.6/edf/train/aaaaamul/s002_2012/01_tcp_ar/aaaaamul_s002_t002.edf,18,
tusz,tusz_v2.0.6/edf/train/aaaaamul/s002_2012/01_tcp_ar/aaaaamul_s002_t003.edf,18,
tusz,tusz_v2.0.6/edf/train/aaaaamul/s002_2012/01_tcp_ar/aaaaamul_s002_t004.edf,18,
tusz,tusz_v2.0.6/edf/train/aaaaamul/s002_2012/01_tcp_ar/aaaaamul_s002_t005.edf,18,
tusz,tusz_v2.0.6/edf/train/aaaaamul/s002_2012/01_tcp_ar/aaaaamul_s002_t006.edf,18,
tusz,tusz_v2.0.6/edf/train/aaaaamul/s002_2012/01_tcp_ar/aaaaamul_s002_t007.edf,18,
tusz,tusz_v2.0.6/edf/train/aaaaamul/s002_2012/01_tcp_ar/aaaaamul_s002_t008.edf,18,
tusz,tusz_v2.0.6/edf/train/aaaaamul/s002_2012/01_tcp_ar/aaaaamul_s002_t009.edf,18,
tusz,tusz_v2.0.6/edf/train/aaaaamul/s002_2012/01_tcp_ar/aaaaamul_s002_t010.edf,18,
tusz,tusz_v2.0.6/edf/train/aaaaamvc/s005_2013/01_tcp_ar/aaaaamvc_s005_t000.edf,18,
tusz,tusz_v2.0.6/edf/train/aaaaamvc/s005_2013/01_tcp_ar/aaaaamvc_s005_t001.edf,18,
tusz,tusz_v2.0.6/edf/train/aaaaamvc/s005_2013/01_tcp_ar/aaaaamvc_s005_t002.edf,18,
tusz,tusz_v2.0.6/edf/train/aaaaamvc/s005_2013/01_tcp_ar/aaaaamvc_s005_t003.edf,18,
tusz,tusz_v2.0.6/edf/train/aaaaamvc/s005_2013/01_tcp_ar/aaaaamvc_s005_t004.edf,18,
tusz,tusz_v2.0.6/edf/train/aaaaamvc/s007_2013/01_tcp_ar/aaaaamvc_s007_t000.edf,18,
tusz,tusz_v2.0.6/edf/train/aaaaamvc/s007_2013/01_tcp_ar/aaaaamvc_s007_t001.edf,18,
tusz,tusz_v2.0.6/edf/train/aaaaamvc/s007_2013/01_tcp_ar/aaaaamvc_s007_t002.edf,18,
tusz,tusz_v2.0.6/edf/train/aaaaamvc/s007_2013/01_tcp_ar/aaaaamvc_s007_t003.edf,18,
tusz,tusz_v2.0.6/edf/train/aaaaamvc/s007_2013/01_tcp_ar/aaaaamvc_s007_t004.edf,18,
tusz,tusz_v2.0.6/edf/train/aaaaamww/s005_2012/01_tcp_ar/aaaaamww_s005_t000.edf,18,
tusz,tusz_v2.0.6/edf/train/aaaaamww/s005_2012/01_tcp_ar/aaaaamww_s005_t001.edf,18,
tusz,tusz_v2.0.6/edf/train/aaaaamww/s005_2012/01_tcp_ar/aaaaamww_s005_t002.edf,18,
tusz,tusz_v2.0.6/edf/train/aaaaamww/s005_2012/01_tcp_ar/aaaaamww_s005_t003.edf,18,
tusz,tusz_v2.0.6/edf/train/aaaaamww/s005_2012/01_tcp_ar/aaaaamww_s005_t004.edf,18,
tusz,tusz_v2.0.6/edf/train/aaaaamww/s005_2012/01_tcp_ar/aaaaamww_s005_t005.edf,18,
tusz,tusz_v2.0.6/edf/train/aaaaamxu/s001_2012/01_tcp_ar/aaaaamxu_s001_t000.edf,18,
tusz,tusz_v2.0.6/edf/train/aaaaamyc/s001_2012/01_tcp_ar/aaaaamyc_s001_t000.edf,18,
tusz,tusz_v2.0.6/edf/train/aaaaamyc/s002_2013/01_tcp_ar/aaaaamyc_s002_t000.edf,18,
tusz,tusz_v2.0.6/edf/train/aaaaamyc/s003_2013/01_tcp_ar/aaaaamyc_s003_t000.edf,18,
tusz,tusz_v2.0.6/edf/train/aaaaamyc/s003_2013/01_tcp_ar/aaaaamyc_s003_t002.edf,18,
tusz,tusz_v2.0.6/edf/train/aaaaamyc/s003_2013/01_tcp_ar/aaaaamyc_s003_t003.edf,18,
tusz,tusz_v2.0.6/edf/train/aaaaamyc/s003_2013/01_tcp_ar/aaaaamyc_s003_t004.edf,18,
tusz,tusz_v2.0.6/edf/train/aaaaamyc/s003_2013/01_tcp_ar/aaaaamyc_s003_t005.edf,18,
tusz,tusz_v2.0.6/edf/train/aaaaamyc/s003_2013/01_tcp_ar/aaaaamyc_s003_t006.edf,18,
tusz,tusz_v2.0.6/edf/train/aaaaamyc/s003_2013/01_tcp_ar/aaaaamyc_s003_t007.edf,18,
tusz,tusz_v2.0.6/edf/train/aaaaamyc/s003_2013/01_tcp_ar/aaaaamyc_s003_t008.edf,18,
tusz,tusz_v2.0.6/edf/train/aaaaamyc/s003_2013/01_tcp_ar/aaaaamyc_s003_t009.edf,18,
tusz,tusz_v2.0.6/edf/train/aaaaamyc/s003_2013/01_tcp_ar/aaaaamyc_s003_t010.edf,18,
tusz,tusz_v2.0.6/edf/train/aaaaamyc/s004_2013/01_tcp_ar/aaaaamyc_s004_t000.edf,18,
tusz,tusz_v2.0.6/edf/train/aaaaamyc/s004_2013/01_tcp_ar/aaaaamyc_s004_t001.edf,18,
tusz,tusz_v2.0.6/edf/train/aaaaamyc/s004_2013/01_tcp_ar/aaaaamyc_s004_t002.edf,18,
tusz,tusz_v2.0.6/edf/train/aaaaamyc/s004_2013/01_tcp_ar/aaaaamyc_s004_t003.edf,18,
tusz,tusz_v2.0.6/edf/train/aaaaamyc/s004_2013/01_tcp_ar/aaaaamyc_s004_t004.edf,18,
tusz,tusz_v2.0.6/edf/train/aaaaamyc/s004_2013/01_tcp_ar/aaaaamyc_s004_t005.edf,18,
tusz,tusz_v2.0.6/edf/train/aaaaamyc/s004_2013/01_tcp_ar/aaaaamyc_s004_t006.edf,18,
tusz,tusz_v2.0.6/edf/train/aaaaamyc/s004_2013/01_tcp_ar/aaaaamyc_s004_t007.edf,18,
tusz,tusz_v2.0.6/edf/train/aaaaamyc/s004_2013/01_tcp_ar/aaaaamyc_s004_t008.edf,18,
tusz,tusz_v2.0.6/edf/train/aaaaamyc/s005_2013/01_tcp_ar/aaaaamyc_s005_t000.edf,18,
tusz,tusz_v2.0.6/edf/train/aaaaamyc/s005_2013/01_tcp_ar/aaaaamyc_s005_t001.edf,18,
tusz,tusz_v2.0.6/edf/train/aaaaamyc/s005_2013/01_tcp_ar/aaaaamyc_s005_t002.edf,18,
tusz,tusz_v2.0.6/edf/train/aaaaamyc/s005_2013/01_tcp_ar/aaaaamyc_s005_t003.edf,18,
tusz,tusz_v2.0.6/edf/train/aaaaamyc/s005_2013/01_tcp_ar/aaaaamyc_s005_t004.edf,18,
tusz,tusz_v2.0.6/edf/train/aaaaamyc/s005_2013/01_tcp_ar/aaaaamyc_s005_t005.edf,18,
tusz,tusz_v2.0.6/edf/train/aaaaamyc/s005_2013/01_tcp_ar/aaaaamyc_s005_t006.edf,18,
tusz,tusz_v2.0.6/edf/train/aaaaamyc/s005_2013/01_tcp_ar/aaaaamyc_s005_t007.edf,18,
tusz,tusz_v2.0.6/edf/train/aaaaamyc/s005_2013/01_tcp_ar/aaaaamyc_s005_t008.edf,18,
tusz,tusz_v2.0.6/edf/train/aaaaamyc/s005_2013/01_tcp_ar/aaaaamyc_s005_t009.edf,18,
tusz,tusz_v2.0.6/edf/train/aaaaamyc/s006_2013/01_tcp_ar/aaaaamyc_s006_t000.edf,18,
tusz,tusz_v2.0.6/edf/train/aaaaamyc/s006_2013/01_tcp_ar/aaaaamyc_s006_t001.edf,18,
tusz,tusz_v2.0.6/edf/train/aaaaamyc/s006_2013/01_tcp_ar/aaaaamyc_s006_t002.edf,18,
tusz,tusz_v2.0.6/edf/train/aaaaamyc/s006_2013/01_tcp_ar/aaaaamyc_s006_t003.edf,18,
tusz,tusz_v2.0.6/edf/train/aaaaamyc/s006_2013/01_tcp_ar/aaaaamyc_s006_t004.edf,18,
tusz,tusz_v2.0.6/edf/train/aaaaamyc/s006_2013/01_tcp_ar/aaaaamyc_s006_t005.edf,18,
tusz,tusz_v2.0.6/edf/train/aaaaamyc/s006_2013/01_tcp_ar/aaaaamyc_s006_t006.edf,18,
tusz,tusz_v2.0.6/edf/train/aaaaamyc/s006_2013/01_tcp_ar/aaaaamyc_s006_t007.edf,18,
tusz,tusz_v2.0.6/edf/train/aaaaamyy/s001_2012/01_tcp_ar/aaaaamyy_s001_t000.edf,18,
tusz,tusz_v2.0.6/edf/train/aaaaamyy/s001_2012/01_tcp_ar/aaaaamyy_s001_t001.edf,18,
tusz,tusz_v2.0.6/edf/train/aaaaanbj/s003_2014/01_tcp_ar/aaaaanbj_s003_t000.edf,18,
tusz,tusz_v2.0.6/edf/train/aaaaanbp/s001_2012/01_tcp_ar/aaaaanbp_s001_t000.edf,18,
tusz,tusz_v2.0.6/edf/train/aaaaanbp/s001_2012/01_tcp_ar/aaaaanbp_s001_t001.edf,18,
tusz,tusz_v2.0.6/edf/train/aaaaanbp/s001_2012/01_tcp_ar/aaaaanbp_s001_t002.edf,18,
tusz,tusz_v2.0.6/edf/train/aaaaanbp/s002_2012/01_tcp_ar/aaaaanbp_s002_t000.edf,18,
tusz,tusz_v2.0.6/edf/train/aaaaanbv/s002_2012/01_tcp_ar/aaaaanbv_s002_t000.edf,18,
tusz,tusz_v2.0.6/edf/train/aaaaanbv/s002_2012/01_tcp_ar/aaaaanbv_s002_t001.edf,18,
tusz,tusz_v2.0.6/edf/train/aaaaanct/s002_2013/01_tcp_ar/aaaaanct_s002_t000.edf,18,
tusz,tusz_v2.0.6/edf/train/aaaaands/s001_2012/01_tcp_ar/aaaaands_s001_t000.edf,18,
tusz,tusz_v2.0.6/edf/train/aaaaandu/s001_2012/01_tcp_ar/aaaaandu_s001_t000.edf,18,
tusz,tusz_v2.0.6/edf/train/aaaaandu/s001_2012/01_tcp_ar/aaaaandu_s001_t001.edf,18,
tusz,tusz_v2.0.6/edf/train/aaaaanfx/s001_2012/01_tcp_ar/aaaaanfx_s001_t000.edf,18,
tusz,tusz_v2.0.6/edf/train/aaaaangj/s001_2012/01_tcp_ar/aaaaangj_s001_t000.edf,18,
tusz,tusz_v2.0.6/edf/train/aaaaangj/s001_2012/01_tcp_ar/aaaaangj_s001_t001.edf,18,
tusz,tusz_v2.0.6/edf/train/aaaaanhb/s004_2013/01_tcp_ar/aaaaanhb_s004_t000.edf,18,
tusz,tusz_v2.0.6/edf/train/aaaaanhb/s005_2013/01_tcp_ar/aaaaanhb_s005_t000.edf,18,
tusz,tusz_v2.0.6/edf/train/aaaaanhk/s001_2012/01_tcp_ar/aaaaanhk_s001_t000.edf,18,
tusz,tusz_v2.0.6/edf/train/aaaaanji/s001_2012/01_tcp_ar/aaaaanji_s001_t000.edf,18,
tusz,tusz_v2.0.6/edf/train/aaaaanjw/s001_2012/01_tcp_ar/aaaaanjw_s001_t000.edf,18,
tusz,tusz_v2.0.6/edf/train/aaaaankc/s004_2012/01_tcp_ar/aaaaankc_s004_t001.edf,18,
tusz,tusz_v2.0.6/edf/train/aaaaankc/s004_2012/01_tcp_ar/aaaaankc_s004_t002.edf,18,
tusz,tusz_v2.0.6/edf/train/aaaaankc/s004_2012/01_tcp_ar/aaaaankc_s004_t003.edf,18,
tusz,tusz_v2.0.6/edf/train/aaaaankc/s004_2012/01_tcp_ar/aaaaankc_s004_t004.edf,18,
tusz,tusz_v2.0.6/edf/train/aaaaankc/s004_2012/01_tcp_ar/aaaaankc_s004_t005.edf,18,
tusz,tusz_v2.0.6/edf/train/aaaaankc/s004_2012/01_tcp_ar/aaaaankc_s004_t006.edf,18,
tusz,tusz_v2.0.6/edf/train/aaaaanlx/s002_2013/01_tcp_ar/aaaaanlx_s002_t000.edf,18,
tusz,tusz_v2.0.6/edf/train/aaaaanlx/s002_2013/01_tcp_ar/aaaaanlx_s002_t001.edf,18,
tusz,tusz_v2.0.6/edf/train/aaaaanlx/s002_2013/01_tcp_ar/aaaaanlx_s002_t002.edf,18,
tusz,tusz_v2.0.6/edf/train/aaaaanme/s001_2012/01_tcp_ar/aaaaanme_s001_t000.edf,18,
tusz,tusz_v2.0.6/edf/train/aaaaanme/s002_2012/01_tcp_ar/aaaaanme_s002_t000.edf,18,
tusz,tusz_v2.0.6/edf/train/aaaaanme/s002_2012/01_tcp_ar/aaaaanme_s002_t001.edf,18,
tusz,tusz_v2.0.6/edf/train/aaaaanme/s002_2012/01_tcp_ar/aaaaanme_s002_t002.edf,18,
tusz,tusz_v2.0.6/edf/train/aaaaanme/s002_2012/01_tcp_ar/aaaaanme_s002_t003.edf,18,
tusz,tusz_v2.0.6/edf/train/aaaaanme/s002_2012/01_tcp_ar/aaaaanme_s002_t004.edf,18,
tusz,tusz_v2.0.6/edf/train/aaaaanme/s002_2012/01_tcp_ar/aaaaanme_s002_t005.edf,18,
tusz,tusz_v2.0.6/edf/train/aaaaanme/s002_2012/01_tcp_ar/aaaaanme_s002_t006.edf,18,
tusz,tusz_v2.0.6/edf/train/aaaaanme/s002_2012/01_tcp_ar/aaaaanme_s002_t007.edf,18,
tusz,tusz_v2.0.6/edf/train/aaaaanme/s002_2012/01_tcp_ar/aaaaanme_s002_t008.edf,18,
tusz,tusz_v2.0.6/edf/train/aaaaanme/s002_2012/01_tcp_ar/aaaaanme_s002_t009.edf,18,
tusz,tusz_v2.0.6/edf/train/aaaaanme/s002_2012/01_tcp_ar/aaaaanme_s002_t010.edf,18,
tusz,tusz_v2.0.6/edf/train/aaaaanme/s003_2012/01_tcp_ar/aaaaanme_s003_t000.edf,18,
tusz,tusz_v2.0.6/edf/train/aaaaanme/s003_2012/01_tcp_ar/aaaaanme_s003_t001.edf,18,
tusz,tusz_v2.0.6/edf/train/aaaaanme/s003_2012/01_tcp_ar/aaaaanme_s003_t002.edf,18,
tusz,tusz_v2.0.6/edf/train/aaaaanme/s003_2012/01_tcp_ar/aaaaanme_s003_t003.edf,18,
tusz,tusz_v2.0.6/edf/train/aaaaanme/s003_2012/01_tcp_ar/aaaaanme_s003_t004.edf,18,
tusz,tusz_v2.0.6/edf/train/aaaaanme/s003_2012/01_tcp_ar/aaaaanme_s003_t005.edf,18,
tusz,tusz_v2.0.6/edf/train/aaaaanme/s003_2012/01_tcp_ar/aaaaanme_s003_t006.edf,18,
tusz,tusz_v2.0.6/edf/train/aaaaanme/s004_2014/01_tcp_ar/aaaaanme_s004_t000.edf,18,
tusz,tusz_v2.0.6/edf/train/aaaaanme/s005_2014/01_tcp_ar/aaaaanme_s005_t000.edf,18,
tusz,tusz_v2.0.6/edf/train/aaaaanme/s005_2014/01_tcp_ar/aaaaanme_s005_t001.edf,18,
tusz,tusz_v2.0.6/edf/train/aaaaanme/s005_2014/01_tcp_ar/aaaaanme_s005_t002.edf,18,
tusz,tusz_v2.0.6/edf/train/aaaaanme/s005_2014/01_tcp_ar/aaaaanme_s005_t003.edf,18,
tusz,tusz_v2.0.6/edf/train/aaaaanme/s005_2014/01_tcp_ar/aaaaanme_s005_t004.edf,18,
tusz,tusz_v2.0.6/edf/train/aaaaanme/s005_2014/01_tcp_ar/aaaaanme_s005_t005.edf,18,
tusz,tusz_v2.0.6/edf/train/aaaaanme/s005_2014/01_tcp_ar/aaaaanme_s005_t006.edf,18,
tusz,tusz_v2.0.6/edf/train/aaaaanme/s005_2014/01_tcp_ar/aaaaanme_s005_t007.edf,18,
tusz,tusz_v2.0.6/edf/train/aaaaanme/s005_2014/01_tcp_ar/aaaaanme_s005_t008.edf,18,
tusz,tusz_v2.0.6/edf/train/aaaaanme/s005_2014/01_tcp_ar/aaaaanme_s005_t009.edf,18,
tusz,tusz_v2.0.6/edf/train/aaaaanme/s006_2014/01_tcp_ar/aaaaanme_s006_t000.edf,18,
tusz,tusz_v2.0.6/edf/train/aaaaanme/s006_2014/01_tcp_ar/aaaaanme_s006_t001.edf,18,
tusz,tusz_v2.0.6/edf/train/aaaaanme/s006_2014/01_tcp_ar/aaaaanme_s006_t002.edf,18,
tusz,tusz_v2.0.6/edf/train/aaaaanme/s006_2014/01_tcp_ar/aaaaanme_s006_t003.edf,18,
tusz,tusz_v2.0.6/edf/train/aaaaanme/s006_2014/01_tcp_ar/aaaaanme_s006_t004.edf,18,
tusz,tusz_v2.0.6/edf/train/aaaaanme/s006_2014/01_tcp_ar/aaaaanme_s006_t005.edf,18,
tusz,tusz_v2.0.6/edf/train/aaaaanme/s006_2014/01_tcp_ar/aaaaanme_s006_t006.edf,18,
tusz,tusz_v2.0.6/edf/train/aaaaanme/s006_2014/01_tcp_ar/aaaaanme_s006_t007.edf,18,
tusz,tusz_v2.0.6/edf/train/aaaaanme/s006_2014/01_tcp_ar/aaaaanme_s006_t008.edf,18,
tusz,tusz_v2.0.6/edf/train/aaaaanme/s006_2014/01_tcp_ar/aaaaanme_s006_t009.edf,18,
tusz,tusz_v2.0.6/edf/train/aaaaanme/s006_2014/01_tcp_ar/aaaaanme_s006_t010.edf,18,
tusz,tusz_v2.0.6/edf/train/aaaaanme/s006_2014/01_tcp_ar/aaaaanme_s006_t011.edf,18,
tusz,tusz_v2.0.6/edf/train/aaaaanme/s006_2014/01_tcp_ar/aaaaanme_s006_t012.edf,18,
tusz,tusz_v2.0.6/edf/train/aaaaanme/s006_2014/01_tcp_ar/aaaaanme_s006_t013.edf,18,
tusz,tusz_v2.0.6/edf/train/aaaaanme/s006_2014/01_tcp_ar/aaaaanme_s006_t014.edf,18,
tusz,tusz_v2.0.6/edf/train/aaaaanme/s006_2014/01_tcp_ar/aaaaanme_s006_t015.edf,18,
tusz,tusz_v2.0.6/edf/train/aaaaanme/s006_2014/01_tcp_ar/aaaaanme_s006_t016.edf,18,
tusz,tusz_v2.0.6/edf/train/aaaaanme/s006_2014/01_tcp_ar/aaaaanme_s006_t017.edf,18,
tusz,tusz_v2.0.6/edf/train/aaaaanme/s006_2014/01_tcp_ar/aaaaanme_s006_t018.edf,18,
tusz,tusz_v2.0.6/edf/train/aaaaanme/s006_2014/01_tcp_ar/aaaaanme_s006_t019.edf,18,
tusz,tusz_v2.0.6/edf/train/aaaaanme/s006_2014/01_tcp_ar/aaaaanme_s006_t020.edf,18,
tusz,tusz_v2.0.6/edf/train/aaaaanme/s006_2014/01_tcp_ar/aaaaanme_s006_t021.edf,18,
tusz,tusz_v2.0.6/edf/train/aaaaanme/s006_2014/01_tcp_ar/aaaaanme_s006_t022.edf,18,
tusz,tusz_v2.0.6/edf/train/aaaaanme/s006_2014/01_tcp_ar/aaaaanme_s006_t023.edf,18,
tusz,tusz_v2.0.6/edf/train/aaaaanme/s006_2014/01_tcp_ar/aaaaanme_s006_t024.edf,18,
tusz,tusz_v2.0.6/edf/train/aaaaanme/s006_2014/01_tcp_ar/aaaaanme_s006_t025.edf,18,
tusz,tusz_v2.0.6/edf/train/aaaaanme/s006_2014/01_tcp_ar/aaaaanme_s006_t026.edf,18,
tusz,tusz_v2.0.6/edf/train/aaaaanme/s006_2014/01_tcp_ar/aaaaanme_s006_t027.edf,18,
tusz,tusz_v2.0.6/edf/train/aaaaanme/s006_2014/01_tcp_ar/aaaaanme_s006_t028.edf,18,
tusz,tusz_v2.0.6/edf/train/aaaaanme/s006_2014/01_tcp_ar/aaaaanme_s006_t029.edf,18,
tusz,tusz_v2.0.6/edf/train/aaaaanme/s007_2014/01_tcp_ar/aaaaanme_s007_t000.edf,18,
tusz,tusz_v2.0.6/edf/train/aaaaanme/s007_2014/01_tcp_ar/aaaaanme_s007_t001.edf,18,
tusz,tusz_v2.0.6/edf/train/aaaaanme/s007_2014/01_tcp_ar/aaaaanme_s007_t002.edf,18,
tusz,tusz_v2.0.6/edf/train/aaaaanme/s007_2014/01_tcp_ar/aaaaanme_s007_t003.edf,18,
tusz,tusz_v2.0.6/edf/train/aaaaanme/s007_2014/01_tcp_ar/aaaaanme_s007_t004.edf,18,
tusz,tusz_v2.0.6/edf/train/aaaaanme/s007_2014/01_tcp_ar/aaaaanme_s007_t005.edf,18,
tusz,tusz_v2.0.6/edf/train/aaaaanme/s007_2014/01_tcp_ar/aaaaanme_s007_t006.edf,18,
tusz,tusz_v2.0.6/edf/train/aaaaanme/s007_2014/01_tcp_ar/aaaaanme_s007_t007.edf,18,
tusz,tusz_v2.0.6/edf/train/aaaaanme/s007_2014/01_tcp_ar/aaaaanme_s007_t008.edf,18,
tusz,tusz_v2.0.6/edf/train/aaaaanme/s007_2014/01_tcp_ar/aaaaanme_s007_t009.edf,18,
tusz,tusz_v2.0.6/edf/train/aaaaanme/s007_2014/01_tcp_ar/aaaaanme_s007_t010.edf,18,
tusz,tusz_v2.0.6/edf/train/aaaaanme/s007_2014/01_tcp_ar/aaaaanme_s007_t011.edf,18,
tusz,tusz_v2.0.6/edf/train/aaaaanme/s007_2014/01_tcp_ar/aaaaanme_s007_t012.edf,18,
tusz,tusz_v2.0.6/edf/train/aaaaanme/s007_2014/01_tcp_ar/aaaaanme_s007_t013.edf,18,
tusz,tusz_v2.0.6/edf/train/aaaaanme/s007_2014/01_tcp_ar/aaaaanme_s007_t014.edf,18,
tusz,tusz_v2.0.6/edf/train/aaaaanme/s007_2014/01_tcp_ar/aaaaanme_s007_t015.edf,18,
tusz,tusz_v2.0.6/edf/train/aaaaanme/s007_2014/01_tcp_ar/aaaaanme_s007_t016.edf,18,
tusz,tusz_v2.0.6/edf/train/aaaaanme/s008_2014/01_tcp_ar/aaaaanme_s008_t000.edf,18,
tusz,tusz_v2.0.6/edf/train/aaaaanme/s008_2014/01_tcp_ar/aaaaanme_s008_t001.edf,18,
tusz,tusz_v2.0.6/edf/train/aaaaanme/s008_2014/01_tcp_ar/aaaaanme_s008_t002.edf,18,
tusz,tusz_v2.0.6/edf/train/aaaaanme/s008_2014/01_tcp_ar/aaaaanme_s008_t003.edf,18,
tusz,tusz_v2.0.6/edf/train/aaaaanme/s008_2014/01_tcp_ar/aaaaanme_s008_t004.edf,18,
tusz,tusz_v2.0.6/edf/train/aaaaanme/s008_2014/01_tcp_ar/aaaaanme_s008_t005.edf,18,
tusz,tusz_v2.0.6/edf/train/aaaaanme/s009_2014/01_tcp_ar/aaaaanme_s009_t000.edf,18,
tusz,tusz_v2.0.6/edf/train/aaaaanme/s009_2014/01_tcp_ar/aaaaanme_s009_t001.edf,18,
tusz,tusz_v2.0.6/edf/train/aaaaanme/s009_2014/01_tcp_ar/aaaaanme_s009_t002.edf,18,
tusz,tusz_v2.0.6/edf/train/aaaaanme/s009_2014/01_tcp_ar/aaaaanme_s009_t003.edf,18,
tusz,tusz_v2.0.6/edf/train/aaaaanme/s010_2014/01_tcp_ar/aaaaanme_s010_t000.edf,18,
tusz,tusz_v2.0.6/edf/train/aaaaanme/s010_2014/01_tcp_ar/aaaaanme_s010_t001.edf,18,
tusz,tusz_v2.0.6/edf/train/aaaaanme/s010_2014/01_tcp_ar/aaaaanme_s010_t002.edf,18,
tusz,tusz_v2.0.6/edf/train/aaaaanme/s010_2014/01_tcp_ar/aaaaanme_s010_t003.edf,18,
tusz,tusz_v2.0.6/edf/train/aaaaanme/s010_2014/01_tcp_ar/aaaaanme_s010_t004.edf,18,
tusz,tusz_v2.0.6/edf/train/aaaaanme/s010_2014/01_tcp_ar/aaaaanme_s010_t005.edf,18,
tusz,tusz_v2.0.6/edf/train/aaaaanme/s010_2014/01_tcp_ar/aaaaanme_s010_t006.edf,18,
tusz,tusz_v2.0.6/edf/train/aaaaanme/s010_2014/01_tcp_ar/aaaaanme_s010_t007.edf,18,
tusz,tusz_v2.0.6/edf/train/aaaaanme/s010_2014/01_tcp_ar/aaaaanme_s010_t008.edf,18,
tusz,tusz_v2.0.6/edf/train/aaaaanme/s010_2014/01_tcp_ar/aaaaanme_s010_t009.edf,18,
tusz,tusz_v2.0.6/edf/train/aaaaanme/s010_2014/01_tcp_ar/aaaaanme_s010_t010.edf,18,
tusz,tusz_v2.0.6/edf/train/aaaaanme/s010_2014/01_tcp_ar/aaaaanme_s010_t011.edf,18,
tusz,tusz_v2.0.6/edf/train/aaaaanme/s010_2014/01_tcp_ar/aaaaanme_s010_t012.edf,18,
tusz,tusz_v2.0.6/edf/train/aaaaanme/s010_2014/01_tcp_ar/aaaaanme_s010_t013.edf,18,
tusz,tusz_v2.0.6/edf/train/aaaaanme/s010_2014/01_tcp_ar/aaaaanme_s010_t014.edf,18,
tusz,tusz_v2.0.6/edf/train/aaaaanme/s010_2014/01_tcp_ar/aaaaanme_s010_t015.edf,18,
tusz,tusz_v2.0.6/edf/train/aaaaanme/s011_2014/01_tcp_ar/aaaaanme_s011_t000.edf,18,
tusz,tusz_v2.0.6/edf/train/aaaaanme/s012_2014/01_tcp_ar/aaaaanme_s012_t000.edf,18,
tusz,tusz_v2.0.6/edf/train/aaaaanmh/s001_2012/01_tcp_ar/aaaaanmh_s001_t000.edf,18,
tusz,tusz_v2.0.6/edf/train/aaaaanmh/s001_2012/01_tcp_ar/aaaaanmh_s001_t001.edf,18,
tusz,tusz_v2.0.6/edf/train/aaaaanmh/s001_2012/01_tcp_ar/aaaaanmh_s001_t002.edf,18,
tusz,tusz_v2.0.6/edf/train/aaaaanmk/s001_2012/01_tcp_ar/aaaaanmk_s001_t000.edf,18,
tusz,tusz_v2.0.6/edf/train/aaaaanmk/s001_2012/01_tcp_ar/aaaaanmk_s001_t001.edf,18,
tusz,tusz_v2.0.6/edf/train/aaaaanmk/s001_2012/01_tcp_ar/aaaaanmk_s001_t002.edf,18,
tusz,tusz_v2.0.6/edf/train/aaaaanoa/s002_2012/01_tcp_ar/aaaaanoa_s002_t000.edf,18,
tusz,tusz_v2.0.6/edf/train/aaaaanoa/s004_2012/01_tcp_ar/aaaaanoa_s004_t000.edf,18,
tusz,tusz_v2.0.6/edf/train/aaaaanoa/s004_2012/01_tcp_ar/aaaaanoa_s004_t001.edf,18,
tusz,tusz_v2.0.6/edf/train/aaaaanoa/s004_2012/01_tcp_ar/aaaaanoa_s004_t002.edf,18,
tusz,tusz_v2.0.6/edf/train/aaaaanoa/s004_2012/01_tcp_ar/aaaaanoa_s004_t003.edf,18,
tusz,tusz_v2.0.6/edf/train/aaaaanoa/s004_2012/01_tcp_ar/aaaaanoa_s004_t005.edf,18,
tusz,tusz_v2.0.6/edf/train/aaaaanoa/s004_2012/01_tcp_ar/aaaaanoa_s004_t006.edf,18,
tusz,tusz_v2.0.6/edf/train/aaaaanoa/s004_2012/01_tcp_ar/aaaaanoa_s004_t008.edf,18,
tusz,tusz_v2.0.6/edf/train/aaaaanoa/s004_2012/01_tcp_ar/aaaaanoa_s004_t009.edf,18,
tusz,tusz_v2.0.6/edf/train/aaaaanoa/s004_2012/01_tcp_ar/aaaaanoa_s004_t010.edf,18,
tusz,tusz_v2.0.6/edf/train/aaaaanog/s001_2012/01_tcp_ar/aaaaanog_s001_t000.edf,18,
tusz,tusz_v2.0.6/edf/train/aaaaanog/s002_2012/01_tcp_ar/aaaaanog_s002_t000.edf,18,
tusz,tusz_v2.0.6/edf/train/aaaaanog/s004_2012/01_tcp_ar/aaaaanog_s004_t000.edf,18,
tusz,tusz_v2.0.6/edf/train/aaaaanog/s004_2012/01_tcp_ar/aaaaanog_s004_t001.edf,18,
tusz,tusz_v2.0.6/edf/train/aaaaanog/s004_2012/01_tcp_ar/aaaaanog_s004_t002.edf,18,
tusz,tusz_v2.0.6/edf/train/aaaaanog/s004_2012/01_tcp_ar/aaaaanog_s004_t003.edf,18,
tusz,tusz_v2.0.6/edf/train/aaaaanog/s004_2012/01_tcp_ar/aaaaanog_s004_t004.edf,18,
tusz,tusz_v2.0.6/edf/train/aaaaanog/s004_2012/01_tcp_ar/aaaaanog_s004_t005.edf,18,
tusz,tusz_v2.0.6/edf/train/aaaaanog/s004_2012/01_tcp_ar/aaaaanog_s004_t006.edf,18,
tusz,tusz_v2.0.6/edf/train/aaaaanog/s004_2012/01_tcp_ar/aaaaanog_s004_t007.edf,18,
tusz,tusz_v2.0.6/edf/train/aaaaanog/s005_2012/01_tcp_ar/aaaaanog_s005_t000.edf,18,
tusz,tusz_v2.0.6/edf/train/aaaaanog/s006_2012/01_tcp_ar/aaaaanog_s006_t000.edf,18,
tusz,tusz_v2.0.6/edf/train/aaaaanog/s007_2012/01_tcp_ar/aaaaanog_s007_t000.edf,18,
tusz,tusz_v2.0.6/edf/train/aaaaanog/s007_2012/01_tcp_ar/aaaaanog_s007_t001.edf,18,
tusz,tusz_v2.0.6/edf/train/aaaaanog/s008_2012/01_tcp_ar/aaaaanog_s008_t000.edf,18,
tusz,tusz_v2.0.6/edf/train/aaaaanog/s009_2012/01_tcp_ar/aaaaanog_s009_t000.edf,18,
tusz,tusz_v2.0.6/edf/train/aaaaanog/s009_2012/01_tcp_ar/aaaaanog_s009_t001.edf,18,
tusz,tusz_v2.0.6/edf/train/aaaaanog/s009_2012/01_tcp_ar/aaaaanog_s009_t002.edf,18,
tusz,tusz_v2.0.6/edf/train/aaaaanog/s009_2012/01_tcp_ar/aaaaanog_s009_t003.edf,18,
tusz,tusz_v2.0.6/edf/train/aaaaanog/s009_2012/01_tcp_ar/aaaaanog_s009_t004.edf,18,
tusz,tusz_v2.0.6/edf/train/aaaaanog/s009_2012/01_tcp_ar/aaaaanog_s009_t005.edf,18,
tusz,tusz_v2.0.6/edf/train/aaaaanog/s009_2012/01_tcp_ar/aaaaanog_s009_t006.edf,18,
tusz,tusz_v2.0.6/edf/train/aaaaanog/s009_2012/01_tcp_ar/aaaaanog_s009_t007.edf,18,
tusz,tusz_v2.0.6/edf/train/aaaaanog/s009_2012/01_tcp_ar/aaaaanog_s009_t009.edf,18,
tusz,tusz_v2.0.6/edf/train/aaaaanog/s009_2012/01_tcp_ar/aaaaanog_s009_t010.edf,18,
tusz,tusz_v2.0.6/edf/train/aaaaanog/s009_2012/01_tcp_ar/aaaaanog_s009_t011.edf,18,
tusz,tusz_v2.0.6/edf/train/aaaaanog/s009_2012/01_tcp_ar/aaaaanog_s009_t012.edf,18,
tusz,tusz_v2.0.6/edf/train/aaaaanog/s010_2012/01_tcp_ar/aaaaanog_s010_t000.edf,18,
tusz,tusz_v2.0.6/edf/train/aaaaanok/s002_2012/03_tcp_ar_a/aaaaanok_s002_t000.edf,18,
tusz,tusz_v2.0.6/edf/train/aaaaanok/s002_2012/03_tcp_ar_a/aaaaanok_s002_t001.edf,18,
tusz,tusz_v2.0.6/edf/train/aaaaanok/s002_2012/03_tcp_ar_a/aaaaanok_s002_t002.edf,18,
tusz,tusz_v2.0.6/edf/train/aaaaanok/s002_2012/03_tcp_ar_a/aaaaanok_s002_t003.edf,18,
tusz,tusz_v2.0.6/edf/train/aaaaanok/s002_2012/03_tcp_ar_a/aaaaanok_s002_t004.edf,18,
tusz,tusz_v2.0.6/edf/train/aaaaanok/s002_2012/03_tcp_ar_a/aaaaanok_s002_t005.edf,18,
tusz,tusz_v2.0.6/edf/train/aaaaanok/s002_2012/03_tcp_ar_a/aaaaanok_s002_t006.edf,18,
tusz,tusz_v2.0.6/edf/train/aaaaanok/s002_2012/03_tcp_ar_a/aaaaanok_s002_t007.edf,18,
tusz,tusz_v2.0.6/edf/train/aaaaanok/s002_2012/03_tcp_ar_a/aaaaanok_s002_t008.edf,18,
tusz,tusz_v2.0.6/edf/train/aaaaanok/s003_2012/03_tcp_ar_a/aaaaanok_s003_t000.edf,18,
tusz,tusz_v2.0.6/edf/train/aaaaanok/s003_2012/03_tcp_ar_a/aaaaanok_s003_t001.edf,18,
tusz,tusz_v2.0.6/edf/train/aaaaanok/s003_2012/03_tcp_ar_a/aaaaanok_s003_t002.edf,18,
tusz,tusz_v2.0.6/edf/train/aaaaanok/s003_2012/03_tcp_ar_a/aaaaanok_s003_t003.edf,18,
tusz,tusz_v2.0.6/edf/train/aaaaanok/s003_2012/03_tcp_ar_a/aaaaanok_s003_t004.edf,18,
tusz,tusz_v2.0.6/edf/train/aaaaanok/s003_2012/03_tcp_ar_a/aaaaanok_s003_t005.edf,18,
tusz,tusz_v2.0.6/edf/train/aaaaanok/s003_2012/03_tcp_ar_a/aaaaanok_s003_t006.edf,18,
tusz,tusz_v2.0.6/edf/train/aaaaanok/s003_2012/03_tcp_ar_a/aaaaanok_s003_t007.edf,18,
tusz,tusz_v2.0.6/edf/train/aaaaanok/s003_2012/03_tcp_ar_a/aaaaanok_s003_t008.edf,18,
tusz,tusz_v2.0.6/edf/train/aaaaanok/s003_2012/03_tcp_ar_a/aaaaanok_s003_t009.edf,18,
tusz,tusz_v2.0.6/edf/train/aaaaanok/s003_2012/03_tcp_ar_a/aaaaanok_s003_t010.edf,18,
tusz,tusz_v2.0.6/edf/train/aaaaanrb/s002_2012/01_tcp_ar/aaaaanrb_s002_t000.edf,18,
tusz,tusz_v2.0.6/edf/train/aaaaanrb/s003_2012/01_tcp_ar/aaaaanrb_s003_t000.edf,18,
tusz,tusz_v2.0.6/edf/train/aaaaanrb/s003_2012/01_tcp_ar/aaaaanrb_s003_t001.edf,18,
tusz,tusz_v2.0.6/edf/train/aaaaanrb/s003_2012/01_tcp_ar/aaaaanrb_s003_t002.edf,18,
tusz,tusz_v2.0.6/edf/train/aaaaanrb/s003_2012/01_tcp_ar/aaaaanrb_s003_t003.edf,18,
tusz,tusz_v2.0.6/edf/train/aaaaanrb/s003_2012/01_tcp_ar/aaaaanrb_s003_t004.edf,18,
tusz,tusz_v2.0.6/edf/train/aaaaanrb/s003_2012/01_tcp_ar/aaaaanrb_s003_t005.edf,18,
tusz,tusz_v2.0.6/edf/train/aaaaanrb/s003_2012/01_tcp_ar/aaaaanrb_s003_t006.edf,18,
tusz,tusz_v2.0.6/edf/train/aaaaanrb/s004_2012/01_tcp_ar/aaaaanrb_s004_t000.edf,18,
tusz,tusz_v2.0.6/edf/train/aaaaanrb/s004_2012/01_tcp_ar/aaaaanrb_s004_t001.edf,18,
tusz,tusz_v2.0.6/edf/train/aaaaanrb/s004_2012/01_tcp_ar/aaaaanrb_s004_t002.edf,18,
tusz,tusz_v2.0.6/edf/train/aaaaanrb/s004_2012/01_tcp_ar/aaaaanrb_s004_t003.edf,18,
tusz,tusz_v2.0.6/edf/train/aaaaanrb/s004_2012/01_tcp_ar/aaaaanrb_s004_t004.edf,18,
tusz,tusz_v2.0.6/edf/train/aaaaanrb/s004_2012/01_tcp_ar/aaaaanrb_s004_t005.edf,18,
tusz,tusz_v2.0.6/edf/train/aaaaanrb/s004_2012/01_tcp_ar/aaaaanrb_s004_t006.edf,18,
tusz,tusz_v2.0.6/edf/train/aaaaanrb/s004_2012/01_tcp_ar/aaaaanrb_s004_t007.edf,18,
tusz,tusz_v2.0.6/edf/train/aaaaanrb/s004_2012/01_tcp_ar/aaaaanrb_s004_t008.edf,18,
tusz,tusz_v2.0.6/edf/train/aaaaanrb/s005_2012/01_tcp_ar/aaaaanrb_s005_t000.edf,18,
tusz,tusz_v2.0.6/edf/train/aaaaanrb/s005_2012/01_tcp_ar/aaaaanrb_s005_t001.edf,18,
tusz,tusz_v2.0.6/edf/train/aaaaanrb/s005_2012/01_tcp_ar/aaaaanrb_s005_t002.edf,18,
tusz,tusz_v2.0.6/edf/train/aaaaanrb/s005_2012/01_tcp_ar/aaaaanrb_s005_t003.edf,18,
tusz,tusz_v2.0.6/edf/train/aaaaanrb/s005_2012/01_tcp_ar/aaaaanrb_s005_t004.edf,18,
tusz,tusz_v2.0.6/edf/train/aaaaanrb/s005_2012/01_tcp_ar/aaaaanrb_s005_t005.edf,18,
tusz,tusz_v2.0.6/edf/train/aaaaanrb/s008_2012/01_tcp_ar/aaaaanrb_s008_t000.edf,18,
tusz,tusz_v2.0.6/edf/train/aaaaanrb/s008_2012/01_tcp_ar/aaaaanrb_s008_t001.edf,18,
tusz,tusz_v2.0.6/edf/train/aaaaanrb/s008_2012/01_tcp_ar/aaaaanrb_s008_t002.edf,18,
tusz,tusz_v2.0.6/edf/train/aaaaanrb/s008_2012/01_tcp_ar/aaaaanrb_s008_t003.edf,18,
tusz,tusz_v2.0.6/edf/train/aaaaanrb/s008_2012/01_tcp_ar/aaaaanrb_s008_t004.edf,18,
tusz,tusz_v2.0.6/edf/train/aaaaanrb/s008_2012/01_tcp_ar/aaaaanrb_s008_t005.edf,18,
tusz,tusz_v2.0.6/edf/train/aaaaanrb/s008_2012/01_tcp_ar/aaaaanrb_s008_t006.edf,18,
tusz,tusz_v2.0.6/edf/train/aaaaanrb/s008_2012/01_tcp_ar/aaaaanrb_s008_t007.edf,18,
tusz,tusz_v2.0.6/edf/train/aaaaanrb/s008_2012/01_tcp_ar/aaaaanrb_s008_t008.edf,18,
tusz,tusz_v2.0.6/edf/train/aaaaanrb/s008_2012/01_tcp_ar/aaaaanrb_s008_t009.edf,18,
tusz,tusz_v2.0.6/edf/train/aaaaanrc/s001_2012/01_tcp_ar/aaaaanrc_s001_t000.edf,18,
tusz,tusz_v2.0.6/edf/train/aaaaanrc/s001_2012/01_tcp_ar/aaaaanrc_s001_t001.edf,18,
tusz,tusz_v2.0.6/edf/train/aaaaanrc/s001_2012/01_tcp_ar/aaaaanrc_s001_t002.edf,18,
tusz,tusz_v2.0.6/edf/train/aaaaanrc/s002_2012/01_tcp_ar/aaaaanrc_s002_t000.edf,18,
tusz,tusz_v2.0.6/edf/train/aaaaanrc/s002_2012/01_tcp_ar/aaaaanrc_s002_t001.edf,18,
tusz,tusz_v2.0.6/edf/train/aaaaanrc/s002_2012/01_tcp_ar/aaaaanrc_s002_t002.edf,18,
tusz,tusz_v2.0.6/edf/train/aaaaanrc/s002_2012/01_tcp_ar/aaaaanrc_s002_t003.edf,18,
tusz,tusz_v2.0.6/edf/train/aaaaanrc/s002_2012/01_tcp_ar/aaaaanrc_s002_t004.edf,18,
tusz,tusz_v2.0.6/edf/train/aaaaanrc/s002_2012/01_tcp_ar/aaaaanrc_s002_t005.edf,18,
tusz,tusz_v2.0.6/edf/train/aaaaanrc/s002_2012/01_tcp_ar/aaaaanrc_s002_t006.edf,18,
tusz,tusz_v2.0.6/edf/train/aaaaanrc/s002_2012/01_tcp_ar/aaaaanrc_s002_t007.edf,18,
tusz,tusz_v2.0.6/edf/train/aaaaanrc/s002_2012/01_tcp_ar/aaaaanrc_s002_t008.edf,18,
tusz,tusz_v2.0.6/edf/train/aaaaanrc/s004_2012/01_tcp_ar/aaaaanrc_s004_t000.edf,18,
tusz,tusz_v2.0.6/edf/train/aaaaanrc/s004_2012/01_tcp_ar/aaaaanrc_s004_t001.edf,18,
tusz,tusz_v2.0.6/edf/train/aaaaanrc/s004_2012/01_tcp_ar/aaaaanrc_s004_t002.edf,18,
tusz,tusz_v2.0.6/edf/train/aaaaanrc/s004_2012/01_tcp_ar/aaaaanrc_s004_t003.edf,18,
tusz,tusz_v2.0.6/edf/train/aaaaanrc/s004_2012/01_tcp_ar/aaaaanrc_s004_t004.edf,18,
tusz,tusz_v2.0.6/edf/train/aaaaanrc/s004_2012/01_tcp_ar/aaaaanrc_s004_t005.edf,18,
tusz,tusz_v2.0.6/edf/train/aaaaanrc/s004_2012/01_tcp_ar/aaaaanrc_s004_t006.edf,18,
tusz,tusz_v2.0.6/edf/train/aaaaanrc/s004_2012/01_tcp_ar/aaaaanrc_s004_t007.edf,18,
tusz,tusz_v2.0.6/edf/train/aaaaanrc/s004_2012/01_tcp_ar/aaaaanrc_s004_t008.edf,18,
tusz,tusz_v2.0.6/edf/train/aaaaanrc/s004_2012/01_tcp_ar/aaaaanrc_s004_t009.edf,18,
tusz,tusz_v2.0.6/edf/train/aaaaanrc/s004_2012/01_tcp_ar/aaaaanrc_s004_t010.edf,18,
tusz,tusz_v2.0.6/edf/train/aaaaanrc/s005_2012/01_tcp_ar/aaaaanrc_s005_t000.edf,18,
tusz,tusz_v2.0.6/edf/train/aaaaanrp/s002_2013/01_tcp_ar/aaaaanrp_s002_t001.edf,18,
tusz,tusz_v2.0.6/edf/train/aaaaanrp/s003_2013/01_tcp_ar/aaaaanrp_s003_t000.edf,18,
tusz,tusz_v2.0.6/edf/train/aaaaanrp/s003_2013/01_tcp_ar/aaaaanrp_s003_t001.edf,18,
tusz,tusz_v2.0.6/edf/train/aaaaanrp/s003_2013/01_tcp_ar/aaaaanrp_s003_t002.edf,18,
tusz,tusz_v2.0.6/edf/train/aaaaanrp/s003_2013/01_tcp_ar/aaaaanrp_s003_t003.edf,18,
tusz,tusz_v2.0.6/edf/train/aaaaanrp/s003_2013/01_tcp_ar/aaaaanrp_s003_t004.edf,18,
tusz,tusz_v2.0.6/edf/train/aaaaanrp/s003_2013/01_tcp_ar/aaaaanrp_s003_t005.edf,18,
tusz,tusz_v2.0.6/edf/train/aaaaanrp/s004_2013/01_tcp_ar/aaaaanrp_s004_t000.edf,18,
tusz,tusz_v2.0.6/edf/train/aaaaanrp/s004_2013/01_tcp_ar/aaaaanrp_s004_t001.edf,18,
tusz,tusz_v2.0.6/edf/train/aaaaanrp/s004_2013/01_tcp_ar/aaaaanrp_s004_t002.edf,18,
tusz,tusz_v2.0.6/edf/train/aaaaanrp/s004_2013/01_tcp_ar/aaaaanrp_s004_t003.edf,18,
tusz,tusz_v2.0.6/edf/train/aaaaanrp/s004_2013/01_tcp_ar/aaaaanrp_s004_t004.edf,18,
tusz,tusz_v2.0.6/edf/train/aaaaanrp/s004_2013/01_tcp_ar/aaaaanrp_s004_t005.edf,18,
tusz,tusz_v2.0.6/edf/train/aaaaanrp/s004_2013/01_tcp_ar/aaaaanrp_s004_t006.edf,18,
tusz,tusz_v2.0.6/edf/train/aaaaanrp/s004_2013/01_tcp_ar/aaaaanrp_s004_t007.edf,18,
tusz,tusz_v2.0.6/edf/train/aaaaanrp/s004_2013/01_tcp_ar/aaaaanrp_s004_t008.edf,18,
tusz,tusz_v2.0.6/edf/train/aaaaanrp/s004_2013/01_tcp_ar/aaaaanrp_s004_t009.edf,18,
tusz,tusz_v2.0.6/edf/train/aaaaanrp/s005_2013/01_tcp_ar/aaaaanrp_s005_t000.edf,18,
tusz,tusz_v2.0.6/edf/train/aaaaanrp/s005_2013/01_tcp_ar/aaaaanrp_s005_t001.edf,18,
tusz,tusz_v2.0.6/edf/train/aaaaanrp/s005_2013/01_tcp_ar/aaaaanrp_s005_t002.edf,18,
tusz,tusz_v2.0.6/edf/train/aaaaanrp/s005_2013/01_tcp_ar/aaaaanrp_s005_t003.edf,18,
tusz,tusz_v2.0.6/edf/train/aaaaanrp/s005_2013/01_tcp_ar/aaaaanrp_s005_t004.edf,18,
tusz,tusz_v2.0.6/edf/train/aaaaanrp/s005_2013/01_tcp_ar/aaaaanrp_s005_t005.edf,18,
tusz,tusz_v2.0.6/edf/train/aaaaanrp/s005_2013/01_tcp_ar/aaaaanrp_s005_t006.edf,18,
tusz,tusz_v2.0.6/edf/train/aaaaanrp/s005_2013/01_tcp_ar/aaaaanrp_s005_t007.edf,18,
tusz,tusz_v2.0.6/edf/train/aaaaanrp/s005_2013/01_tcp_ar/aaaaanrp_s005_t008.edf,18,
tusz,tusz_v2.0.6/edf/train/aaaaanrp/s005_2013/01_tcp_ar/aaaaanrp_s005_t009.edf,18,
tusz,tusz_v2.0.6/edf/train/aaaaanrp/s006_2013/01_tcp_ar/aaaaanrp_s006_t000.edf,18,
tusz,tusz_v2.0.6/edf/train/aaaaanrp/s006_2013/01_tcp_ar/aaaaanrp_s006_t001.edf,18,
tusz,tusz_v2.0.6/edf/train/aaaaanrp/s006_2013/01_tcp_ar/aaaaanrp_s006_t002.edf,18,
tusz,tusz_v2.0.6/edf/train/aaaaanrp/s006_2013/01_tcp_ar/aaaaanrp_s006_t003.edf,18,
tusz,tusz_v2.0.6/edf/train/aaaaanrp/s006_2013/01_tcp_ar/aaaaanrp_s006_t004.edf,18,
tusz,tusz_v2.0.6/edf/train/aaaaanrp/s006_2013/01_tcp_ar/aaaaanrp_s006_t005.edf,18,
tusz,tusz_v2.0.6/edf/train/aaaaanrp/s006_2013/01_tcp_ar/aaaaanrp_s006_t006.edf,18,
tusz,tusz_v2.0.6/edf/train/aaaaanrp/s006_2013/01_tcp_ar/aaaaanrp_s006_t007.edf,18,
tusz,tusz_v2.0.6/edf/train/aaaaanrp/s006_2013/01_tcp_ar/aaaaanrp_s006_t008.edf,18,
tusz,tusz_v2.0.6/edf/train/aaaaanrp/s006_2013/01_tcp_ar/aaaaanrp_s006_t009.edf,18,
tusz,tusz_v2.0.6/edf/train/aaaaanrp/s007_2013/01_tcp_ar/aaaaanrp_s007_t000.edf,18,
tusz,tusz_v2.0.6/edf/train/aaaaanrp/s007_2013/01_tcp_ar/aaaaanrp_s007_t001.edf,18,
tusz,tusz_v2.0.6/edf/train/aaaaanrp/s007_2013/01_tcp_ar/aaaaanrp_s007_t002.edf,18,
tusz,tusz_v2.0.6/edf/train/aaaaanrp/s007_2013/01_tcp_ar/aaaaanrp_s007_t003.edf,18,
tusz,tusz_v2.0.6/edf/train/aaaaanrp/s007_2013/01_tcp_ar/aaaaanrp_s007_t004.edf,18,
tusz,tusz_v2.0.6/edf/train/aaaaanrp/s007_2013/01_tcp_ar/aaaaanrp_s007_t005.edf,18,
tusz,tusz_v2.0.6/edf/train/aaaaanrp/s007_2013/01_tcp_ar/aaaaanrp_s007_t006.edf,18,
tusz,tusz_v2.0.6/edf/train/aaaaanrp/s007_2013/01_tcp_ar/aaaaanrp_s007_t007.edf,18,
tusz,tusz_v2.0.6/edf/train/aaaaanrp/s007_2013/01_tcp_ar/aaaaanrp_s007_t008.edf,18,
tusz,tusz_v2.0.6/edf/train/aaaaanrp/s007_2013/01_tcp_ar/aaaaanrp_s007_t009.edf,18,
tusz,tusz_v2.0.6/edf/train/aaaaanrp/s008_2013/01_tcp_ar/aaaaanrp_s008_t000.edf,18,
tusz,tusz_v2.0.6/edf/train/aaaaanrp/s008_2013/01_tcp_ar/aaaaanrp_s008_t001.edf,16,Fz-Cz;Cz-Pz
tusz,tusz_v2.0.6/edf/train/aaaaanrp/s008_2013/01_tcp_ar/aaaaanrp_s008_t002.edf,16,Fz-Cz;Cz-Pz
tusz,tusz_v2.0.6/edf/train/aaaaanrp/s008_2013/01_tcp_ar/aaaaanrp_s008_t003.edf,16,Fz-Cz;Cz-Pz
tusz,tusz_v2.0.6/edf/train/aaaaanrp/s008_2013/01_tcp_ar/aaaaanrp_s008_t004.edf,16,Fz-Cz;Cz-Pz
tusz,tusz_v2.0.6/edf/train/aaaaantp/s001_2012/01_tcp_ar/aaaaantp_s001_t000.edf,18,
tusz,tusz_v2.0.6/edf/train/aaaaantp/s001_2012/01_tcp_ar/aaaaantp_s001_t001.edf,18,
tusz,tusz_v2.0.6/edf/train/aaaaantp/s001_2012/01_tcp_ar/aaaaantp_s001_t002.edf,18,
tusz,tusz_v2.0.6/edf/train/aaaaantp/s006_2012/01_tcp_ar/aaaaantp_s006_t000.edf,18,
tusz,tusz_v2.0.6/edf/train/aaaaantp/s007_2012/01_tcp_ar/aaaaantp_s007_t000.edf,18,
tusz,tusz_v2.0.6/edf/train/aaaaantp/s007_2012/01_tcp_ar/aaaaantp_s007_t001.edf,18,
tusz,tusz_v2.0.6/edf/train/aaaaantz/s001_2012/01_tcp_ar/aaaaantz_s001_t000.edf,18,
tusz,tusz_v2.0.6/edf/train/aaaaanvn/s002_2013/01_tcp_ar/aaaaanvn_s002_t000.edf,18,
tusz,tusz_v2.0.6/edf/train/aaaaanvs/s002_2013/01_tcp_ar/aaaaanvs_s002_t000.edf,18,
tusz,tusz_v2.0.6/edf/train/aaaaanvs/s007_2015/01_tcp_ar/aaaaanvs_s007_t000.edf,18,
tusz,tusz_v2.0.6/edf/train/aaaaanwk/s004_2012/01_tcp_ar/aaaaanwk_s004_t000.edf,18,
tusz,tusz_v2.0.6/edf/train/aaaaanwk/s004_2012/01_tcp_ar/aaaaanwk_s004_t001.edf,18,
tusz,tusz_v2.0.6/edf/train/aaaaanwk/s004_2012/01_tcp_ar/aaaaanwk_s004_t002.edf,18,
tusz,tusz_v2.0.6/edf/train/aaaaanwk/s004_2012/01_tcp_ar/aaaaanwk_s004_t003.edf,18,
tusz,tusz_v2.0.6/edf/train/aaaaanwk/s004_2012/01_tcp_ar/aaaaanwk_s004_t004.edf,18,
tusz,tusz_v2.0.6/edf/train/aaaaanwk/s004_2012/01_tcp_ar/aaaaanwk_s004_t005.edf,18,
tusz,tusz_v2.0.6/edf/train/aaaaanwk/s004_2012/01_tcp_ar/aaaaanwk_s004_t006.edf,18,
tusz,tusz_v2.0.6/edf/train/aaaaanwk/s004_2012/01_tcp_ar/aaaaanwk_s004_t007.edf,18,
tusz,tusz_v2.0.6/edf/train/aaaaanzg/s001_2012/01_tcp_ar/aaaaanzg_s001_t000.edf,18,
tusz,tusz_v2.0.6/edf/train/aaaaanzr/s003_2012/01_tcp_ar/aaaaanzr_s003_t000.edf,18,
tusz,tusz_v2.0.6/edf/train/aaaaanzr/s003_2012/01_tcp_ar/aaaaanzr_s003_t001.edf,18,
tusz,tusz_v2.0.6/edf/train/aaaaanzr/s003_2012/01_tcp_ar/aaaaanzr_s003_t002.edf,18,
tusz,tusz_v2.0.6/edf/train/aaaaanzr/s003_2012/01_tcp_ar/aaaaanzr_s003_t003.edf,18,
tusz,tusz_v2.0.6/edf/train/aaaaanzr/s003_2012/01_tcp_ar/aaaaanzr_s003_t004.edf,18,
tusz,tusz_v2.0.6/edf/train/aaaaanzr/s003_2012/01_tcp_ar/aaaaanzr_s003_t005.edf,18,
tusz,tusz_v2.0.6/edf/train/aaaaaobu/s002_2013/01_tcp_ar/aaaaaobu_s002_t000.edf,18,
tusz,tusz_v2.0.6/edf/train/aaaaaocj/s001_2012/01_tcp_ar/aaaaaocj_s001_t000.edf,18,
tusz,tusz_v2.0.6/edf/train/aaaaaocm/s001_2012/01_tcp_ar/aaaaaocm_s001_t000.edf,18,
tusz,tusz_v2.0.6/edf/train/aaaaaocm/s002_2014/01_tcp_ar/aaaaaocm_s002_t001.edf,18,
tusz,tusz_v2.0.6/edf/train/aaaaaocq/s001_2012/01_tcp_ar/aaaaaocq_s001_t000.edf,18,
tusz,tusz_v2.0.6/edf/train/aaaaaocy/s001_2012/01_tcp_ar/aaaaaocy_s001_t000.edf,18,
tusz,tusz_v2.0.6/edf/train/aaaaaocy/s001_2012/01_tcp_ar/aaaaaocy_s001_t001.edf,18,
tusz,tusz_v2.0.6/edf/train/aaaaaocy/s001_2012/01_tcp_ar/aaaaaocy_s001_t002.edf,18,
tusz,tusz_v2.0.6/edf/train/aaaaaocy/s002_2012/01_tcp_ar/aaaaaocy_s002_t000.edf,18,
tusz,tusz_v2.0.6/edf/train/aaaaaocy/s002_2012/01_tcp_ar/aaaaaocy_s002_t001.edf,18,
tusz,tusz_v2.0.6/edf/train/aaaaaocy/s002_2012/01_tcp_ar/aaaaaocy_s002_t002.edf,18,
tusz,tusz_v2.0.6/edf/train/aaaaaocy/s002_2012/01_tcp_ar/aaaaaocy_s002_t003.edf,18,
tusz,tusz_v2.0.6/edf/train/aaaaaocy/s002_2012/01_tcp_ar/aaaaaocy_s002_t004.edf,18,
tusz,tusz_v2.0.6/edf/train/aaaaaocy/s002_2012/01_tcp_ar/aaaaaocy_s002_t005.edf,18,
tusz,tusz_v2.0.6/edf/train/aaaaaocy/s002_2012/01_tcp_ar/aaaaaocy_s002_t006.edf,18,
tusz,tusz_v2.0.6/edf/train/aaaaaocy/s002_2012/01_tcp_ar/aaaaaocy_s002_t007.edf,18,
tusz,tusz_v2.0.6/edf/train/aaaaaoee/s001_2012/01_tcp_ar/aaaaaoee_s001_t000.edf,18,
tusz,tusz_v2.0.6/edf/train/aaaaaogd/s001_2012/01_tcp_ar/aaaaaogd_s001_t000.edf,18,
tusz,tusz_v2.0.6/edf/train/aaaaaogd/s002_2012/01_tcp_ar/aaaaaogd_s002_t000.edf,18,
tusz,tusz_v2.0.6/edf/train/aaaaaogd/s002_2012/01_tcp_ar/aaaaaogd_s002_t001.edf,18,
tusz,tusz_v2.0.6/edf/train/aaaaaogd/s002_2012/01_tcp_ar/aaaaaogd_s002_t002.edf,18,
tusz,tusz_v2.0.6/edf/train/aaaaaogd/s002_2012/01_tcp_ar/aaaaaogd_s002_t003.edf,18,
tusz,tusz_v2.0.6/edf/train/aaaaaogd/s002_2012/01_tcp_ar/aaaaaogd_s002_t004.edf,18,
tusz,tusz_v2.0.6/edf/train/aaaaaogd/s002_2012/01_tcp_ar/aaaaaogd_s002_t005.edf,18,
tusz,tusz_v2.0.6/edf/train/aaaaaogd/s002_2012/01_tcp_ar/aaaaaogd_s002_t006.edf,18,
tusz,tusz_v2.0.6/edf/train/aaaaaogd/s002_2012/01_tcp_ar/aaaaaogd_s002_t007.edf,18,
tusz,tusz_v2.0.6/edf/train/aaaaaogd/s003_2012/01_tcp_ar/aaaaaogd_s003_t000.edf,18,
tusz,tusz_v2.0.6/edf/train/aaaaaogd/s003_2012/01_tcp_ar/aaaaaogd_s003_t001.edf,18,
tusz,tusz_v2.0.6/edf/train/aaaaaogd/s003_2012/01_tcp_ar/aaaaaogd_s003_t003.edf,18,
tusz,tusz_v2.0.6/edf/train/aaaaaogd/s003_2012/01_tcp_ar/aaaaaogd_s003_t004.edf,18,
tusz,tusz_v2.0.6/edf/train/aaaaaogd/s003_2012/01_tcp_ar/aaaaaogd_s003_t005.edf,18,
tusz,tusz_v2.0.6/edf/train/aaaaaogd/s004_2012/01_tcp_ar/aaaaaogd_s004_t000.edf,18,
tusz,tusz_v2.0.6/edf/train/aaaaaogd/s004_2012/01_tcp_ar/aaaaaogd_s004_t001.edf,18,
tusz,tusz_v2.0.6/edf/train/aaaaaogd/s004_2012/01_tcp_ar/aaaaaogd_s004_t002.edf,18,
tusz,tusz_v2.0.6/edf/train/aaaaaogd/s004_2012/01_tcp_ar/aaaaaogd_s004_t003.edf,18,
tusz,tusz_v2.0.6/edf/train/aaaaaogd/s004_2012/01_tcp_ar/aaaaaogd_s004_t004.edf,18,
tusz,tusz_v2.0.6/edf/train/aaaaaogd/s004_2012/01_tcp_ar/aaaaaogd_s004_t005.edf,18,
tusz,tusz_v2.0.6/edf/train/aaaaaogd/s004_2012/01_tcp_ar/aaaaaogd_s004_t006.edf,18,
tusz,tusz_v2.0.6/edf/train/aaaaaogd/s004_2012/01_tcp_ar/aaaaaogd_s004_t007.edf,18,
tusz,tusz_v2.0.6/edf/train/aaaaaogd/s004_2012/01_tcp_ar/aaaaaogd_s004_t008.edf,18,
tusz,tusz_v2.0.6/edf/train/aaaaaogd/s005_2012/01_tcp_ar/aaaaaogd_s005_t000.edf,18,
tusz,tusz_v2.0.6/edf/train/aaaaaogd/s005_2012/01_tcp_ar/aaaaaogd_s005_t001.edf,18,
tusz,tusz_v2.0.6/edf/train/aaaaaogd/s005_2012/01_tcp_ar/aaaaaogd_s005_t002.edf,18,
tusz,tusz_v2.0.6/edf/train/aaaaaogd/s005_2012/01_tcp_ar/aaaaaogd_s005_t003.edf,18,
tusz,tusz_v2.0.6/edf/train/aaaaaogd/s005_2012/01_tcp_ar/aaaaaogd_s005_t004.edf,18,
tusz,tusz_v2.0.6/edf/train/aaaaaogd/s005_2012/01_tcp_ar/aaaaaogd_s005_t005.edf,18,
tusz,tusz_v2.0.6/edf/train/aaaaaogd/s005_2012/01_tcp_ar/aaaaaogd_s005_t006.edf,18,
tusz,tusz_v2.0.6/edf/train/aaaaaogd/s005_2012/01_tcp_ar/aaaaaogd_s005_t007.edf,18,
tusz,tusz_v2.0.6/edf/train/aaaaaogd/s005_2012/01_tcp_ar/aaaaaogd_s005_t008.edf,18,
tusz,tusz_v2.0.6/edf/train/aaaaaogd/s005_2012/01_tcp_ar/aaaaaogd_s005_t009.edf,18,
tusz,tusz_v2.0.6/edf/train/aaaaaogd/s005_2012/01_tcp_ar/aaaaaogd_s005_t010.edf,18,
tusz,tusz_v2.0.6/edf/train/aaaaaogd/s005_2012/01_tcp_ar/aaaaaogd_s005_t011.edf,18,
tusz,tusz_v2.0.6/edf/train/aaaaaogd/s006_2012/01_tcp_ar/aaaaaogd_s006_t000.edf,18,
tusz,tusz_v2.0.6/edf/train/aaaaaogd/s006_2012/01_tcp_ar/aaaaaogd_s006_t001.edf,18,
tusz,tusz_v2.0.6/edf/train/aaaaaogd/s006_2012/01_tcp_ar/aaaaaogd_s006_t002.edf,18,
tusz,tusz_v2.0.6/edf/train/aaaaaogd/s006_2012/01_tcp_ar/aaaaaogd_s006_t003.edf,18,
tusz,tusz_v2.0.6/edf/train/aaaaaogd/s006_2012/01_tcp_ar/aaaaaogd_s006_t004.edf,18,
tusz,tusz_v2.0.6/edf/train/aaaaaogd/s006_2012/01_tcp_ar/aaaaaogd_s006_t005.edf,18,
tusz,tusz_v2.0.6/edf/train/aaaaaogd/s006_2012/01_tcp_ar/aaaaaogd_s006_t006.edf,18,
tusz,tusz_v2.0.6/edf/train/aaaaaogd/s006_2012/01_tcp_ar/aaaaaogd_s006_t007.edf,18,
tusz,tusz_v2.0.6/edf/train/aaaaaogd/s006_2012/01_tcp_ar/aaaaaogd_s006_t008.edf,18,
tusz,tusz_v2.0.6/edf/train/aaaaaogd/s008_2012/01_tcp_ar/aaaaaogd_s008_t000.edf,18,
tusz,tusz_v2.0.6/edf/train/aaaaaogd/s008_2012/01_tcp_ar/aaaaaogd_s008_t001.edf,18,
tusz,tusz_v2.0.6/edf/train/aaaaaogd/s008_2012/01_tcp_ar/aaaaaogd_s008_t002.edf,18,
tusz,tusz_v2.0.6/edf/train/aaaaaogd/s008_2012/01_tcp_ar/aaaaaogd_s008_t003.edf,18,
tusz,tusz_v2.0.6/edf/train/aaaaaogd/s008_2012/01_tcp_ar/aaaaaogd_s008_t004.edf,18,
tusz,tusz_v2.0.6/edf/train/aaaaaogd/s008_2012/01_tcp_ar/aaaaaogd_s008_t005.edf,18,
tusz,tusz_v2.0.6/edf/train/aaaaaogd/s008_2012/01_tcp_ar/aaaaaogd_s008_t006.edf,18,
tusz,tusz_v2.0.6/edf/train/aaaaaogd/s008_2012/01_tcp_ar/aaaaaogd_s008_t007.edf,18,
tusz,tusz_v2.0.6/edf/train/aaaaaogd/s008_2012/01_tcp_ar/aaaaaogd_s008_t008.edf,18,
tusz,tusz_v2.0.6/edf/train/aaaaaogd/s010_2012/01_tcp_ar/aaaaaogd_s010_t000.edf,18,
tusz,tusz_v2.0.6/edf/train/aaaaaogd/s011_2012/01_tcp_ar/aaaaaogd_s011_t000.edf,18,
tusz,tusz_v2.0.6/edf/train/aaaaaogd/s011_2012/01_tcp_ar/aaaaaogd_s011_t001.edf,18,
tusz,tusz_v2.0.6/edf/train/aaaaaogd/s011_2012/01_tcp_ar/aaaaaogd_s011_t002.edf,18,
tusz,tusz_v2.0.6/edf/train/aaaaaogd/s012_2012/01_tcp_ar/aaaaaogd_s012_t000.edf,18,
tusz,tusz_v2.0.6/edf/train/aaaaaogd/s012_2012/01_tcp_ar/aaaaaogd_s012_t001.edf,18,
tusz,tusz_v2.0.6/edf/train/aaaaaogd/s012_2012/01_tcp_ar/aaaaaogd_s012_t002.edf,18,
tusz,tusz_v2.0.6/edf/train/aaaaaogd/s013_2013/01_tcp_ar/aaaaaogd_s013_t000.edf,18,
tusz,tusz_v2.0.6/edf/train/aaaaaogk/s001_2012/01_tcp_ar/aaaaaogk_s001_t000.edf,18,
tusz,tusz_v2.0.6/edf/train/aaaaaogk/s001_2012/01_tcp_ar/aaaaaogk_s001_t001.edf,18,
tusz,tusz_v2.0.6/edf/train/aaaaaogk/s001_2012/01_tcp_ar/aaaaaogk_s001_t002.edf,18,
tusz,tusz_v2.0.6/edf/train/aaaaaogk/s001_2012/01_tcp_ar/aaaaaogk_s001_t003.edf,18,
tusz,tusz_v2.0.6/edf/train/aaaaaogk/s002_2012/01_tcp_ar/aaaaaogk_s002_t000.edf,18,
tusz,tusz_v2.0.6/edf/train/aaaaaogk/s002_2012/01_tcp_ar/aaaaaogk_s002_t001.edf,16,Fz-Cz;Cz-Pz
tusz,tusz_v2.0.6/edf/train/aaaaaogk/s002_2012/01_tcp_ar/aaaaaogk_s002_t002.edf,16,Fz-Cz;Cz-Pz
tusz,tusz_v2.0.6/edf/train/aaaaaogk/s002_2012/01_tcp_ar/aaaaaogk_s002_t003.edf,16,Fz-Cz;Cz-Pz
tusz,tusz_v2.0.6/edf/train/aaaaaogk/s002_2012/01_tcp_ar/aaaaaogk_s002_t004.edf,16,Fz-Cz;Cz-Pz
tusz,tusz_v2.0.6/edf/train/aaaaaogk/s002_2012/01_tcp_ar/aaaaaogk_s002_t005.edf,16,Fz-Cz;Cz-Pz
tusz,tusz_v2.0.6/edf/train/aaaaaogk/s002_2012/01_tcp_ar/aaaaaogk_s002_t006.edf,16,Fz-Cz;Cz-Pz
tusz,tusz_v2.0.6/edf/train/aaaaaogk/s003_2012/01_tcp_ar/aaaaaogk_s003_t000.edf,18,
tusz,tusz_v2.0.6/edf/train/aaaaaogm/s001_2012/01_tcp_ar/aaaaaogm_s001_t000.edf,18,
tusz,tusz_v2.0.6/edf/train/aaaaaogm/s001_2012/01_tcp_ar/aaaaaogm_s001_t001.edf,18,
tusz,tusz_v2.0.6/edf/train/aaaaaohx/s001_2012/01_tcp_ar/aaaaaohx_s001_t000.edf,18,
tusz,tusz_v2.0.6/edf/train/aaaaaohx/s002_2012/01_tcp_ar/aaaaaohx_s002_t000.edf,18,
tusz,tusz_v2.0.6/edf/train/aaaaaohx/s002_2012/01_tcp_ar/aaaaaohx_s002_t001.edf,18,
tusz,tusz_v2.0.6/edf/train/aaaaaohx/s002_2012/01_tcp_ar/aaaaaohx_s002_t002.edf,18,
tusz,tusz_v2.0.6/edf/train/aaaaaoiw/s001_2011/01_tcp_ar/aaaaaoiw_s001_t000.edf,18,
tusz,tusz_v2.0.6/edf/train/aaaaaokk/s001_2012/01_tcp_ar/aaaaaokk_s001_t000.edf,18,
tusz,tusz_v2.0.6/edf/train/aaaaaolm/s001_2012/01_tcp_ar/aaaaaolm_s001_t000.edf,18,
tusz,tusz_v2.0.6/edf/train/aaaaaolm/s001_2012/01_tcp_ar/aaaaaolm_s001_t001.edf,18,
tusz,tusz_v2.0.6/edf/train/aaaaaooo/s001_2013/01_tcp_ar/aaaaaooo_s001_t000.edf,18,
tusz,tusz_v2.0.6/edf/train/aaaaaooo/s002_2013/01_tcp_ar/aaaaaooo_s002_t000.edf,18,
tusz,tusz_v2.0.6/edf/train/aaaaaooo/s002_2013/01_tcp_ar/aaaaaooo_s002_t001.edf,18,
tusz,tusz_v2.0.6/edf/train/aaaaaooo/s002_2013/01_tcp_ar/aaaaaooo_s002_t002.edf,18,
tusz,tusz_v2.0.6/edf/train/aaaaaooo/s002_2013/01_tcp_ar/aaaaaooo_s002_t003.edf,18,
tusz,tusz_v2.0.6/edf/train/aaaaaooo/s002_2013/01_tcp_ar/aaaaaooo_s002_t004.edf,18,
tusz,tusz_v2.0.6/edf/train/aaaaaooo/s002_2013/01_tcp_ar/aaaaaooo_s002_t005.edf,18,
tusz,tusz_v2.0.6/edf/train/aaaaaooo/s002_2013/01_tcp_ar/aaaaaooo_s002_t006.edf,18,
tusz,tusz_v2.0.6/edf/train/aaaaaooo/s004_2014/01_tcp_ar/aaaaaooo_s004_t000.edf,18,
tusz,tusz_v2.0.6/edf/train/aaaaaooo/s004_2014/01_tcp_ar/aaaaaooo_s004_t001.edf,18,
tusz,tusz_v2.0.6/edf/train/aaaaaooo/s004_2014/01_tcp_ar/aaaaaooo_s004_t002.edf,18,
tusz,tusz_v2.0.6/edf/train/aaaaaooo/s004_2014/01_tcp_ar/aaaaaooo_s004_t003.edf,18,
tusz,tusz_v2.0.6/edf/train/aaaaaooy/s002_2013/01_tcp_ar/aaaaaooy_s002_t000.edf,18,
tusz,tusz_v2.0.6/edf/train/aaaaaooy/s002_2013/01_tcp_ar/aaaaaooy_s002_t001.edf,18,
tusz,tusz_v2.0.6/edf/train/aaaaaooy/s002_2013/01_tcp_ar/aaaaaooy_s002_t002.edf,18,
tusz,tusz_v2.0.6/edf/train/aaaaaooy/s003_2013/01_tcp_ar/aaaaaooy_s003_t000.edf,18,
tusz,tusz_v2.0.6/edf/train/aaaaaooy/s003_2013/01_tcp_ar/aaaaaooy_s003_t001.edf,18,
tusz,tusz_v2.0.6/edf/train/aaaaaooy/s003_2013/01_tcp_ar/aaaaaooy_s003_t002.edf,18,
tusz,tusz_v2.0.6/edf/train/aaaaaooy/s003_2013/01_tcp_ar/aaaaaooy_s003_t003.edf,18,
tusz,tusz_v2.0.6/edf/train/aaaaaooy/s003_2013/01_tcp_ar/aaaaaooy_s003_t004.edf,18,
tusz,tusz_v2.0.6/edf/train/aaaaaooy/s003_2013/01_tcp_ar/aaaaaooy_s003_t005.edf,18,
tusz,tusz_v2.0.6/edf/train/aaaaaooy/s003_2013/01_tcp_ar/aaaaaooy_s003_t006.edf,18,
tusz,tusz_v2.0.6/edf/train/aaaaaopa/s002_2013/01_tcp_ar/aaaaaopa_s002_t000.edf,18,
tusz,tusz_v2.0.6/edf/train/aaaaaoqa/s001_2013/01_tcp_ar/aaaaaoqa_s001_t000.edf,18,
tusz,tusz_v2.0.6/edf/train/aaaaaoqa/s001_2013/01_tcp_ar/aaaaaoqa_s001_t001.edf,18,
tusz,tusz_v2.0.6/edf/train/aaaaaoqa/s002_2013/01_tcp_ar/aaaaaoqa_s002_t000.edf,18,
tusz,tusz_v2.0.6/edf/train/aaaaaoqa/s002_2013/01_tcp_ar/aaaaaoqa_s002_t001.edf,18,
tusz,tusz_v2.0.6/edf/train/aaaaaoqa/s002_2013/01_tcp_ar/aaaaaoqa_s002_t002.edf,18,
tusz,tusz_v2.0.6/edf/train/aaaaaoqa/s002_2013/01_tcp_ar/aaaaaoqa_s002_t003.edf,18,
tusz,tusz_v2.0.6/edf/train/aaaaaoqa/s002_2013/01_tcp_ar/aaaaaoqa_s002_t004.edf,18,
tusz,tusz_v2.0.6/edf/train/aaaaaoqa/s002_2013/01_tcp_ar/aaaaaoqa_s002_t005.edf,18,
tusz,tusz_v2.0.6/edf/train/aaaaaoqa/s003_2013/01_tcp_ar/aaaaaoqa_s003_t000.edf,18,
tusz,tusz_v2.0.6/edf/train/aaaaaoqa/s003_2013/01_tcp_ar/aaaaaoqa_s003_t001.edf,18,
tusz,tusz_v2.0.6/edf/train/aaaaaoqa/s003_2013/01_tcp_ar/aaaaaoqa_s003_t002.edf,18,
tusz,tusz_v2.0.6/edf/train/aaaaaoqa/s003_2013/01_tcp_ar/aaaaaoqa_s003_t003.edf,18,
tusz,tusz_v2.0.6/edf/train/aaaaaoqa/s003_2013/01_tcp_ar/aaaaaoqa_s003_t004.edf,18,
tusz,tusz_v2.0.6/edf/train/aaaaaoqb/s001_2013/01_tcp_ar/aaaaaoqb_s001_t000.edf,18,
tusz,tusz_v2.0.6/edf/train/aaaaaoqf/s001_2013/01_tcp_ar/aaaaaoqf_s001_t000.edf,18,
tusz,tusz_v2.0.6/edf/train/aaaaaoqf/s001_2013/01_tcp_ar/aaaaaoqf_s001_t001.edf,18,
tusz,tusz_v2.0.6/edf/train/aaaaaoqw/s001_2013/01_tcp_ar/aaaaaoqw_s001_t000.edf,18,
tusz,tusz_v2.0.6/edf/train/aaaaaora/s001_2013/01_tcp_ar/aaaaaora_s001_t000.edf,18,
tusz,tusz_v2.0.6/edf/train/aaaaaora/s002_2013/01_tcp_ar/aaaaaora_s002_t000.edf,18,
tusz,tusz_v2.0.6/edf/train/aaaaaosa/s003_2014/01_tcp_ar/aaaaaosa_s003_t000.edf,18,
tusz,tusz_v2.0.6/edf/train/aaaaaosa/s003_2014/01_tcp_ar/aaaaaosa_s003_t001.edf,18,
tusz,tusz_v2.0.6/edf/train/aaaaaosa/s003_2014/01_tcp_ar/aaaaaosa_s003_t002.edf,18,
tusz,tusz_v2.0.6/edf/train/aaaaaosa/s003_2014/01_tcp_ar/aaaaaosa_s003_t003.edf,18,
tusz,tusz_v2.0.6/edf/train/aaaaaosa/s003_2014/01_tcp_ar/aaaaaosa_s003_t004.edf,18,
tusz,tusz_v2.0.6/edf/train/aaaaaosa/s003_2014/01_tcp_ar/aaaaaosa_s003_t005.edf,18,
tusz,tusz_v2.0.6/edf/train/aaaaaosa/s003_2014/01_tcp_ar/aaaaaosa_s003_t006.edf,18,
tusz,tusz_v2.0.6/edf/train/aaaaaosa/s003_2014/01_tcp_ar/aaaaaosa_s003_t007.edf,18,
tusz,tusz_v2.0.6/edf/train/aaaaaosa/s003_2014/01_tcp_ar/aaaaaosa_s003_t008.edf,18,
tusz,tusz_v2.0.6/edf/train/aaaaaosa/s003_2014/01_tcp_ar/aaaaaosa_s003_t009.edf,18,
tusz,tusz_v2.0.6/edf/train/aaaaaosa/s006_2014/01_tcp_ar/aaaaaosa_s006_t000.edf,18,
tusz,tusz_v2.0.6/edf/train/aaaaaosa/s006_2014/01_tcp_ar/aaaaaosa_s006_t001.edf,18,
tusz,tusz_v2.0.6/edf/train/aaaaaosa/s006_2014/01_tcp_ar/aaaaaosa_s006_t002.edf,18,
tusz,tusz_v2.0.6/edf/train/aaaaaosa/s006_2014/01_tcp_ar/aaaaaosa_s006_t003.edf,18,
tusz,tusz_v2.0.6/edf/train/aaaaaosa/s006_2014/01_tcp_ar/aaaaaosa_s006_t004.edf,18,
tusz,tusz_v2.0.6/edf/train/aaaaaosa/s006_2014/01_tcp_ar/aaaaaosa_s006_t005.edf,18,
tusz,tusz_v2.0.6/edf/train/aaaaaosa/s006_2014/01_tcp_ar/aaaaaosa_s006_t006.edf,18,
tusz,tusz_v2.0.6/edf/train/aaaaaosa/s006_2014/01_tcp_ar/aaaaaosa_s006_t007.edf,18,
tusz,tusz_v2.0.6/edf/train/aaaaaosa/s006_2014/01_tcp_ar/aaaaaosa_s006_t008.edf,18,
tusz,tusz_v2.0.6/edf/train/aaaaaosa/s006_2014/01_tcp_ar/aaaaaosa_s006_t009.edf,18,
tusz,tusz_v2.0.6/edf/train/aaaaaosa/s006_2014/01_tcp_ar/aaaaaosa_s006_t010.edf,18,
tusz,tusz_v2.0.6/edf/train/aaaaaosa/s007_2014/01_tcp_ar/aaaaaosa_s007_t000.edf,18,
tusz,tusz_v2.0.6/edf/train/aaaaaosa/s007_2014/01_tcp_ar/aaaaaosa_s007_t001.edf,18,
tusz,tusz_v2.0.6/edf/train/aaaaaosa/s007_2014/01_tcp_ar/aaaaaosa_s007_t003.edf,18,
tusz,tusz_v2.0.6/edf/train/aaaaaosa/s007_2014/01_tcp_ar/aaaaaosa_s007_t004.edf,18,
tusz,tusz_v2.0.6/edf/train/aaaaaosa/s007_2014/01_tcp_ar/aaaaaosa_s007_t005.edf,18,
tusz,tusz_v2.0.6/edf/train/aaaaaosa/s007_2014/01_tcp_ar/aaaaaosa_s007_t006.edf,18,
tusz,tusz_v2.0.6/edf/train/aaaaaosa/s007_2014/01_tcp_ar/aaaaaosa_s007_t007.edf,18,
tusz,tusz_v2.0.6/edf/train/aaaaaosa/s007_2014/01_tcp_ar/aaaaaosa_s007_t008.edf,18,
tusz,tusz_v2.0.6/edf/train/aaaaaosa/s007_2014/01_tcp_ar/aaaaaosa_s007_t009.edf,18,
tusz,tusz_v2.0.6/edf/train/aaaaaosa/s007_2014/01_tcp_ar/aaaaaosa_s007_t010.edf,18,
tusz,tusz_v2.0.6/edf/train/aaaaaosa/s007_2014/01_tcp_ar/aaaaaosa_s007_t011.edf,18,
tusz,tusz_v2.0.6/edf/train/aaaaaosa/s007_2014/01_tcp_ar/aaaaaosa_s007_t012.edf,18,
tusz,tusz_v2.0.6/edf/train/aaaaaosa/s007_2014/01_tcp_ar/aaaaaosa_s007_t013.edf,18,
tusz,tusz_v2.0.6/edf/train/aaaaaosa/s008_2014/01_tcp_ar/aaaaaosa_s008_t000.edf,18,
tusz,tusz_v2.0.6/edf/train/aaaaaosa/s008_2014/01_tcp_ar/aaaaaosa_s008_t001.edf,18,
tusz,tusz_v2.0.6/edf/train/aaaaaosa/s008_2014/01_tcp_ar/aaaaaosa_s008_t002.edf,18,
tusz,tusz_v2.0.6/edf/train/aaaaaosa/s008_2014/01_tcp_ar/aaaaaosa_s008_t003.edf,18,
tusz,tusz_v2.0.6/edf/train/aaaaaosa/s008_2014/01_tcp_ar/aaaaaosa_s008_t004.edf,18,
tusz,tusz_v2.0.6/edf/train/aaaaaosa/s008_2014/01_tcp_ar/aaaaaosa_s008_t005.edf,18,
tusz,tusz_v2.0.6/edf/train/aaaaaosa/s008_2014/01_tcp_ar/aaaaaosa_s008_t006.edf,18,
tusz,tusz_v2.0.6/edf/train/aaaaaosa/s008_2014/01_tcp_ar/aaaaaosa_s008_t007.edf,18,
tusz,tusz_v2.0.6/edf/train/aaaaaosa/s008_2014/01_tcp_ar/aaaaaosa_s008_t008.edf,18,
tusz,tusz_v2.0.6/edf/train/aaaaaosa/s008_2014/01_tcp_ar/aaaaaosa_s008_t009.edf,18,
tusz,tusz_v2.0.6/edf/train/aaaaaosa/s008_2014/01_tcp_ar/aaaaaosa_s008_t010.edf,18,
tusz,tusz_v2.0.6/edf/train/aaaaaosc/s002_2013/01_tcp_ar/aaaaaosc_s002_t000.edf,18,
tusz,tusz_v2.0.6/edf/train/aaaaaosc/s002_2013/01_tcp_ar/aaaaaosc_s002_t001.edf,18,
tusz,tusz_v2.0.6/edf/train/aaaaaosc/s002_2013/01_tcp_ar/aaaaaosc_s002_t002.edf,18,
tusz,tusz_v2.0.6/edf/train/aaaaaosc/s002_2013/01_tcp_ar/aaaaaosc_s002_t004.edf,18,
tusz,tusz_v2.0.6/edf/train/aaaaaosc/s002_2013/01_tcp_ar/aaaaaosc_s002_t005.edf,18,
tusz,tusz_v2.0.6/edf/train/aaaaaosc/s002_2013/01_tcp_ar/aaaaaosc_s002_t006.edf,18,
tusz,tusz_v2.0.6/edf/train/aaaaaosc/s003_2013/01_tcp_ar/aaaaaosc_s003_t000.edf,18,
tusz,tusz_v2.0.6/edf/train/aaaaaosc/s003_2013/01_tcp_ar/aaaaaosc_s003_t001.edf,18,
tusz,tusz_v2.0.6/edf/train/aaaaaosc/s003_2013/01_tcp_ar/aaaaaosc_s003_t002.edf,18,
tusz,tusz_v2.0.6/edf/train/aaaaaosc/s003_2013/01_tcp_ar/aaaaaosc_s003_t003.edf,18,
tusz,tusz_v2.0.6/edf/train/aaaaaosc/s003_2013/01_tcp_ar/aaaaaosc_s003_t005.edf,18,
tusz,tusz_v2.0.6/edf/train/aaaaaota/s002_2014/01_tcp_ar/aaaaaota_s002_t000.edf,18,
tusz,tusz_v2.0.6/edf/train/aaaaaota/s002_2014/01_tcp_ar/aaaaaota_s002_t001.edf,18,
tusz,tusz_v2.0.6/edf/train/aaaaaouk/s001_2013/01_tcp_ar/aaaaaouk_s001_t000.edf,18,
tusz,tusz_v2.0.6/edf/train/aaaaaouk/s003_2013/01_tcp_ar/aaaaaouk_s003_t001.edf,18,
tusz,tusz_v2.0.6/edf/train/aaaaaouk/s004_2013/01_tcp_ar/aaaaaouk_s004_t000.edf,18,
tusz,tusz_v2.0.6/edf/train/aaaaaouk/s004_2013/01_tcp_ar/aaaaaouk_s004_t001.edf,18,
tusz,tusz_v2.0.6/edf/train/aaaaaouk/s004_2013/01_tcp_ar/aaaaaouk_s004_t002.edf,18,
tusz,tusz_v2.0.6/edf/train/aaaaaouk/s004_2013/01_tcp_ar/aaaaaouk_s004_t003.edf,18,
tusz,tusz_v2.0.6/edf/train/aaaaaouk/s004_2013/01_tcp_ar/aaaaaouk_s004_t004.edf,18,
tusz,tusz_v2.0.6/edf/train/aaaaaouk/s004_2013/01_tcp_ar/aaaaaouk_s004_t005.edf,18,
tusz,tusz_v2.0.6/edf/train/aaaaaouk/s004_2013/01_tcp_ar/aaaaaouk_s004_t006.edf,18,
tusz,tusz_v2.0.6/edf/train/aaaaaouk/s005_2013/01_tcp_ar/aaaaaouk_s005_t000.edf,18,
tusz,tusz_v2.0.6/edf/train/aaaaaouk/s005_2013/01_tcp_ar/aaaaaouk_s005_t001.edf,18,
tusz,tusz_v2.0.6/edf/train/aaaaaouk/s005_2013/01_tcp_ar/aaaaaouk_s005_t002.edf,18,
tusz,tusz_v2.0.6/edf/train/aaaaaouk/s005_2013/01_tcp_ar/aaaaaouk_s005_t003.edf,18,
tusz,tusz_v2.0.6/edf/train/aaaaaouk/s005_2013/01_tcp_ar/aaaaaouk_s005_t004.edf,18,
tusz,tusz_v2.0.6/edf/train/aaaaaouk/s006_2013/01_tcp_ar/aaaaaouk_s006_t000.edf,18,
tusz,tusz_v2.0.6/edf/train/aaaaaouk/s006_2013/01_tcp_ar/aaaaaouk_s006_t001.edf,18,
tusz,tusz_v2.0.6/edf/train/aaaaaouk/s006_2013/01_tcp_ar/aaaaaouk_s006_t002.edf,18,
tusz,tusz_v2.0.6/edf/train/aaaaaouk/s006_2013/01_tcp_ar/aaaaaouk_s006_t003.edf,18,
tusz,tusz_v2.0.6/edf/train/aaaaaouk/s007_2013/01_tcp_ar/aaaaaouk_s007_t001.edf,18,
tusz,tusz_v2.0.6/edf/train/aaaaaouk/s008_2013/01_tcp_ar/aaaaaouk_s008_t000.edf,18,
tusz,tusz_v2.0.6/edf/train/aaaaaouk/s008_2013/01_tcp_ar/aaaaaouk_s008_t001.edf,18,
tusz,tusz_v2.0.6/edf/train/aaaaaouk/s008_2013/01_tcp_ar/aaaaaouk_s008_t002.edf,18,
tusz,tusz_v2.0.6/edf/train/aaaaaouk/s008_2013/01_tcp_ar/aaaaaouk_s008_t003.edf,18,
tusz,tusz_v2.0.6/edf/train/aaaaaouk/s008_2013/01_tcp_ar/aaaaaouk_s008_t004.edf,18,
tusz,tusz_v2.0.6/edf/train/aaaaaouk/s008_2013/01_tcp_ar/aaaaaouk_s008_t005.edf,18,
tusz,tusz_v2.0.6/edf/train/aaaaaovk/s001_2013/01_tcp_ar/aaaaaovk_s001_t000.edf,18,
tusz,tusz_v2.0.6/edf/train/aaaaaovk/s001_2013/01_tcp_ar/aaaaaovk_s001_t001.edf,18,
tusz,tusz_v2.0.6/edf/train/aaaaaovk/s002_2013/01_tcp_ar/aaaaaovk_s002_t000.edf,18,
tusz,tusz_v2.0.6/edf/train/aaaaaovn/s001_2013/01_tcp_ar/aaaaaovn_s001_t000.edf,18,
tusz,tusz_v2.0.6/edf/train/aaaaaovn/s001_2013/01_tcp_ar/aaaaaovn_s001_t002.edf,18,
tusz,tusz_v2.0.6/edf/train/aaaaaovn/s002_2013/01_tcp_ar/aaaaaovn_s002_t000.edf,18,
tusz,tusz_v2.0.6/edf/train/aaaaaovn/s002_2013/01_tcp_ar/aaaaaovn_s002_t001.edf,18,
tusz,tusz_v2.0.6/edf/train/aaaaaovn/s002_2013/01_tcp_ar/aaaaaovn_s002_t002.edf,18,
tusz,tusz_v2.0.6/edf/train/aaaaaovn/s002_2013/01_tcp_ar/aaaaaovn_s002_t003.edf,18,
tusz,tusz_v2.0.6/edf/train/aaaaaovn/s002_2013/01_tcp_ar/aaaaaovn_s002_t004.edf,18,
tusz,tusz_v2.0.6/edf/train/aaaaaovn/s002_2013/01_tcp_ar/aaaaaovn_s002_t005.edf,18,
tusz,tusz_v2.0.6/edf/train/aaaaaovz/s001_2013/01_tcp_ar/aaaaaovz_s001_t000.edf,18,
tusz,tusz_v2.0.6/edf/train/aaaaaowz/s001_2013/01_tcp_ar/aaaaaowz_s001_t000.edf,18,
tusz,tusz_v2.0.6/edf/train/aaaaaoxr/s004_2013/01_tcp_ar/aaaaaoxr_s004_t000.edf,18,
tusz,tusz_v2.0.6/edf/train/aaaaaoxr/s004_2013/01_tcp_ar/aaaaaoxr_s004_t001.edf,18,
tusz,tusz_v2.0.6/edf/train/aaaaaoxr/s004_2013/01_tcp_ar/aaaaaoxr_s004_t002.edf,18,
tusz,tusz_v2.0.6/edf/train/aaaaaoxr/s004_2013/01_tcp_ar/aaaaaoxr_s004_t003.edf,18,
tusz,tusz_v2.0.6/edf/train/aaaaaoxr/s004_2013/01_tcp_ar/aaaaaoxr_s004_t004.edf,18,
tusz,tusz_v2.0.6/edf/train/aaaaaoxr/s004_2013/01_tcp_ar/aaaaaoxr_s004_t005.edf,18,
tusz,tusz_v2.0.6/edf/train/aaaaaoxr/s004_2013/01_tcp_ar/aaaaaoxr_s004_t006.edf,18,
tusz,tusz_v2.0.6/edf/train/aaaaaoxr/s004_2013/01_tcp_ar/aaaaaoxr_s004_t007.edf,18,
tusz,tusz_v2.0.6/edf/train/aaaaaoxr/s004_2013/01_tcp_ar/aaaaaoxr_s004_t008.edf,18,
tusz,tusz_v2.0.6/edf/train/aaaaaoxr/s004_2013/01_tcp_ar/aaaaaoxr_s004_t009.edf,18,
tusz,tusz_v2.0.6/edf/train/aaaaaoxr/s004_2013/01_tcp_ar/aaaaaoxr_s004_t010.edf,18,
tusz,tusz_v2.0.6/edf/train/aaaaaoya/s005_2015/01_tcp_ar/aaaaaoya_s005_t000.edf,18,
tusz,tusz_v2.0.6/edf/train/aaaaaoya/s005_2015/01_tcp_ar/aaaaaoya_s005_t001.edf,18,
tusz,tusz_v2.0.6/edf/train/aaaaaoya/s005_2015/01_tcp_ar/aaaaaoya_s005_t002.edf,18,
tusz,tusz_v2.0.6/edf/train/aaaaaoya/s005_2015/01_tcp_ar/aaaaaoya_s005_t003.edf,18,
tusz,tusz_v2.0.6/edf/train/aaaaaoya/s005_2015/01_tcp_ar/aaaaaoya_s005_t004.edf,18,
tusz,tusz_v2.0.6/edf/train/aaaaaoya/s005_2015/01_tcp_ar/aaaaaoya_s005_t005.edf,18,
tusz,tusz_v2.0.6/edf/train/aaaaaoya/s005_2015/01_tcp_ar/aaaaaoya_s005_t006.edf,18,
tusz,tusz_v2.0.6/edf/train/aaaaaoya/s005_2015/01_tcp_ar/aaaaaoya_s005_t007.edf,18,
tusz,tusz_v2.0.6/edf/train/aaaaaoya/s005_2015/01_tcp_ar/aaaaaoya_s005_t008.edf,18,
tusz,tusz_v2.0.6/edf/train/aaaaaoya/s005_2015/01_tcp_ar/aaaaaoya_s005_t009.edf,18,
tusz,tusz_v2.0.6/edf/train/aaaaaoya/s006_2015/01_tcp_ar/aaaaaoya_s006_t000.edf,18,
tusz,tusz_v2.0.6/edf/train/aaaaaoya/s006_2015/01_tcp_ar/aaaaaoya_s006_t002.edf,18,
tusz,tusz_v2.0.6/edf/train/aaaaaoya/s006_2015/01_tcp_ar/aaaaaoya_s006_t003.edf,18,
tusz,tusz_v2.0.6/edf/train/aaaaaoya/s006_2015/01_tcp_ar/aaaaaoya_s006_t004.edf,18,
tusz,tusz_v2.0.6/edf/train/aaaaaoya/s006_2015/01_tcp_ar/aaaaaoya_s006_t005.edf,18,
tusz,tusz_v2.0.6/edf/train/aaaaaoya/s006_2015/01_tcp_ar/aaaaaoya_s006_t006.edf,18,
tusz,tusz_v2.0.6/edf/train/aaaaaoya/s006_2015/01_tcp_ar/aaaaaoya_s006_t008.edf,18,
tusz,tusz_v2.0.6/edf/train/aaaaaoya/s006_2015/01_tcp_ar/aaaaaoya_s006_t011.edf,18,
tusz,tusz_v2.0.6/edf/train/aaaaaoya/s006_2015/01_tcp_ar/aaaaaoya_s006_t012.edf,18,
tusz,tusz_v2.0.6/edf/train/aaaaaoya/s006_2015/01_tcp_ar/aaaaaoya_s006_t013.edf,18,
tusz,tusz_v2.0.6/edf/train/aaaaaoya/s007_2015/01_tcp_ar/aaaaaoya_s007_t000.edf,18,
tusz,tusz_v2.0.6/edf/train/aaaaaoya/s007_2015/01_tcp_ar/aaaaaoya_s007_t001.edf,18,
tusz,tusz_v2.0.6/edf/train/aaaaaoya/s007_2015/01_tcp_ar/aaaaaoya_s007_t002.edf,18,
tusz,tusz_v2.0.6/edf/train/aaaaaoya/s007_2015/01_tcp_ar/aaaaaoya_s007_t003.edf,18,
tusz,tusz_v2.0.6/edf/train/aaaaaoya/s007_2015/01_tcp_ar/aaaaaoya_s007_t004.edf,18,
tusz,tusz_v2.0.6/edf/train/aaaaaoya/s007_2015/01_tcp_ar/aaaaaoya_s007_t005.edf,18,
tusz,tusz_v2.0.6/edf/train/aaaaaoya/s007_2015/01_tcp_ar/aaaaaoya_s007_t006.edf,18,
tusz,tusz_v2.0.6/edf/train/aaaaaoya/s007_2015/01_tcp_ar/aaaaaoya_s007_t007.edf,18,
tusz,tusz_v2.0.6/edf/train/aaaaaoya/s007_2015/01_tcp_ar/aaaaaoya_s007_t008.edf,18,
tusz,tusz_v2.0.6/edf/train/aaaaaoya/s008_2015/01_tcp_ar/aaaaaoya_s008_t000.edf,18,
tusz,tusz_v2.0.6/edf/train/aaaaaoya/s008_2015/01_tcp_ar/aaaaaoya_s008_t001.edf,18,
tusz,tusz_v2.0.6/edf/train/aaaaaoya/s008_2015/01_tcp_ar/aaaaaoya_s008_t002.edf,18,
tusz,tusz_v2.0.6/edf/train/aaaaaoya/s008_2015/01_tcp_ar/aaaaaoya_s008_t003.edf,18,
tusz,tusz_v2.0.6/edf/train/aaaaaoya/s008_2015/01_tcp_ar/aaaaaoya_s008_t004.edf,18,
tusz,tusz_v2.0.6/edf/train/aaaaaoya/s008_2015/01_tcp_ar/aaaaaoya_s008_t005.edf,18,
tusz,tusz_v2.0.6/edf/train/aaaaaoya/s008_2015/01_tcp_ar/aaaaaoya_s008_t006.edf,18,
tusz,tusz_v2.0.6/edf/train/aaaaaoya/s008_2015/01_tcp_ar/aaaaaoya_s008_t007.edf,18,
tusz,tusz_v2.0.6/edf/train/aaaaaoya/s008_2015/01_tcp_ar/aaaaaoya_s008_t008.edf,18,
tusz,tusz_v2.0.6/edf/train/aaaaaoya/s008_2015/01_tcp_ar/aaaaaoya_s008_t009.edf,18,
tusz,tusz_v2.0.6/edf/train/aaaaaoya/s009_2015/01_tcp_ar/aaaaaoya_s009_t000.edf,18,
tusz,tusz_v2.0.6/edf/train/aaaaaoya/s009_2015/01_tcp_ar/aaaaaoya_s009_t001.edf,18,
tusz,tusz_v2.0.6/edf/train/aaaaaoya/s009_2015/01_tcp_ar/aaaaaoya_s009_t002.edf,18,
tusz,tusz_v2.0.6/edf/train/aaaaaoya/s009_2015/01_tcp_ar/aaaaaoya_s009_t003.edf,18,
tusz,tusz_v2.0.6/edf/train/aaaaaoya/s009_2015/01_tcp_ar/aaaaaoya_s009_t004.edf,18,
tusz,tusz_v2.0.6/edf/train/aaaaaoya/s009_2015/01_tcp_ar/aaaaaoya_s009_t005.edf,18,
tusz,tusz_v2.0.6/edf/train/aaaaaoya/s009_2015/01_tcp_ar/aaaaaoya_s009_t006.edf,18,
tusz,tusz_v2.0.6/edf/train/aaaaaoya/s009_2015/01_tcp_ar/aaaaaoya_s009_t007.edf,18,
tusz,tusz_v2.0.6/edf/train/aaaaaoya/s009_2015/01_tcp_ar/aaaaaoya_s009_t008.edf,18,
tusz,tusz_v2.0.6/edf/train/aaaaaoya/s009_2015/01_tcp_ar/aaaaaoya_s009_t009.edf,18,
tusz,tusz_v2.0.6/edf/train/aaaaaoya/s010_2015/01_tcp_ar/aaaaaoya_s010_t000.edf,18,
tusz,tusz_v2.0.6/edf/train/aaaaaoya/s010_2015/01_tcp_ar/aaaaaoya_s010_t001.edf,18,
tusz,tusz_v2.0.6/edf/train/aaaaaoya/s010_2015/01_tcp_ar/aaaaaoya_s010_t002.edf,18,
tusz,tusz_v2.0.6/edf/train/aaaaaoya/s010_2015/01_tcp_ar/aaaaaoya_s010_t003.edf,18,
tusz,tusz_v2.0.6/edf/train/aaaaaoya/s010_2015/01_tcp_ar/aaaaaoya_s010_t004.edf,18,
tusz,tusz_v2.0.6/edf/train/aaaaaoya/s010_2015/01_tcp_ar/aaaaaoya_s010_t005.edf,18,
tusz,tusz_v2.0.6/edf/train/aaaaaoya/s010_2015/01_tcp_ar/aaaaaoya_s010_t006.edf,18,
tusz,tusz_v2.0.6/edf/train/aaaaaoya/s010_2015/01_tcp_ar/aaaaaoya_s010_t007.edf,18,
tusz,tusz_v2.0.6/edf/train/aaaaaoya/s010_2015/01_tcp_ar/aaaaaoya_s010_t008.edf,18,
tusz,tusz_v2.0.6/edf/train/aaaaaoya/s010_2015/01_tcp_ar/aaaaaoya_s010_t009.edf,18,
tusz,tusz_v2.0.6/edf/train/aaaaaoya/s011_2015/01_tcp_ar/aaaaaoya_s011_t000.edf,18,
tusz,tusz_v2.0.6/edf/train/aaaaaoya/s011_2015/01_tcp_ar/aaaaaoya_s011_t001.edf,18,
tusz,tusz_v2.0.6/edf/train/aaaaaoya/s011_2015/01_tcp_ar/aaaaaoya_s011_t002.edf,18,
tusz,tusz_v2.0.6/edf/train/aaaaaoya/s011_2015/01_tcp_ar/aaaaaoya_s011_t003.edf,18,
tusz,tusz_v2.0.6/edf/train/aaaaaoya/s011_2015/01_tcp_ar/aaaaaoya_s011_t004.edf,18,
tusz,tusz_v2.0.6/edf/train/aaaaaoya/s011_2015/01_tcp_ar/aaaaaoya_s011_t005.edf,18,
tusz,tusz_v2.0.6/edf/train/aaaaaoya/s011_2015/01_tcp_ar/aaaaaoya_s011_t006.edf,18,
tusz,tusz_v2.0.6/edf/train/aaaaaoya/s011_2015/01_tcp_ar/aaaaaoya_s011_t007.edf,18,
tusz,tusz_v2.0.6/edf/train/aaaaaoya/s011_2015/01_tcp_ar/aaaaaoya_s011_t008.edf,18,
tusz,tusz_v2.0.6/edf/train/aaaaaoya/s011_2015/01_tcp_ar/aaaaaoya_s011_t009.edf,18,
tusz,tusz_v2.0.6/edf/train/aaaaaoya/s012_2015/01_tcp_ar/aaaaaoya_s012_t000.edf,18,
tusz,tusz_v2.0.6/edf/train/aaaaaoya/s012_2015/01_tcp_ar/aaaaaoya_s012_t001.edf,18,
tusz,tusz_v2.0.6/edf/train/aaaaaoya/s012_2015/01_tcp_ar/aaaaaoya_s012_t002.edf,18,
tusz,tusz_v2.0.6/edf/train/aaaaaoya/s012_2015/01_tcp_ar/aaaaaoya_s012_t003.edf,18,
tusz,tusz_v2.0.6/edf/train/aaaaaoya/s012_2015/01_tcp_ar/aaaaaoya_s012_t004.edf,18,
tusz,tusz_v2.0.6/edf/train/aaaaaoya/s012_2015/01_tcp_ar/aaaaaoya_s012_t005.edf,18,
tusz,tusz_v2.0.6/edf/train/aaaaaoya/s012_2015/01_tcp_ar/aaaaaoya_s012_t006.edf,18,
tusz,tusz_v2.0.6/edf/train/aaaaaoya/s012_2015/01_tcp_ar/aaaaaoya_s012_t007.edf,18,
tusz,tusz_v2.0.6/edf/train/aaaaaoya/s012_2015/01_tcp_ar/aaaaaoya_s012_t009.edf,18,
tusz,tusz_v2.0.6/edf/train/aaaaaoya/s012_2015/01_tcp_ar/aaaaaoya_s012_t010.edf,18,
tusz,tusz_v2.0.6/edf/train/aaaaaoya/s013_2015/01_tcp_ar/aaaaaoya_s013_t000.edf,18,
tusz,tusz_v2.0.6/edf/train/aaaaaoya/s013_2015/01_tcp_ar/aaaaaoya_s013_t001.edf,18,
tusz,tusz_v2.0.6/edf/train/aaaaaoya/s014_2015/01_tcp_ar/aaaaaoya_s014_t000.edf,18,
tusz,tusz_v2.0.6/edf/train/aaaaaoya/s014_2015/01_tcp_ar/aaaaaoya_s014_t001.edf,18,
tusz,tusz_v2.0.6/edf/train/aaaaaoya/s014_2015/01_tcp_ar/aaaaaoya_s014_t002.edf,18,
tusz,tusz_v2.0.6/edf/train/aaaaaoya/s014_2015/01_tcp_ar/aaaaaoya_s014_t003.edf,18,
tusz,tusz_v2.0.6/edf/train/aaaaaoya/s014_2015/01_tcp_ar/aaaaaoya_s014_t004.edf,18,
tusz,tusz_v2.0.6/edf/train/aaaaaoya/s014_2015/01_tcp_ar/aaaaaoya_s014_t005.edf,18,
tusz,tusz_v2.0.6/edf/train/aaaaaoya/s014_2015/01_tcp_ar/aaaaaoya_s014_t006.edf,18,
tusz,tusz_v2.0.6/edf/train/aaaaaoya/s014_2015/01_tcp_ar/aaaaaoya_s014_t007.edf,18,
tusz,tusz_v2.0.6/edf/train/aaaaaoya/s015_2015/01_tcp_ar/aaaaaoya_s015_t000.edf,18,
tusz,tusz_v2.0.6/edf/train/aaaaaoya/s015_2015/01_tcp_ar/aaaaaoya_s015_t001.edf,18,
tusz,tusz_v2.0.6/edf/train/aaaaaoya/s015_2015/01_tcp_ar/aaaaaoya_s015_t002.edf,18,
tusz,tusz_v2.0.6/edf/train/aaaaaoya/s015_2015/01_tcp_ar/aaaaaoya_s015_t003.edf,18,
tusz,tusz_v2.0.6/edf/train/aaaaaoya/s015_2015/01_tcp_ar/aaaaaoya_s015_t004.edf,18,
tusz,tusz_v2.0.6/edf/train/aaaaaoya/s015_2015/01_tcp_ar/aaaaaoya_s015_t005.edf,18,
tusz,tusz_v2.0.6/edf/train/aaaaaoya/s015_2015/01_tcp_ar/aaaaaoya_s015_t006.edf,18,
tusz,tusz_v2.0.6/edf/train/aaaaaoyq/s001_2013/01_tcp_ar/aaaaaoyq_s001_t000.edf,18,
tusz,tusz_v2.0.6/edf/train/aaaaaozv/s001_2013/01_tcp_ar/aaaaaozv_s001_t000.edf,18,
tusz,tusz_v2.0.6/edf/train/aaaaaozv/s001_2013/01_tcp_ar/aaaaaozv_s001_t001.edf,18,
tusz,tusz_v2.0.6/edf/train/aaaaaozv/s002_2013/01_tcp_ar/aaaaaozv_s002_t000.edf,18,
tusz,tusz_v2.0.6/edf/train/aaaaaozv/s002_2013/01_tcp_ar/aaaaaozv_s002_t001.edf,18,
tusz,tusz_v2.0.6/edf/train/aaaaaozv/s002_2013/01_tcp_ar/aaaaaozv_s002_t002.edf,18,
tusz,tusz_v2.0.6/edf/train/aaaaaozv/s002_2013/01_tcp_ar/aaaaaozv_s002_t003.edf,18,
tusz,tusz_v2.0.6/edf/train/aaaaaozv/s002_2013/01_tcp_ar/aaaaaozv_s002_t004.edf,18,
tusz,tusz_v2.0.6/edf/train/aaaaaozv/s002_2013/01_tcp_ar/aaaaaozv_s002_t005.edf,18,
tusz,tusz_v2.0.6/edf/train/aaaaaozv/s002_2013/01_tcp_ar/aaaaaozv_s002_t006.edf,18,
tusz,tusz_v2.0.6/edf/train/aaaaaozv/s002_2013/01_tcp_ar/aaaaaozv_s002_t007.edf,18,
tusz,tusz_v2.0.6/edf/train/aaaaaozv/s002_2013/01_tcp_ar/aaaaaozv_s002_t008.edf,18,
tusz,tusz_v2.0.6/edf/train/aaaaapai/s001_2013/01_tcp_ar/aaaaapai_s001_t000.edf,18,
tusz,tusz_v2.0.6/edf/train/aaaaapas/s001_2013/01_tcp_ar/aaaaapas_s001_t000.edf,18,
tusz,tusz_v2.0.6/edf/train/aaaaapas/s001_2013/01_tcp_ar/aaaaapas_s001_t001.edf,18,
tusz,tusz_v2.0.6/edf/train/aaaaapas/s003_2013/01_tcp_ar/aaaaapas_s003_t000.edf,18,
tusz,tusz_v2.0.6/edf/train/aaaaapas/s003_2013/01_tcp_ar/aaaaapas_s003_t001.edf,18,
tusz,tusz_v2.0.6/edf/train/aaaaapas/s003_2013/01_tcp_ar/aaaaapas_s003_t002.edf,18,
tusz,tusz_v2.0.6/edf/train/aaaaapas/s003_2013/01_tcp_ar/aaaaapas_s003_t003.edf,18,
tusz,tusz_v2.0.6/edf/train/aaaaapas/s003_2013/01_tcp_ar/aaaaapas_s003_t004.edf,18,
tusz,tusz_v2.0.6/edf/train/aaaaapas/s004_2013/01_tcp_ar/aaaaapas_s004_t000.edf,18,
tusz,tusz_v2.0.6/edf/train/aaaaapas/s004_2013/01_tcp_ar/aaaaapas_s004_t001.edf,18,
tusz,tusz_v2.0.6/edf/train/aaaaapas/s004_2013/01_tcp_ar/aaaaapas_s004_t002.edf,18,
tusz,tusz_v2.0.6/edf/train/aaaaapas/s004_2013/01_tcp_ar/aaaaapas_s004_t003.edf,18,
tusz,tusz_v2.0.6/edf/train/aaaaapas/s004_2013/01_tcp_ar/aaaaapas_s004_t004.edf,18,
tusz,tusz_v2.0.6/edf/train/aaaaapas/s005_2013/01_tcp_ar/aaaaapas_s005_t000.edf,18,
tusz,tusz_v2.0.6/edf/train/aaaaapas/s005_2013/01_tcp_ar/aaaaapas_s005_t001.edf,18,
tusz,tusz_v2.0.6/edf/train/aaaaapas/s005_2013/01_tcp_ar/aaaaapas_s005_t002.edf,18,
tusz,tusz_v2.0.6/edf/train/aaaaapas/s005_2013/01_tcp_ar/aaaaapas_s005_t003.edf,18,
tusz,tusz_v2.0.6/edf/train/aaaaapas/s005_2013/01_tcp_ar/aaaaapas_s005_t004.edf,18,
tusz,tusz_v2.0.6/edf/train/aaaaapay/s002_2013/01_tcp_ar/aaaaapay_s002_t000.edf,18,
tusz,tusz_v2.0.6/edf/train/aaaaapay/s002_2013/01_tcp_ar/aaaaapay_s002_t001.edf,18,
tusz,tusz_v2.0.6/edf/train/aaaaapay/s003_2013/01_tcp_ar/aaaaapay_s003_t000.edf,18,
tusz,tusz_v2.0.6/edf/train/aaaaapay/s003_2013/01_tcp_ar/aaaaapay_s003_t001.edf,18,
tusz,tusz_v2.0.6/edf/train/aaaaapay/s003_2013/01_tcp_ar/aaaaapay_s003_t002.edf,18,
tusz,tusz_v2.0.6/edf/train/aaaaapay/s003_2013/01_tcp_ar/aaaaapay_s003_t003.edf,18,
tusz,tusz_v2.0.6/edf/train/aaaaapay/s003_2013/01_tcp_ar/aaaaapay_s003_t004.edf,18,
tusz,tusz_v2.0.6/edf/train/aaaaapay/s003_2013/01_tcp_ar/aaaaapay_s003_t005.edf,18,
tusz,tusz_v2.0.6/edf/train/aaaaapay/s003_2013/01_tcp_ar/aaaaapay_s003_t006.edf,18,
tusz,tusz_v2.0.6/edf/train/aaaaapay/s003_2013/01_tcp_ar/aaaaapay_s003_t007.edf,18,
tusz,tusz_v2.0.6/edf/train/aaaaapcj/s001_2013/01_tcp_ar/aaaaapcj_s001_t000.edf,18,
tusz,tusz_v2.0.6/edf/train/aaaaapcr/s005_2013/01_tcp_ar/aaaaapcr_s005_t000.edf,18,
tusz,tusz_v2.0.6/edf/train/aaaaapcr/s005_2013/01_tcp_ar/aaaaapcr_s005_t001.edf,18,
tusz,tusz_v2.0.6/edf/train/aaaaapcr/s005_2013/01_tcp_ar/aaaaapcr_s005_t002.edf,18,
tusz,tusz_v2.0.6/edf/train/aaaaapcr/s005_2013/01_tcp_ar/aaaaapcr_s005_t003.edf,18,
tusz,tusz_v2.0.6/edf/train/aaaaapcr/s005_2013/01_tcp_ar/aaaaapcr_s005_t004.edf,18,
tusz,tusz_v2.0.6/edf/train/aaaaapcr/s005_2013/01_tcp_ar/aaaaapcr_s005_t005.edf,18,
tusz,tusz_v2.0.6/edf/train/aaaaapcr/s005_2013/01_tcp_ar/aaaaapcr_s005_t006.edf,18,
tusz,tusz_v2.0.6/edf/train/aaaaapcr/s005_2013/01_tcp_ar/aaaaapcr_s005_t007.edf,18,
tusz,tusz_v2.0.6/edf/train/aaaaapcr/s006_2013/01_tcp_ar/aaaaapcr_s006_t000.edf,18,
tusz,tusz_v2.0.6/edf/train/aaaaapcr/s006_2013/01_tcp_ar/aaaaapcr_s006_t001.edf,18,
tusz,tusz_v2.0.6/edf/train/aaaaapcr/s006_2013/01_tcp_ar/aaaaapcr_s006_t002.edf,18,
tusz,tusz_v2.0.6/edf/train/aaaaapcr/s006_2013/01_tcp_ar/aaaaapcr_s006_t003.edf,18,
tusz,tusz_v2.0.6/edf/train/aaaaapcr/s006_2013/01_tcp_ar/aaaaapcr_s006_t004.edf,18,
tusz,tusz_v2.0.6/edf/train/aaaaapcr/s006_2013/01_tcp_ar/aaaaapcr_s006_t005.edf,18,
tusz,tusz_v2.0.6/edf/train/aaaaapcr/s006_2013/01_tcp_ar/aaaaapcr_s006_t006.edf,18,
tusz,tusz_v2.0.6/edf/train/aaaaapcr/s006_2013/01_tcp_ar/aaaaapcr_s006_t007.edf,18,
tusz,tusz_v2.0.6/edf/train/aaaaapcr/s006_2013/01_tcp_ar/aaaaapcr_s006_t008.edf,18,
tusz,tusz_v2.0.6/edf/train/aaaaapcr/s006_2013/01_tcp_ar/aaaaapcr_s006_t009.edf,18,
tusz,tusz_v2.0.6/edf/train/aaaaapcr/s006_2013/01_tcp_ar/aaaaapcr_s006_t010.edf,18,
tusz,tusz_v2.0.6/edf/train/aaaaapcr/s007_2013/01_tcp_ar/aaaaapcr_s007_t000.edf,18,
tusz,tusz_v2.0.6/edf/train/aaaaapcr/s007_2013/01_tcp_ar/aaaaapcr_s007_t001.edf,18,
tusz,tusz_v2.0.6/edf/train/aaaaapcr/s007_2013/01_tcp_ar/aaaaapcr_s007_t002.edf,18,
tusz,tusz_v2.0.6/edf/train/aaaaapcr/s007_2013/01_tcp_ar/aaaaapcr_s007_t003.edf,18,
tusz,tusz_v2.0.6/edf/train/aaaaapcr/s007_2013/01_tcp_ar/aaaaapcr_s007_t004.edf,18,
tusz,tusz_v2.0.6/edf/train/aaaaapcr/s007_2013/01_tcp_ar/aaaaapcr_s007_t005.edf,18,
tusz,tusz_v2.0.6/edf/train/aaaaapcr/s007_2013/01_tcp_ar/aaaaapcr_s007_t006.edf,18,
tusz,tusz_v2.0.6/edf/train/aaaaapcr/s007_2013/01_tcp_ar/aaaaapcr_s007_t007.edf,18,
tusz,tusz_v2.0.6/edf/train/aaaaapcr/s008_2013/01_tcp_ar/aaaaapcr_s008_t000.edf,18,
tusz,tusz_v2.0.6/edf/train/aaaaapcr/s008_2013/01_tcp_ar/aaaaapcr_s008_t001.edf,18,
tusz,tusz_v2.0.6/edf/train/aaaaapcr/s009_2013/01_tcp_ar/aaaaapcr_s009_t000.edf,18,
tusz,tusz_v2.0.6/edf/train/aaaaapcr/s009_2013/01_tcp_ar/aaaaapcr_s009_t001.edf,18,
tusz,tusz_v2.0.6/edf/train/aaaaapcr/s009_2013/01_tcp_ar/aaaaapcr_s009_t002.edf,18,
tusz,tusz_v2.0.6/edf/train/aaaaapcr/s009_2013/01_tcp_ar/aaaaapcr_s009_t003.edf,18,
tusz,tusz_v2.0.6/edf/train/aaaaapcr/s009_2013/01_tcp_ar/aaaaapcr_s009_t004.edf,18,
tusz,tusz_v2.0.6/edf/train/aaaaapcr/s009_2013/01_tcp_ar/aaaaapcr_s009_t005.edf,18,
tusz,tusz_v2.0.6/edf/train/aaaaapcr/s009_2013/01_tcp_ar/aaaaapcr_s009_t006.edf,18,
tusz,tusz_v2.0.6/edf/train/aaaaapdq/s001_2013/01_tcp_ar/aaaaapdq_s001_t000.edf,18,
tusz,tusz_v2.0.6/edf/train/aaaaapdq/s001_2013/01_tcp_ar/aaaaapdq_s001_t001.edf,18,
tusz,tusz_v2.0.6/edf/train/aaaaaped/s001_2013/01_tcp_ar/aaaaaped_s001_t000.edf,18,
tusz,tusz_v2.0.6/edf/train/aaaaapey/s001_2012/01_tcp_ar/aaaaapey_s001_t000.edf,18,
tusz,tusz_v2.0.6/edf/train/aaaaapff/s001_2012/01_tcp_ar/aaaaapff_s001_t000.edf,18,
tusz,tusz_v2.0.6/edf/train/aaaaapfv/s001_2013/01_tcp_ar/aaaaapfv_s001_t000.edf,18,
tusz,tusz_v2.0.6/edf/train/aaaaapgf/s001_2013/01_tcp_ar/aaaaapgf_s001_t000.edf,18,
tusz,tusz_v2.0.6/edf/train/aaaaapgf/s001_2013/01_tcp_ar/aaaaapgf_s001_t001.edf,18,
tusz,tusz_v2.0.6/edf/train/aaaaapgz/s001_2013/01_tcp_ar/aaaaapgz_s001_t000.edf,18,
tusz,tusz_v2.0.6/edf/train/aaaaapiq/s001_2013/01_tcp_ar/aaaaapiq_s001_t000.edf,18,
tusz,tusz_v2.0.6/edf/train/aaaaapkm/s007_2013/01_tcp_ar/aaaaapkm_s007_t000.edf,18,
tusz,tusz_v2.0.6/edf/train/aaaaapkm/s007_2013/01_tcp_ar/aaaaapkm_s007_t001.edf,18,
tusz,tusz_v2.0.6/edf/train/aaaaapkm/s007_2013/01_tcp_ar/aaaaapkm_s007_t002.edf,18,
tusz,tusz_v2.0.6/edf/train/aaaaapkm/s007_2013/01_tcp_ar/aaaaapkm_s007_t003.edf,18,
tusz,tusz_v2.0.6/edf/train/aaaaapkm/s007_2013/01_tcp_ar/aaaaapkm_s007_t004.edf,18,
tusz,tusz_v2.0.6/edf/train/aaaaapks/s001_2013/01_tcp_ar/aaaaapks_s001_t000.edf,18,
tusz,tusz_v2.0.6/edf/train/aaaaapks/s002_2013/01_tcp_ar/aaaaapks_s002_t000.edf,18,
tusz,tusz_v2.0.6/edf/train/aaaaapks/s002_2013/01_tcp_ar/aaaaapks_s002_t001.edf,18,
tusz,tusz_v2.0.6/edf/train/aaaaapks/s002_2013/01_tcp_ar/aaaaapks_s002_t002.edf,18,
tusz,tusz_v2.0.6/edf/train/aaaaapks/s002_2013/01_tcp_ar/aaaaapks_s002_t003.edf,18,
tusz,tusz_v2.0.6/edf/train/aaaaapks/s002_2013/01_tcp_ar/aaaaapks_s002_t004.edf,18,
tusz,tusz_v2.0.6/edf/train/aaaaapks/s002_2013/01_tcp_ar/aaaaapks_s002_t005.edf,18,
tusz,tusz_v2.0.6/edf/train/aaaaapks/s002_2013/01_tcp_ar/aaaaapks_s002_t006.edf,18,
tusz,tusz_v2.0.6/edf/train/aaaaapks/s002_2013/01_tcp_ar/aaaaapks_s002_t007.edf,18,
tusz,tusz_v2.0.6/edf/train/aaaaapks/s002_2013/01_tcp_ar/aaaaapks_s002_t008.edf,18,
tusz,tusz_v2.0.6/edf/train/aaaaapks/s002_2013/01_tcp_ar/aaaaapks_s002_t009.edf,18,
tusz,tusz_v2.0.6/edf/train/aaaaapks/s002_2013/01_tcp_ar/aaaaapks_s002_t010.edf,18,
tusz,tusz_v2.0.6/edf/train/aaaaapks/s002_2013/01_tcp_ar/aaaaapks_s002_t011.edf,18,
tusz,tusz_v2.0.6/edf/train/aaaaapks/s003_2013/01_tcp_ar/aaaaapks_s003_t000.edf,18,
tusz,tusz_v2.0.6/edf/train/aaaaapks/s003_2013/01_tcp_ar/aaaaapks_s003_t001.edf,18,
tusz,tusz_v2.0.6/edf/train/aaaaapks/s003_2013/01_tcp_ar/aaaaapks_s003_t002.edf,18,
tusz,tusz_v2.0.6/edf/train/aaaaapks/s003_2013/01_tcp_ar/aaaaapks_s003_t003.edf,18,
tusz,tusz_v2.0.6/edf/train/aaaaapks/s003_2013/01_tcp_ar/aaaaapks_s003_t004.edf,18,
tusz,tusz_v2.0.6/edf/train/aaaaapks/s003_2013/01_tcp_ar/aaaaapks_s003_t005.edf,18,
tusz,tusz_v2.0.6/edf/train/aaaaapks/s003_2013/01_tcp_ar/aaaaapks_s003_t006.edf,18,
tusz,tusz_v2.0.6/edf/train/aaaaapks/s003_2013/01_tcp_ar/aaaaapks_s003_t007.edf,18,
tusz,tusz_v2.0.6/edf/train/aaaaapks/s003_2013/01_tcp_ar/aaaaapks_s003_t008.edf,18,
tusz,tusz_v2.0.6/edf/train/aaaaapks/s003_2013/01_tcp_ar/aaaaapks_s003_t009.edf,18,
tusz,tusz_v2.0.6/edf/train/aaaaapks/s004_2013/01_tcp_ar/aaaaapks_s004_t000.edf,18,
tusz,tusz_v2.0.6/edf/train/aaaaapks/s004_2013/01_tcp_ar/aaaaapks_s004_t001.edf,18,
tusz,tusz_v2.0.6/edf/train/aaaaapks/s004_2013/01_tcp_ar/aaaaapks_s004_t002.edf,18,
tusz,tusz_v2.0.6/edf/train/aaaaapks/s004_2013/01_tcp_ar/aaaaapks_s004_t003.edf,18,
tusz,tusz_v2.0.6/edf/train/aaaaapks/s004_2013/01_tcp_ar/aaaaapks_s004_t004.edf,18,
tusz,tusz_v2.0.6/edf/train/aaaaapks/s004_2013/01_tcp_ar/aaaaapks_s004_t005.edf,18,
tusz,tusz_v2.0.6/edf/train/aaaaapks/s004_2013/01_tcp_ar/aaaaapks_s004_t006.edf,18,
tusz,tusz_v2.0.6/edf/train/aaaaapks/s004_2013/01_tcp_ar/aaaaapks_s004_t007.edf,18,
tusz,tusz_v2.0.6/edf/train/aaaaapks/s004_2013/01_tcp_ar/aaaaapks_s004_t008.edf,18,
tusz,tusz_v2.0.6/edf/train/aaaaapks/s005_2013/01_tcp_ar/aaaaapks_s005_t000.edf,18,
tusz,tusz_v2.0.6/edf/train/aaaaapks/s005_2013/01_tcp_ar/aaaaapks_s005_t001.edf,18,
tusz,tusz_v2.0.6/edf/train/aaaaapks/s006_2013/01_tcp_ar/aaaaapks_s006_t000.edf,18,
tusz,tusz_v2.0.6/edf/train/aaaaapks/s006_2013/01_tcp_ar/aaaaapks_s006_t001.edf,18,
tusz,tusz_v2.0.6/edf/train/aaaaapks/s006_2013/01_tcp_ar/aaaaapks_s006_t002.edf,18,
tusz,tusz_v2.0.6/edf/train/aaaaapks/s006_2013/01_tcp_ar/aaaaapks_s006_t003.edf,18,
tusz,tusz_v2.0.6/edf/train/aaaaapks/s006_2013/01_tcp_ar/aaaaapks_s006_t004.edf,18,
tusz,tusz_v2.0.6/edf/train/aaaaapks/s006_2013/01_tcp_ar/aaaaapks_s006_t005.edf,18,
tusz,tusz_v2.0.6/edf/train/aaaaapks/s006_2013/01_tcp_ar/aaaaapks_s006_t006.edf,18,
tusz,tusz_v2.0.6/edf/train/aaaaapks/s006_2013/01_tcp_ar/aaaaapks_s006_t007.edf,18,
tusz,tusz_v2.0.6/edf/train/aaaaapks/s006_2013/01_tcp_ar/aaaaapks_s006_t008.edf,18,
tusz,tusz_v2.0.6/edf/train/aaaaapks/s006_2013/01_tcp_ar/aaaaapks_s006_t009.edf,18,
tusz,tusz_v2.0.6/edf/train/aaaaapks/s007_2013/01_tcp_ar/aaaaapks_s007_t000.edf,18,
tusz,tusz_v2.0.6/edf/train/aaaaapks/s007_2013/01_tcp_ar/aaaaapks_s007_t001.edf,18,
tusz,tusz_v2.0.6/edf/train/aaaaapks/s007_2013/01_tcp_ar/aaaaapks_s007_t002.edf,18,
tusz,tusz_v2.0.6/edf/train/aaaaapks/s007_2013/01_tcp_ar/aaaaapks_s007_t003.edf,18,
tusz,tusz_v2.0.6/edf/train/aaaaapks/s007_2013/01_tcp_ar/aaaaapks_s007_t004.edf,18,
tusz,tusz_v2.0.6/edf/train/aaaaapks/s007_2013/01_tcp_ar/aaaaapks_s007_t005.edf,18,
tusz,tusz_v2.0.6/edf/train/aaaaapks/s007_2013/01_tcp_ar/aaaaapks_s007_t006.edf,18,
tusz,tusz_v2.0.6/edf/train/aaaaapks/s007_2013/01_tcp_ar/aaaaapks_s007_t007.edf,18,
tusz,tusz_v2.0.6/edf/train/aaaaapks/s007_2013/01_tcp_ar/aaaaapks_s007_t008.edf,18,
tusz,tusz_v2.0.6/edf/train/aaaaapks/s007_2013/01_tcp_ar/aaaaapks_s007_t009.edf,18,
tusz,tusz_v2.0.6/edf/train/aaaaapks/s008_2013/01_tcp_ar/aaaaapks_s008_t000.edf,18,
tusz,tusz_v2.0.6/edf/train/aaaaapks/s009_2013/01_tcp_ar/aaaaapks_s009_t000.edf,18,
tusz,tusz_v2.0.6/edf/train/aaaaapks/s012_2014/01_tcp_ar/aaaaapks_s012_t000.edf,18,
tusz,tusz_v2.0.6/edf/train/aaaaapks/s012_2014/01_tcp_ar/aaaaapks_s012_t001.edf,18,
tusz,tusz_v2.0.6/edf/train/aaaaapks/s012_2014/01_tcp_ar/aaaaapks_s012_t002.edf,18,
tusz,tusz_v2.0.6/edf/train/aaaaapks/s012_2014/01_tcp_ar/aaaaapks_s012_t003.edf,18,
tusz,tusz_v2.0.6/edf/train/aaaaapks/s013_2014/03_tcp_ar_a/aaaaapks_s013_t000.edf,18,
tusz,tusz_v2.0.6/edf/train/aaaaapks/s013_2014/03_tcp_ar_a/aaaaapks_s013_t001.edf,18,
tusz,tusz_v2.0.6/edf/train/aaaaapks/s013_2014/03_tcp_ar_a/aaaaapks_s013_t002.edf,16,Fz-Cz;Cz-Pz
tusz,tusz_v2.0.6/edf/train/aaaaapks/s013_2014/03_tcp_ar_a/aaaaapks_s013_t003.edf,16,Fz-Cz;Cz-Pz
tusz,tusz_v2.0.6/edf/train/aaaaapks/s014_2014/03_tcp_ar_a/aaaaapks_s014_t000.edf,18,
tusz,tusz_v2.0.6/edf/train/aaaaapks/s014_2014/03_tcp_ar_a/aaaaapks_s014_t001.edf,18,
tusz,tusz_v2.0.6/edf/train/aaaaapks/s016_2014/03_tcp_ar_a/aaaaapks_s016_t000.edf,18,
tusz,tusz_v2.0.6/edf/train/aaaaapks/s016_2014/03_tcp_ar_a/aaaaapks_s016_t001.edf,18,
tusz,tusz_v2.0.6/edf/train/aaaaapks/s016_2014/03_tcp_ar_a/aaaaapks_s016_t002.edf,18,
tusz,tusz_v2.0.6/edf/train/aaaaapks/s016_2014/03_tcp_ar_a/aaaaapks_s016_t003.edf,18,
tusz,tusz_v2.0.6/edf/train/aaaaapks/s016_2014/03_tcp_ar_a/aaaaapks_s016_t004.edf,18,
tusz,tusz_v2.0.6/edf/train/aaaaapks/s016_2014/03_tcp_ar_a/aaaaapks_s016_t005.edf,18,
tusz,tusz_v2.0.6/edf/train/aaaaapks/s016_2014/03_tcp_ar_a/aaaaapks_s016_t006.edf,18,
tusz,tusz_v2.0.6/edf/train/aaaaapks/s017_2014/03_tcp_ar_a/aaaaapks_s017_t000.edf,18,
tusz,tusz_v2.0.6/edf/train/aaaaapks/s017_2014/03_tcp_ar_a/aaaaapks_s017_t001.edf,18,
tusz,tusz_v2.0.6/edf/train/aaaaapks/s017_2014/03_tcp_ar_a/aaaaapks_s017_t002.edf,18,
tusz,tusz_v2.0.6/edf/train/aaaaapks/s017_2014/03_tcp_ar_a/aaaaapks_s017_t003.edf,18,
tusz,tusz_v2.0.6/edf/train/aaaaapks/s017_2014/03_tcp_ar_a/aaaaapks_s017_t004.edf,18,
tusz,tusz_v2.0.6/edf/train/aaaaapks/s017_2014/03_tcp_ar_a/aaaaapks_s017_t005.edf,18,
tusz,tusz_v2.0.6/edf/train/aaaaapks/s017_2014/03_tcp_ar_a/aaaaapks_s017_t006.edf,18,
tusz,tusz_v2.0.6/edf/train/aaaaapks/s017_2014/03_tcp_ar_a/aaaaapks_s017_t007.edf,18,
tusz,tusz_v2.0.6/edf/train/aaaaapks/s017_2014/03_tcp_ar_a/aaaaapks_s017_t008.edf,18,
tusz,tusz_v2.0.6/edf/train/aaaaapks/s017_2014/03_tcp_ar_a/aaaaapks_s017_t009.edf,18,
tusz,tusz_v2.0.6/edf/train/aaaaapks/s017_2014/03_tcp_ar_a/aaaaapks_s017_t010.edf,18,
tusz,tusz_v2.0.6/edf/train/aaaaapks/s017_2014/03_tcp_ar_a/aaaaapks_s017_t011.edf,18,
tusz,tusz_v2.0.6/edf/train/aaaaapks/s017_2014/03_tcp_ar_a/aaaaapks_s017_t012.edf,18,
tusz,tusz_v2.0.6/edf/train/aaaaapks/s018_2014/03_tcp_ar_a/aaaaapks_s018_t000.edf,18,
tusz,tusz_v2.0.6/edf/train/aaaaapks/s018_2014/03_tcp_ar_a/aaaaapks_s018_t001.edf,18,
tusz,tusz_v2.0.6/edf/train/aaaaapks/s018_2014/03_tcp_ar_a/aaaaapks_s018_t002.edf,18,
tusz,tusz_v2.0.6/edf/train/aaaaapks/s018_2014/03_tcp_ar_a/aaaaapks_s018_t003.edf,18,
tusz,tusz_v2.0.6/edf/train/aaaaapks/s018_2014/03_tcp_ar_a/aaaaapks_s018_t004.edf,18,
tusz,tusz_v2.0.6/edf/train/aaaaapks/s018_2014/03_tcp_ar_a/aaaaapks_s018_t005.edf,18,
tusz,tusz_v2.0.6/edf/train/aaaaapks/s018_2014/03_tcp_ar_a/aaaaapks_s018_t006.edf,18,
tusz,tusz_v2.0.6/edf/train/aaaaapks/s018_2014/03_tcp_ar_a/aaaaapks_s018_t007.edf,18,
tusz,tusz_v2.0.6/edf/train/aaaaapks/s018_2014/03_tcp_ar_a/aaaaapks_s018_t008.edf,18,
tusz,tusz_v2.0.6/edf/train/aaaaapks/s018_2014/03_tcp_ar_a/aaaaapks_s018_t009.edf,18,
tusz,tusz_v2.0.6/edf/train/aaaaapks/s018_2014/03_tcp_ar_a/aaaaapks_s018_t010.edf,18,
tusz,tusz_v2.0.6/edf/train/aaaaapkv/s001_2013/01_tcp_ar/aaaaapkv_s001_t000.edf,18,
tusz,tusz_v2.0.6/edf/train/aaaaapkv/s001_2013/01_tcp_ar/aaaaapkv_s001_t001.edf,18,
tusz,tusz_v2.0.6/edf/train/aaaaaplb/s001_2013/01_tcp_ar/aaaaaplb_s001_t000.edf,18,
tusz,tusz_v2.0.6/edf/train/aaaaaplb/s001_2013/01_tcp_ar/aaaaaplb_s001_t001.edf,18,
tusz,tusz_v2.0.6/edf/train/aaaaaplb/s002_2013/01_tcp_ar/aaaaaplb_s002_t000.edf,18,
tusz,tusz_v2.0.6/edf/train/aaaaaplb/s002_2013/01_tcp_ar/aaaaaplb_s002_t007.edf,18,
tusz,tusz_v2.0.6/edf/train/aaaaaplb/s002_2013/01_tcp_ar/aaaaaplb_s002_t010.edf,18,
tusz,tusz_v2.0.6/edf/train/aaaaaplb/s002_2013/01_tcp_ar/aaaaaplb_s002_t011.edf,18,
tusz,tusz_v2.0.6/edf/train/aaaaaplb/s002_2013/01_tcp_ar/aaaaaplb_s002_t013.edf,18,
tusz,tusz_v2.0.6/edf/train/aaaaaplb/s002_2013/01_tcp_ar/aaaaaplb_s002_t014.edf,18,
tusz,tusz_v2.0.6/edf/train/aaaaaplb/s002_2013/01_tcp_ar/aaaaaplb_s002_t015.edf,18,
tusz,tusz_v2.0.6/edf/train/aaaaaplb/s002_2013/01_tcp_ar/aaaaaplb_s002_t016.edf,18,
tusz,tusz_v2.0.6/edf/train/aaaaaplb/s002_2013/01_tcp_ar/aaaaaplb_s002_t017.edf,18,
tusz,tusz_v2.0.6/edf/train/aaaaaplb/s002_2013/01_tcp_ar/aaaaaplb_s002_t018.edf,18,
tusz,tusz_v2.0.6/edf/train/aaaaaplb/s002_2013/01_tcp_ar/aaaaaplb_s002_t019.edf,18,
tusz,tusz_v2.0.6/edf/train/aaaaaplb/s002_2013/01_tcp_ar/aaaaaplb_s002_t020.edf,18,
tusz,tusz_v2.0.6/edf/train/aaaaaplb/s002_2013/01_tcp_ar/aaaaaplb_s002_t021.edf,18,
tusz,tusz_v2.0.6/edf/train/aaaaaplb/s002_2013/01_tcp_ar/aaaaaplb_s002_t022.edf,18,
tusz,tusz_v2.0.6/edf/train/aaaaaplb/s002_2013/01_tcp_ar/aaaaaplb_s002_t023.edf,18,
tusz,tusz_v2.0.6/edf/train/aaaaaplb/s002_2013/01_tcp_ar/aaaaaplb_s002_t024.edf,18,
tusz,tusz_v2.0.6/edf/train/aaaaaplb/s002_2013/01_tcp_ar/aaaaaplb_s002_t025.edf,18,
tusz,tusz_v2.0.6/edf/train/aaaaaplb/s002_2013/01_tcp_ar/aaaaaplb_s002_t026.edf,18,
tusz,tusz_v2.0.6/edf/train/aaaaaplb/s003_2013/01_tcp_ar/aaaaaplb_s003_t000.edf,18,
tusz,tusz_v2.0.6/edf/train/aaaaaplb/s003_2013/01_tcp_ar/aaaaaplb_s003_t001.edf,18,
tusz,tusz_v2.0.6/edf/train/aaaaaplb/s003_2013/01_tcp_ar/aaaaaplb_s003_t002.edf,18,
tusz,tusz_v2.0.6/edf/train/aaaaaplb/s003_2013/01_tcp_ar/aaaaaplb_s003_t003.edf,18,
tusz,tusz_v2.0.6/edf/train/aaaaaplb/s003_2013/01_tcp_ar/aaaaaplb_s003_t004.edf,18,
tusz,tusz_v2.0.6/edf/train/aaaaaplb/s003_2013/01_tcp_ar/aaaaaplb_s003_t005.edf,18,
tusz,tusz_v2.0.6/edf/train/aaaaaplb/s003_2013/01_tcp_ar/aaaaaplb_s003_t006.edf,18,
tusz,tusz_v2.0.6/edf/train/aaaaaplb/s003_2013/01_tcp_ar/aaaaaplb_s003_t007.edf,18,
tusz,tusz_v2.0.6/edf/train/aaaaaplb/s003_2013/01_tcp_ar/aaaaaplb_s003_t008.edf,18,
tusz,tusz_v2.0.6/edf/train/aaaaaplb/s003_2013/01_tcp_ar/aaaaaplb_s003_t009.edf,18,
tusz,tusz_v2.0.6/edf/train/aaaaaplj/s001_2013/01_tcp_ar/aaaaaplj_s001_t000.edf,18,
tusz,tusz_v2.0.6/edf/train/aaaaaply/s001_2013/01_tcp_ar/aaaaaply_s001_t000.edf,18,
tusz,tusz_v2.0.6/edf/train/aaaaaply/s001_2013/01_tcp_ar/aaaaaply_s001_t001.edf,18,
tusz,tusz_v2.0.6/edf/train/aaaaapmd/s001_2013/01_tcp_ar/aaaaapmd_s001_t000.edf,18,
tusz,tusz_v2.0.6/edf/train/aaaaapmd/s001_2013/01_tcp_ar/aaaaapmd_s001_t001.edf,18,
tusz,tusz_v2.0.6/edf/train/aaaaapmd/s003_2013/01_tcp_ar/aaaaapmd_s003_t000.edf,18,
tusz,tusz_v2.0.6/edf/train/aaaaapmd/s003_2013/01_tcp_ar/aaaaapmd_s003_t001.edf,18,
tusz,tusz_v2.0.6/edf/train/aaaaapmd/s003_2013/01_tcp_ar/aaaaapmd_s003_t003.edf,18,
tusz,tusz_v2.0.6/edf/train/aaaaapmd/s003_2013/01_tcp_ar/aaaaapmd_s003_t004.edf,18,
tusz,tusz_v2.0.6/edf/train/aaaaapmd/s003_2013/01_tcp_ar/aaaaapmd_s003_t005.edf,18,
tusz,tusz_v2.0.6/edf/train/aaaaapmd/s004_2013/01_tcp_ar/aaaaapmd_s004_t002.edf,18,
tusz,tusz_v2.0.6/edf/train/aaaaapmd/s004_2013/01_tcp_ar/aaaaapmd_s004_t004.edf,18,
tusz,tusz_v2.0.6/edf/train/aaaaapmd/s004_2013/01_tcp_ar/aaaaapmd_s004_t006.edf,18,
tusz,tusz_v2.0.6/edf/train/aaaaapmd/s004_2013/01_tcp_ar/aaaaapmd_s004_t008.edf,18,
tusz,tusz_v2.0.6/edf/train/aaaaapmd/s006_2013/01_tcp_ar/aaaaapmd_s006_t000.edf,18,
tusz,tusz_v2.0.6/edf/train/aaaaapmd/s006_2013/01_tcp_ar/aaaaapmd_s006_t001.edf,18,
tusz,tusz_v2.0.6/edf/train/aaaaapmd/s006_2013/01_tcp_ar/aaaaapmd_s006_t002.edf,18,
tusz,tusz_v2.0.6/edf/train/aaaaapmd/s006_2013/01_tcp_ar/aaaaapmd_s006_t003.edf,18,
tusz,tusz_v2.0.6/edf/train/aaaaapmd/s006_2013/01_tcp_ar/aaaaapmd_s006_t004.edf,18,
tusz,tusz_v2.0.6/edf/train/aaaaapmd/s006_2013/01_tcp_ar/aaaaapmd_s006_t005.edf,18,
tusz,tusz_v2.0.6/edf/train/aaaaapmd/s006_2013/01_tcp_ar/aaaaapmd_s006_t006.edf,18,
tusz,tusz_v2.0.6/edf/train/aaaaapmd/s006_2013/01_tcp_ar/aaaaapmd_s006_t007.edf,18,
tusz,tusz_v2.0.6/edf/train/aaaaapmd/s006_2013/01_tcp_ar/aaaaapmd_s006_t008.edf,18,
tusz,tusz_v2.0.6/edf/train/aaaaapmd/s006_2013/01_tcp_ar/aaaaapmd_s006_t009.edf,18,
tusz,tusz_v2.0.6/edf/train/aaaaapmj/s001_2013/01_tcp_ar/aaaaapmj_s001_t000.edf,18,
tusz,tusz_v2.0.6/edf/train/aaaaapnc/s003_2013/01_tcp_ar/aaaaapnc_s003_t000.edf,18,
tusz,tusz_v2.0.6/edf/train/aaaaapnc/s003_2013/01_tcp_ar/aaaaapnc_s003_t001.edf,18,
tusz,tusz_v2.0.6/edf/train/aaaaapnc/s003_2013/01_tcp_ar/aaaaapnc_s003_t002.edf,18,
tusz,tusz_v2.0.6/edf/train/aaaaapnc/s003_2013/01_tcp_ar/aaaaapnc_s003_t003.edf,18,
tusz,tusz_v2.0.6/edf/train/aaaaapnc/s004_2013/01_tcp_ar/aaaaapnc_s004_t000.edf,18,
tusz,tusz_v2.0.6/edf/train/aaaaapnc/s004_2013/01_tcp_ar/aaaaapnc_s004_t001.edf,18,
tusz,tusz_v2.0.6/edf/train/aaaaapnc/s004_2013/01_tcp_ar/aaaaapnc_s004_t002.edf,18,
tusz,tusz_v2.0.6/edf/train/aaaaapnc/s004_2013/01_tcp_ar/aaaaapnc_s004_t003.edf,18,
tusz,tusz_v2.0.6/edf/train/aaaaapnc/s004_2013/01_tcp_ar/aaaaapnc_s004_t004.edf,18,
tusz,tusz_v2.0.6/edf/train/aaaaapnc/s004_2013/01_tcp_ar/aaaaapnc_s004_t005.edf,18,
tusz,tusz_v2.0.6/edf/train/aaaaapnc/s004_2013/01_tcp_ar/aaaaapnc_s004_t006.edf,18,
tusz,tusz_v2.0.6/edf/train/aaaaapnc/s013_2013/01_tcp_ar/aaaaapnc_s013_t000.edf,18,
tusz,tusz_v2.0.6/edf/train/aaaaapnc/s013_2013/01_tcp_ar/aaaaapnc_s013_t001.edf,18,
tusz,tusz_v2.0.6/edf/train/aaaaapnc/s013_2013/01_tcp_ar/aaaaapnc_s013_t002.edf,18,
tusz,tusz_v2.0.6/edf/train/aaaaapnc/s013_2013/01_tcp_ar/aaaaapnc_s013_t003.edf,18,
tusz,tusz_v2.0.6/edf/train/aaaaapnc/s013_2013/01_tcp_ar/aaaaapnc_s013_t004.edf,18,
tusz,tusz_v2.0.6/edf/train/aaaaapnc/s013_2013/01_tcp_ar/aaaaapnc_s013_t005.edf,18,
tusz,tusz_v2.0.6/edf/train/aaaaapnc/s013_2013/01_tcp_ar/aaaaapnc_s013_t006.edf,18,
tusz,tusz_v2.0.6/edf/train/aaaaapnc/s013_2013/01_tcp_ar/aaaaapnc_s013_t009.edf,18,
tusz,tusz_v2.0.6/edf/train/aaaaapnc/s013_2013/01_tcp_ar/aaaaapnc_s013_t011.edf,18,
tusz,tusz_v2.0.6/edf/train/aaaaapnc/s013_2013/01_tcp_ar/aaaaapnc_s013_t012.edf,18,
tusz,tusz_v2.0.6/edf/train/aaaaapnc/s013_2013/01_tcp_ar/aaaaapnc_s013_t013.edf,18,
tusz,tusz_v2.0.6/edf/train/aaaaapnc/s023_2013/01_tcp_ar/aaaaapnc_s023_t001.edf,18,
tusz,tusz_v2.0.6/edf/train/aaaaapnc/s023_2013/01_tcp_ar/aaaaapnc_s023_t002.edf,18,
tusz,tusz_v2.0.6/edf/train/aaaaapnc/s023_2013/01_tcp_ar/aaaaapnc_s023_t003.edf,18,
tusz,tusz_v2.0.6/edf/train/aaaaapnc/s023_2013/01_tcp_ar/aaaaapnc_s023_t004.edf,18,
tusz,tusz_v2.0.6/edf/train/aaaaapnc/s023_2013/01_tcp_ar/aaaaapnc_s023_t005.edf,18,
tusz,tusz_v2.0.6/edf/train/aaaaapnc/s023_2013/01_tcp_ar/aaaaapnc_s023_t006.edf,18,
tusz,tusz_v2.0.6/edf/train/aaaaapnc/s023_2013/01_tcp_ar/aaaaapnc_s023_t007.edf,18,
tusz,tusz_v2.0.6/edf/train/aaaaapnc/s023_2013/01_tcp_ar/aaaaapnc_s023_t008.edf,18,
tusz,tusz_v2.0.6/edf/train/aaaaapnc/s023_2013/01_tcp_ar/aaaaapnc_s023_t009.edf,18,
tusz,tusz_v2.0.6/edf/train/aaaaapnc/s023_2013/01_tcp_ar/aaaaapnc_s023_t010.edf,18,
tusz,tusz_v2.0.6/edf/train/aaaaapnc/s023_2013/01_tcp_ar/aaaaapnc_s023_t011.edf,18,
tusz,tusz_v2.0.6/edf/train/aaaaapnc/s024_2013/01_tcp_ar/aaaaapnc_s024_t000.edf,18,
tusz,tusz_v2.0.6/edf/train/aaaaapnc/s024_2013/01_tcp_ar/aaaaapnc_s024_t001.edf,18,
tusz,tusz_v2.0.6/edf/train/aaaaapnc/s024_2013/01_tcp_ar/aaaaapnc_s024_t002.edf,18,
tusz,tusz_v2.0.6/edf/train/aaaaapnc/s024_2013/01_tcp_ar/aaaaapnc_s024_t003.edf,18,
tusz,tusz_v2.0.6/edf/train/aaaaapnc/s024_2013/01_tcp_ar/aaaaapnc_s024_t004.edf,18,
tusz,tusz_v2.0.6/edf/train/aaaaapnc/s024_2013/01_tcp_ar/aaaaapnc_s024_t005.edf,18,
tusz,tusz_v2.0.6/edf/train/aaaaapnc/s024_2013/01_tcp_ar/aaaaapnc_s024_t006.edf,18,
tusz,tusz_v2.0.6/edf/train/aaaaapnc/s024_2013/01_tcp_ar/aaaaapnc_s024_t007.edf,18,
tusz,tusz_v2.0.6/edf/train/aaaaapnc/s024_2013/01_tcp_ar/aaaaapnc_s024_t008.edf,18,
tusz,tusz_v2.0.6/edf/train/aaaaapnc/s024_2013/01_tcp_ar/aaaaapnc_s024_t009.edf,18,
tusz,tusz_v2.0.6/edf/train/aaaaapnl/s001_2013/01_tcp_ar/aaaaapnl_s001_t001.edf,18,
tusz,tusz_v2.0.6/edf/train/aaaaapnl/s002_2013/01_tcp_ar/aaaaapnl_s002_t000.edf,18,
tusz,tusz_v2.0.6/edf/train/aaaaapnl/s002_2013/01_tcp_ar/aaaaapnl_s002_t001.edf,18,
tusz,tusz_v2.0.6/edf/train/aaaaapnl/s002_2013/01_tcp_ar/aaaaapnl_s002_t002.edf,18,
tusz,tusz_v2.0.6/edf/train/aaaaapnl/s003_2013/01_tcp_ar/aaaaapnl_s003_t000.edf,18,
tusz,tusz_v2.0.6/edf/train/aaaaapnl/s004_2013/01_tcp_ar/aaaaapnl_s004_t000.edf,18,
tusz,tusz_v2.0.6/edf/train/aaaaapnl/s004_2013/01_tcp_ar/aaaaapnl_s004_t001.edf,18,
tusz,tusz_v2.0.6/edf/train/aaaaapnl/s004_2013/01_tcp_ar/aaaaapnl_s004_t002.edf,18,
tusz,tusz_v2.0.6/edf/train/aaaaapnl/s004_2013/01_tcp_ar/aaaaapnl_s004_t003.edf,18,
tusz,tusz_v2.0.6/edf/train/aaaaapnl/s004_2013/01_tcp_ar/aaaaapnl_s004_t004.edf,18,
tusz,tusz_v2.0.6/edf/train/aaaaapnl/s004_2013/01_tcp_ar/aaaaapnl_s004_t005.edf,18,
tusz,tusz_v2.0.6/edf/train/aaaaapnl/s004_2013/01_tcp_ar/aaaaapnl_s004_t006.edf,18,
tusz,tusz_v2.0.6/edf/train/aaaaapnl/s004_2013/01_tcp_ar/aaaaapnl_s004_t007.edf,18,
tusz,tusz_v2.0.6/edf/train/aaaaapnl/s004_2013/01_tcp_ar/aaaaapnl_s004_t008.edf,18,
tusz,tusz_v2.0.6/edf/train/aaaaapnl/s005_2013/01_tcp_ar/aaaaapnl_s005_t000.edf,18,
tusz,tusz_v2.0.6/edf/train/aaaaapnl/s005_2013/01_tcp_ar/aaaaapnl_s005_t001.edf,18,
tusz,tusz_v2.0.6/edf/train/aaaaapnl/s005_2013/01_tcp_ar/aaaaapnl_s005_t002.edf,18,
tusz,tusz_v2.0.6/edf/train/aaaaapnl/s005_2013/01_tcp_ar/aaaaapnl_s005_t003.edf,18,
tusz,tusz_v2.0.6/edf/train/aaaaapnl/s005_2013/01_tcp_ar/aaaaapnl_s005_t004.edf,18,
tusz,tusz_v2.0.6/edf/train/aaaaapnl/s005_2013/01_tcp_ar/aaaaapnl_s005_t005.edf,18,
tusz,tusz_v2.0.6/edf/train/aaaaapnl/s005_2013/01_tcp_ar/aaaaapnl_s005_t006.edf,18,
tusz,tusz_v2.0.6/edf/train/aaaaapnl/s005_2013/01_tcp_ar/aaaaapnl_s005_t007.edf,18,
tusz,tusz_v2.0.6/edf/train/aaaaapnl/s005_2013/01_tcp_ar/aaaaapnl_s005_t008.edf,18,
tusz,tusz_v2.0.6/edf/train/aaaaapnl/s005_2013/01_tcp_ar/aaaaapnl_s005_t009.edf,18,
tusz,tusz_v2.0.6/edf/train/aaaaapnl/s005_2013/01_tcp_ar/aaaaapnl_s005_t010.edf,18,
tusz,tusz_v2.0.6/edf/train/aaaaapnl/s006_2013/01_tcp_ar/aaaaapnl_s006_t000.edf,18,
tusz,tusz_v2.0.6/edf/train/aaaaapnl/s006_2013/01_tcp_ar/aaaaapnl_s006_t001.edf,18,
tusz,tusz_v2.0.6/edf/train/aaaaapnl/s006_2013/01_tcp_ar/aaaaapnl_s006_t002.edf,18,
tusz,tusz_v2.0.6/edf/train/aaaaapnl/s006_2013/01_tcp_ar/aaaaapnl_s006_t003.edf,18,
tusz,tusz_v2.0.6/edf/train/aaaaapnl/s006_2013/01_tcp_ar/aaaaapnl_s006_t004.edf,18,
tusz,tusz_v2.0.6/edf/train/aaaaapnl/s006_2013/01_tcp_ar/aaaaapnl_s006_t005.edf,18,
tusz,tusz_v2.0.6/edf/train/aaaaapnl/s006_2013/01_tcp_ar/aaaaapnl_s006_t006.edf,18,
tusz,tusz_v2.0.6/edf/train/aaaaapnl/s006_2013/01_tcp_ar/aaaaapnl_s006_t007.edf,18,
tusz,tusz_v2.0.6/edf/train/aaaaapnl/s006_2013/01_tcp_ar/aaaaapnl_s006_t008.edf,18,
tusz,tusz_v2.0.6/edf/train/aaaaapnl/s006_2013/01_tcp_ar/aaaaapnl_s006_t009.edf,18,
tusz,tusz_v2.0.6/edf/train/aaaaapnl/s006_2013/01_tcp_ar/aaaaapnl_s006_t010.edf,18,
tusz,tusz_v2.0.6/edf/train/aaaaapnl/s006_2013/01_tcp_ar/aaaaapnl_s006_t011.edf,18,
tusz,tusz_v2.0.6/edf/train/aaaaapnl/s007_2013/01_tcp_ar/aaaaapnl_s007_t000.edf,18,
tusz,tusz_v2.0.6/edf/train/aaaaapnl/s007_2013/01_tcp_ar/aaaaapnl_s007_t001.edf,18,
tusz,tusz_v2.0.6/edf/train/aaaaapnl/s007_2013/01_tcp_ar/aaaaapnl_s007_t002.edf,18,
tusz,tusz_v2.0.6/edf/train/aaaaapnl/s007_2013/01_tcp_ar/aaaaapnl_s007_t003.edf,18,
tusz,tusz_v2.0.6/edf/train/aaaaapnl/s007_2013/01_tcp_ar/aaaaapnl_s007_t004.edf,18,
tusz,tusz_v2.0.6/edf/train/aaaaapnl/s007_2013/01_tcp_ar/aaaaapnl_s007_t005.edf,18,
tusz,tusz_v2.0.6/edf/train/aaaaapnl/s007_2013/01_tcp_ar/aaaaapnl_s007_t006.edf,18,
tusz,tusz_v2.0.6/edf/train/aaaaapnl/s007_2013/01_tcp_ar/aaaaapnl_s007_t007.edf,18,
tusz,tusz_v2.0.6/edf/train/aaaaapnl/s007_2013/01_tcp_ar/aaaaapnl_s007_t008.edf,18,
tusz,tusz_v2.0.6/edf/train/aaaaapnl/s007_2013/01_tcp_ar/aaaaapnl_s007_t009.edf,18,
tusz,tusz_v2.0.6/edf/train/aaaaapnl/s008_2013/01_tcp_ar/aaaaapnl_s008_t000.edf,18,
tusz,tusz_v2.0.6/edf/train/aaaaapnl/s008_2013/01_tcp_ar/aaaaapnl_s008_t001.edf,18,
tusz,tusz_v2.0.6/edf/train/aaaaapnl/s008_2013/01_tcp_ar/aaaaapnl_s008_t002.edf,18,
tusz,tusz_v2.0.6/edf/train/aaaaapnl/s008_2013/01_tcp_ar/aaaaapnl_s008_t003.edf,18,
tusz,tusz_v2.0.6/edf/train/aaaaapnl/s008_2013/01_tcp_ar/aaaaapnl_s008_t004.edf,18,
tusz,tusz_v2.0.6/edf/train/aaaaapnl/s008_2013/01_tcp_ar/aaaaapnl_s008_t005.edf,18,
tusz,tusz_v2.0.6/edf/train/aaaaapnl/s008_2013/01_tcp_ar/aaaaapnl_s008_t006.edf,18,
tusz,tusz_v2.0.6/edf/train/aaaaapnl/s008_2013/01_tcp_ar/aaaaapnl_s008_t007.edf,18,
tusz,tusz_v2.0.6/edf/train/aaaaapnl/s008_2013/01_tcp_ar/aaaaapnl_s008_t008.edf,18,
tusz,tusz_v2.0.6/edf/train/aaaaapnl/s008_2013/01_tcp_ar/aaaaapnl_s008_t009.edf,18,
tusz,tusz_v2.0.6/edf/train/aaaaapnl/s008_2013/01_tcp_ar/aaaaapnl_s008_t010.edf,18,
tusz,tusz_v2.0.6/edf/train/aaaaapon/s001_2013/01_tcp_ar/aaaaapon_s001_t000.edf,18,
tusz,tusz_v2.0.6/edf/train/aaaaapon/s001_2013/01_tcp_ar/aaaaapon_s001_t001.edf,18,
tusz,tusz_v2.0.6/edf/train/aaaaappt/s004_2013/01_tcp_ar/aaaaappt_s004_t000.edf,18,
tusz,tusz_v2.0.6/edf/train/aaaaappt/s004_2013/01_tcp_ar/aaaaappt_s004_t001.edf,18,
tusz,tusz_v2.0.6/edf/train/aaaaappt/s004_2013/01_tcp_ar/aaaaappt_s004_t002.edf,18,
tusz,tusz_v2.0.6/edf/train/aaaaappt/s005_2013/01_tcp_ar/aaaaappt_s005_t000.edf,18,
tusz,tusz_v2.0.6/edf/train/aaaaappt/s005_2013/01_tcp_ar/aaaaappt_s005_t001.edf,18,
tusz,tusz_v2.0.6/edf/train/aaaaappt/s005_2013/01_tcp_ar/aaaaappt_s005_t002.edf,18,
tusz,tusz_v2.0.6/edf/train/aaaaappt/s005_2013/01_tcp_ar/aaaaappt_s005_t003.edf,18,
tusz,tusz_v2.0.6/edf/train/aaaaappt/s005_2013/01_tcp_ar/aaaaappt_s005_t004.edf,18,
tusz,tusz_v2.0.6/edf/train/aaaaappt/s005_2013/01_tcp_ar/aaaaappt_s005_t005.edf,18,
tusz,tusz_v2.0.6/edf/train/aaaaappt/s005_2013/01_tcp_ar/aaaaappt_s005_t006.edf,18,
tusz,tusz_v2.0.6/edf/train/aaaaappt/s005_2013/01_tcp_ar/aaaaappt_s005_t007.edf,18,
tusz,tusz_v2.0.6/edf/train/aaaaappt/s005_2013/01_tcp_ar/aaaaappt_s005_t008.edf,18,
tusz,tusz_v2.0.6/edf/train/aaaaappt/s005_2013/01_tcp_ar/aaaaappt_s005_t009.edf,18,
tusz,tusz_v2.0.6/edf/train/aaaaappt/s005_2013/01_tcp_ar/aaaaappt_s005_t010.edf,18,
tusz,tusz_v2.0.6/edf/train/aaaaappt/s006_2013/01_tcp_ar/aaaaappt_s006_t000.edf,18,
tusz,tusz_v2.0.6/edf/train/aaaaappt/s006_2013/01_tcp_ar/aaaaappt_s006_t001.edf,18,
tusz,tusz_v2.0.6/edf/train/aaaaappt/s006_2013/01_tcp_ar/aaaaappt_s006_t002.edf,18,
tusz,tusz_v2.0.6/edf/train/aaaaappt/s006_2013/01_tcp_ar/aaaaappt_s006_t003.edf,18,
tusz,tusz_v2.0.6/edf/train/aaaaappt/s006_2013/01_tcp_ar/aaaaappt_s006_t004.edf,18,
tusz,tusz_v2.0.6/edf/train/aaaaappt/s006_2013/01_tcp_ar/aaaaappt_s006_t005.edf,18,
tusz,tusz_v2.0.6/edf/train/aaaaappt/s006_2013/01_tcp_ar/aaaaappt_s006_t006.edf,18,
tusz,tusz_v2.0.6/edf/train/aaaaappt/s006_2013/01_tcp_ar/aaaaappt_s006_t007.edf,18,
tusz,tusz_v2.0.6/edf/train/aaaaappt/s006_2013/01_tcp_ar/aaaaappt_s006_t008.edf,18,
tusz,tusz_v2.0.6/edf/train/aaaaappt/s006_2013/01_tcp_ar/aaaaappt_s006_t009.edf,18,
tusz,tusz_v2.0.6/edf/train/aaaaappt/s006_2013/01_tcp_ar/aaaaappt_s006_t010.edf,18,
tusz,tusz_v2.0.6/edf/train/aaaaappt/s006_2013/01_tcp_ar/aaaaappt_s006_t011.edf,18,
tusz,tusz_v2.0.6/edf/train/aaaaappv/s001_2013/01_tcp_ar/aaaaappv_s001_t000.edf,18,
tusz,tusz_v2.0.6/edf/train/aaaaappv/s001_2013/01_tcp_ar/aaaaappv_s001_t001.edf,18,
tusz,tusz_v2.0.6/edf/train/aaaaappv/s002_2013/01_tcp_ar/aaaaappv_s002_t000.edf,18,
tusz,tusz_v2.0.6/edf/train/aaaaappv/s002_2013/01_tcp_ar/aaaaappv_s002_t001.edf,18,
tusz,tusz_v2.0.6/edf/train/aaaaappv/s002_2013/01_tcp_ar/aaaaappv_s002_t002.edf,18,
tusz,tusz_v2.0.6/edf/train/aaaaappv/s002_2013/01_tcp_ar/aaaaappv_s002_t003.edf,18,
tusz,tusz_v2.0.6/edf/train/aaaaappv/s002_2013/01_tcp_ar/aaaaappv_s002_t004.edf,18,
tusz,tusz_v2.0.6/edf/train/aaaaappv/s002_2013/01_tcp_ar/aaaaappv_s002_t005.edf,18,
tusz,tusz_v2.0.6/edf/train/aaaaappv/s002_2013/01_tcp_ar/aaaaappv_s002_t006.edf,18,
tusz,tusz_v2.0.6/edf/train/aaaaappv/s002_2013/01_tcp_ar/aaaaappv_s002_t007.edf,18,
tusz,tusz_v2.0.6/edf/train/aaaaappv/s002_2013/01_tcp_ar/aaaaappv_s002_t008.edf,18,
tusz,tusz_v2.0.6/edf/train/aaaaappv/s002_2013/01_tcp_ar/aaaaappv_s002_t009.edf,18,
tusz,tusz_v2.0.6/edf/train/aaaaappz/s001_2013/01_tcp_ar/aaaaappz_s001_t000.edf,18,
tusz,tusz_v2.0.6/edf/train/aaaaappz/s002_2013/01_tcp_ar/aaaaappz_s002_t000.edf,18,
tusz,tusz_v2.0.6/edf/train/aaaaappz/s002_2013/01_tcp_ar/aaaaappz_s002_t001.edf,18,
tusz,tusz_v2.0.6/edf/train/aaaaappz/s002_2013/01_tcp_ar/aaaaappz_s002_t002.edf,18,
tusz,tusz_v2.0.6/edf/train/aaaaappz/s002_2013/01_tcp_ar/aaaaappz_s002_t003.edf,18,
tusz,tusz_v2.0.6/edf/train/aaaaappz/s002_2013/01_tcp_ar/aaaaappz_s002_t004.edf,18,
tusz,tusz_v2.0.6/edf/train/aaaaappz/s002_2013/01_tcp_ar/aaaaappz_s002_t005.edf,18,
tusz,tusz_v2.0.6/edf/train/aaaaappz/s002_2013/01_tcp_ar/aaaaappz_s002_t006.edf,18,
tusz,tusz_v2.0.6/edf/train/aaaaapqh/s001_2013/01_tcp_ar/aaaaapqh_s001_t001.edf,18,
tusz,tusz_v2.0.6/edf/train/aaaaapqh/s002_2013/01_tcp_ar/aaaaapqh_s002_t000.edf,18,
tusz,tusz_v2.0.6/edf/train/aaaaapqh/s002_2013/01_tcp_ar/aaaaapqh_s002_t002.edf,18,
tusz,tusz_v2.0.6/edf/train/aaaaapqh/s002_2013/01_tcp_ar/aaaaapqh_s002_t003.edf,18,
tusz,tusz_v2.0.6/edf/train/aaaaapqh/s002_2013/01_tcp_ar/aaaaapqh_s002_t004.edf,18,
tusz,tusz_v2.0.6/edf/train/aaaaapqh/s002_2013/01_tcp_ar/aaaaapqh_s002_t005.edf,18,
tusz,tusz_v2.0.6/edf/train/aaaaapqh/s003_2013/01_tcp_ar/aaaaapqh_s003_t000.edf,18,
tusz,tusz_v2.0.6/edf/train/aaaaapqh/s003_2013/01_tcp_ar/aaaaapqh_s003_t001.edf,18,
tusz,tusz_v2.0.6/edf/train/aaaaapqh/s003_2013/01_tcp_ar/aaaaapqh_s003_t002.edf,18,
tusz,tusz_v2.0.6/edf/train/aaaaapqh/s003_2013/01_tcp_ar/aaaaapqh_s003_t003.edf,18,
tusz,tusz_v2.0.6/edf/train/aaaaapqh/s003_2013/01_tcp_ar/aaaaapqh_s003_t005.edf,18,
tusz,tusz_v2.0.6/edf/train/aaaaapqh/s003_2013/01_tcp_ar/aaaaapqh_s003_t006.edf,18,
tusz,tusz_v2.0.6/edf/train/aaaaapqh/s003_2013/01_tcp_ar/aaaaapqh_s003_t007.edf,18,
tusz,tusz_v2.0.6/edf/train/aaaaapqh/s003_2013/01_tcp_ar/aaaaapqh_s003_t008.edf,18,
tusz,tusz_v2.0.6/edf/train/aaaaapqh/s004_2013/01_tcp_ar/aaaaapqh_s004_t000.edf,18,
tusz,tusz_v2.0.6/edf/train/aaaaapqh/s004_2013/01_tcp_ar/aaaaapqh_s004_t001.edf,18,
tusz,tusz_v2.0.6/edf/train/aaaaapqh/s004_2013/01_tcp_ar/aaaaapqh_s004_t002.edf,18,
tusz,tusz_v2.0.6/edf/train/aaaaaprc/s003_2013/01_tcp_ar/aaaaaprc_s003_t000.edf,18,
tusz,tusz_v2.0.6/edf/train/aaaaaprc/s003_2013/01_tcp_ar/aaaaaprc_s003_t001.edf,18,
tusz,tusz_v2.0.6/edf/train/aaaaaprc/s004_2013/01_tcp_ar/aaaaaprc_s004_t000.edf,18,
tusz,tusz_v2.0.6/edf/train/aaaaaprc/s004_2013/01_tcp_ar/aaaaaprc_s004_t001.edf,18,
tusz,tusz_v2.0.6/edf/train/aaaaaprc/s004_2013/01_tcp_ar/aaaaaprc_s004_t002.edf,18,
tusz,tusz_v2.0.6/edf/train/aaaaaprc/s004_2013/01_tcp_ar/aaaaaprc_s004_t003.edf,18,
tusz,tusz_v2.0.6/edf/train/aaaaaprc/s004_2013/01_tcp_ar/aaaaaprc_s004_t004.edf,18,
tusz,tusz_v2.0.6/edf/train/aaaaaprc/s004_2013/01_tcp_ar/aaaaaprc_s004_t005.edf,18,
tusz,tusz_v2.0.6/edf/train/aaaaaprc/s004_2013/01_tcp_ar/aaaaaprc_s004_t006.edf,18,
tusz,tusz_v2.0.6/edf/train/aaaaaprf/s001_2013/01_tcp_ar/aaaaaprf_s001_t000.edf,18,
tusz,tusz_v2.0.6/edf/train/aaaaaprf/s002_2013/01_tcp_ar/aaaaaprf_s002_t000.edf,18,
tusz,tusz_v2.0.6/edf/train/aaaaaprf/s002_2013/01_tcp_ar/aaaaaprf_s002_t001.edf,18,
tusz,tusz_v2.0.6/edf/train/aaaaaprf/s002_2013/01_tcp_ar/aaaaaprf_s002_t002.edf,18,
tusz,tusz_v2.0.6/edf/train/aaaaaprf/s002_2013/01_tcp_ar/aaaaaprf_s002_t003.edf,18,
tusz,tusz_v2.0.6/edf/train/aaaaaprf/s002_2013/01_tcp_ar/aaaaaprf_s002_t004.edf,18,
tusz,tusz_v2.0.6/edf/train/aaaaaprf/s002_2013/01_tcp_ar/aaaaaprf_s002_t005.edf,18,
tusz,tusz_v2.0.6/edf/train/aaaaaprf/s002_2013/01_tcp_ar/aaaaaprf_s002_t006.edf,18,
tusz,tusz_v2.0.6/edf/train/aaaaaprf/s002_2013/01_tcp_ar/aaaaaprf_s002_t007.edf,18,
tusz,tusz_v2.0.6/edf/train/aaaaaprj/s001_2013/01_tcp_ar/aaaaaprj_s001_t000.edf,18,
tusz,tusz_v2.0.6/edf/train/aaaaaprj/s002_2013/01_tcp_ar/aaaaaprj_s002_t000.edf,18,
tusz,tusz_v2.0.6/edf/train/aaaaaprj/s002_2013/01_tcp_ar/aaaaaprj_s002_t001.edf,18,
tusz,tusz_v2.0.6/edf/train/aaaaaprj/s002_2013/01_tcp_ar/aaaaaprj_s002_t002.edf,18,
tusz,tusz_v2.0.6/edf/train/aaaaaprj/s002_2013/01_tcp_ar/aaaaaprj_s002_t003.edf,18,
tusz,tusz_v2.0.6/edf/train/aaaaaprj/s002_2013/01_tcp_ar/aaaaaprj_s002_t004.edf,18,
tusz,tusz_v2.0.6/edf/train/aaaaaprj/s002_2013/01_tcp_ar/aaaaaprj_s002_t005.edf,18,
tusz,tusz_v2.0.6/edf/train/aaaaaprj/s002_2013/01_tcp_ar/aaaaaprj_s002_t006.edf,18,
tusz,tusz_v2.0.6/edf/train/aaaaaprj/s002_2013/01_tcp_ar/aaaaaprj_s002_t007.edf,18,
tusz,tusz_v2.0.6/edf/train/aaaaaprj/s002_2013/01_tcp_ar/aaaaaprj_s002_t008.edf,18,
tusz,tusz_v2.0.6/edf/train/aaaaaprj/s002_2013/01_tcp_ar/aaaaaprj_s002_t009.edf,18,
tusz,tusz_v2.0.6/edf/train/aaaaaprj/s003_2013/01_tcp_ar/aaaaaprj_s003_t000.edf,18,
tusz,tusz_v2.0.6/edf/train/aaaaaprj/s003_2013/01_tcp_ar/aaaaaprj_s003_t001.edf,18,
tusz,tusz_v2.0.6/edf/train/aaaaaprj/s003_2013/01_tcp_ar/aaaaaprj_s003_t002.edf,18,
tusz,tusz_v2.0.6/edf/train/aaaaaprj/s003_2013/01_tcp_ar/aaaaaprj_s003_t003.edf,18,
tusz,tusz_v2.0.6/edf/train/aaaaaprj/s003_2013/01_tcp_ar/aaaaaprj_s003_t004.edf,18,
tusz,tusz_v2.0.6/edf/train/aaaaaprj/s003_2013/01_tcp_ar/aaaaaprj_s003_t005.edf,18,
tusz,tusz_v2.0.6/edf/train/aaaaaprj/s003_2013/01_tcp_ar/aaaaaprj_s003_t006.edf,18,
tusz,tusz_v2.0.6/edf/train/aaaaaprj/s003_2013/01_tcp_ar/aaaaaprj_s003_t007.edf,18,
tusz,tusz_v2.0.6/edf/train/aaaaaprj/s003_2013/01_tcp_ar/aaaaaprj_s003_t008.edf,18,
tusz,tusz_v2.0.6/edf/train/aaaaaprj/s003_2013/01_tcp_ar/aaaaaprj_s003_t009.edf,18,
tusz,tusz_v2.0.6/edf/train/aaaaaprj/s003_2013/01_tcp_ar/aaaaaprj_s003_t010.edf,18,
tusz,tusz_v2.0.6/edf/train/aaaaaprj/s004_2013/01_tcp_ar/aaaaaprj_s004_t000.edf,18,
tusz,tusz_v2.0.6/edf/train/aaaaaprj/s004_2013/01_tcp_ar/aaaaaprj_s004_t001.edf,18,
tusz,tusz_v2.0.6/edf/train/aaaaaprj/s004_2013/01_tcp_ar/aaaaaprj_s004_t002.edf,18,
tusz,tusz_v2.0.6/edf/train/aaaaaprj/s004_2013/01_tcp_ar/aaaaaprj_s004_t003.edf,18,
tusz,tusz_v2.0.6/edf/train/aaaaaprj/s004_2013/01_tcp_ar/aaaaaprj_s004_t004.edf,18,
tusz,tusz_v2.0.6/edf/train/aaaaaprj/s004_2013/01_tcp_ar/aaaaaprj_s004_t005.edf,18,
tusz,tusz_v2.0.6/edf/train/aaaaaprj/s004_2013/01_tcp_ar/aaaaaprj_s004_t006.edf,18,
tusz,tusz_v2.0.6/edf/train/aaaaaprj/s004_2013/01_tcp_ar/aaaaaprj_s004_t007.edf,18,
tusz,tusz_v2.0.6/edf/train/aaaaaprj/s004_2013/01_tcp_ar/aaaaaprj_s004_t008.edf,18,
tusz,tusz_v2.0.6/edf/train/aaaaaprj/s004_2013/01_tcp_ar/aaaaaprj_s004_t009.edf,18,
tusz,tusz_v2.0.6/edf/train/aaaaaprj/s005_2013/01_tcp_ar/aaaaaprj_s005_t000.edf,18,
tusz,tusz_v2.0.6/edf/train/aaaaaprj/s005_2013/01_tcp_ar/aaaaaprj_s005_t001.edf,18,
tusz,tusz_v2.0.6/edf/train/aaaaaprj/s005_2013/01_tcp_ar/aaaaaprj_s005_t002.edf,18,
tusz,tusz_v2.0.6/edf/train/aaaaaprj/s005_2013/01_tcp_ar/aaaaaprj_s005_t003.edf,18,
tusz,tusz_v2.0.6/edf/train/aaaaaprj/s005_2013/01_tcp_ar/aaaaaprj_s005_t004.edf,18,
tusz,tusz_v2.0.6/edf/train/aaaaaprj/s005_2013/01_tcp_ar/aaaaaprj_s005_t005.edf,18,
tusz,tusz_v2.0.6/edf/train/aaaaaprj/s005_2013/01_tcp_ar/aaaaaprj_s005_t006.edf,18,
tusz,tusz_v2.0.6/edf/train/aaaaaprj/s005_2013/01_tcp_ar/aaaaaprj_s005_t007.edf,18,
tusz,tusz_v2.0.6/edf/train/aaaaaptz/s002_2014/01_tcp_ar/aaaaaptz_s002_t000.edf,18,
tusz,tusz_v2.0.6/edf/train/aaaaaptz/s005_2014/01_tcp_ar/aaaaaptz_s005_t000.edf,18,
tusz,tusz_v2.0.6/edf/train/aaaaaptz/s005_2014/01_tcp_ar/aaaaaptz_s005_t001.edf,18,
tusz,tusz_v2.0.6/edf/train/aaaaaptz/s005_2014/01_tcp_ar/aaaaaptz_s005_t002.edf,18,
tusz,tusz_v2.0.6/edf/train/aaaaaptz/s005_2014/01_tcp_ar/aaaaaptz_s005_t003.edf,18,
tusz,tusz_v2.0.6/edf/train/aaaaaptz/s005_2014/01_tcp_ar/aaaaaptz_s005_t004.edf,18,
tusz,tusz_v2.0.6/edf/train/aaaaaptz/s005_2014/01_tcp_ar/aaaaaptz_s005_t005.edf,18,
tusz,tusz_v2.0.6/edf/train/aaaaaptz/s005_2014/01_tcp_ar/aaaaaptz_s005_t006.edf,18,
tusz,tusz_v2.0.6/edf/train/aaaaaptz/s005_2014/01_tcp_ar/aaaaaptz_s005_t007.edf,18,
tusz,tusz_v2.0.6/edf/train/aaaaaptz/s005_2014/01_tcp_ar/aaaaaptz_s005_t008.edf,18,
tusz,tusz_v2.0.6/edf/train/aaaaapus/s001_2013/01_tcp_ar/aaaaapus_s001_t000.edf,18,
tusz,tusz_v2.0.6/edf/train/aaaaapwy/s004_2014/01_tcp_ar/aaaaapwy_s004_t000.edf,18,
tusz,tusz_v2.0.6/edf/train/aaaaapwy/s007_2014/01_tcp_ar/aaaaapwy_s007_t000.edf,18,
tusz,tusz_v2.0.6/edf/train/aaaaapwy/s007_2014/01_tcp_ar/aaaaapwy_s007_t001.edf,18,
tusz,tusz_v2.0.6/edf/train/aaaaapwy/s007_2014/01_tcp_ar/aaaaapwy_s007_t002.edf,18,
tusz,tusz_v2.0.6/edf/train/aaaaapwy/s007_2014/01_tcp_ar/aaaaapwy_s007_t003.edf,18,
tusz,tusz_v2.0.6/edf/train/aaaaapwy/s007_2014/01_tcp_ar/aaaaapwy_s007_t004.edf,18,
tusz,tusz_v2.0.6/edf/train/aaaaapwy/s007_2014/01_tcp_ar/aaaaapwy_s007_t005.edf,18,
tusz,tusz_v2.0.6/edf/train/aaaaapwy/s007_2014/01_tcp_ar/aaaaapwy_s007_t006.edf,18,
tusz,tusz_v2.0.6/edf/train/aaaaapwy/s007_2014/01_tcp_ar/aaaaapwy_s007_t007.edf,18,
tusz,tusz_v2.0.6/edf/train/aaaaapwy/s007_2014/01_tcp_ar/aaaaapwy_s007_t008.edf,18,
tusz,tusz_v2.0.6/edf/train/aaaaapwy/s007_2014/01_tcp_ar/aaaaapwy_s007_t009.edf,18,
tusz,tusz_v2.0.6/edf/train/aaaaapwy/s007_2014/01_tcp_ar/aaaaapwy_s007_t010.edf,18,
tusz,tusz_v2.0.6/edf/train/aaaaapwy/s007_2014/01_tcp_ar/aaaaapwy_s007_t011.edf,18,
tusz,tusz_v2.0.6/edf/train/aaaaapwy/s007_2014/01_tcp_ar/aaaaapwy_s007_t012.edf,18,
tusz,tusz_v2.0.6/edf/train/aaaaapwy/s007_2014/01_tcp_ar/aaaaapwy_s007_t013.edf,18,
tusz,tusz_v2.0.6/edf/train/aaaaapwy/s007_2014/01_tcp_ar/aaaaapwy_s007_t014.edf,18,
tusz,tusz_v2.0.6/edf/train/aaaaapwy/s007_2014/01_tcp_ar/aaaaapwy_s007_t015.edf,18,
tusz,tusz_v2.0.6/edf/train/aaaaapwy/s007_2014/01_tcp_ar/aaaaapwy_s007_t016.edf,18,
tusz,tusz_v2.0.6/edf/train/aaaaapwy/s007_2014/01_tcp_ar/aaaaapwy_s007_t017.edf,18,
tusz,tusz_v2.0.6/edf/train/aaaaapxw/s002_2013/01_tcp_ar/aaaaapxw_s002_t000.edf,18,
tusz,tusz_v2.0.6/edf/train/aaaaapxw/s002_2013/01_tcp_ar/aaaaapxw_s002_t001.edf,18,
tusz,tusz_v2.0.6/edf/train/aaaaapxw/s002_2013/01_tcp_ar/aaaaapxw_s002_t002.edf,18,
tusz,tusz_v2.0.6/edf/train/aaaaapxw/s002_2013/01_tcp_ar/aaaaapxw_s002_t003.edf,18,
tusz,tusz_v2.0.6/edf/train/aaaaapxw/s002_2013/01_tcp_ar/aaaaapxw_s002_t004.edf,18,
tusz,tusz_v2.0.6/edf/train/aaaaapxw/s002_2013/01_tcp_ar/aaaaapxw_s002_t005.edf,18,
tusz,tusz_v2.0.6/edf/train/aaaaapxw/s002_2013/01_tcp_ar/aaaaapxw_s002_t006.edf,18,
tusz,tusz_v2.0.6/edf/train/aaaaapxw/s003_2013/01_tcp_ar/aaaaapxw_s003_t000.edf,18,
tusz,tusz_v2.0.6/edf/train/aaaaapxw/s003_2013/01_tcp_ar/aaaaapxw_s003_t001.edf,18,
tusz,tusz_v2.0.6/edf/train/aaaaapxw/s003_2013/01_tcp_ar/aaaaapxw_s003_t002.edf,18,
tusz,tusz_v2.0.6/edf/train/aaaaapxw/s003_2013/01_tcp_ar/aaaaapxw_s003_t003.edf,18,
tusz,tusz_v2.0.6/edf/train/aaaaapxw/s003_2013/01_tcp_ar/aaaaapxw_s003_t004.edf,18,
tusz,tusz_v2.0.6/edf/train/aaaaapxw/s003_2013/01_tcp_ar/aaaaapxw_s003_t005.edf,18,
tusz,tusz_v2.0.6/edf/train/aaaaapxw/s003_2013/01_tcp_ar/aaaaapxw_s003_t006.edf,18,
tusz,tusz_v2.0.6/edf/train/aaaaapxw/s003_2013/01_tcp_ar/aaaaapxw_s003_t007.edf,18,
tusz,tusz_v2.0.6/edf/train/aaaaapxw/s003_2013/01_tcp_ar/aaaaapxw_s003_t008.edf,18,
tusz,tusz_v2.0.6/edf/train/aaaaapxw/s004_2013/01_tcp_ar/aaaaapxw_s004_t000.edf,18,
tusz,tusz_v2.0.6/edf/train/aaaaapxw/s004_2013/01_tcp_ar/aaaaapxw_s004_t001.edf,18,
tusz,tusz_v2.0.6/edf/train/aaaaapxw/s004_2013/01_tcp_ar/aaaaapxw_s004_t002.edf,18,
tusz,tusz_v2.0.6/edf/train/aaaaapxw/s004_2013/01_tcp_ar/aaaaapxw_s004_t003.edf,18,
tusz,tusz_v2.0.6/edf/train/aaaaapxw/s004_2013/01_tcp_ar/aaaaapxw_s004_t004.edf,18,
tusz,tusz_v2.0.6/edf/train/aaaaapxw/s004_2013/01_tcp_ar/aaaaapxw_s004_t005.edf,18,
tusz,tusz_v2.0.6/edf/train/aaaaapzi/s001_2013/01_tcp_ar/aaaaapzi_s001_t000.edf,18,
tusz,tusz_v2.0.6/edf/train/aaaaapzi/s001_2013/01_tcp_ar/aaaaapzi_s001_t001.edf,18,
tusz,tusz_v2.0.6/edf/train/aaaaaqbb/s001_2013/01_tcp_ar/aaaaaqbb_s001_t001.edf,18,
tusz,tusz_v2.0.6/edf/train/aaaaaqbb/s008_2014/01_tcp_ar/aaaaaqbb_s008_t001.edf,18,
tusz,tusz_v2.0.6/edf/train/aaaaaqbb/s008_2014/01_tcp_ar/aaaaaqbb_s008_t002.edf,18,
tusz,tusz_v2.0.6/edf/train/aaaaaqbb/s009_2014/01_tcp_ar/aaaaaqbb_s009_t000.edf,18,
tusz,tusz_v2.0.6/edf/train/aaaaaqbb/s009_2014/01_tcp_ar/aaaaaqbb_s009_t001.edf,18,
tusz,tusz_v2.0.6/edf/train/aaaaaqbb/s009_2014/01_tcp_ar/aaaaaqbb_s009_t002.edf,18,
tusz,tusz_v2.0.6/edf/train/aaaaaqbb/s009_2014/01_tcp_ar/aaaaaqbb_s009_t003.edf,18,
tusz,tusz_v2.0.6/edf/train/aaaaaqbb/s010_2014/01_tcp_ar/aaaaaqbb_s010_t000.edf,18,
tusz,tusz_v2.0.6/edf/train/aaaaaqbb/s010_2014/01_tcp_ar/aaaaaqbb_s010_t001.edf,18,
tusz,tusz_v2.0.6/edf/train/aaaaaqbb/s010_2014/01_tcp_ar/aaaaaqbb_s010_t002.edf,18,
tusz,tusz_v2.0.6/edf/train/aaaaaqbb/s010_2014/01_tcp_ar/aaaaaqbb_s010_t003.edf,18,
tusz,tusz_v2.0.6/edf/train/aaaaaqds/s002_2014/01_tcp_ar/aaaaaqds_s002_t000.edf,18,
tusz,tusz_v2.0.6/edf/train/aaaaaqds/s002_2014/01_tcp_ar/aaaaaqds_s002_t001.edf,18,
tusz,tusz_v2.0.6/edf/train/aaaaaqfx/s007_2013/01_tcp_ar/aaaaaqfx_s007_t000.edf,18,
tusz,tusz_v2.0.6/edf/train/aaaaaqfx/s007_2013/01_tcp_ar/aaaaaqfx_s007_t001.edf,18,
tusz,tusz_v2.0.6/edf/train/aaaaaqfx/s008_2013/01_tcp_ar/aaaaaqfx_s008_t000.edf,18,
tusz,tusz_v2.0.6/edf/train/aaaaaqfx/s008_2013/01_tcp_ar/aaaaaqfx_s008_t001.edf,18,
tusz,tusz_v2.0.6/edf/train/aaaaaqfx/s009_2013/01_tcp_ar/aaaaaqfx_s009_t001.edf,18,
tusz,tusz_v2.0.6/edf/train/aaaaaqfx/s010_2013/01_tcp_ar/aaaaaqfx_s010_t001.edf,18,
tusz,tusz_v2.0.6/edf/train/aaaaaqjn/s002_2014/01_tcp_ar/aaaaaqjn_s002_t000.edf,18,
tusz,tusz_v2.0.6/edf/train/aaaaaqjn/s002_2014/01_tcp_ar/aaaaaqjn_s002_t001.edf,18,
tusz,tusz_v2.0.6/edf/train/aaaaaqjn/s002_2014/01_tcp_ar/aaaaaqjn_s002_t002.edf,18,
tusz,tusz_v2.0.6/edf/train/aaaaaqkb/s001_2013/01_tcp_ar/aaaaaqkb_s001_t000.edf,18,
tusz,tusz_v2.0.6/edf/train/aaaaaqkb/s001_2013/01_tcp_ar/aaaaaqkb_s001_t001.edf,18,
tusz,tusz_v2.0.6/edf/train/aaaaaqkb/s001_2013/01_tcp_ar/aaaaaqkb_s001_t002.edf,18,
tusz,tusz_v2.0.6/edf/train/aaaaaqkb/s001_2013/01_tcp_ar/aaaaaqkb_s001_t003.edf,18,
tusz,tusz_v2.0.6/edf/train/aaaaaqkb/s001_2013/01_tcp_ar/aaaaaqkb_s001_t004.edf,18,
tusz,tusz_v2.0.6/edf/train/aaaaaqkb/s001_2013/01_tcp_ar/aaaaaqkb_s001_t005.edf,18,
tusz,tusz_v2.0.6/edf/train/aaaaaqkb/s001_2013/01_tcp_ar/aaaaaqkb_s001_t006.edf,18,
tusz,tusz_v2.0.6/edf/train/aaaaaqkb/s001_2013/01_tcp_ar/aaaaaqkb_s001_t007.edf,18,
tusz,tusz_v2.0.6/edf/train/aaaaaqkb/s001_2013/01_tcp_ar/aaaaaqkb_s001_t008.edf,18,
tusz,tusz_v2.0.6/edf/train/aaaaaqkb/s001_2013/01_tcp_ar/aaaaaqkb_s001_t009.edf,18,
tusz,tusz_v2.0.6/edf/train/aaaaaqkb/s001_2013/01_tcp_ar/aaaaaqkb_s001_t010.edf,18,
tusz,tusz_v2.0.6/edf/train/aaaaaqkb/s001_2013/01_tcp_ar/aaaaaqkb_s001_t011.edf,18,
tusz,tusz_v2.0.6/edf/train/aaaaaqkb/s002_2013/01_tcp_ar/aaaaaqkb_s002_t000.edf,18,
tusz,tusz_v2.0.6/edf/train/aaaaaqkb/s002_2013/01_tcp_ar/aaaaaqkb_s002_t001.edf,18,
tusz,tusz_v2.0.6/edf/train/aaaaaqkb/s002_2013/01_tcp_ar/aaaaaqkb_s002_t002.edf,18,
tusz,tusz_v2.0.6/edf/train/aaaaaqkb/s002_2013/01_tcp_ar/aaaaaqkb_s002_t003.edf,18,
tusz,tusz_v2.0.6/edf/train/aaaaaqkb/s002_2013/01_tcp_ar/aaaaaqkb_s002_t004.edf,18,
tusz,tusz_v2.0.6/edf/train/aaaaaqkb/s002_2013/01_tcp_ar/aaaaaqkb_s002_t005.edf,18,
tusz,tusz_v2.0.6/edf/train/aaaaaqkb/s002_2013/01_tcp_ar/aaaaaqkb_s002_t006.edf,18,
tusz,tusz_v2.0.6/edf/train/aaaaaqkb/s002_2013/01_tcp_ar/aaaaaqkb_s002_t007.edf,18,
tusz,tusz_v2.0.6/edf/train/aaaaaqkb/s003_2013/01_tcp_ar/aaaaaqkb_s003_t000.edf,18,
tusz,tusz_v2.0.6/edf/train/aaaaaqkb/s003_2013/01_tcp_ar/aaaaaqkb_s003_t001.edf,18,
tusz,tusz_v2.0.6/edf/train/aaaaaqkb/s003_2013/01_tcp_ar/aaaaaqkb_s003_t002.edf,18,
tusz,tusz_v2.0.6/edf/train/aaaaaqkb/s003_2013/01_tcp_ar/aaaaaqkb_s003_t003.edf,18,
tusz,tusz_v2.0.6/edf/train/aaaaaqkb/s003_2013/01_tcp_ar/aaaaaqkb_s003_t004.edf,18,
tusz,tusz_v2.0.6/edf/train/aaaaaqkb/s003_2013/01_tcp_ar/aaaaaqkb_s003_t005.edf,18,
tusz,tusz_v2.0.6/edf/train/aaaaaqkb/s003_2013/01_tcp_ar/aaaaaqkb_s003_t006.edf,18,
tusz,tusz_v2.0.6/edf/train/aaaaaqkb/s003_2013/01_tcp_ar/aaaaaqkb_s003_t007.edf,18,
tusz,tusz_v2.0.6/edf/train/aaaaaqkb/s003_2013/01_tcp_ar/aaaaaqkb_s003_t009.edf,18,
tusz,tusz_v2.0.6/edf/train/aaaaaqkb/s003_2013/01_tcp_ar/aaaaaqkb_s003_t011.edf,18,
tusz,tusz_v2.0.6/edf/train/aaaaaqkb/s003_2013/01_tcp_ar/aaaaaqkb_s003_t012.edf,18,
tusz,tusz_v2.0.6/edf/train/aaaaaqkb/s005_2013/01_tcp_ar/aaaaaqkb_s005_t000.edf,18,
tusz,tusz_v2.0.6/edf/train/aaaaaqkb/s005_2013/01_tcp_ar/aaaaaqkb_s005_t001.edf,18,
tusz,tusz_v2.0.6/edf/train/aaaaaqkb/s005_2013/01_tcp_ar/aaaaaqkb_s005_t002.edf,18,
tusz,tusz_v2.0.6/edf/train/aaaaaqkb/s005_2013/01_tcp_ar/aaaaaqkb_s005_t003.edf,18,
tusz,tusz_v2.0.6/edf/train/aaaaaqkb/s005_2013/01_tcp_ar/aaaaaqkb_s005_t004.edf,18,
tusz,tusz_v2.0.6/edf/train/aaaaaqkb/s005_2013/01_tcp_ar/aaaaaqkb_s005_t005.edf,18,
tusz,tusz_v2.0.6/edf/train/aaaaaqkb/s005_2013/01_tcp_ar/aaaaaqkb_s005_t006.edf,18,
tusz,tusz_v2.0.6/edf/train/aaaaaqkb/s005_2013/01_tcp_ar/aaaaaqkb_s005_t007.edf,18,
tusz,tusz_v2.0.6/edf/train/aaaaaqkb/s005_2013/01_tcp_ar/aaaaaqkb_s005_t008.edf,18,
tusz,tusz_v2.0.6/edf/train/aaaaaqkb/s005_2013/01_tcp_ar/aaaaaqkb_s005_t009.edf,18,
tusz,tusz_v2.0.6/edf/train/aaaaaqkf/s001_2013/01_tcp_ar/aaaaaqkf_s001_t000.edf,18,
tusz,tusz_v2.0.6/edf/train/aaaaaqkf/s002_2013/01_tcp_ar/aaaaaqkf_s002_t001.edf,18,
tusz,tusz_v2.0.6/edf/train/aaaaaqkf/s002_2013/01_tcp_ar/aaaaaqkf_s002_t002.edf,18,
tusz,tusz_v2.0.6/edf/train/aaaaaqkf/s002_2013/01_tcp_ar/aaaaaqkf_s002_t003.edf,18,
tusz,tusz_v2.0.6/edf/train/aaaaaqkf/s002_2013/01_tcp_ar/aaaaaqkf_s002_t004.edf,18,
tusz,tusz_v2.0.6/edf/train/aaaaaqkf/s002_2013/01_tcp_ar/aaaaaqkf_s002_t005.edf,18,
tusz,tusz_v2.0.6/edf/train/aaaaaqkf/s002_2013/01_tcp_ar/aaaaaqkf_s002_t006.edf,18,
tusz,tusz_v2.0.6/edf/train/aaaaaqkf/s003_2013/01_tcp_ar/aaaaaqkf_s003_t000.edf,18,
tusz,tusz_v2.0.6/edf/train/aaaaaqkf/s003_2013/01_tcp_ar/aaaaaqkf_s003_t001.edf,18,
tusz,tusz_v2.0.6/edf/train/aaaaaqkf/s003_2013/01_tcp_ar/aaaaaqkf_s003_t002.edf,18,
tusz,tusz_v2.0.6/edf/train/aaaaaqkf/s003_2013/01_tcp_ar/aaaaaqkf_s003_t003.edf,18,
tusz,tusz_v2.0.6/edf/train/aaaaaqkf/s003_2013/01_tcp_ar/aaaaaqkf_s003_t004.edf,18,
tusz,tusz_v2.0.6/edf/train/aaaaaqkf/s003_2013/01_tcp_ar/aaaaaqkf_s003_t005.edf,18,
tusz,tusz_v2.0.6/edf/train/aaaaaqkf/s003_2013/01_tcp_ar/aaaaaqkf_s003_t006.edf,18,
tusz,tusz_v2.0.6/edf/train/aaaaaqkf/s003_2013/01_tcp_ar/aaaaaqkf_s003_t007.edf,18,
tusz,tusz_v2.0.6/edf/train/aaaaaqkf/s003_2013/01_tcp_ar/aaaaaqkf_s003_t008.edf,18,
tusz,tusz_v2.0.6/edf/train/aaaaaqkf/s003_2013/01_tcp_ar/aaaaaqkf_s003_t009.edf,18,
tusz,tusz_v2.0.6/edf/train/aaaaaqkf/s004_2013/01_tcp_ar/aaaaaqkf_s004_t000.edf,18,
tusz,tusz_v2.0.6/edf/train/aaaaaqkf/s004_2013/01_tcp_ar/aaaaaqkf_s004_t001.edf,18,
tusz,tusz_v2.0.6/edf/train/aaaaaqkf/s004_2013/01_tcp_ar/aaaaaqkf_s004_t002.edf,18,
tusz,tusz_v2.0.6/edf/train/aaaaaqkf/s004_2013/01_tcp_ar/aaaaaqkf_s004_t003.edf,18,
tusz,tusz_v2.0.6/edf/train/aaaaaqkf/s004_2013/01_tcp_ar/aaaaaqkf_s004_t004.edf,18,
tusz,tusz_v2.0.6/edf/train/aaaaaqkf/s004_2013/01_tcp_ar/aaaaaqkf_s004_t005.edf,18,
tusz,tusz_v2.0.6/edf/train/aaaaaqkf/s004_2013/01_tcp_ar/aaaaaqkf_s004_t006.edf,18,
tusz,tusz_v2.0.6/edf/train/aaaaaqkh/s001_2013/01_tcp_ar/aaaaaqkh_s001_t001.edf,18,
tusz,tusz_v2.0.6/edf/train/aaaaaqkh/s001_2013/01_tcp_ar/aaaaaqkh_s001_t002.edf,18,
tusz,tusz_v2.0.6/edf/train/aaaaaqkh/s001_2013/01_tcp_ar/aaaaaqkh_s001_t003.edf,18,
tusz,tusz_v2.0.6/edf/train/aaaaaqkh/s001_2013/01_tcp_ar/aaaaaqkh_s001_t004.edf,18,
tusz,tusz_v2.0.6/edf/train/aaaaaqkh/s001_2013/01_tcp_ar/aaaaaqkh_s001_t005.edf,18,
tusz,tusz_v2.0.6/edf/train/aaaaaqkh/s001_2013/01_tcp_ar/aaaaaqkh_s001_t006.edf,18,
tusz,tusz_v2.0.6/edf/train/aaaaaqkh/s001_2013/01_tcp_ar/aaaaaqkh_s001_t007.edf,18,
tusz,tusz_v2.0.6/edf/train/aaaaaqkh/s001_2013/01_tcp_ar/aaaaaqkh_s001_t008.edf,18,
tusz,tusz_v2.0.6/edf/train/aaaaaqkh/s001_2013/01_tcp_ar/aaaaaqkh_s001_t009.edf,18,
tusz,tusz_v2.0.6/edf/train/aaaaaqkh/s002_2013/01_tcp_ar/aaaaaqkh_s002_t000.edf,18,
tusz,tusz_v2.0.6/edf/train/aaaaaqkh/s002_2013/01_tcp_ar/aaaaaqkh_s002_t001.edf,18,
tusz,tusz_v2.0.6/edf/train/aaaaaqkh/s002_2013/01_tcp_ar/aaaaaqkh_s002_t002.edf,18,
tusz,tusz_v2.0.6/edf/train/aaaaaqkh/s002_2013/01_tcp_ar/aaaaaqkh_s002_t003.edf,18,
tusz,tusz_v2.0.6/edf/train/aaaaaqkh/s002_2013/01_tcp_ar/aaaaaqkh_s002_t004.edf,18,
tusz,tusz_v2.0.6/edf/train/aaaaaqkh/s003_2013/01_tcp_ar/aaaaaqkh_s003_t000.edf,18,
tusz,tusz_v2.0.6/edf/train/aaaaaqkh/s003_2013/01_tcp_ar/aaaaaqkh_s003_t001.edf,18,
tusz,tusz_v2.0.6/edf/train/aaaaaqkh/s003_2013/01_tcp_ar/aaaaaqkh_s003_t002.edf,18,
tusz,tusz_v2.0.6/edf/train/aaaaaqkh/s003_2013/01_tcp_ar/aaaaaqkh_s003_t003.edf,18,
tusz,tusz_v2.0.6/edf/train/aaaaaqkh/s003_2013/01_tcp_ar/aaaaaqkh_s003_t004.edf,18,
tusz,tusz_v2.0.6/edf/train/aaaaaqkh/s003_2013/01_tcp_ar/aaaaaqkh_s003_t005.edf,18,
tusz,tusz_v2.0.6/edf/train/aaaaaqkh/s003_2013/01_tcp_ar/aaaaaqkh_s003_t006.edf,18,
tusz,tusz_v2.0.6/edf/train/aaaaaqkh/s003_2013/01_tcp_ar/aaaaaqkh_s003_t007.edf,18,
tusz,tusz_v2.0.6/edf/train/aaaaaqmv/s001_2014/01_tcp_ar/aaaaaqmv_s001_t000.edf,18,
tusz,tusz_v2.0.6/edf/train/aaaaaqnr/s001_2014/01_tcp_ar/aaaaaqnr_s001_t000.edf,18,
tusz,tusz_v2.0.6/edf/train/aaaaaqqq/s001_2014/01_tcp_ar/aaaaaqqq_s001_t000.edf,18,
tusz,tusz_v2.0.6/edf/train/aaaaaqro/s002_2014/01_tcp_ar/aaaaaqro_s002_t000.edf,18,
tusz,tusz_v2.0.6/edf/train/aaaaaqro/s002_2014/01_tcp_ar/aaaaaqro_s002_t001.edf,18,
tusz,tusz_v2.0.6/edf/train/aaaaaqro/s002_2014/01_tcp_ar/aaaaaqro_s002_t002.edf,18,
tusz,tusz_v2.0.6/edf/train/aaaaaqro/s002_2014/01_tcp_ar/aaaaaqro_s002_t003.edf,18,
tusz,tusz_v2.0.6/edf/train/aaaaaqro/s002_2014/01_tcp_ar/aaaaaqro_s002_t004.edf,18,
tusz,tusz_v2.0.6/edf/train/aaaaaqro/s002_2014/01_tcp_ar/aaaaaqro_s002_t005.edf,18,
tusz,tusz_v2.0.6/edf/train/aaaaaqro/s002_2014/01_tcp_ar/aaaaaqro_s002_t006.edf,18,
tusz,tusz_v2.0.6/edf/train/aaaaaqro/s002_2014/01_tcp_ar/aaaaaqro_s002_t007.edf,18,
tusz,tusz_v2.0.6/edf/train/aaaaaqro/s002_2014/01_tcp_ar/aaaaaqro_s002_t008.edf,18,
tusz,tusz_v2.0.6/edf/train/aaaaaqro/s002_2014/01_tcp_ar/aaaaaqro_s002_t009.edf,18,
tusz,tusz_v2.0.6/edf/train/aaaaaqro/s002_2014/01_tcp_ar/aaaaaqro_s002_t010.edf,18,
tusz,tusz_v2.0.6/edf/train/aaaaaqro/s002_2014/01_tcp_ar/aaaaaqro_s002_t011.edf,18,
tusz,tusz_v2.0.6/edf/train/aaaaaqro/s002_2014/01_tcp_ar/aaaaaqro_s002_t012.edf,18,
tusz,tusz_v2.0.6/edf/train/aaaaaqro/s003_2014/01_tcp_ar/aaaaaqro_s003_t000.edf,18,
tusz,tusz_v2.0.6/edf/train/aaaaaqro/s003_2014/01_tcp_ar/aaaaaqro_s003_t001.edf,18,
tusz,tusz_v2.0.6/edf/train/aaaaaqro/s003_2014/01_tcp_ar/aaaaaqro_s003_t002.edf,18,
tusz,tusz_v2.0.6/edf/train/aaaaaqro/s003_2014/01_tcp_ar/aaaaaqro_s003_t003.edf,18,
tusz,tusz_v2.0.6/edf/train/aaaaaqro/s003_2014/01_tcp_ar/aaaaaqro_s003_t004.edf,18,
tusz,tusz_v2.0.6/edf/train/aaaaaqro/s003_2014/01_tcp_ar/aaaaaqro_s003_t005.edf,18,
tusz,tusz_v2.0.6/edf/train/aaaaaqro/s003_2014/01_tcp_ar/aaaaaqro_s003_t006.edf,18,
tusz,tusz_v2.0.6/edf/train/aaaaaqro/s003_2014/01_tcp_ar/aaaaaqro_s003_t007.edf,18,
tusz,tusz_v2.0.6/edf/train/aaaaaqro/s003_2014/01_tcp_ar/aaaaaqro_s003_t008.edf,18,
tusz,tusz_v2.0.6/edf/train/aaaaaqro/s003_2014/01_tcp_ar/aaaaaqro_s003_t009.edf,18,
tusz,tusz_v2.0.6/edf/train/aaaaaqro/s003_2014/01_tcp_ar/aaaaaqro_s003_t010.edf,18,
tusz,tusz_v2.0.6/edf/train/aaaaaqtl/s006_2014/01_tcp_ar/aaaaaqtl_s006_t000.edf,18,
tusz,tusz_v2.0.6/edf/train/aaaaaqtl/s006_2014/01_tcp_ar/aaaaaqtl_s006_t001.edf,18,
tusz,tusz_v2.0.6/edf/train/aaaaaqtl/s006_2014/01_tcp_ar/aaaaaqtl_s006_t002.edf,18,
tusz,tusz_v2.0.6/edf/train/aaaaaqtl/s006_2014/01_tcp_ar/aaaaaqtl_s006_t003.edf,18,
tusz,tusz_v2.0.6/edf/train/aaaaaqtl/s006_2014/01_tcp_ar/aaaaaqtl_s006_t004.edf,18,
tusz,tusz_v2.0.6/edf/train/aaaaaqtl/s006_2014/01_tcp_ar/aaaaaqtl_s006_t005.edf,18,
tusz,tusz_v2.0.6/edf/train/aaaaaqtl/s006_2014/01_tcp_ar/aaaaaqtl_s006_t006.edf,18,
tusz,tusz_v2.0.6/edf/train/aaaaaqtl/s006_2014/01_tcp_ar/aaaaaqtl_s006_t008.edf,18,
tusz,tusz_v2.0.6/edf/train/aaaaaqtl/s006_2014/01_tcp_ar/aaaaaqtl_s006_t009.edf,18,
tusz,tusz_v2.0.6/edf/train/aaaaaqtl/s006_2014/01_tcp_ar/aaaaaqtl_s006_t010.edf,18,
tusz,tusz_v2.0.6/edf/train/aaaaaqtl/s007_2014/01_tcp_ar/aaaaaqtl_s007_t000.edf,18,
tusz,tusz_v2.0.6/edf/train/aaaaaqtl/s007_2014/01_tcp_ar/aaaaaqtl_s007_t001.edf,18,
tusz,tusz_v2.0.6/edf/train/aaaaaqtl/s007_2014/01_tcp_ar/aaaaaqtl_s007_t002.edf,18,
tusz,tusz_v2.0.6/edf/train/aaaaaqtl/s007_2014/01_tcp_ar/aaaaaqtl_s007_t003.edf,18,
tusz,tusz_v2.0.6/edf/train/aaaaaqtl/s007_2014/01_tcp_ar/aaaaaqtl_s007_t004.edf,18,
tusz,tusz_v2.0.6/edf/train/aaaaaqtl/s007_2014/01_tcp_ar/aaaaaqtl_s007_t005.edf,18,
tusz,tusz_v2.0.6/edf/train/aaaaaqtl/s007_2014/01_tcp_ar/aaaaaqtl_s007_t006.edf,18,
tusz,tusz_v2.0.6/edf/train/aaaaaqtl/s007_2014/01_tcp_ar/aaaaaqtl_s007_t007.edf,18,
tusz,tusz_v2.0.6/edf/train/aaaaaqtl/s007_2014/01_tcp_ar/aaaaaqtl_s007_t008.edf,18,
tusz,tusz_v2.0.6/edf/train/aaaaaqtl/s007_2014/01_tcp_ar/aaaaaqtl_s007_t009.edf,18,
tusz,tusz_v2.0.6/edf/train/aaaaaqtl/s007_2014/01_tcp_ar/aaaaaqtl_s007_t010.edf,18,
tusz,tusz_v2.0.6/edf/train/aaaaaqtl/s007_2014/01_tcp_ar/aaaaaqtl_s007_t011.edf,18,
tusz,tusz_v2.0.6/edf/train/aaaaaqtl/s007_2014/01_tcp_ar/aaaaaqtl_s007_t012.edf,18,
tusz,tusz_v2.0.6/edf/train/aaaaaqtl/s011_2014/01_tcp_ar/aaaaaqtl_s011_t000.edf,18,
tusz,tusz_v2.0.6/edf/train/aaaaaqtl/s011_2014/01_tcp_ar/aaaaaqtl_s011_t001.edf,18,
tusz,tusz_v2.0.6/edf/train/aaaaaqtl/s011_2014/01_tcp_ar/aaaaaqtl_s011_t002.edf,18,
tusz,tusz_v2.0.6/edf/train/aaaaaqtl/s011_2014/01_tcp_ar/aaaaaqtl_s011_t003.edf,18,
tusz,tusz_v2.0.6/edf/train/aaaaaqtl/s011_2014/01_tcp_ar/aaaaaqtl_s011_t004.edf,18,
tusz,tusz_v2.0.6/edf/train/aaaaaqtl/s011_2014/01_tcp_ar/aaaaaqtl_s011_t005.edf,18,
tusz,tusz_v2.0.6/edf/train/aaaaaqtl/s011_2014/01_tcp_ar/aaaaaqtl_s011_t006.edf,18,
tusz,tusz_v2.0.6/edf/train/aaaaaqtl/s011_2014/01_tcp_ar/aaaaaqtl_s011_t007.edf,18,
tusz,tusz_v2.0.6/edf/train/aaaaaqtl/s011_2014/01_tcp_ar/aaaaaqtl_s011_t008.edf,18,
tusz,tusz_v2.0.6/edf/train/aaaaaqtl/s011_2014/01_tcp_ar/aaaaaqtl_s011_t009.edf,18,
tusz,tusz_v2.0.6/edf/train/aaaaaqtl/s011_2014/01_tcp_ar/aaaaaqtl_s011_t010.edf,18,
tusz,tusz_v2.0.6/edf/train/aaaaaqtl/s011_2014/01_tcp_ar/aaaaaqtl_s011_t011.edf,18,
tusz,tusz_v2.0.6/edf/train/aaaaaqtl/s011_2014/01_tcp_ar/aaaaaqtl_s011_t012.edf,18,
tusz,tusz_v2.0.6/edf/train/aaaaaqtl/s011_2014/01_tcp_ar/aaaaaqtl_s011_t013.edf,18,
tusz,tusz_v2.0.6/edf/train/aaaaaqtl/s011_2014/01_tcp_ar/aaaaaqtl_s011_t014.edf,18,
tusz,tusz_v2.0.6/edf/train/aaaaaqtl/s011_2014/01_tcp_ar/aaaaaqtl_s011_t015.edf,18,
tusz,tusz_v2.0.6/edf/train/aaaaaqtl/s011_2014/01_tcp_ar/aaaaaqtl_s011_t016.edf,18,
tusz,tusz_v2.0.6/edf/train/aaaaaqtl/s011_2014/01_tcp_ar/aaaaaqtl_s011_t017.edf,18,
tusz,tusz_v2.0.6/edf/train/aaaaaqtl/s011_2014/01_tcp_ar/aaaaaqtl_s011_t018.edf,18,
tusz,tusz_v2.0.6/edf/train/aaaaaqtl/s011_2014/01_tcp_ar/aaaaaqtl_s011_t019.edf,18,
tusz,tusz_v2.0.6/edf/train/aaaaaqtl/s011_2014/01_tcp_ar/aaaaaqtl_s011_t020.edf,18,
tusz,tusz_v2.0.6/edf/train/aaaaaqtl/s011_2014/01_tcp_ar/aaaaaqtl_s011_t021.edf,18,
tusz,tusz_v2.0.6/edf/train/aaaaaqtl/s011_2014/01_tcp_ar/aaaaaqtl_s011_t022.edf,18,
tusz,tusz_v2.0.6/edf/train/aaaaaqtl/s011_2014/01_tcp_ar/aaaaaqtl_s011_t023.edf,18,
tusz,tusz_v2.0.6/edf/train/aaaaaqtl/s011_2014/01_tcp_ar/aaaaaqtl_s011_t024.edf,18,
tusz,tusz_v2.0.6/edf/train/aaaaaqtl/s011_2014/01_tcp_ar/aaaaaqtl_s011_t025.edf,18,
tusz,tusz_v2.0.6/edf/train/aaaaaqtl/s011_2014/01_tcp_ar/aaaaaqtl_s011_t026.edf,18,
tusz,tusz_v2.0.6/edf/train/aaaaaqtl/s011_2014/01_tcp_ar/aaaaaqtl_s011_t027.edf,18,
tusz,tusz_v2.0.6/edf/train/aaaaaqtl/s011_2014/01_tcp_ar/aaaaaqtl_s011_t028.edf,18,
tusz,tusz_v2.0.6/edf/train/aaaaaqtl/s011_2014/01_tcp_ar/aaaaaqtl_s011_t029.edf,18,
tusz,tusz_v2.0.6/edf/train/aaaaaqtl/s011_2014/01_tcp_ar/aaaaaqtl_s011_t030.edf,18,
tusz,tusz_v2.0.6/edf/train/aaaaaqtl/s011_2014/01_tcp_ar/aaaaaqtl_s011_t031.edf,18,
tusz,tusz_v2.0.6/edf/train/aaaaaqtl/s011_2014/01_tcp_ar/aaaaaqtl_s011_t032.edf,18,
tusz,tusz_v2.0.6/edf/train/aaaaaqtl/s011_2014/01_tcp_ar/aaaaaqtl_s011_t033.edf,18,
tusz,tusz_v2.0.6/edf/train/aaaaaqtl/s011_2014/01_tcp_ar/aaaaaqtl_s011_t034.edf,18,
tusz,tusz_v2.0.6/edf/train/aaaaaqtl/s011_2014/01_tcp_ar/aaaaaqtl_s011_t035.edf,18,
tusz,tusz_v2.0.6/edf/train/aaaaaqtl/s011_2014/01_tcp_ar/aaaaaqtl_s011_t036.edf,18,
tusz,tusz_v2.0.6/edf/train/aaaaaqtl/s011_2014/01_tcp_ar/aaaaaqtl_s011_t037.edf,18,
tusz,tusz_v2.0.6/edf/train/aaaaaqtl/s011_2014/01_tcp_ar/aaaaaqtl_s011_t038.edf,18,
tusz,tusz_v2.0.6/edf/train/aaaaaqtl/s011_2014/01_tcp_ar/aaaaaqtl_s011_t039.edf,18,
tusz,tusz_v2.0.6/edf/train/aaaaaqtl/s011_2014/01_tcp_ar/aaaaaqtl_s011_t040.edf,18,
tusz,tusz_v2.0.6/edf/train/aaaaaqtl/s011_2014/01_tcp_ar/aaaaaqtl_s011_t041.edf,18,
tusz,tusz_v2.0.6/edf/train/aaaaaqtl/s011_2014/01_tcp_ar/aaaaaqtl_s011_t042.edf,18,
tusz,tusz_v2.0.6/edf/train/aaaaaqtl/s011_2014/01_tcp_ar/aaaaaqtl_s011_t043.edf,18,
tusz,tusz_v2.0.6/edf/train/aaaaaqtl/s011_2014/01_tcp_ar/aaaaaqtl_s011_t044.edf,18,
tusz,tusz_v2.0.6/edf/train/aaaaaqtl/s011_2014/01_tcp_ar/aaaaaqtl_s011_t045.edf,18,
tusz,tusz_v2.0.6/edf/train/aaaaaqtl/s011_2014/01_tcp_ar/aaaaaqtl_s011_t046.edf,18,
tusz,tusz_v2.0.6/edf/train/aaaaaqtl/s011_2014/01_tcp_ar/aaaaaqtl_s011_t047.edf,18,
tusz,tusz_v2.0.6/edf/train/aaaaaqtl/s011_2014/01_tcp_ar/aaaaaqtl_s011_t048.edf,18,
tusz,tusz_v2.0.6/edf/train/aaaaaqtl/s011_2014/01_tcp_ar/aaaaaqtl_s011_t049.edf,18,
tusz,tusz_v2.0.6/edf/train/aaaaaqtl/s011_2014/01_tcp_ar/aaaaaqtl_s011_t050.edf,18,
tusz,tusz_v2.0.6/edf/train/aaaaaqtl/s012_2014/01_tcp_ar/aaaaaqtl_s012_t001.edf,18,
tusz,tusz_v2.0.6/edf/train/aaaaaqtu/s003_2014/01_tcp_ar/aaaaaqtu_s003_t000.edf,18,
tusz,tusz_v2.0.6/edf/train/aaaaaqtu/s003_2014/01_tcp_ar/aaaaaqtu_s003_t001.edf,18,
tusz,tusz_v2.0.6/edf/train/aaaaaqtu/s003_2014/01_tcp_ar/aaaaaqtu_s003_t002.edf,18,
tusz,tusz_v2.0.6/edf/train/aaaaaqtu/s003_2014/01_tcp_ar/aaaaaqtu_s003_t003.edf,18,
tusz,tusz_v2.0.6/edf/train/aaaaaqtu/s003_2014/01_tcp_ar/aaaaaqtu_s003_t004.edf,18,
tusz,tusz_v2.0.6/edf/train/aaaaaqtu/s003_2014/01_tcp_ar/aaaaaqtu_s003_t005.edf,18,
tusz,tusz_v2.0.6/edf/train/aaaaaqtu/s003_2014/01_tcp_ar/aaaaaqtu_s003_t006.edf,18,
tusz,tusz_v2.0.6/edf/train/aaaaaqtu/s003_2014/01_tcp_ar/aaaaaqtu_s003_t007.edf,18,
tusz,tusz_v2.0.6/edf/train/aaaaaqtu/s003_2014/01_tcp_ar/aaaaaqtu_s003_t008.edf,18,
tusz,tusz_v2.0.6/edf/train/aaaaaqtu/s003_2014/01_tcp_ar/aaaaaqtu_s003_t009.edf,18,
tusz,tusz_v2.0.6/edf/train/aaaaaqtu/s003_2014/01_tcp_ar/aaaaaqtu_s003_t010.edf,18,
tusz,tusz_v2.0.6/edf/train/aaaaaqtu/s003_2014/01_tcp_ar/aaaaaqtu_s003_t011.edf,18,
tusz,tusz_v2.0.6/edf/train/aaaaaqtu/s011_2014/01_tcp_ar/aaaaaqtu_s011_t000.edf,18,
tusz,tusz_v2.0.6/edf/train/aaaaaqtu/s011_2014/01_tcp_ar/aaaaaqtu_s011_t001.edf,18,
tusz,tusz_v2.0.6/edf/train/aaaaaqtu/s011_2014/01_tcp_ar/aaaaaqtu_s011_t002.edf,18,
tusz,tusz_v2.0.6/edf/train/aaaaaqtu/s011_2014/01_tcp_ar/aaaaaqtu_s011_t003.edf,18,
tusz,tusz_v2.0.6/edf/train/aaaaaqtu/s011_2014/01_tcp_ar/aaaaaqtu_s011_t004.edf,18,
tusz,tusz_v2.0.6/edf/train/aaaaaqtu/s011_2014/01_tcp_ar/aaaaaqtu_s011_t005.edf,18,
tusz,tusz_v2.0.6/edf/train/aaaaaqtu/s011_2014/01_tcp_ar/aaaaaqtu_s011_t006.edf,18,
tusz,tusz_v2.0.6/edf/train/aaaaaqtu/s011_2014/01_tcp_ar/aaaaaqtu_s011_t007.edf,18,
tusz,tusz_v2.0.6/edf/train/aaaaaqtu/s011_2014/01_tcp_ar/aaaaaqtu_s011_t008.edf,18,
tusz,tusz_v2.0.6/edf/train/aaaaaqtx/s009_2014/01_tcp_ar/aaaaaqtx_s009_t000.edf,18,
tusz,tusz_v2.0.6/edf/train/aaaaaqtx/s009_2014/01_tcp_ar/aaaaaqtx_s009_t001.edf,18,
tusz,tusz_v2.0.6/edf/train/aaaaaqtx/s009_2014/01_tcp_ar/aaaaaqtx_s009_t002.edf,18,
tusz,tusz_v2.0.6/edf/train/aaaaaqtx/s009_2014/01_tcp_ar/aaaaaqtx_s009_t003.edf,18,
tusz,tusz_v2.0.6/edf/train/aaaaaqtx/s009_2014/01_tcp_ar/aaaaaqtx_s009_t004.edf,18,
tusz,tusz_v2.0.6/edf/train/aaaaaqtx/s009_2014/01_tcp_ar/aaaaaqtx_s009_t005.edf,18,
tusz,tusz_v2.0.6/edf/train/aaaaaqtx/s009_2014/01_tcp_ar/aaaaaqtx_s009_t006.edf,18,
tusz,tusz_v2.0.6/edf/train/aaaaaqtx/s012_2014/01_tcp_ar/aaaaaqtx_s012_t000.edf,18,
tusz,tusz_v2.0.6/edf/train/aaaaaqtx/s012_2014/01_tcp_ar/aaaaaqtx_s012_t001.edf,18,
tusz,tusz_v2.0.6/edf/train/aaaaaqtx/s012_2014/01_tcp_ar/aaaaaqtx_s012_t002.edf,18,
tusz,tusz_v2.0.6/edf/train/aaaaaqtx/s012_2014/01_tcp_ar/aaaaaqtx_s012_t003.edf,18,
tusz,tusz_v2.0.6/edf/train/aaaaaqtx/s012_2014/01_tcp_ar/aaaaaqtx_s012_t004.edf,18,
tusz,tusz_v2.0.6/edf/train/aaaaaqtx/s012_2014/01_tcp_ar/aaaaaqtx_s012_t005.edf,18,
tusz,tusz_v2.0.6/edf/train/aaaaaqtx/s012_2014/01_tcp_ar/aaaaaqtx_s012_t006.edf,18,
tusz,tusz_v2.0.6/edf/train/aaaaaqtx/s012_2014/01_tcp_ar/aaaaaqtx_s012_t007.edf,18,
tusz,tusz_v2.0.6/edf/train/aaaaaqtx/s012_2014/01_tcp_ar/aaaaaqtx_s012_t008.edf,18,
tusz,tusz_v2.0.6/edf/train/aaaaaqtx/s012_2014/01_tcp_ar/aaaaaqtx_s012_t009.edf,18,
tusz,tusz_v2.0.6/edf/train/aaaaaqtx/s021_2014/01_tcp_ar/aaaaaqtx_s021_t001.edf,18,
tusz,tusz_v2.0.6/edf/train/aaaaaqtx/s021_2014/01_tcp_ar/aaaaaqtx_s021_t002.edf,18,
tusz,tusz_v2.0.6/edf/train/aaaaaqtx/s026_2014/01_tcp_ar/aaaaaqtx_s026_t000.edf,18,
tusz,tusz_v2.0.6/edf/train/aaaaaqtx/s026_2014/01_tcp_ar/aaaaaqtx_s026_t001.edf,18,
tusz,tusz_v2.0.6/edf/train/aaaaaqtx/s026_2014/01_tcp_ar/aaaaaqtx_s026_t002.edf,18,
tusz,tusz_v2.0.6/edf/train/aaaaaqtx/s026_2014/01_tcp_ar/aaaaaqtx_s026_t003.edf,18,
tusz,tusz_v2.0.6/edf/train/aaaaaqtx/s026_2014/01_tcp_ar/aaaaaqtx_s026_t004.edf,18,
tusz,tusz_v2.0.6/edf/train/aaaaaqtx/s026_2014/01_tcp_ar/aaaaaqtx_s026_t005.edf,18,
tusz,tusz_v2.0.6/edf/train/aaaaaqtx/s026_2014/01_tcp_ar/aaaaaqtx_s026_t006.edf,18,
tusz,tusz_v2.0.6/edf/train/aaaaaqtx/s026_2014/01_tcp_ar/aaaaaqtx_s026_t007.edf,18,
tusz,tusz_v2.0.6/edf/train/aaaaaqtx/s026_2014/01_tcp_ar/aaaaaqtx_s026_t008.edf,18,
tusz,tusz_v2.0.6/edf/train/aaaaaqtx/s031_2014/01_tcp_ar/aaaaaqtx_s031_t000.edf,18,
tusz,tusz_v2.0.6/edf/train/aaaaaqtx/s031_2014/01_tcp_ar/aaaaaqtx_s031_t001.edf,18,
tusz,tusz_v2.0.6/edf/train/aaaaaqtx/s031_2014/01_tcp_ar/aaaaaqtx_s031_t002.edf,18,
tusz,tusz_v2.0.6/edf/train/aaaaaqtx/s031_2014/01_tcp_ar/aaaaaqtx_s031_t003.edf,18,
tusz,tusz_v2.0.6/edf/train/aaaaaqtx/s031_2014/01_tcp_ar/aaaaaqtx_s031_t004.edf,18,
tusz,tusz_v2.0.6/edf/train/aaaaaqtx/s031_2014/01_tcp_ar/aaaaaqtx_s031_t005.edf,18,
tusz,tusz_v2.0.6/edf/train/aaaaaqtx/s033_2014/01_tcp_ar/aaaaaqtx_s033_t000.edf,18,
tusz,tusz_v2.0.6/edf/train/aaaaaqtx/s033_2014/01_tcp_ar/aaaaaqtx_s033_t001.edf,18,
tusz,tusz_v2.0.6/edf/train/aaaaaqtx/s033_2014/01_tcp_ar/aaaaaqtx_s033_t002.edf,18,
tusz,tusz_v2.0.6/edf/train/aaaaaqtx/s033_2014/01_tcp_ar/aaaaaqtx_s033_t003.edf,18,
tusz,tusz_v2.0.6/edf/train/aaaaaqtx/s033_2014/01_tcp_ar/aaaaaqtx_s033_t004.edf,18,
tusz,tusz_v2.0.6/edf/train/aaaaaqtx/s033_2014/01_tcp_ar/aaaaaqtx_s033_t005.edf,18,
tusz,tusz_v2.0.6/edf/train/aaaaaqtx/s033_2014/01_tcp_ar/aaaaaqtx_s033_t006.edf,18,
tusz,tusz_v2.0.6/edf/train/aaaaaqtx/s033_2014/01_tcp_ar/aaaaaqtx_s033_t007.edf,18,
tusz,tusz_v2.0.6/edf/train/aaaaaqtx/s033_2014/01_tcp_ar/aaaaaqtx_s033_t008.edf,18,
tusz,tusz_v2.0.6/edf/train/aaaaaqtx/s033_2014/01_tcp_ar/aaaaaqtx_s033_t009.edf,18,
tusz,tusz_v2.0.6/edf/train/aaaaaqtx/s033_2014/01_tcp_ar/aaaaaqtx_s033_t010.edf,18,
tusz,tusz_v2.0.6/edf/train/aaaaaqtx/s033_2014/01_tcp_ar/aaaaaqtx_s033_t011.edf,18,
tusz,tusz_v2.0.6/edf/train/aaaaaqtx/s033_2014/01_tcp_ar/aaaaaqtx_s033_t012.edf,18,
tusz,tusz_v2.0.6/edf/train/aaaaaqtx/s033_2014/01_tcp_ar/aaaaaqtx_s033_t013.edf,18,
tusz,tusz_v2.0.6/edf/train/aaaaaqtx/s033_2014/01_tcp_ar/aaaaaqtx_s033_t014.edf,18,
tusz,tusz_v2.0.6/edf/train/aaaaaqtx/s033_2014/01_tcp_ar/aaaaaqtx_s033_t015.edf,18,
tusz,tusz_v2.0.6/edf/train/aaaaaqtx/s033_2014/01_tcp_ar/aaaaaqtx_s033_t016.edf,18,
tusz,tusz_v2.0.6/edf/train/aaaaaqtx/s033_2014/01_tcp_ar/aaaaaqtx_s033_t017.edf,18,
tusz,tusz_v2.0.6/edf/train/aaaaaqtx/s035_2014/01_tcp_ar/aaaaaqtx_s035_t000.edf,18,
tusz,tusz_v2.0.6/edf/train/aaaaaqvr/s001_2014/01_tcp_ar/aaaaaqvr_s001_t001.edf,18,
tusz,tusz_v2.0.6/edf/train/aaaaaqvr/s002_2014/01_tcp_ar/aaaaaqvr_s002_t000.edf,18,
tusz,tusz_v2.0.6/edf/train/aaaaaqvr/s002_2014/01_tcp_ar/aaaaaqvr_s002_t001.edf,18,
tusz,tusz_v2.0.6/edf/train/aaaaaqvr/s002_2014/01_tcp_ar/aaaaaqvr_s002_t002.edf,18,
tusz,tusz_v2.0.6/edf/train/aaaaaqvr/s002_2014/01_tcp_ar/aaaaaqvr_s002_t003.edf,18,
tusz,tusz_v2.0.6/edf/train/aaaaaqvr/s002_2014/01_tcp_ar/aaaaaqvr_s002_t004.edf,18,
tusz,tusz_v2.0.6/edf/train/aaaaaqvr/s002_2014/01_tcp_ar/aaaaaqvr_s002_t005.edf,18,
tusz,tusz_v2.0.6/edf/train/aaaaaqvr/s002_2014/01_tcp_ar/aaaaaqvr_s002_t006.edf,18,
tusz,tusz_v2.0.6/edf/train/aaaaaqvr/s002_2014/01_tcp_ar/aaaaaqvr_s002_t007.edf,18,
tusz,tusz_v2.0.6/edf/train/aaaaaqvr/s003_2014/01_tcp_ar/aaaaaqvr_s003_t000.edf,18,
tusz,tusz_v2.0.6/edf/train/aaaaaqvr/s003_2014/01_tcp_ar/aaaaaqvr_s003_t001.edf,18,
tusz,tusz_v2.0.6/edf/train/aaaaaqvr/s003_2014/01_tcp_ar/aaaaaqvr_s003_t002.edf,18,
tusz,tusz_v2.0.6/edf/train/aaaaaqvr/s003_2014/01_tcp_ar/aaaaaqvr_s003_t003.edf,18,
tusz,tusz_v2.0.6/edf/train/aaaaaqvr/s003_2014/01_tcp_ar/aaaaaqvr_s003_t004.edf,18,
tusz,tusz_v2.0.6/edf/train/aaaaaqvr/s003_2014/01_tcp_ar/aaaaaqvr_s003_t005.edf,18,
tusz,tusz_v2.0.6/edf/train/aaaaaqvr/s003_2014/01_tcp_ar/aaaaaqvr_s003_t006.edf,18,
tusz,tusz_v2.0.6/edf/train/aaaaaqvr/s003_2014/01_tcp_ar/aaaaaqvr_s003_t007.edf,18,
tusz,tusz_v2.0.6/edf/train/aaaaaqvr/s003_2014/01_tcp_ar/aaaaaqvr_s003_t008.edf,18,
tusz,tusz_v2.0.6/edf/train/aaaaaqvr/s003_2014/01_tcp_ar/aaaaaqvr_s003_t009.edf,18,
tusz,tusz_v2.0.6/edf/train/aaaaaqvr/s004_2014/01_tcp_ar/aaaaaqvr_s004_t000.edf,18,
tusz,tusz_v2.0.6/edf/train/aaaaaqvr/s004_2014/01_tcp_ar/aaaaaqvr_s004_t001.edf,18,
tusz,tusz_v2.0.6/edf/train/aaaaaqvr/s004_2014/01_tcp_ar/aaaaaqvr_s004_t002.edf,18,
tusz,tusz_v2.0.6/edf/train/aaaaaqvr/s004_2014/01_tcp_ar/aaaaaqvr_s004_t003.edf,18,
tusz,tusz_v2.0.6/edf/train/aaaaaqvr/s004_2014/01_tcp_ar/aaaaaqvr_s004_t004.edf,18,
tusz,tusz_v2.0.6/edf/train/aaaaaqyo/s003_2014/01_tcp_ar/aaaaaqyo_s003_t000.edf,18,
tusz,tusz_v2.0.6/edf/train/aaaaaqyo/s003_2014/01_tcp_ar/aaaaaqyo_s003_t001.edf,18,
tusz,tusz_v2.0.6/edf/train/aaaaaqyo/s003_2014/01_tcp_ar/aaaaaqyo_s003_t002.edf,18,
tusz,tusz_v2.0.6/edf/train/aaaaaqyo/s003_2014/01_tcp_ar/aaaaaqyo_s003_t003.edf,18,
tusz,tusz_v2.0.6/edf/train/aaaaaqyo/s003_2014/01_tcp_ar/aaaaaqyo_s003_t004.edf,18,
tusz,tusz_v2.0.6/edf/train/aaaaaqyo/s003_2014/01_tcp_ar/aaaaaqyo_s003_t005.edf,18,
tusz,tusz_v2.0.6/edf/train/aaaaaqyo/s003_2014/01_tcp_ar/aaaaaqyo_s003_t006.edf,18,
tusz,tusz_v2.0.6/edf/train/aaaaaqyo/s003_2014/01_tcp_ar/aaaaaqyo_s003_t007.edf,18,
tusz,tusz_v2.0.6/edf/train/aaaaaqyo/s003_2014/01_tcp_ar/aaaaaqyo_s003_t008.edf,18,
tusz,tusz_v2.0.6/edf/train/aaaaaqyo/s003_2014/01_tcp_ar/aaaaaqyo_s003_t009.edf,18,
tusz,tusz_v2.0.6/edf/train/aaaaaqyo/s003_2014/01_tcp_ar/aaaaaqyo_s003_t010.edf,18,
tusz,tusz_v2.0.6/edf/train/aaaaaqyo/s003_2014/01_tcp_ar/aaaaaqyo_s003_t011.edf,18,
tusz,tusz_v2.0.6/edf/train/aaaaaqyo/s003_2014/01_tcp_ar/aaaaaqyo_s003_t012.edf,18,
tusz,tusz_v2.0.6/edf/train/aaaaaqyo/s004_2014/01_tcp_ar/aaaaaqyo_s004_t000.edf,18,
tusz,tusz_v2.0.6/edf/train/aaaaaqyo/s004_2014/01_tcp_ar/aaaaaqyo_s004_t001.edf,18,
tusz,tusz_v2.0.6/edf/train/aaaaaqyo/s004_2014/01_tcp_ar/aaaaaqyo_s004_t002.edf,18,
tusz,tusz_v2.0.6/edf/train/aaaaaqyo/s004_2014/01_tcp_ar/aaaaaqyo_s004_t003.edf,18,
tusz,tusz_v2.0.6/edf/train/aaaaaqyo/s004_2014/01_tcp_ar/aaaaaqyo_s004_t004.edf,18,
tusz,tusz_v2.0.6/edf/train/aaaaaqyo/s004_2014/01_tcp_ar/aaaaaqyo_s004_t005.edf,18,
tusz,tusz_v2.0.6/edf/train/aaaaaqyo/s004_2014/01_tcp_ar/aaaaaqyo_s004_t006.edf,18,
tusz,tusz_v2.0.6/edf/train/aaaaaqyo/s004_2014/01_tcp_ar/aaaaaqyo_s004_t007.edf,18,
tusz,tusz_v2.0.6/edf/train/aaaaaqyo/s004_2014/01_tcp_ar/aaaaaqyo_s004_t008.edf,18,
tusz,tusz_v2.0.6/edf/train/aaaaaqyo/s004_2014/01_tcp_ar/aaaaaqyo_s004_t009.edf,18,
tusz,tusz_v2.0.6/edf/train/aaaaaqyo/s004_2014/01_tcp_ar/aaaaaqyo_s004_t010.edf,18,
tusz,tusz_v2.0.6/edf/train/aaaaaqyo/s004_2014/01_tcp_ar/aaaaaqyo_s004_t011.edf,18,
tusz,tusz_v2.0.6/edf/train/aaaaaqyo/s004_2014/01_tcp_ar/aaaaaqyo_s004_t012.edf,18,
tusz,tusz_v2.0.6/edf/train/aaaaaqyo/s004_2014/01_tcp_ar/aaaaaqyo_s004_t013.edf,18,
tusz,tusz_v2.0.6/edf/train/aaaaaqyo/s004_2014/01_tcp_ar/aaaaaqyo_s004_t014.edf,18,
tusz,tusz_v2.0.6/edf/train/aaaaaqyo/s004_2014/01_tcp_ar/aaaaaqyo_s004_t015.edf,18,
tusz,tusz_v2.0.6/edf/train/aaaaaqyo/s004_2014/01_tcp_ar/aaaaaqyo_s004_t016.edf,18,
tusz,tusz_v2.0.6/edf/train/aaaaaqyo/s004_2014/01_tcp_ar/aaaaaqyo_s004_t017.edf,18,
tusz,tusz_v2.0.6/edf/train/aaaaaqyo/s004_2014/01_tcp_ar/aaaaaqyo_s004_t018.edf,18,
tusz,tusz_v2.0.6/edf/train/aaaaaqyo/s004_2014/01_tcp_ar/aaaaaqyo_s004_t019.edf,18,
tusz,tusz_v2.0.6/edf/train/aaaaaqyo/s004_2014/01_tcp_ar/aaaaaqyo_s004_t020.edf,18,
tusz,tusz_v2.0.6/edf/train/aaaaaqyo/s004_2014/01_tcp_ar/aaaaaqyo_s004_t021.edf,18,
tusz,tusz_v2.0.6/edf/train/aaaaaqyo/s004_2014/01_tcp_ar/aaaaaqyo_s004_t022.edf,18,
tusz,tusz_v2.0.6/edf/train/aaaaaqyo/s004_2014/01_tcp_ar/aaaaaqyo_s004_t023.edf,18,
tusz,tusz_v2.0.6/edf/train/aaaaaqyo/s004_2014/01_tcp_ar/aaaaaqyo_s004_t024.edf,18,
tusz,tusz_v2.0.6/edf/train/aaaaaqyo/s004_2014/01_tcp_ar/aaaaaqyo_s004_t025.edf,18,
tusz,tusz_v2.0.6/edf/train/aaaaaqyo/s004_2014/01_tcp_ar/aaaaaqyo_s004_t026.edf,18,
tusz,tusz_v2.0.6/edf/train/aaaaaqyo/s004_2014/01_tcp_ar/aaaaaqyo_s004_t027.edf,18,
tusz,tusz_v2.0.6/edf/train/aaaaaqyo/s004_2014/01_tcp_ar/aaaaaqyo_s004_t028.edf,18,
tusz,tusz_v2.0.6/edf/train/aaaaaqyo/s004_2014/01_tcp_ar/aaaaaqyo_s004_t029.edf,18,
tusz,tusz_v2.0.6/edf/train/aaaaaqyo/s004_2014/01_tcp_ar/aaaaaqyo_s004_t030.edf,18,
tusz,tusz_v2.0.6/edf/train/aaaaaqyo/s004_2014/01_tcp_ar/aaaaaqyo_s004_t031.edf,18,
tusz,tusz_v2.0.6/edf/train/aaaaaqyp/s001_2014/01_tcp_ar/aaaaaqyp_s001_t000.edf,18,
tusz,tusz_v2.0.6/edf/train/aaaaaqyp/s001_2014/01_tcp_ar/aaaaaqyp_s001_t001.edf,18,
tusz,tusz_v2.0.6/edf/train/aaaaaqzc/s001_2014/01_tcp_ar/aaaaaqzc_s001_t000.edf,18,
tusz,tusz_v2.0.6/edf/train/aaaaarcf/s001_2014/03_tcp_ar_a/aaaaarcf_s001_t001.edf,18,
tusz,tusz_v2.0.6/edf/train/aaaaarcf/s001_2014/03_tcp_ar_a/aaaaarcf_s001_t002.edf,18,
tusz,tusz_v2.0.6/edf/train/aaaaarcf/s002_2014/03_tcp_ar_a/aaaaarcf_s002_t000.edf,18,
tusz,tusz_v2.0.6/edf/train/aaaaarcf/s002_2014/03_tcp_ar_a/aaaaarcf_s002_t001.edf,18,
tusz,tusz_v2.0.6/edf/train/aaaaarcf/s002_2014/03_tcp_ar_a/aaaaarcf_s002_t002.edf,18,
tusz,tusz_v2.0.6/edf/train/aaaaarcf/s002_2014/03_tcp_ar_a/aaaaarcf_s002_t003.edf,18,
tusz,tusz_v2.0.6/edf/train/aaaaarcf/s002_2014/03_tcp_ar_a/aaaaarcf_s002_t004.edf,18,
tusz,tusz_v2.0.6/edf/train/aaaaarcf/s002_2014/03_tcp_ar_a/aaaaarcf_s002_t005.edf,18,
tusz,tusz_v2.0.6/edf/train/aaaaarcf/s002_2014/03_tcp_ar_a/aaaaarcf_s002_t006.edf,18,
tusz,tusz_v2.0.6/edf/train/aaaaarcf/s002_2014/03_tcp_ar_a/aaaaarcf_s002_t007.edf,18,
tusz,tusz_v2.0.6/edf/train/aaaaarcf/s003_2014/03_tcp_ar_a/aaaaarcf_s003_t000.edf,18,
tusz,tusz_v2.0.6/edf/train/aaaaarcf/s003_2014/03_tcp_ar_a/aaaaarcf_s003_t001.edf,18,
tusz,tusz_v2.0.6/edf/train/aaaaarcf/s003_2014/03_tcp_ar_a/aaaaarcf_s003_t002.edf,18,
tusz,tusz_v2.0.6/edf/train/aaaaarcf/s003_2014/03_tcp_ar_a/aaaaarcf_s003_t003.edf,18,
tusz,tusz_v2.0.6/edf/train/aaaaarcf/s003_2014/03_tcp_ar_a/aaaaarcf_s003_t004.edf,18,
tusz,tusz_v2.0.6/edf/train/aaaaarcf/s003_2014/03_tcp_ar_a/aaaaarcf_s003_t005.edf,18,
tusz,tusz_v2.0.6/edf/train/aaaaarcf/s003_2014/03_tcp_ar_a/aaaaarcf_s003_t006.edf,18,
tusz,tusz_v2.0.6/edf/train/aaaaarcf/s003_2014/03_tcp_ar_a/aaaaarcf_s003_t007.edf,18,
tusz,tusz_v2.0.6/edf/train/aaaaarcs/s001_2014/01_tcp_ar/aaaaarcs_s001_t000.edf,18,
tusz,tusz_v2.0.6/edf/train/aaaaarcs/s003_2014/01_tcp_ar/aaaaarcs_s003_t000.edf,18,
tusz,tusz_v2.0.6/edf/train/aaaaarcs/s003_2014/01_tcp_ar/aaaaarcs_s003_t001.edf,18,
tusz,tusz_v2.0.6/edf/train/aaaaarcs/s003_2014/01_tcp_ar/aaaaarcs_s003_t002.edf,18,
tusz,tusz_v2.0.6/edf/train/aaaaarcs/s003_2014/01_tcp_ar/aaaaarcs_s003_t003.edf,18,
tusz,tusz_v2.0.6/edf/train/aaaaarcs/s003_2014/01_tcp_ar/aaaaarcs_s003_t004.edf,18,
tusz,tusz_v2.0.6/edf/train/aaaaarcs/s003_2014/01_tcp_ar/aaaaarcs_s003_t005.edf,18,
tusz,tusz_v2.0.6/edf/train/aaaaarcs/s003_2014/01_tcp_ar/aaaaarcs_s003_t006.edf,18,
tusz,tusz_v2.0.6/edf/train/aaaaarcs/s003_2014/01_tcp_ar/aaaaarcs_s003_t007.edf,18,
tusz,tusz_v2.0.6/edf/train/aaaaarcs/s003_2014/01_tcp_ar/aaaaarcs_s003_t008.edf,18,
tusz,tusz_v2.0.6/edf/train/aaaaarcs/s003_2014/01_tcp_ar/aaaaarcs_s003_t009.edf,18,
tusz,tusz_v2.0.6/edf/train/aaaaarcs/s003_2014/01_tcp_ar/aaaaarcs_s003_t010.edf,18,
tusz,tusz_v2.0.6/edf/train/aaaaarcs/s004_2014/01_tcp_ar/aaaaarcs_s004_t000.edf,18,
tusz,tusz_v2.0.6/edf/train/aaaaarcs/s004_2014/01_tcp_ar/aaaaarcs_s004_t001.edf,18,
tusz,tusz_v2.0.6/edf/train/aaaaarcs/s004_2014/01_tcp_ar/aaaaarcs_s004_t002.edf,18,
tusz,tusz_v2.0.6/edf/train/aaaaarcs/s004_2014/01_tcp_ar/aaaaarcs_s004_t003.edf,18,
tusz,tusz_v2.0.6/edf/train/aaaaarcs/s004_2014/01_tcp_ar/aaaaarcs_s004_t004.edf,18,
tusz,tusz_v2.0.6/edf/train/aaaaarcs/s004_2014/01_tcp_ar/aaaaarcs_s004_t005.edf,18,
tusz,tusz_v2.0.6/edf/train/aaaaarcs/s004_2014/01_tcp_ar/aaaaarcs_s004_t006.edf,18,
tusz,tusz_v2.0.6/edf/train/aaaaarcs/s004_2014/01_tcp_ar/aaaaarcs_s004_t007.edf,18,
tusz,tusz_v2.0.6/edf/train/aaaaarcs/s004_2014/01_tcp_ar/aaaaarcs_s004_t008.edf,18,
tusz,tusz_v2.0.6/edf/train/aaaaarcs/s004_2014/01_tcp_ar/aaaaarcs_s004_t009.edf,18,
tusz,tusz_v2.0.6/edf/train/aaaaarcs/s005_2014/01_tcp_ar/aaaaarcs_s005_t000.edf,18,
tusz,tusz_v2.0.6/edf/train/aaaaardk/s001_2014/03_tcp_ar_a/aaaaardk_s001_t001.edf,18,
tusz,tusz_v2.0.6/edf/train/aaaaardk/s001_2014/03_tcp_ar_a/aaaaardk_s001_t002.edf,18,
tusz,tusz_v2.0.6/edf/train/aaaaardk/s001_2014/03_tcp_ar_a/aaaaardk_s001_t003.edf,18,
tusz,tusz_v2.0.6/edf/train/aaaaardk/s001_2014/03_tcp_ar_a/aaaaardk_s001_t004.edf,18,
tusz,tusz_v2.0.6/edf/train/aaaaardk/s001_2014/03_tcp_ar_a/aaaaardk_s001_t005.edf,18,
tusz,tusz_v2.0.6/edf/train/aaaaardk/s001_2014/03_tcp_ar_a/aaaaardk_s001_t006.edf,18,
tusz,tusz_v2.0.6/edf/train/aaaaardk/s001_2014/03_tcp_ar_a/aaaaardk_s001_t007.edf,18,
tusz,tusz_v2.0.6/edf/train/aaaaardk/s001_2014/03_tcp_ar_a/aaaaardk_s001_t008.edf,18,
tusz,tusz_v2.0.6/edf/train/aaaaardk/s001_2014/03_tcp_ar_a/aaaaardk_s001_t009.edf,18,
tusz,tusz_v2.0.6/edf/train/aaaaardk/s001_2014/03_tcp_ar_a/aaaaardk_s001_t010.edf,18,
tusz,tusz_v2.0.6/edf/train/aaaaardk/s001_2014/03_tcp_ar_a/aaaaardk_s001_t011.edf,18,
tusz,tusz_v2.0.6/edf/train/aaaaardk/s001_2014/03_tcp_ar_a/aaaaardk_s001_t012.edf,18,
tusz,tusz_v2.0.6/edf/train/aaaaardk/s001_2014/03_tcp_ar_a/aaaaardk_s001_t013.edf,18,
tusz,tusz_v2.0.6/edf/train/aaaaardk/s001_2014/03_tcp_ar_a/aaaaardk_s001_t014.edf,18,
tusz,tusz_v2.0.6/edf/train/aaaaardk/s001_2014/03_tcp_ar_a/aaaaardk_s001_t015.edf,18,
tusz,tusz_v2.0.6/edf/train/aaaaardk/s001_2014/03_tcp_ar_a/aaaaardk_s001_t016.edf,18,
tusz,tusz_v2.0.6/edf/train/aaaaardk/s001_2014/03_tcp_ar_a/aaaaardk_s001_t017.edf,18,
tusz,tusz_v2.0.6/edf/train/aaaaardk/s001_2014/03_tcp_ar_a/aaaaardk_s001_t018.edf,18,
tusz,tusz_v2.0.6/edf/train/aaaaardk/s001_2014/03_tcp_ar_a/aaaaardk_s001_t019.edf,18,
tusz,tusz_v2.0.6/edf/train/aaaaardk/s001_2014/03_tcp_ar_a/aaaaardk_s001_t020.edf,18,
tusz,tusz_v2.0.6/edf/train/aaaaardk/s001_2014/03_tcp_ar_a/aaaaardk_s001_t021.edf,18,
tusz,tusz_v2.0.6/edf/train/aaaaardk/s001_2014/03_tcp_ar_a/aaaaardk_s001_t022.edf,18,
tusz,tusz_v2.0.6/edf/train/aaaaardk/s001_2014/03_tcp_ar_a/aaaaardk_s001_t023.edf,18,
tusz,tusz_v2.0.6/edf/train/aaaaardk/s001_2014/03_tcp_ar_a/aaaaardk_s001_t024.edf,18,
tusz,tusz_v2.0.6/edf/train/aaaaardk/s002_2014/03_tcp_ar_a/aaaaardk_s002_t000.edf,18,
tusz,tusz_v2.0.6/edf/train/aaaaardk/s002_2014/03_tcp_ar_a/aaaaardk_s002_t001.edf,18,
tusz,tusz_v2.0.6/edf/train/aaaaardk/s002_2014/03_tcp_ar_a/aaaaardk_s002_t002.edf,18,
tusz,tusz_v2.0.6/edf/train/aaaaardk/s002_2014/03_tcp_ar_a/aaaaardk_s002_t003.edf,18,
tusz,tusz_v2.0.6/edf/train/aaaaardk/s002_2014/03_tcp_ar_a/aaaaardk_s002_t004.edf,18,
tusz,tusz_v2.0.6/edf/train/aaaaardk/s002_2014/03_tcp_ar_a/aaaaardk_s002_t005.edf,18,
tusz,tusz_v2.0.6/edf/train/aaaaardk/s002_2014/03_tcp_ar_a/aaaaardk_s002_t006.edf,18,
tusz,tusz_v2.0.6/edf/train/aaaaardk/s002_2014/03_tcp_ar_a/aaaaardk_s002_t007.edf,18,
tusz,tusz_v2.0.6/edf/train/aaaaardk/s002_2014/03_tcp_ar_a/aaaaardk_s002_t008.edf,18,
tusz,tusz_v2.0.6/edf/train/aaaaardk/s002_2014/03_tcp_ar_a/aaaaardk_s002_t009.edf,18,
tusz,tusz_v2.0.6/edf/train/aaaaardk/s002_2014/03_tcp_ar_a/aaaaardk_s002_t010.edf,18,
tusz,tusz_v2.0.6/edf/train/aaaaardk/s002_2014/03_tcp_ar_a/aaaaardk_s002_t011.edf,18,
tusz,tusz_v2.0.6/edf/train/aaaaardk/s002_2014/03_tcp_ar_a/aaaaardk_s002_t012.edf,18,
tusz,tusz_v2.0.6/edf/train/aaaaardk/s002_2014/03_tcp_ar_a/aaaaardk_s002_t013.edf,18,
tusz,tusz_v2.0.6/edf/train/aaaaardk/s002_2014/03_tcp_ar_a/aaaaardk_s002_t014.edf,18,
tusz,tusz_v2.0.6/edf/train/aaaaardk/s002_2014/03_tcp_ar_a/aaaaardk_s002_t015.edf,18,
tusz,tusz_v2.0.6/edf/train/aaaaardk/s002_2014/03_tcp_ar_a/aaaaardk_s002_t016.edf,18,
tusz,tusz_v2.0.6/edf/train/aaaaardk/s002_2014/03_tcp_ar_a/aaaaardk_s002_t017.edf,18,
tusz,tusz_v2.0.6/edf/train/aaaaardk/s002_2014/03_tcp_ar_a/aaaaardk_s002_t018.edf,18,
tusz,tusz_v2.0.6/edf/train/aaaaardk/s002_2014/03_tcp_ar_a/aaaaardk_s002_t019.edf,18,
tusz,tusz_v2.0.6/edf/train/aaaaardk/s002_2014/03_tcp_ar_a/aaaaardk_s002_t020.edf,18,
tusz,tusz_v2.0.6/edf/train/aaaaardk/s002_2014/03_tcp_ar_a/aaaaardk_s002_t021.edf,18,
tusz,tusz_v2.0.6/edf/train/aaaaardk/s002_2014/03_tcp_ar_a/aaaaardk_s002_t022.edf,18,
tusz,tusz_v2.0.6/edf/train/aaaaardk/s005_2014/03_tcp_ar_a/aaaaardk_s005_t000.edf,18,
tusz,tusz_v2.0.6/edf/train/aaaaardk/s005_2014/03_tcp_ar_a/aaaaardk_s005_t002.edf,18,
tusz,tusz_v2.0.6/edf/train/aaaaardk/s005_2014/03_tcp_ar_a/aaaaardk_s005_t004.edf,18,
tusz,tusz_v2.0.6/edf/train/aaaaardk/s005_2014/03_tcp_ar_a/aaaaardk_s005_t005.edf,18,
tusz,tusz_v2.0.6/edf/train/aaaaardk/s005_2014/03_tcp_ar_a/aaaaardk_s005_t006.edf,18,
tusz,tusz_v2.0.6/edf/train/aaaaardk/s005_2014/03_tcp_ar_a/aaaaardk_s005_t007.edf,18,
tusz,tusz_v2.0.6/edf/train/aaaaardk/s005_2014/03_tcp_ar_a/aaaaardk_s005_t008.edf,18,
tusz,tusz_v2.0.6/edf/train/aaaaardk/s005_2014/03_tcp_ar_a/aaaaardk_s005_t009.edf,18,
tusz,tusz_v2.0.6/edf/train/aaaaardk/s006_2014/03_tcp_ar_a/aaaaardk_s006_t000.edf,18,
tusz,tusz_v2.0.6/edf/train/aaaaardk/s006_2014/03_tcp_ar_a/aaaaardk_s006_t001.edf,18,
tusz,tusz_v2.0.6/edf/train/aaaaardk/s006_2014/03_tcp_ar_a/aaaaardk_s006_t002.edf,18,
tusz,tusz_v2.0.6/edf/train/aaaaardk/s006_2014/03_tcp_ar_a/aaaaardk_s006_t003.edf,18,
tusz,tusz_v2.0.6/edf/train/aaaaardk/s006_2014/03_tcp_ar_a/aaaaardk_s006_t004.edf,18,
tusz,tusz_v2.0.6/edf/train/aaaaardk/s006_2014/03_tcp_ar_a/aaaaardk_s006_t005.edf,18,
tusz,tusz_v2.0.6/edf/train/aaaaardk/s006_2014/03_tcp_ar_a/aaaaardk_s006_t006.edf,18,
tusz,tusz_v2.0.6/edf/train/aaaaardk/s006_2014/03_tcp_ar_a/aaaaardk_s006_t007.edf,18,
tusz,tusz_v2.0.6/edf/train/aaaaardk/s006_2014/03_tcp_ar_a/aaaaardk_s006_t008.edf,18,
tusz,tusz_v2.0.6/edf/train/aaaaardk/s006_2014/03_tcp_ar_a/aaaaardk_s006_t009.edf,18,
tusz,tusz_v2.0.6/edf/train/aaaaardk/s006_2014/03_tcp_ar_a/aaaaardk_s006_t010.edf,18,
tusz,tusz_v2.0.6/edf/train/aaaaarea/s002_2014/01_tcp_ar/aaaaarea_s002_t000.edf,18,
tusz,tusz_v2.0.6/edf/train/aaaaarea/s002_2014/01_tcp_ar/aaaaarea_s002_t001.edf,18,
tusz,tusz_v2.0.6/edf/train/aaaaarea/s002_2014/01_tcp_ar/aaaaarea_s002_t002.edf,18,
tusz,tusz_v2.0.6/edf/train/aaaaarea/s002_2014/01_tcp_ar/aaaaarea_s002_t003.edf,18,
tusz,tusz_v2.0.6/edf/train/aaaaarea/s002_2014/01_tcp_ar/aaaaarea_s002_t004.edf,18,
tusz,tusz_v2.0.6/edf/train/aaaaarea/s002_2014/01_tcp_ar/aaaaarea_s002_t005.edf,18,
tusz,tusz_v2.0.6/edf/train/aaaaarea/s002_2014/01_tcp_ar/aaaaarea_s002_t006.edf,18,
tusz,tusz_v2.0.6/edf/train/aaaaarea/s002_2014/01_tcp_ar/aaaaarea_s002_t007.edf,18,
tusz,tusz_v2.0.6/edf/train/aaaaarea/s002_2014/01_tcp_ar/aaaaarea_s002_t008.edf,18,
tusz,tusz_v2.0.6/edf/train/aaaaarea/s002_2014/01_tcp_ar/aaaaarea_s002_t009.edf,18,
tusz,tusz_v2.0.6/edf/train/aaaaarew/s001_2014/01_tcp_ar/aaaaarew_s001_t000.edf,18,
tusz,tusz_v2.0.6/edf/train/aaaaarfa/s001_2014/01_tcp_ar/aaaaarfa_s001_t000.edf,18,
tusz,tusz_v2.0.6/edf/train/aaaaarhk/s001_2014/01_tcp_ar/aaaaarhk_s001_t000.edf,18,
tusz,tusz_v2.0.6/edf/train/aaaaarne/s001_2014/01_tcp_ar/aaaaarne_s001_t000.edf,18,
tusz,tusz_v2.0.6/edf/train/aaaaarne/s001_2014/01_tcp_ar/aaaaarne_s001_t001.edf,18,
tusz,tusz_v2.0.6/edf/train/aaaaarne/s001_2014/01_tcp_ar/aaaaarne_s001_t002.edf,18,
tusz,tusz_v2.0.6/edf/train/aaaaaron/s001_2014/01_tcp_ar/aaaaaron_s001_t000.edf,18,
tusz,tusz_v2.0.6/edf/train/aaaaaron/s001_2014/01_tcp_ar/aaaaaron_s001_t001.edf,18,
tusz,tusz_v2.0.6/edf/train/aaaaaron/s001_2014/01_tcp_ar/aaaaaron_s001_t002.edf,18,
tusz,tusz_v2.0.6/edf/train/aaaaaron/s001_2014/01_tcp_ar/aaaaaron_s001_t003.edf,18,
tusz,tusz_v2.0.6/edf/train/aaaaaron/s001_2014/01_tcp_ar/aaaaaron_s001_t004.edf,18,
tusz,tusz_v2.0.6/edf/train/aaaaaron/s001_2014/01_tcp_ar/aaaaaron_s001_t005.edf,18,
tusz,tusz_v2.0.6/edf/train/aaaaaron/s004_2014/01_tcp_ar/aaaaaron_s004_t000.edf,18,
tusz,tusz_v2.0.6/edf/train/aaaaaron/s004_2014/01_tcp_ar/aaaaaron_s004_t002.edf,18,
tusz,tusz_v2.0.6/edf/train/aaaaaron/s004_2014/01_tcp_ar/aaaaaron_s004_t003.edf,18,
tusz,tusz_v2.0.6/edf/train/aaaaaron/s004_2014/01_tcp_ar/aaaaaron_s004_t004.edf,18,
tusz,tusz_v2.0.6/edf/train/aaaaaron/s004_2014/01_tcp_ar/aaaaaron_s004_t005.edf,18,
tusz,tusz_v2.0.6/edf/train/aaaaaron/s004_2014/01_tcp_ar/aaaaaron_s004_t006.edf,18,
tusz,tusz_v2.0.6/edf/train/aaaaaron/s004_2014/01_tcp_ar/aaaaaron_s004_t007.edf,18,
tusz,tusz_v2.0.6/edf/train/aaaaaron/s005_2014/01_tcp_ar/aaaaaron_s005_t000.edf,18,
tusz,tusz_v2.0.6/edf/train/aaaaaron/s005_2014/01_tcp_ar/aaaaaron_s005_t001.edf,18,
tusz,tusz_v2.0.6/edf/train/aaaaaron/s005_2014/01_tcp_ar/aaaaaron_s005_t002.edf,18,
tusz,tusz_v2.0.6/edf/train/aaaaaron/s005_2014/01_tcp_ar/aaaaaron_s005_t003.edf,18,
tusz,tusz_v2.0.6/edf/train/aaaaaron/s005_2014/01_tcp_ar/aaaaaron_s005_t004.edf,18,
tusz,tusz_v2.0.6/edf/train/aaaaaron/s005_2014/01_tcp_ar/aaaaaron_s005_t005.edf,18,
tusz,tusz_v2.0.6/edf/train/aaaaaron/s005_2014/01_tcp_ar/aaaaaron_s005_t006.edf,18,
tusz,tusz_v2.0.6/edf/train/aaaaaron/s005_2014/01_tcp_ar/aaaaaron_s005_t007.edf,18,
tusz,tusz_v2.0.6/edf/train/aaaaaron/s005_2014/01_tcp_ar/aaaaaron_s005_t008.edf,18,
tusz,tusz_v2.0.6/edf/train/aaaaaron/s005_2014/01_tcp_ar/aaaaaron_s005_t009.edf,18,
tusz,tusz_v2.0.6/edf/train/aaaaaron/s005_2014/01_tcp_ar/aaaaaron_s005_t010.edf,18,
tusz,tusz_v2.0.6/edf/train/aaaaaron/s005_2014/01_tcp_ar/aaaaaron_s005_t011.edf,18,
tusz,tusz_v2.0.6/edf/train/aaaaaron/s007_2014/01_tcp_ar/aaaaaron_s007_t000.edf,18,
tusz,tusz_v2.0.6/edf/train/aaaaaron/s007_2014/01_tcp_ar/aaaaaron_s007_t001.edf,18,
tusz,tusz_v2.0.6/edf/train/aaaaaron/s007_2014/01_tcp_ar/aaaaaron_s007_t002.edf,18,
tusz,tusz_v2.0.6/edf/train/aaaaaron/s007_2014/01_tcp_ar/aaaaaron_s007_t003.edf,18,
tusz,tusz_v2.0.6/edf/train/aaaaaron/s007_2014/01_tcp_ar/aaaaaron_s007_t004.edf,18,
tusz,tusz_v2.0.6/edf/train/aaaaaron/s007_2014/01_tcp_ar/aaaaaron_s007_t005.edf,18,
tusz,tusz_v2.0.6/edf/train/aaaaaron/s007_2014/01_tcp_ar/aaaaaron_s007_t006.edf,18,
tusz,tusz_v2.0.6/edf/train/aaaaaron/s007_2014/01_tcp_ar/aaaaaron_s007_t007.edf,18,
tusz,tusz_v2.0.6/edf/train/aaaaaron/s007_2014/01_tcp_ar/aaaaaron_s007_t008.edf,18,
tusz,tusz_v2.0.6/edf/train/aaaaaron/s007_2014/01_tcp_ar/aaaaaron_s007_t009.edf,18,
tusz,tusz_v2.0.6/edf/train/aaaaaroo/s001_2014/01_tcp_ar/aaaaaroo_s001_t000.edf,18,
tusz,tusz_v2.0.6/edf/train/aaaaaroo/s001_2014/01_tcp_ar/aaaaaroo_s001_t001.edf,18,
tusz,tusz_v2.0.6/edf/train/aaaaaroo/s001_2014/01_tcp_ar/aaaaaroo_s001_t002.edf,18,
tusz,tusz_v2.0.6/edf/train/aaaaaroo/s001_2014/01_tcp_ar/aaaaaroo_s001_t003.edf,18,
tusz,tusz_v2.0.6/edf/train/aaaaaroo/s001_2014/01_tcp_ar/aaaaaroo_s001_t004.edf,18,
tusz,tusz_v2.0.6/edf/train/aaaaaroo/s002_2014/01_tcp_ar/aaaaaroo_s002_t000.edf,18,
tusz,tusz_v2.0.6/edf/train/aaaaaroo/s002_2014/01_tcp_ar/aaaaaroo_s002_t001.edf,18,
tusz,tusz_v2.0.6/edf/train/aaaaaroo/s002_2014/01_tcp_ar/aaaaaroo_s002_t002.edf,18,
tusz,tusz_v2.0.6/edf/train/aaaaaroo/s002_2014/01_tcp_ar/aaaaaroo_s002_t003.edf,18,
tusz,tusz_v2.0.6/edf/train/aaaaaroo/s002_2014/01_tcp_ar/aaaaaroo_s002_t004.edf,18,
tusz,tusz_v2.0.6/edf/train/aaaaaroo/s002_2014/01_tcp_ar/aaaaaroo_s002_t005.edf,18,
tusz,tusz_v2.0.6/edf/train/aaaaaroo/s002_2014/01_tcp_ar/aaaaaroo_s002_t006.edf,18,
tusz,tusz_v2.0.6/edf/train/aaaaaroo/s002_2014/01_tcp_ar/aaaaaroo_s002_t007.edf,18,
tusz,tusz_v2.0.6/edf/train/aaaaaroo/s002_2014/01_tcp_ar/aaaaaroo_s002_t008.edf,18,
tusz,tusz_v2.0.6/edf/train/aaaaaroo/s002_2014/01_tcp_ar/aaaaaroo_s002_t009.edf,18,
tusz,tusz_v2.0.6/edf/train/aaaaaroo/s002_2014/01_tcp_ar/aaaaaroo_s002_t010.edf,18,
tusz,tusz_v2.0.6/edf/train/aaaaaroo/s002_2014/01_tcp_ar/aaaaaroo_s002_t011.edf,18,
tusz,tusz_v2.0.6/edf/train/aaaaaroo/s002_2014/01_tcp_ar/aaaaaroo_s002_t012.edf,18,
tusz,tusz_v2.0.6/edf/train/aaaaaroo/s002_2014/01_tcp_ar/aaaaaroo_s002_t013.edf,18,
tusz,tusz_v2.0.6/edf/train/aaaaaroo/s002_2014/01_tcp_ar/aaaaaroo_s002_t014.edf,18,
tusz,tusz_v2.0.6/edf/train/aaaaaroo/s002_2014/01_tcp_ar/aaaaaroo_s002_t015.edf,18,
tusz,tusz_v2.0.6/edf/train/aaaaaroo/s002_2014/01_tcp_ar/aaaaaroo_s002_t016.edf,18,
tusz,tusz_v2.0.6/edf/train/aaaaaroo/s002_2014/01_tcp_ar/aaaaaroo_s002_t017.edf,18,
tusz,tusz_v2.0.6/edf/train/aaaaaroo/s003_2014/01_tcp_ar/aaaaaroo_s003_t000.edf,18,
tusz,tusz_v2.0.6/edf/train/aaaaaroo/s003_2014/01_tcp_ar/aaaaaroo_s003_t001.edf,18,
tusz,tusz_v2.0.6/edf/train/aaaaaroo/s003_2014/01_tcp_ar/aaaaaroo_s003_t002.edf,18,
tusz,tusz_v2.0.6/edf/train/aaaaaroo/s003_2014/01_tcp_ar/aaaaaroo_s003_t003.edf,18,
tusz,tusz_v2.0.6/edf/train/aaaaaroo/s003_2014/01_tcp_ar/aaaaaroo_s003_t004.edf,18,
tusz,tusz_v2.0.6/edf/train/aaaaaroo/s004_2014/01_tcp_ar/aaaaaroo_s004_t000.edf,18,
tusz,tusz_v2.0.6/edf/train/aaaaaroo/s004_2014/01_tcp_ar/aaaaaroo_s004_t001.edf,18,
tusz,tusz_v2.0.6/edf/train/aaaaaroo/s004_2014/01_tcp_ar/aaaaaroo_s004_t002.edf,18,
tusz,tusz_v2.0.6/edf/train/aaaaaroo/s004_2014/01_tcp_ar/aaaaaroo_s004_t003.edf,18,
tusz,tusz_v2.0.6/edf/train/aaaaaroo/s004_2014/01_tcp_ar/aaaaaroo_s004_t004.edf,18,
tusz,tusz_v2.0.6/edf/train/aaaaaroo/s004_2014/01_tcp_ar/aaaaaroo_s004_t005.edf,18,
tusz,tusz_v2.0.6/edf/train/aaaaaroo/s005_2014/01_tcp_ar/aaaaaroo_s005_t000.edf,18,
tusz,tusz_v2.0.6/edf/train/aaaaaroo/s005_2014/01_tcp_ar/aaaaaroo_s005_t001.edf,18,
tusz,tusz_v2.0.6/edf/train/aaaaaroo/s005_2014/01_tcp_ar/aaaaaroo_s005_t002.edf,18,
tusz,tusz_v2.0.6/edf/train/aaaaaroo/s005_2014/01_tcp_ar/aaaaaroo_s005_t003.edf,18,
tusz,tusz_v2.0.6/edf/train/aaaaaroo/s005_2014/01_tcp_ar/aaaaaroo_s005_t004.edf,18,
tusz,tusz_v2.0.6/edf/train/aaaaaroo/s005_2014/01_tcp_ar/aaaaaroo_s005_t005.edf,18,
tusz,tusz_v2.0.6/edf/train/aaaaaroo/s005_2014/01_tcp_ar/aaaaaroo_s005_t006.edf,18,
tusz,tusz_v2.0.6/edf/train/aaaaaroo/s005_2014/01_tcp_ar/aaaaaroo_s005_t007.edf,18,
tusz,tusz_v2.0.6/edf/train/aaaaaroo/s006_2014/01_tcp_ar/aaaaaroo_s006_t000.edf,18,
tusz,tusz_v2.0.6/edf/train/aaaaaroo/s006_2014/01_tcp_ar/aaaaaroo_s006_t001.edf,18,
tusz,tusz_v2.0.6/edf/train/aaaaaroo/s006_2014/01_tcp_ar/aaaaaroo_s006_t002.edf,18,
tusz,tusz_v2.0.6/edf/train/aaaaaroo/s006_2014/01_tcp_ar/aaaaaroo_s006_t003.edf,18,
tusz,tusz_v2.0.6/edf/train/aaaaaroo/s006_2014/01_tcp_ar/aaaaaroo_s006_t004.edf,18,
tusz,tusz_v2.0.6/edf/train/aaaaaroo/s006_2014/01_tcp_ar/aaaaaroo_s006_t005.edf,18,
tusz,tusz_v2.0.6/edf/train/aaaaaroo/s006_2014/01_tcp_ar/aaaaaroo_s006_t006.edf,18,
tusz,tusz_v2.0.6/edf/train/aaaaaroo/s007_2014/01_tcp_ar/aaaaaroo_s007_t000.edf,18,
tusz,tusz_v2.0.6/edf/train/aaaaaroo/s007_2014/01_tcp_ar/aaaaaroo_s007_t001.edf,18,
tusz,tusz_v2.0.6/edf/train/aaaaaroo/s007_2014/01_tcp_ar/aaaaaroo_s007_t002.edf,18,
tusz,tusz_v2.0.6/edf/train/aaaaaroo/s007_2014/01_tcp_ar/aaaaaroo_s007_t003.edf,18,
tusz,tusz_v2.0.6/edf/train/aaaaaroo/s007_2014/01_tcp_ar/aaaaaroo_s007_t004.edf,18,
tusz,tusz_v2.0.6/edf/train/aaaaaroo/s007_2014/01_tcp_ar/aaaaaroo_s007_t005.edf,18,
tusz,tusz_v2.0.6/edf/train/aaaaaroo/s007_2014/01_tcp_ar/aaaaaroo_s007_t006.edf,18,
tusz,tusz_v2.0.6/edf/train/aaaaaroo/s007_2014/01_tcp_ar/aaaaaroo_s007_t007.edf,18,
tusz,tusz_v2.0.6/edf/train/aaaaaroo/s007_2014/01_tcp_ar/aaaaaroo_s007_t008.edf,18,
tusz,tusz_v2.0.6/edf/train/aaaaaroo/s007_2014/01_tcp_ar/aaaaaroo_s007_t009.edf,18,
tusz,tusz_v2.0.6/edf/train/aaaaaroo/s007_2014/01_tcp_ar/aaaaaroo_s007_t010.edf,18,
tusz,tusz_v2.0.6/edf/train/aaaaaror/s003_2014/01_tcp_ar/aaaaaror_s003_t001.edf,18,
tusz,tusz_v2.0.6/edf/train/aaaaarqg/s001_2014/01_tcp_ar/aaaaarqg_s001_t000.edf,18,
tusz,tusz_v2.0.6/edf/train/aaaaarqg/s001_2014/01_tcp_ar/aaaaarqg_s001_t001.edf,18,
tusz,tusz_v2.0.6/edf/train/aaaaarqh/s001_2014/01_tcp_ar/aaaaarqh_s001_t000.edf,18,
tusz,tusz_v2.0.6/edf/train/aaaaarqh/s001_2014/01_tcp_ar/aaaaarqh_s001_t001.edf,18,
tusz,tusz_v2.0.6/edf/train/aaaaarqh/s001_2014/01_tcp_ar/aaaaarqh_s001_t002.edf,18,
tusz,tusz_v2.0.6/edf/train/aaaaarqh/s002_2014/01_tcp_ar/aaaaarqh_s002_t000.edf,18,
tusz,tusz_v2.0.6/edf/train/aaaaarqh/s002_2014/01_tcp_ar/aaaaarqh_s002_t001.edf,18,
tusz,tusz_v2.0.6/edf/train/aaaaarqh/s002_2014/01_tcp_ar/aaaaarqh_s002_t002.edf,18,
tusz,tusz_v2.0.6/edf/train/aaaaarqh/s002_2014/01_tcp_ar/aaaaarqh_s002_t003.edf,18,
tusz,tusz_v2.0.6/edf/train/aaaaarqh/s002_2014/01_tcp_ar/aaaaarqh_s002_t005.edf,18,
tusz,tusz_v2.0.6/edf/train/aaaaarqh/s002_2014/01_tcp_ar/aaaaarqh_s002_t006.edf,18,
tusz,tusz_v2.0.6/edf/train/aaaaarqh/s002_2014/01_tcp_ar/aaaaarqh_s002_t007.edf,18,
tusz,tusz_v2.0.6/edf/train/aaaaarqh/s002_2014/01_tcp_ar/aaaaarqh_s002_t008.edf,18,
tusz,tusz_v2.0.6/edf/train/aaaaarqh/s002_2014/01_tcp_ar/aaaaarqh_s002_t009.edf,18,
tusz,tusz_v2.0.6/edf/train/aaaaarqh/s003_2014/01_tcp_ar/aaaaarqh_s003_t000.edf,18,
tusz,tusz_v2.0.6/edf/train/aaaaarqh/s003_2014/01_tcp_ar/aaaaarqh_s003_t001.edf,18,
tusz,tusz_v2.0.6/edf/train/aaaaarqh/s003_2014/01_tcp_ar/aaaaarqh_s003_t002.edf,18,
tusz,tusz_v2.0.6/edf/train/aaaaarqh/s003_2014/01_tcp_ar/aaaaarqh_s003_t004.edf,18,
tusz,tusz_v2.0.6/edf/train/aaaaarqh/s003_2014/01_tcp_ar/aaaaarqh_s003_t005.edf,18,
tusz,tusz_v2.0.6/edf/train/aaaaarqt/s003_2014/01_tcp_ar/aaaaarqt_s003_t000.edf,18,
tusz,tusz_v2.0.6/edf/train/aaaaarqt/s003_2014/01_tcp_ar/aaaaarqt_s003_t001.edf,18,
tusz,tusz_v2.0.6/edf/train/aaaaarqt/s003_2014/01_tcp_ar/aaaaarqt_s003_t002.edf,18,
tusz,tusz_v2.0.6/edf/train/aaaaarqt/s003_2014/01_tcp_ar/aaaaarqt_s003_t003.edf,18,
tusz,tusz_v2.0.6/edf/train/aaaaarqt/s003_2014/01_tcp_ar/aaaaarqt_s003_t004.edf,18,
tusz,tusz_v2.0.6/edf/train/aaaaarqt/s003_2014/01_tcp_ar/aaaaarqt_s003_t005.edf,18,
tusz,tusz_v2.0.6/edf/train/aaaaarqt/s003_2014/01_tcp_ar/aaaaarqt_s003_t006.edf,18,
tusz,tusz_v2.0.6/edf/train/aaaaarqt/s003_2014/01_tcp_ar/aaaaarqt_s003_t007.edf,18,
tusz,tusz_v2.0.6/edf/train/aaaaarsm/s001_2014/01_tcp_ar/aaaaarsm_s001_t000.edf,18,
tusz,tusz_v2.0.6/edf/train/aaaaarsm/s002_2014/01_tcp_ar/aaaaarsm_s002_t000.edf,18,
tusz,tusz_v2.0.6/edf/train/aaaaarsm/s002_2014/01_tcp_ar/aaaaarsm_s002_t001.edf,18,
tusz,tusz_v2.0.6/edf/train/aaaaarsm/s002_2014/01_tcp_ar/aaaaarsm_s002_t002.edf,18,
tusz,tusz_v2.0.6/edf/train/aaaaarsm/s002_2014/01_tcp_ar/aaaaarsm_s002_t003.edf,18,
tusz,tusz_v2.0.6/edf/train/aaaaarsm/s002_2014/01_tcp_ar/aaaaarsm_s002_t004.edf,18,
tusz,tusz_v2.0.6/edf/train/aaaaarsm/s002_2014/01_tcp_ar/aaaaarsm_s002_t005.edf,18,
tusz,tusz_v2.0.6/edf/train/aaaaarsm/s002_2014/01_tcp_ar/aaaaarsm_s002_t006.edf,18,
tusz,tusz_v2.0.6/edf/train/aaaaarsm/s002_2014/01_tcp_ar/aaaaarsm_s002_t007.edf,18,
tusz,tusz_v2.0.6/edf/train/aaaaarsm/s002_2014/01_tcp_ar/aaaaarsm_s002_t008.edf,18,
tusz,tusz_v2.0.6/edf/train/aaaaarsm/s002_2014/01_tcp_ar/aaaaarsm_s002_t009.edf,18,
tusz,tusz_v2.0.6/edf/train/aaaaarsm/s002_2014/01_tcp_ar/aaaaarsm_s002_t010.edf,18,
tusz,tusz_v2.0.6/edf/train/aaaaarsm/s002_2014/01_tcp_ar/aaaaarsm_s002_t011.edf,18,
tusz,tusz_v2.0.6/edf/train/aaaaarsm/s002_2014/01_tcp_ar/aaaaarsm_s002_t012.edf,18,
tusz,tusz_v2.0.6/edf/train/aaaaarsm/s002_2014/01_tcp_ar/aaaaarsm_s002_t013.edf,18,
tusz,tusz_v2.0.6/edf/train/aaaaarsm/s002_2014/01_tcp_ar/aaaaarsm_s002_t014.edf,18,
tusz,tusz_v2.0.6/edf/train/aaaaarsm/s003_2014/01_tcp_ar/aaaaarsm_s003_t000.edf,18,
tusz,tusz_v2.0.6/edf/train/aaaaarsm/s003_2014/01_tcp_ar/aaaaarsm_s003_t001.edf,18,
tusz,tusz_v2.0.6/edf/train/aaaaarsm/s003_2014/01_tcp_ar/aaaaarsm_s003_t002.edf,18,
tusz,tusz_v2.0.6/edf/train/aaaaarsm/s004_2014/01_tcp_ar/aaaaarsm_s004_t000.edf,18,
tusz,tusz_v2.0.6/edf/train/aaaaarsm/s004_2014/01_tcp_ar/aaaaarsm_s004_t001.edf,18,
tusz,tusz_v2.0.6/edf/train/aaaaarsm/s004_2014/01_tcp_ar/aaaaarsm_s004_t002.edf,18,
tusz,tusz_v2.0.6/edf/train/aaaaarsm/s004_2014/01_tcp_ar/aaaaarsm_s004_t003.edf,18,
tusz,tusz_v2.0.6/edf/train/aaaaarsm/s005_2014/01_tcp_ar/aaaaarsm_s005_t001.edf,18,
tusz,tusz_v2.0.6/edf/train/aaaaarsm/s006_2014/01_tcp_ar/aaaaarsm_s006_t000.edf,18,
tusz,tusz_v2.0.6/edf/train/aaaaarsm/s006_2014/01_tcp_ar/aaaaarsm_s006_t001.edf,18,
tusz,tusz_v2.0.6/edf/train/aaaaarsm/s006_2014/01_tcp_ar/aaaaarsm_s006_t002.edf,18,
tusz,tusz_v2.0.6/edf/train/aaaaarsm/s006_2014/01_tcp_ar/aaaaarsm_s006_t003.edf,18,
tusz,tusz_v2.0.6/edf/train/aaaaarsm/s006_2014/01_tcp_ar/aaaaarsm_s006_t004.edf,18,
tusz,tusz_v2.0.6/edf/train/aaaaarsm/s006_2014/01_tcp_ar/aaaaarsm_s006_t005.edf,18,
tusz,tusz_v2.0.6/edf/train/aaaaarsm/s006_2014/01_tcp_ar/aaaaarsm_s006_t006.edf,18,
tusz,tusz_v2.0.6/edf/train/aaaaarsm/s006_2014/01_tcp_ar/aaaaarsm_s006_t007.edf,18,
tusz,tusz_v2.0.6/edf/train/aaaaarsm/s007_2014/01_tcp_ar/aaaaarsm_s007_t000.edf,18,
tusz,tusz_v2.0.6/edf/train/aaaaarsm/s007_2014/01_tcp_ar/aaaaarsm_s007_t001.edf,18,
tusz,tusz_v2.0.6/edf/train/aaaaarsm/s007_2014/01_tcp_ar/aaaaarsm_s007_t002.edf,18,
tusz,tusz_v2.0.6/edf/train/aaaaarsm/s007_2014/01_tcp_ar/aaaaarsm_s007_t003.edf,18,
tusz,tusz_v2.0.6/edf/train/aaaaarsm/s007_2014/01_tcp_ar/aaaaarsm_s007_t004.edf,18,
tusz,tusz_v2.0.6/edf/train/aaaaarsm/s007_2014/01_tcp_ar/aaaaarsm_s007_t005.edf,18,
tusz,tusz_v2.0.6/edf/train/aaaaarsm/s007_2014/01_tcp_ar/aaaaarsm_s007_t006.edf,18,
tusz,tusz_v2.0.6/edf/train/aaaaarsm/s007_2014/01_tcp_ar/aaaaarsm_s007_t007.edf,18,
tusz,tusz_v2.0.6/edf/train/aaaaarsm/s008_2014/01_tcp_ar/aaaaarsm_s008_t000.edf,18,
tusz,tusz_v2.0.6/edf/train/aaaaarsm/s008_2014/01_tcp_ar/aaaaarsm_s008_t001.edf,18,
tusz,tusz_v2.0.6/edf/train/aaaaarsm/s008_2014/01_tcp_ar/aaaaarsm_s008_t002.edf,18,
tusz,tusz_v2.0.6/edf/train/aaaaarsm/s008_2014/01_tcp_ar/aaaaarsm_s008_t003.edf,18,
tusz,tusz_v2.0.6/edf/train/aaaaarsm/s008_2014/01_tcp_ar/aaaaarsm_s008_t004.edf,18,
tusz,tusz_v2.0.6/edf/train/aaaaarsm/s008_2014/01_tcp_ar/aaaaarsm_s008_t005.edf,18,
tusz,tusz_v2.0.6/edf/train/aaaaarsm/s008_2014/01_tcp_ar/aaaaarsm_s008_t006.edf,18,
tusz,tusz_v2.0.6/edf/train/aaaaarso/s005_2014/01_tcp_ar/aaaaarso_s005_t000.edf,18,
tusz,tusz_v2.0.6/edf/train/aaaaarso/s005_2014/01_tcp_ar/aaaaarso_s005_t001.edf,18,
tusz,tusz_v2.0.6/edf/train/aaaaarso/s005_2014/01_tcp_ar/aaaaarso_s005_t002.edf,18,
tusz,tusz_v2.0.6/edf/train/aaaaarso/s005_2014/01_tcp_ar/aaaaarso_s005_t003.edf,18,
tusz,tusz_v2.0.6/edf/train/aaaaarso/s005_2014/01_tcp_ar/aaaaarso_s005_t004.edf,18,
tusz,tusz_v2.0.6/edf/train/aaaaarso/s005_2014/01_tcp_ar/aaaaarso_s005_t005.edf,18,
tusz,tusz_v2.0.6/edf/train/aaaaarso/s005_2014/01_tcp_ar/aaaaarso_s005_t006.edf,18,
tusz,tusz_v2.0.6/edf/train/aaaaarso/s005_2014/01_tcp_ar/aaaaarso_s005_t007.edf,18,
tusz,tusz_v2.0.6/edf/train/aaaaarso/s006_2014/01_tcp_ar/aaaaarso_s006_t000.edf,18,
tusz,tusz_v2.0.6/edf/train/aaaaarso/s006_2014/01_tcp_ar/aaaaarso_s006_t001.edf,18,
tusz,tusz_v2.0.6/edf/train/aaaaarso/s006_2014/01_tcp_ar/aaaaarso_s006_t002.edf,18,
tusz,tusz_v2.0.6/edf/train/aaaaarso/s006_2014/01_tcp_ar/aaaaarso_s006_t003.edf,18,
tusz,tusz_v2.0.6/edf/train/aaaaarso/s006_2014/01_tcp_ar/aaaaarso_s006_t004.edf,18,
tusz,tusz_v2.0.6/edf/train/aaaaarso/s006_2014/01_tcp_ar/aaaaarso_s006_t005.edf,18,
tusz,tusz_v2.0.6/edf/train/aaaaarsv/s001_2014/01_tcp_ar/aaaaarsv_s001_t000.edf,18,
tusz,tusz_v2.0.6/edf/train/aaaaartn/s007_2014/03_tcp_ar_a/aaaaartn_s007_t000.edf,18,
tusz,tusz_v2.0.6/edf/train/aaaaartn/s007_2014/03_tcp_ar_a/aaaaartn_s007_t001.edf,18,
tusz,tusz_v2.0.6/edf/train/aaaaartn/s007_2014/03_tcp_ar_a/aaaaartn_s007_t002.edf,18,
tusz,tusz_v2.0.6/edf/train/aaaaartn/s007_2014/03_tcp_ar_a/aaaaartn_s007_t003.edf,18,
tusz,tusz_v2.0.6/edf/train/aaaaartn/s007_2014/03_tcp_ar_a/aaaaartn_s007_t004.edf,18,
tusz,tusz_v2.0.6/edf/train/aaaaartn/s007_2014/03_tcp_ar_a/aaaaartn_s007_t005.edf,18,
tusz,tusz_v2.0.6/edf/train/aaaaartn/s007_2014/03_tcp_ar_a/aaaaartn_s007_t006.edf,18,
tusz,tusz_v2.0.6/edf/train/aaaaartn/s007_2014/03_tcp_ar_a/aaaaartn_s007_t007.edf,18,
tusz,tusz_v2.0.6/edf/train/aaaaartn/s007_2014/03_tcp_ar_a/aaaaartn_s007_t008.edf,18,
tusz,tusz_v2.0.6/edf/train/aaaaartn/s007_2014/03_tcp_ar_a/aaaaartn_s007_t009.edf,18,
tusz,tusz_v2.0.6/edf/train/aaaaartn/s007_2014/03_tcp_ar_a/aaaaartn_s007_t010.edf,18,
tusz,tusz_v2.0.6/edf/train/aaaaartn/s007_2014/03_tcp_ar_a/aaaaartn_s007_t011.edf,18,
tusz,tusz_v2.0.6/edf/train/aaaaartn/s007_2014/03_tcp_ar_a/aaaaartn_s007_t012.edf,18,
tusz,tusz_v2.0.6/edf/train/aaaaartn/s007_2014/03_tcp_ar_a/aaaaartn_s007_t013.edf,18,
tusz,tusz_v2.0.6/edf/train/aaaaartn/s007_2014/03_tcp_ar_a/aaaaartn_s007_t014.edf,18,
tusz,tusz_v2.0.6/edf/train/aaaaartn/s007_2014/03_tcp_ar_a/aaaaartn_s007_t015.edf,18,
tusz,tusz_v2.0.6/edf/train/aaaaartn/s007_2014/03_tcp_ar_a/aaaaartn_s007_t016.edf,18,
tusz,tusz_v2.0.6/edf/train/aaaaartn/s007_2014/03_tcp_ar_a/aaaaartn_s007_t017.edf,18,
tusz,tusz_v2.0.6/edf/train/aaaaartn/s007_2014/03_tcp_ar_a/aaaaartn_s007_t018.edf,18,
tusz,tusz_v2.0.6/edf/train/aaaaartn/s007_2014/03_tcp_ar_a/aaaaartn_s007_t019.edf,18,
tusz,tusz_v2.0.6/edf/train/aaaaarvi/s001_2014/01_tcp_ar/aaaaarvi_s001_t000.edf,18,
tusz,tusz_v2.0.6/edf/train/aaaaarvi/s001_2014/01_tcp_ar/aaaaarvi_s001_t001.edf,18,
tusz,tusz_v2.0.6/edf/train/aaaaarwg/s001_2014/01_tcp_ar/aaaaarwg_s001_t000.edf,18,
tusz,tusz_v2.0.6/edf/train/aaaaarwg/s001_2014/01_tcp_ar/aaaaarwg_s001_t001.edf,18,
tusz,tusz_v2.0.6/edf/train/aaaaasar/s002_2015/01_tcp_ar/aaaaasar_s002_t000.edf,18,
tusz,tusz_v2.0.6/edf/train/aaaaasby/s001_2014/01_tcp_ar/aaaaasby_s001_t000.edf,18,
tusz,tusz_v2.0.6/edf/train/aaaaascj/s002_2014/01_tcp_ar/aaaaascj_s002_t000.edf,18,
tusz,tusz_v2.0.6/edf/train/aaaaascj/s002_2014/01_tcp_ar/aaaaascj_s002_t001.edf,18,
tusz,tusz_v2.0.6/edf/train/aaaaascj/s004_2014/01_tcp_ar/aaaaascj_s004_t000.edf,18,
tusz,tusz_v2.0.6/edf/train/aaaaascj/s004_2014/01_tcp_ar/aaaaascj_s004_t001.edf,18,
tusz,tusz_v2.0.6/edf/train/aaaaascj/s004_2014/01_tcp_ar/aaaaascj_s004_t002.edf,18,
tusz,tusz_v2.0.6/edf/train/aaaaascj/s004_2014/01_tcp_ar/aaaaascj_s004_t003.edf,18,
tusz,tusz_v2.0.6/edf/train/aaaaascj/s004_2014/01_tcp_ar/aaaaascj_s004_t004.edf,18,
tusz,tusz_v2.0.6/edf/train/aaaaascj/s004_2014/01_tcp_ar/aaaaascj_s004_t005.edf,18,
tusz,tusz_v2.0.6/edf/train/aaaaascj/s004_2014/01_tcp_ar/aaaaascj_s004_t006.edf,18,
tusz,tusz_v2.0.6/edf/train/aaaaascj/s006_2014/01_tcp_ar/aaaaascj_s006_t000.edf,18,
tusz,tusz_v2.0.6/edf/train/aaaaascj/s006_2014/01_tcp_ar/aaaaascj_s006_t001.edf,18,
tusz,tusz_v2.0.6/edf/train/aaaaascj/s006_2014/01_tcp_ar/aaaaascj_s006_t002.edf,18,
tusz,tusz_v2.0.6/edf/train/aaaaascj/s006_2014/01_tcp_ar/aaaaascj_s006_t003.edf,18,
tusz,tusz_v2.0.6/edf/train/aaaaascj/s006_2014/01_tcp_ar/aaaaascj_s006_t004.edf,18,
tusz,tusz_v2.0.6/edf/train/aaaaascj/s006_2014/01_tcp_ar/aaaaascj_s006_t005.edf,18,
tusz,tusz_v2.0.6/edf/train/aaaaascj/s006_2014/01_tcp_ar/aaaaascj_s006_t006.edf,18,
tusz,tusz_v2.0.6/edf/train/aaaaascj/s006_2014/01_tcp_ar/aaaaascj_s006_t007.edf,18,
tusz,tusz_v2.0.6/edf/train/aaaaascj/s006_2014/01_tcp_ar/aaaaascj_s006_t008.edf,18,
tusz,tusz_v2.0.6/edf/train/aaaaascj/s006_2014/01_tcp_ar/aaaaascj_s006_t009.edf,18,
tusz,tusz_v2.0.6/edf/train/aaaaascj/s006_2014/01_tcp_ar/aaaaascj_s006_t010.edf,18,
tusz,tusz_v2.0.6/edf/train/aaaaascj/s007_2014/01_tcp_ar/aaaaascj_s007_t000.edf,18,
tusz,tusz_v2.0.6/edf/train/aaaaascj/s007_2014/01_tcp_ar/aaaaascj_s007_t001.edf,18,
tusz,tusz_v2.0.6/edf/train/aaaaascj/s007_2014/01_tcp_ar/aaaaascj_s007_t002.edf,18,
tusz,tusz_v2.0.6/edf/train/aaaaascj/s007_2014/01_tcp_ar/aaaaascj_s007_t003.edf,18,
tusz,tusz_v2.0.6/edf/train/aaaaascj/s007_2014/01_tcp_ar/aaaaascj_s007_t004.edf,18,
tusz,tusz_v2.0.6/edf/train/aaaaascj/s007_2014/01_tcp_ar/aaaaascj_s007_t005.edf,18,
tusz,tusz_v2.0.6/edf/train/aaaaascj/s007_2014/01_tcp_ar/aaaaascj_s007_t006.edf,18,
tusz,tusz_v2.0.6/edf/train/aaaaascj/s007_2014/01_tcp_ar/aaaaascj_s007_t007.edf,18,
tusz,tusz_v2.0.6/edf/train/aaaaascj/s007_2014/01_tcp_ar/aaaaascj_s007_t008.edf,18,
tusz,tusz_v2.0.6/edf/train/aaaaascj/s007_2014/01_tcp_ar/aaaaascj_s007_t009.edf,18,
tusz,tusz_v2.0.6/edf/train/aaaaascj/s008_2014/01_tcp_ar/aaaaascj_s008_t000.edf,18,
tusz,tusz_v2.0.6/edf/train/aaaaascj/s008_2014/01_tcp_ar/aaaaascj_s008_t001.edf,18,
tusz,tusz_v2.0.6/edf/train/aaaaascj/s008_2014/01_tcp_ar/aaaaascj_s008_t002.edf,18,
tusz,tusz_v2.0.6/edf/train/aaaaascj/s008_2014/01_tcp_ar/aaaaascj_s008_t003.edf,18,
tusz,tusz_v2.0.6/edf/train/aaaaascj/s008_2014/01_tcp_ar/aaaaascj_s008_t004.edf,18,
tusz,tusz_v2.0.6/edf/train/aaaaasdq/s002_2014/03_tcp_ar_a/aaaaasdq_s002_t000.edf,18,
tusz,tusz_v2.0.6/edf/train/aaaaasdq/s002_2014/03_tcp_ar_a/aaaaasdq_s002_t001.edf,18,
tusz,tusz_v2.0.6/edf/train/aaaaasdq/s002_2014/03_tcp_ar_a/aaaaasdq_s002_t002.edf,18,
tusz,tusz_v2.0.6/edf/train/aaaaasdq/s002_2014/03_tcp_ar_a/aaaaasdq_s002_t003.edf,18,
tusz,tusz_v2.0.6/edf/train/aaaaasdq/s002_2014/03_tcp_ar_a/aaaaasdq_s002_t004.edf,18,
tusz,tusz_v2.0.6/edf/train/aaaaasdq/s002_2014/03_tcp_ar_a/aaaaasdq_s002_t005.edf,18,
tusz,tusz_v2.0.6/edf/train/aaaaasdq/s002_2014/03_tcp_ar_a/aaaaasdq_s002_t006.edf,18,
tusz,tusz_v2.0.6/edf/train/aaaaasdq/s002_2014/03_tcp_ar_a/aaaaasdq_s002_t007.edf,18,
tusz,tusz_v2.0.6/edf/train/aaaaasdq/s004_2014/03_tcp_ar_a/aaaaasdq_s004_t000.edf,18,
tusz,tusz_v2.0.6/edf/train/aaaaasdq/s004_2014/03_tcp_ar_a/aaaaasdq_s004_t001.edf,18,
tusz,tusz_v2.0.6/edf/train/aaaaasdq/s004_2014/03_tcp_ar_a/aaaaasdq_s004_t003.edf,18,
tusz,tusz_v2.0.6/edf/train/aaaaasdq/s004_2014/03_tcp_ar_a/aaaaasdq_s004_t006.edf,18,
tusz,tusz_v2.0.6/edf/train/aaaaasdq/s004_2014/03_tcp_ar_a/aaaaasdq_s004_t007.edf,18,
tusz,tusz_v2.0.6/edf/train/aaaaasdq/s004_2014/03_tcp_ar_a/aaaaasdq_s004_t008.edf,18,
tusz,tusz_v2.0.6/edf/train/aaaaasdq/s004_2014/03_tcp_ar_a/aaaaasdq_s004_t009.edf,18,
tusz,tusz_v2.0.6/edf/train/aaaaasdq/s004_2014/03_tcp_ar_a/aaaaasdq_s004_t010.edf,18,
tusz,tusz_v2.0.6/edf/train/aaaaasdq/s005_2014/03_tcp_ar_a/aaaaasdq_s005_t000.edf,18,
tusz,tusz_v2.0.6/edf/train/aaaaasdq/s005_2014/03_tcp_ar_a/aaaaasdq_s005_t001.edf,18,
tusz,tusz_v2.0.6/edf/train/aaaaasdq/s005_2014/03_tcp_ar_a/aaaaasdq_s005_t002.edf,18,
tusz,tusz_v2.0.6/edf/train/aaaaasdq/s005_2014/03_tcp_ar_a/aaaaasdq_s005_t003.edf,18,
tusz,tusz_v2.0.6/edf/train/aaaaasdq/s005_2014/03_tcp_ar_a/aaaaasdq_s005_t004.edf,18,
tusz,tusz_v2.0.6/edf/train/aaaaasdq/s005_2014/03_tcp_ar_a/aaaaasdq_s005_t005.edf,18,
tusz,tusz_v2.0.6/edf/train/aaaaasdq/s006_2014/03_tcp_ar_a/aaaaasdq_s006_t000.edf,18,
tusz,tusz_v2.0.6/edf/train/aaaaasdq/s006_2014/03_tcp_ar_a/aaaaasdq_s006_t001.edf,18,
tusz,tusz_v2.0.6/edf/train/aaaaasdq/s006_2014/03_tcp_ar_a/aaaaasdq_s006_t002.edf,18,
tusz,tusz_v2.0.6/edf/train/aaaaasdq/s006_2014/03_tcp_ar_a/aaaaasdq_s006_t003.edf,18,
tusz,tusz_v2.0.6/edf/train/aaaaasdq/s006_2014/03_tcp_ar_a/aaaaasdq_s006_t004.edf,18,
tusz,tusz_v2.0.6/edf/train/aaaaasdq/s006_2014/03_tcp_ar_a/aaaaasdq_s006_t005.edf,18,
tusz,tusz_v2.0.6/edf/train/aaaaasdq/s006_2014/03_tcp_ar_a/aaaaasdq_s006_t006.edf,18,
tusz,tusz_v2.0.6/edf/train/aaaaasdq/s006_2014/03_tcp_ar_a/aaaaasdq_s006_t007.edf,18,
tusz,tusz_v2.0.6/edf/train/aaaaasdq/s006_2014/03_tcp_ar_a/aaaaasdq_s006_t008.edf,18,
tusz,tusz_v2.0.6/edf/train/aaaaasdq/s006_2014/03_tcp_ar_a/aaaaasdq_s006_t009.edf,18,
tusz,tusz_v2.0.6/edf/train/aaaaasdq/s007_2014/03_tcp_ar_a/aaaaasdq_s007_t000.edf,18,
tusz,tusz_v2.0.6/edf/train/aaaaasdq/s007_2014/03_tcp_ar_a/aaaaasdq_s007_t001.edf,18,
tusz,tusz_v2.0.6/edf/train/aaaaasjh/s001_2015/01_tcp_ar/aaaaasjh_s001_t001.edf,18,
tusz,tusz_v2.0.6/edf/train/aaaaasjh/s001_2015/01_tcp_ar/aaaaasjh_s001_t002.edf,18,
tusz,tusz_v2.0.6/edf/train/aaaaasjq/s004_2014/03_tcp_ar_a/aaaaasjq_s004_t000.edf,18,
tusz,tusz_v2.0.6/edf/train/aaaaasjq/s004_2014/03_tcp_ar_a/aaaaasjq_s004_t001.edf,18,
tusz,tusz_v2.0.6/edf/train/aaaaasjq/s004_2014/03_tcp_ar_a/aaaaasjq_s004_t002.edf,18,
tusz,tusz_v2.0.6/edf/train/aaaaasjq/s004_2014/03_tcp_ar_a/aaaaasjq_s004_t003.edf,18,
tusz,tusz_v2.0.6/edf/train/aaaaasjq/s004_2014/03_tcp_ar_a/aaaaasjq_s004_t004.edf,18,
tusz,tusz_v2.0.6/edf/train/aaaaasjq/s004_2014/03_tcp_ar_a/aaaaasjq_s004_t005.edf,18,
tusz,tusz_v2.0.6/edf/train/aaaaasjq/s004_2014/03_tcp_ar_a/aaaaasjq_s004_t006.edf,18,
tusz,tusz_v2.0.6/edf/train/aaaaasjq/s004_2014/03_tcp_ar_a/aaaaasjq_s004_t007.edf,18,
tusz,tusz_v2.0.6/edf/train/aaaaasjq/s004_2014/03_tcp_ar_a/aaaaasjq_s004_t008.edf,18,
tusz,tusz_v2.0.6/edf/train/aaaaasjq/s004_2014/03_tcp_ar_a/aaaaasjq_s004_t009.edf,18,
tusz,tusz_v2.0.6/edf/train/aaaaasjq/s004_2014/03_tcp_ar_a/aaaaasjq_s004_t010.edf,18,
tusz,tusz_v2.0.6/edf/train/aaaaasjq/s004_2014/03_tcp_ar_a/aaaaasjq_s004_t011.edf,18,
tusz,tusz_v2.0.6/edf/train/aaaaasjq/s004_2014/03_tcp_ar_a/aaaaasjq_s004_t012.edf,18,
tusz,tusz_v2.0.6/edf/train/aaaaasjq/s004_2014/03_tcp_ar_a/aaaaasjq_s004_t013.edf,18,
tusz,tusz_v2.0.6/edf/train/aaaaasjq/s004_2014/03_tcp_ar_a/aaaaasjq_s004_t014.edf,18,
tusz,tusz_v2.0.6/edf/train/aaaaasjq/s004_2014/03_tcp_ar_a/aaaaasjq_s004_t015.edf,18,
tusz,tusz_v2.0.6/edf/train/aaaaasme/s001_2015/01_tcp_ar/aaaaasme_s001_t000.edf,18,
tusz,tusz_v2.0.6/edf/train/aaaaasme/s001_2015/01_tcp_ar/aaaaasme_s001_t001.edf,18,
tusz,tusz_v2.0.6/edf/train/aaaaasme/s003_2015/03_tcp_ar_a/aaaaasme_s003_t000.edf,18,
tusz,tusz_v2.0.6/edf/train/aaaaasme/s003_2015/03_tcp_ar_a/aaaaasme_s003_t001.edf,18,
tusz,tusz_v2.0.6/edf/train/aaaaasme/s003_2015/03_tcp_ar_a/aaaaasme_s003_t002.edf,18,
tusz,tusz_v2.0.6/edf/train/aaaaasme/s003_2015/03_tcp_ar_a/aaaaasme_s003_t003.edf,18,
tusz,tusz_v2.0.6/edf/train/aaaaasme/s003_2015/03_tcp_ar_a/aaaaasme_s003_t004.edf,18,
tusz,tusz_v2.0.6/edf/train/aaaaasme/s003_2015/03_tcp_ar_a/aaaaasme_s003_t005.edf,18,
tusz,tusz_v2.0.6/edf/train/aaaaasme/s003_2015/03_tcp_ar_a/aaaaasme_s003_t006.edf,18,
tusz,tusz_v2.0.6/edf/train/aaaaasme/s003_2015/03_tcp_ar_a/aaaaasme_s003_t007.edf,18,
tusz,tusz_v2.0.6/edf/train/aaaaasme/s003_2015/03_tcp_ar_a/aaaaasme_s003_t008.edf,18,
tusz,tusz_v2.0.6/edf/train/aaaaasme/s004_2015/03_tcp_ar_a/aaaaasme_s004_t000.edf,18,
tusz,tusz_v2.0.6/edf/train/aaaaasme/s004_2015/03_tcp_ar_a/aaaaasme_s004_t001.edf,18,
tusz,tusz_v2.0.6/edf/train/aaaaasme/s004_2015/03_tcp_ar_a/aaaaasme_s004_t002.edf,18,
tusz,tusz_v2.0.6/edf/train/aaaaasme/s004_2015/03_tcp_ar_a/aaaaasme_s004_t003.edf,18,
tusz,tusz_v2.0.6/edf/train/aaaaasme/s004_2015/03_tcp_ar_a/aaaaasme_s004_t004.edf,18,
tusz,tusz_v2.0.6/edf/train/aaaaasme/s004_2015/03_tcp_ar_a/aaaaasme_s004_t005.edf,18,
tusz,tusz_v2.0.6/edf/train/aaaaasme/s004_2015/03_tcp_ar_a/aaaaasme_s004_t006.edf,18,
tusz,tusz_v2.0.6/edf/train/aaaaasme/s005_2015/01_tcp_ar/aaaaasme_s005_t000.edf,18,
tusz,tusz_v2.0.6/edf/train/aaaaasrf/s001_2015/01_tcp_ar/aaaaasrf_s001_t000.edf,18,
tusz,tusz_v2.0.6/edf/train/aaaaasrf/s001_2015/01_tcp_ar/aaaaasrf_s001_t001.edf,18,
tusz,tusz_v2.0.6/edf/train/aaaaassg/s001_2015/01_tcp_ar/aaaaassg_s001_t000.edf,18,
tusz,tusz_v2.0.6/edf/train/aaaaastr/s001_2015/01_tcp_ar/aaaaastr_s001_t000.edf,18,
tusz,tusz_v2.0.6/edf/train/aaaaastr/s002_2015/01_tcp_ar/aaaaastr_s002_t000.edf,18,
tusz,tusz_v2.0.6/edf/train/aaaaastr/s002_2015/01_tcp_ar/aaaaastr_s002_t001.edf,18,
tusz,tusz_v2.0.6/edf/train/aaaaastr/s002_2015/01_tcp_ar/aaaaastr_s002_t002.edf,18,
tusz,tusz_v2.0.6/edf/train/aaaaastr/s002_2015/01_tcp_ar/aaaaastr_s002_t003.edf,18,
tusz,tusz_v2.0.6/edf/train/aaaaastr/s002_2015/01_tcp_ar/aaaaastr_s002_t004.edf,18,
tusz,tusz_v2.0.6/edf/train/aaaaastr/s002_2015/01_tcp_ar/aaaaastr_s002_t005.edf,18,
tusz,tusz_v2.0.6/edf/train/aaaaastr/s002_2015/01_tcp_ar/aaaaastr_s002_t006.edf,18,
tusz,tusz_v2.0.6/edf/train/aaaaastr/s002_2015/01_tcp_ar/aaaaastr_s002_t007.edf,18,
tusz,tusz_v2.0.6/edf/train/aaaaastr/s002_2015/01_tcp_ar/aaaaastr_s002_t008.edf,18,
tusz,tusz_v2.0.6/edf/train/aaaaastr/s002_2015/01_tcp_ar/aaaaastr_s002_t009.edf,18,
tusz,tusz_v2.0.6/edf/train/aaaaastr/s002_2015/01_tcp_ar/aaaaastr_s002_t010.edf,18,
tusz,tusz_v2.0.6/edf/train/aaaaastr/s003_2015/01_tcp_ar/aaaaastr_s003_t000.edf,18,
tusz,tusz_v2.0.6/edf/train/aaaaastr/s003_2015/01_tcp_ar/aaaaastr_s003_t001.edf,18,
tusz,tusz_v2.0.6/edf/train/aaaaastr/s003_2015/01_tcp_ar/aaaaastr_s003_t002.edf,18,
tusz,tusz_v2.0.6/edf/train/aaaaastr/s003_2015/01_tcp_ar/aaaaastr_s003_t003.edf,18,
tusz,tusz_v2.0.6/edf/train/aaaaastr/s003_2015/01_tcp_ar/aaaaastr_s003_t004.edf,18,
tusz,tusz_v2.0.6/edf/train/aaaaastr/s003_2015/01_tcp_ar/aaaaastr_s003_t005.edf,18,
tusz,tusz_v2.0.6/edf/train/aaaaastr/s003_2015/01_tcp_ar/aaaaastr_s003_t006.edf,18,
tusz,tusz_v2.0.6/edf/train/aaaaastr/s003_2015/01_tcp_ar/aaaaastr_s003_t007.edf,18,
tusz,tusz_v2.0.6/edf/train/aaaaastr/s003_2015/01_tcp_ar/aaaaastr_s003_t008.edf,18,
tusz,tusz_v2.0.6/edf/train/aaaaastr/s003_2015/01_tcp_ar/aaaaastr_s003_t009.edf,18,
tusz,tusz_v2.0.6/edf/train/aaaaastr/s003_2015/01_tcp_ar/aaaaastr_s003_t010.edf,18,
tusz,tusz_v2.0.6/edf/train/aaaaastr/s003_2015/01_tcp_ar/aaaaastr_s003_t011.edf,18,
tusz,tusz_v2.0.6/edf/train/aaaaastr/s003_2015/01_tcp_ar/aaaaastr_s003_t012.edf,18,
tusz,tusz_v2.0.6/edf/train/aaaaastr/s003_2015/01_tcp_ar/aaaaastr_s003_t013.edf,18,
tusz,tusz_v2.0.6/edf/train/aaaaasuh/s001_2015/01_tcp_ar/aaaaasuh_s001_t001.edf,18,
tusz,tusz_v2.0.6/edf/train/aaaaasum/s001_2015/01_tcp_ar/aaaaasum_s001_t000.edf,18,
tusz,tusz_v2.0.6/edf/train/aaaaasut/s001_2015/01_tcp_ar/aaaaasut_s001_t000.edf,18,
tusz,tusz_v2.0.6/edf/train/aaaaasut/s001_2015/01_tcp_ar/aaaaasut_s001_t001.edf,18,
tusz,tusz_v2.0.6/edf/train/aaaaasut/s002_2015/01_tcp_ar/aaaaasut_s002_t000.edf,16,Fz-Cz;Cz-Pz
tusz,tusz_v2.0.6/edf/train/aaaaasut/s002_2015/01_tcp_ar/aaaaasut_s002_t001.edf,16,Fz-Cz;Cz-Pz
tusz,tusz_v2.0.6/edf/train/aaaaasut/s002_2015/01_tcp_ar/aaaaasut_s002_t002.edf,16,Fz-Cz;Cz-Pz
tusz,tusz_v2.0.6/edf/train/aaaaasut/s003_2015/01_tcp_ar/aaaaasut_s003_t000.edf,18,
tusz,tusz_v2.0.6/edf/train/aaaaasut/s003_2015/01_tcp_ar/aaaaasut_s003_t001.edf,18,
tusz,tusz_v2.0.6/edf/train/aaaaasut/s003_2015/01_tcp_ar/aaaaasut_s003_t002.edf,18,
tusz,tusz_v2.0.6/edf/train/aaaaasut/s003_2015/01_tcp_ar/aaaaasut_s003_t003.edf,18,
tusz,tusz_v2.0.6/edf/train/aaaaasut/s003_2015/01_tcp_ar/aaaaasut_s003_t004.edf,18,
tusz,tusz_v2.0.6/edf/train/aaaaasut/s003_2015/01_tcp_ar/aaaaasut_s003_t005.edf,18,
tusz,tusz_v2.0.6/edf/train/aaaaasut/s003_2015/01_tcp_ar/aaaaasut_s003_t006.edf,18,
tusz,tusz_v2.0.6/edf/train/aaaaasut/s003_2015/01_tcp_ar/aaaaasut_s003_t007.edf,18,
tusz,tusz_v2.0.6/edf/train/aaaaasut/s003_2015/01_tcp_ar/aaaaasut_s003_t008.edf,18,
tusz,tusz_v2.0.6/edf/train/aaaaasut/s003_2015/01_tcp_ar/aaaaasut_s003_t009.edf,18,
tusz,tusz_v2.0.6/edf/train/aaaaasut/s003_2015/01_tcp_ar/aaaaasut_s003_t010.edf,18,
tusz,tusz_v2.0.6/edf/train/aaaaasut/s003_2015/01_tcp_ar/aaaaasut_s003_t011.edf,18,
tusz,tusz_v2.0.6/edf/train/aaaaasut/s003_2015/01_tcp_ar/aaaaasut_s003_t012.edf,18,
tusz,tusz_v2.0.6/edf/train/aaaaaswl/s001_2015/01_tcp_ar/aaaaaswl_s001_t000.edf,18,
tusz,tusz_v2.0.6/edf/train/aaaaaswt/s001_2015/01_tcp_ar/aaaaaswt_s001_t000.edf,18,
tusz,tusz_v2.0.6/edf/train/aaaaaswt/s001_2015/01_tcp_ar/aaaaaswt_s001_t001.edf,18,
tusz,tusz_v2.0.6/edf/train/aaaaaswt/s001_2015/01_tcp_ar/aaaaaswt_s001_t002.edf,18,
tusz,tusz_v2.0.6/edf/train/aaaaasxu/s001_2015/01_tcp_ar/aaaaasxu_s001_t000.edf,18,
tusz,tusz_v2.0.6/edf/train/aaaaatbr/s001_2015/01_tcp_ar/aaaaatbr_s001_t001.edf,18,
tusz,tusz_v2.0.6/edf/train/aaaaatds/s001_2015/01_tcp_ar/aaaaatds_s001_t000.edf,18,
tusz,tusz_v2.0.6/edf/train/aaaaatds/s001_2015/01_tcp_ar/aaaaatds_s001_t001.edf,18,
tusz,tusz_v2.0.6/edf/train/aaaaatds/s001_2015/01_tcp_ar/aaaaatds_s001_t002.edf,18,
tusz,tusz_v2.0.6/edf/train/aaaaatds/s001_2015/01_tcp_ar/aaaaatds_s001_t003.edf,18,
tusz,tusz_v2.0.6/edf/train/aaaaatds/s001_2015/01_tcp_ar/aaaaatds_s001_t004.edf,18,
tusz,tusz_v2.0.6/edf/train/aaaaatds/s002_2015/01_tcp_ar/aaaaatds_s002_t000.edf,18,
tusz,tusz_v2.0.6/edf/train/aaaaatds/s002_2015/01_tcp_ar/aaaaatds_s002_t001.edf,18,
tusz,tusz_v2.0.6/edf/train/aaaaatds/s002_2015/01_tcp_ar/aaaaatds_s002_t002.edf,18,
tusz,tusz_v2.0.6/edf/train/aaaaatds/s002_2015/01_tcp_ar/aaaaatds_s002_t003.edf,18,
tusz,tusz_v2.0.6/edf/train/aaaaatds/s002_2015/01_tcp_ar/aaaaatds_s002_t004.edf,18,
tusz,tusz_v2.0.6/edf/train/aaaaatds/s002_2015/01_tcp_ar/aaaaatds_s002_t005.edf,18,
tusz,tusz_v2.0.6/edf/train/aaaaatds/s002_2015/01_tcp_ar/aaaaatds_s002_t006.edf,18,
tusz,tusz_v2.0.6/edf/train/aaaaatds/s002_2015/01_tcp_ar/aaaaatds_s002_t007.edf,18,
tusz,tusz_v2.0.6/edf/train/aaaaatds/s002_2015/01_tcp_ar/aaaaatds_s002_t008.edf,18,
tusz,tusz_v2.0.6/edf/train/aaaaatds/s002_2015/01_tcp_ar/aaaaatds_s002_t009.edf,18,
tusz,tusz_v2.0.6/edf/train/aaaaatds/s003_2015/01_tcp_ar/aaaaatds_s003_t000.edf,18,
tusz,tusz_v2.0.6/edf/train/aaaaatds/s003_2015/01_tcp_ar/aaaaatds_s003_t001.edf,18,
tusz,tusz_v2.0.6/edf/train/aaaaatds/s003_2015/01_tcp_ar/aaaaatds_s003_t002.edf,18,
tusz,tusz_v2.0.6/edf/train/aaaaatds/s003_2015/01_tcp_ar/aaaaatds_s003_t003.edf,18,
tusz,tusz_v2.0.6/edf/train/aaaaatds/s003_2015/01_tcp_ar/aaaaatds_s003_t004.edf,18,
tusz,tusz_v2.0.6/edf/train/aaaaatds/s003_2015/01_tcp_ar/aaaaatds_s003_t005.edf,18,
tusz,tusz_v2.0.6/edf/train/aaaaatds/s003_2015/01_tcp_ar/aaaaatds_s003_t006.edf,18,
tusz,tusz_v2.0.6/edf/train/aaaaatds/s003_2015/01_tcp_ar/aaaaatds_s003_t007.edf,18,
tusz,tusz_v2.0.6/edf/train/aaaaatds/s003_2015/01_tcp_ar/aaaaatds_s003_t008.edf,18,
tusz,tusz_v2.0.6/edf/train/aaaaatds/s003_2015/01_tcp_ar/aaaaatds_s003_t009.edf,18,
tusz,tusz_v2.0.6/edf/train/aaaaatds/s003_2015/01_tcp_ar/aaaaatds_s003_t010.edf,18,
tusz,tusz_v2.0.6/edf/train/aaaaatds/s003_2015/01_tcp_ar/aaaaatds_s003_t011.edf,18,
tusz,tusz_v2.0.6/edf/train/aaaaatds/s004_2015/01_tcp_ar/aaaaatds_s004_t000.edf,18,
tusz,tusz_v2.0.6/edf/train/aaaaatds/s004_2015/01_tcp_ar/aaaaatds_s004_t001.edf,18,
tusz,tusz_v2.0.6/edf/train/aaaaatds/s004_2015/01_tcp_ar/aaaaatds_s004_t002.edf,18,
tusz,tusz_v2.0.6/edf/train/aaaaatds/s004_2015/01_tcp_ar/aaaaatds_s004_t003.edf,18,
tusz,tusz_v2.0.6/edf/train/aaaaatds/s004_2015/01_tcp_ar/aaaaatds_s004_t004.edf,18,
tusz,tusz_v2.0.6/edf/train/aaaaatds/s004_2015/01_tcp_ar/aaaaatds_s004_t005.edf,18,
tusz,tusz_v2.0.6/edf/train/aaaaatds/s004_2015/01_tcp_ar/aaaaatds_s004_t006.edf,18,
tusz,tusz_v2.0.6/edf/train/aaaaatds/s004_2015/01_tcp_ar/aaaaatds_s004_t007.edf,18,
tusz,tusz_v2.0.6/edf/train/aaaaatds/s004_2015/01_tcp_ar/aaaaatds_s004_t008.edf,18,
tusz,tusz_v2.0.6/edf/train/aaaaatds/s004_2015/01_tcp_ar/aaaaatds_s004_t009.edf,18,
tusz,tusz_v2.0.6/edf/train/aaaaatej/s004_2015/03_tcp_ar_a/aaaaatej_s004_t000.edf,18,
tusz,tusz_v2.0.6/edf/train/aaaaatej/s004_2015/03_tcp_ar_a/aaaaatej_s004_t001.edf,18,
tusz,tusz_v2.0.6/edf/train/aaaaatej/s004_2015/03_tcp_ar_a/aaaaatej_s004_t002.edf,18,
tusz,tusz_v2.0.6/edf/train/aaaaatej/s004_2015/03_tcp_ar_a/aaaaatej_s004_t003.edf,18,
tusz,tusz_v2.0.6/edf/train/aaaaatej/s004_2015/03_tcp_ar_a/aaaaatej_s004_t004.edf,18,
tusz,tusz_v2.0.6/edf/train/aaaaatej/s004_2015/03_tcp_ar_a/aaaaatej_s004_t006.edf,18,
tusz,tusz_v2.0.6/edf/train/aaaaatej/s004_2015/03_tcp_ar_a/aaaaatej_s004_t007.edf,18,
tusz,tusz_v2.0.6/edf/train/aaaaatej/s004_2015/03_tcp_ar_a/aaaaatej_s004_t008.edf,18,
tusz,tusz_v2.0.6/edf/train/aaaaatej/s004_2015/03_tcp_ar_a/aaaaatej_s004_t009.edf,18,
tusz,tusz_v2.0.6/edf/train/aaaaatej/s004_2015/03_tcp_ar_a/aaaaatej_s004_t010.edf,18,
tusz,tusz_v2.0.6/edf/train/aaaaatej/s004_2015/03_tcp_ar_a/aaaaatej_s004_t011.edf,18,
tusz,tusz_v2.0.6/edf/train/aaaaatej/s004_2015/03_tcp_ar_a/aaaaatej_s004_t012.edf,18,
tusz,tusz_v2.0.6/edf/train/aaaaatej/s004_2015/03_tcp_ar_a/aaaaatej_s004_t013.edf,18,
tusz,tusz_v2.0.6/edf/train/aaaaatej/s004_2015/03_tcp_ar_a/aaaaatej_s004_t014.edf,18,
tusz,tusz_v2.0.6/edf/train/aaaaatej/s004_2015/03_tcp_ar_a/aaaaatej_s004_t015.edf,18,
tusz,tusz_v2.0.6/edf/train/aaaaatej/s004_2015/03_tcp_ar_a/aaaaatej_s004_t016.edf,18,
tusz,tusz_v2.0.6/edf/train/aaaaatej/s004_2015/03_tcp_ar_a/aaaaatej_s004_t017.edf,18,
tusz,tusz_v2.0.6/edf/train/aaaaatem/s001_2015/01_tcp_ar/aaaaatem_s001_t000.edf,16,Fz-Cz;Cz-Pz
tusz,tusz_v2.0.6/edf/train/aaaaatem/s001_2015/01_tcp_ar/aaaaatem_s001_t001.edf,16,Fz-Cz;Cz-Pz
tusz,tusz_v2.0.6/edf/train/aaaaatem/s001_2015/01_tcp_ar/aaaaatem_s001_t002.edf,16,Fz-Cz;Cz-Pz
tusz,tusz_v2.0.6/edf/train/aaaaatem/s001_2015/01_tcp_ar/aaaaatem_s001_t003.edf,18,
tusz,tusz_v2.0.6/edf/train/aaaaatem/s001_2015/01_tcp_ar/aaaaatem_s001_t004.edf,18,
tusz,tusz_v2.0.6/edf/train/aaaaatem/s001_2015/01_tcp_ar/aaaaatem_s001_t005.edf,18,
tusz,tusz_v2.0.6/edf/train/aaaaatem/s001_2015/01_tcp_ar/aaaaatem_s001_t006.edf,18,
tusz,tusz_v2.0.6/edf/train/aaaaatem/s001_2015/01_tcp_ar/aaaaatem_s001_t007.edf,18,
tusz,tusz_v2.0.6/edf/train/aaaaatem/s001_2015/01_tcp_ar/aaaaatem_s001_t008.edf,18,
tusz,tusz_v2.0.6/edf/train/aaaaatem/s001_2015/01_tcp_ar/aaaaatem_s001_t009.edf,18,
tusz,tusz_v2.0.6/edf/train/aaaaatem/s001_2015/01_tcp_ar/aaaaatem_s001_t010.edf,18,
tusz,tusz_v2.0.6/edf/train/aaaaatem/s001_2015/01_tcp_ar/aaaaatem_s001_t011.edf,18,
tusz,tusz_v2.0.6/edf/train/aaaaatem/s001_2015/01_tcp_ar/aaaaatem_s001_t012.edf,18,
tusz,tusz_v2.0.6/edf/train/aaaaatem/s002_2015/01_tcp_ar/aaaaatem_s002_t000.edf,18,
tusz,tusz_v2.0.6/edf/train/aaaaatem/s002_2015/01_tcp_ar/aaaaatem_s002_t001.edf,18,
tusz,tusz_v2.0.6/edf/train/aaaaatem/s002_2015/01_tcp_ar/aaaaatem_s002_t002.edf,18,
tusz,tusz_v2.0.6/edf/train/aaaaatem/s002_2015/01_tcp_ar/aaaaatem_s002_t003.edf,18,
tusz,tusz_v2.0.6/edf/train/aaaaatem/s002_2015/01_tcp_ar/aaaaatem_s002_t004.edf,18,
tusz,tusz_v2.0.6/edf/train/aaaaatem/s002_2015/01_tcp_ar/aaaaatem_s002_t005.edf,18,
tusz,tusz_v2.0.6/edf/train/aaaaatem/s002_2015/01_tcp_ar/aaaaatem_s002_t006.edf,18,
tusz,tusz_v2.0.6/edf/train/aaaaatem/s003_2015/01_tcp_ar/aaaaatem_s003_t000.edf,18,
tusz,tusz_v2.0.6/edf/train/aaaaatem/s003_2015/01_tcp_ar/aaaaatem_s003_t001.edf,18,
tusz,tusz_v2.0.6/edf/train/aaaaatem/s003_2015/01_tcp_ar/aaaaatem_s003_t002.edf,18,
tusz,tusz_v2.0.6/edf/train/aaaaatem/s003_2015/01_tcp_ar/aaaaatem_s003_t003.edf,18,
tusz,tusz_v2.0.6/edf/train/aaaaatem/s003_2015/01_tcp_ar/aaaaatem_s003_t004.edf,18,
tusz,tusz_v2.0.6/edf/train/aaaaatem/s003_2015/01_tcp_ar/aaaaatem_s003_t005.edf,18,
tusz,tusz_v2.0.6/edf/train/aaaaatem/s003_2015/01_tcp_ar/aaaaatem_s003_t006.edf,18,
tusz,tusz_v2.0.6/edf/train/aaaaatem/s003_2015/01_tcp_ar/aaaaatem_s003_t007.edf,18,
tusz,tusz_v2.0.6/edf/train/aaaaatem/s003_2015/01_tcp_ar/aaaaatem_s003_t008.edf,18,
tusz,tusz_v2.0.6/edf/train/aaaaatem/s003_2015/01_tcp_ar/aaaaatem_s003_t009.edf,18,
tusz,tusz_v2.0.6/edf/train/aaaaatem/s003_2015/01_tcp_ar/aaaaatem_s003_t010.edf,18,
tusz,tusz_v2.0.6/edf/train/aaaaatem/s003_2015/01_tcp_ar/aaaaatem_s003_t011.edf,18,
tusz,tusz_v2.0.6/edf/train/aaaaateq/s001_2015/01_tcp_ar/aaaaateq_s001_t000.edf,18,
tusz,tusz_v2.0.6/edf/train/aaaaateq/s002_2015/01_tcp_ar/aaaaateq_s002_t000.edf,18,
tusz,tusz_v2.0.6/edf/train/aaaaateq/s002_2015/01_tcp_ar/aaaaateq_s002_t001.edf,18,
tusz,tusz_v2.0.6/edf/train/aaaaateq/s002_2015/01_tcp_ar/aaaaateq_s002_t003.edf,18,
tusz,tusz_v2.0.6/edf/train/aaaaateq/s002_2015/01_tcp_ar/aaaaateq_s002_t004.edf,18,
tusz,tusz_v2.0.6/edf/train/aaaaateq/s002_2015/01_tcp_ar/aaaaateq_s002_t005.edf,18,
tusz,tusz_v2.0.6/edf/train/aaaaateq/s002_2015/01_tcp_ar/aaaaateq_s002_t006.edf,18,
tusz,tusz_v2.0.6/edf/train/aaaaateq/s002_2015/01_tcp_ar/aaaaateq_s002_t008.edf,18,
tusz,tusz_v2.0.6/edf/train/aaaaateq/s002_2015/01_tcp_ar/aaaaateq_s002_t009.edf,18,
tusz,tusz_v2.0.6/edf/train/aaaaates/s001_2015/01_tcp_ar/aaaaates_s001_t000.edf,18,
tusz,tusz_v2.0.6/edf/train/aaaaates/s002_2015/01_tcp_ar/aaaaates_s002_t000.edf,18,
tusz,tusz_v2.0.6/edf/train/aaaaates/s002_2015/01_tcp_ar/aaaaates_s002_t001.edf,18,
tusz,tusz_v2.0.6/edf/train/aaaaates/s002_2015/01_tcp_ar/aaaaates_s002_t002.edf,18,
tusz,tusz_v2.0.6/edf/train/aaaaates/s002_2015/01_tcp_ar/aaaaates_s002_t003.edf,18,
tusz,tusz_v2.0.6/edf/train/aaaaates/s002_2015/01_tcp_ar/aaaaates_s002_t004.edf,18,
tusz,tusz_v2.0.6/edf/train/aaaaates/s002_2015/01_tcp_ar/aaaaates_s002_t005.edf,18,
tusz,tusz_v2.0.6/edf/train/aaaaates/s002_2015/01_tcp_ar/aaaaates_s002_t006.edf,18,
tusz,tusz_v2.0.6/edf/train/aaaaates/s002_2015/01_tcp_ar/aaaaates_s002_t008.edf,18,
tusz,tusz_v2.0.6/edf/train/aaaaates/s002_2015/01_tcp_ar/aaaaates_s002_t009.edf,18,
tusz,tusz_v2.0.6/edf/train/aaaaates/s002_2015/01_tcp_ar/aaaaates_s002_t010.edf,18,
tusz,tusz_v2.0.6/edf/train/aaaaates/s003_2015/01_tcp_ar/aaaaates_s003_t000.edf,18,
tusz,tusz_v2.0.6/edf/train/aaaaates/s003_2015/01_tcp_ar/aaaaates_s003_t001.edf,18,
tusz,tusz_v2.0.6/edf/train/aaaaates/s003_2015/01_tcp_ar/aaaaates_s003_t002.edf,18,
tusz,tusz_v2.0.6/edf/train/aaaaates/s003_2015/01_tcp_ar/aaaaates_s003_t003.edf,18,
tusz,tusz_v2.0.6/edf/train/aaaaates/s003_2015/01_tcp_ar/aaaaates_s003_t004.edf,18,
tusz,tusz_v2.0.6/edf/train/aaaaates/s003_2015/01_tcp_ar/aaaaates_s003_t005.edf,18,
tusz,tusz_v2.0.6/edf/train/aaaaates/s003_2015/01_tcp_ar/aaaaates_s003_t006.edf,18,
tusz,tusz_v2.0.6/edf/train/aaaaates/s004_2015/01_tcp_ar/aaaaates_s004_t000.edf,18,
tusz,tusz_v2.0.6/edf/train/aaaaates/s004_2015/01_tcp_ar/aaaaates_s004_t001.edf,18,
tusz,tusz_v2.0.6/edf/train/aaaaates/s004_2015/01_tcp_ar/aaaaates_s004_t002.edf,18,
tusz,tusz_v2.0.6/edf/train/aaaaates/s004_2015/01_tcp_ar/aaaaates_s004_t003.edf,18,
tusz,tusz_v2.0.6/edf/train/aaaaates/s004_2015/01_tcp_ar/aaaaates_s004_t004.edf,18,
tusz,tusz_v2.0.6/edf/train/aaaaates/s004_2015/01_tcp_ar/aaaaates_s004_t005.edf,18,
tusz,tusz_v2.0.6/edf/train/aaaaates/s004_2015/01_tcp_ar/aaaaates_s004_t006.edf,18,
tusz,tusz_v2.0.6/edf/train/aaaaates/s005_2015/01_tcp_ar/aaaaates_s005_t000.edf,18,
tusz,tusz_v2.0.6/edf/train/aaaaates/s005_2015/01_tcp_ar/aaaaates_s005_t001.edf,18,
tusz,tusz_v2.0.6/edf/train/aaaaates/s005_2015/01_tcp_ar/aaaaates_s005_t002.edf,18,
tusz,tusz_v2.0.6/edf/train/aaaaates/s005_2015/01_tcp_ar/aaaaates_s005_t003.edf,18,
tusz,tusz_v2.0.6/edf/train/aaaaates/s005_2015/01_tcp_ar/aaaaates_s005_t004.edf,18,
tusz,tusz_v2.0.6/edf/train/aaaaates/s005_2015/01_tcp_ar/aaaaates_s005_t005.edf,18,
tusz,tusz_v2.0.6/edf/train/aaaaates/s005_2015/01_tcp_ar/aaaaates_s005_t006.edf,18,
tusz,tusz_v2.0.6/edf/train/aaaaates/s005_2015/01_tcp_ar/aaaaates_s005_t007.edf,18,
tusz,tusz_v2.0.6/edf/train/aaaaates/s005_2015/01_tcp_ar/aaaaates_s005_t008.edf,18,
tusz,tusz_v2.0.6/edf/train/aaaaates/s005_2015/01_tcp_ar/aaaaates_s005_t009.edf,18,
tusz,tusz_v2.0.6/edf/train/aaaaates/s007_2015/01_tcp_ar/aaaaates_s007_t000.edf,16,Fz-Cz;Cz-Pz
tusz,tusz_v2.0.6/edf/train/aaaaates/s007_2015/01_tcp_ar/aaaaates_s007_t001.edf,16,Fz-Cz;Cz-Pz
tusz,tusz_v2.0.6/edf/train/aaaaates/s007_2015/01_tcp_ar/aaaaates_s007_t002.edf,16,Fz-Cz;Cz-Pz
tusz,tusz_v2.0.6/edf/train/aaaaates/s007_2015/01_tcp_ar/aaaaates_s007_t003.edf,16,Fz-Cz;Cz-Pz
tusz,tusz_v2.0.6/edf/train/aaaaates/s007_2015/01_tcp_ar/aaaaates_s007_t004.edf,16,Fz-Cz;Cz-Pz
tusz,tusz_v2.0.6/edf/train/aaaaates/s007_2015/01_tcp_ar/aaaaates_s007_t005.edf,16,Fz-Cz;Cz-Pz
tusz,tusz_v2.0.6/edf/train/aaaaates/s007_2015/01_tcp_ar/aaaaates_s007_t006.edf,16,Fz-Cz;Cz-Pz
tusz,tusz_v2.0.6/edf/train/aaaaates/s007_2015/01_tcp_ar/aaaaates_s007_t007.edf,16,Fz-Cz;Cz-Pz
tusz,tusz_v2.0.6/edf/train/aaaaates/s007_2015/01_tcp_ar/aaaaates_s007_t008.edf,16,Fz-Cz;Cz-Pz
tusz,tusz_v2.0.6/edf/train/aaaaates/s007_2015/01_tcp_ar/aaaaates_s007_t009.edf,16,Fz-Cz;Cz-Pz
tusz,tusz_v2.0.6/edf/train/aaaaates/s007_2015/01_tcp_ar/aaaaates_s007_t010.edf,16,Fz-Cz;Cz-Pz
tusz,tusz_v2.0.6/edf/train/aaaaates/s007_2015/01_tcp_ar/aaaaates_s007_t011.edf,16,Fz-Cz;Cz-Pz
tusz,tusz_v2.0.6/edf/train/aaaaates/s009_2015/01_tcp_ar/aaaaates_s009_t000.edf,18,
tusz,tusz_v2.0.6/edf/train/aaaaates/s009_2015/01_tcp_ar/aaaaates_s009_t001.edf,18,
tusz,tusz_v2.0.6/edf/train/aaaaates/s009_2015/01_tcp_ar/aaaaates_s009_t002.edf,18,
tusz,tusz_v2.0.6/edf/train/aaaaates/s009_2015/01_tcp_ar/aaaaates_s009_t003.edf,18,
tusz,tusz_v2.0.6/edf/train/aaaaates/s009_2015/01_tcp_ar/aaaaates_s009_t004.edf,18,
tusz,tusz_v2.0.6/edf/train/aaaaates/s009_2015/01_tcp_ar/aaaaates_s009_t005.edf,18,
tusz,tusz_v2.0.6/edf/train/aaaaates/s009_2015/01_tcp_ar/aaaaates_s009_t006.edf,18,
tusz,tusz_v2.0.6/edf/train/aaaaates/s009_2015/01_tcp_ar/aaaaates_s009_t007.edf,18,
tusz,tusz_v2.0.6/edf/train/aaaaates/s009_2015/01_tcp_ar/aaaaates_s009_t008.edf,18,
tusz,tusz_v2.0.6/edf/train/aaaaates/s009_2015/01_tcp_ar/aaaaates_s009_t009.edf,18,
tusz,tusz_v2.0.6/edf/train/aaaaates/s009_2015/01_tcp_ar/aaaaates_s009_t010.edf,18,
tusz,tusz_v2.0.6/edf/train/aaaaatez/s001_2015/01_tcp_ar/aaaaatez_s001_t000.edf,18,
tusz,tusz_v2.0.6/edf/train/aaaaatez/s002_2015/03_tcp_ar_a/aaaaatez_s002_t000.edf,18,
tusz,tusz_v2.0.6/edf/train/aaaaatez/s002_2015/03_tcp_ar_a/aaaaatez_s002_t001.edf,18,
tusz,tusz_v2.0.6/edf/train/aaaaatez/s006_2015/01_tcp_ar/aaaaatez_s006_t000.edf,18,
tusz,tusz_v2.0.6/edf/train/aaaaatez/s006_2015/01_tcp_ar/aaaaatez_s006_t001.edf,18,
tusz,tusz_v2.0.6/edf/train/aaaaatez/s006_2015/01_tcp_ar/aaaaatez_s006_t002.edf,18,
tusz,tusz_v2.0.6/edf/train/aaaaatez/s006_2015/01_tcp_ar/aaaaatez_s006_t003.edf,18,
tusz,tusz_v2.0.6/edf/train/aaaaatez/s006_2015/01_tcp_ar/aaaaatez_s006_t004.edf,18,
tusz,tusz_v2.0.6/edf/train/aaaaatez/s006_2015/01_tcp_ar/aaaaatez_s006_t005.edf,18,
tusz,tusz_v2.0.6/edf/train/aaaaatez/s006_2015/01_tcp_ar/aaaaatez_s006_t006.edf,18,
tusz,tusz_v2.0.6/edf/train/aaaaatez/s006_2015/01_tcp_ar/aaaaatez_s006_t007.edf,18,
tusz,tusz_v2.0.6/edf/train/aaaaatez/s006_2015/01_tcp_ar/aaaaatez_s006_t008.edf,18,
tusz,tusz_v2.0.6/edf/train/aaaaatez/s006_2015/01_tcp_ar/aaaaatez_s006_t009.edf,18,
tusz,tusz_v2.0.6/edf/train/aaaaatez/s006_2015/01_tcp_ar/aaaaatez_s006_t010.edf,18,
tusz,tusz_v2.0.6/edf/train/aaaaatez/s006_2015/01_tcp_ar/aaaaatez_s006_t011.edf,18,
tusz,tusz_v2.0.6/edf/train/aaaaatez/s006_2015/01_tcp_ar/aaaaatez_s006_t012.edf,18,
tusz,tusz_v2.0.6/edf/train/aaaaatez/s006_2015/01_tcp_ar/aaaaatez_s006_t013.edf,18,
tusz,tusz_v2.0.6/edf/train/aaaaatez/s007_2015/01_tcp_ar/aaaaatez_s007_t000.edf,18,
tusz,tusz_v2.0.6/edf/train/aaaaatez/s007_2015/01_tcp_ar/aaaaatez_s007_t001.edf,18,
tusz,tusz_v2.0.6/edf/train/aaaaatez/s007_2015/01_tcp_ar/aaaaatez_s007_t002.edf,18,
tusz,tusz_v2.0.6/edf/train/aaaaatez/s007_2015/01_tcp_ar/aaaaatez_s007_t003.edf,18,
tusz,tusz_v2.0.6/edf/train/aaaaatez/s007_2015/01_tcp_ar/aaaaatez_s007_t004.edf,18,
tusz,tusz_v2.0.6/edf/train/aaaaatez/s007_2015/01_tcp_ar/aaaaatez_s007_t005.edf,18,
tusz,tusz_v2.0.6/edf/train/aaaaatez/s007_2015/01_tcp_ar/aaaaatez_s007_t006.edf,18,
tusz,tusz_v2.0.6/edf/train/aaaaatez/s007_2015/01_tcp_ar/aaaaatez_s007_t007.edf,18,
tusz,tusz_v2.0.6/edf/train/aaaaatez/s007_2015/01_tcp_ar/aaaaatez_s007_t008.edf,18,
tusz,tusz_v2.0.6/edf/train/aaaaatez/s007_2015/01_tcp_ar/aaaaatez_s007_t009.edf,18,
tusz,tusz_v2.0.6/edf/train/aaaaatez/s007_2015/01_tcp_ar/aaaaatez_s007_t010.edf,18,
tusz,tusz_v2.0.6/edf/train/aaaaatez/s007_2015/01_tcp_ar/aaaaatez_s007_t011.edf,18,
tusz,tusz_v2.0.6/edf/train/aaaaatfe/s001_2015/01_tcp_ar/aaaaatfe_s001_t001.edf,18,
tusz,tusz_v2.0.6/edf/train/aaaaatfe/s001_2015/01_tcp_ar/aaaaatfe_s001_t002.edf,18,
tusz,tusz_v2.0.6/edf/train/aaaaatgk/s001_2015/01_tcp_ar/aaaaatgk_s001_t001.edf,18,
tusz,tusz_v2.0.6/edf/train/aaaaatgl/s001_2015/01_tcp_ar/aaaaatgl_s001_t000.edf,18,
tusz,tusz_v2.0.6/edf/train/aaaaatjh/s002_2015/03_tcp_ar_a/aaaaatjh_s002_t000.edf,18,
tusz,tusz_v2.0.6/edf/train/aaaaatjh/s002_2015/03_tcp_ar_a/aaaaatjh_s002_t001.edf,18,
tusz,tusz_v2.0.6/edf/train/aaaaatjh/s002_2015/03_tcp_ar_a/aaaaatjh_s002_t002.edf,18,
tusz,tusz_v2.0.6/edf/train/aaaaatjh/s002_2015/03_tcp_ar_a/aaaaatjh_s002_t003.edf,18,
tusz,tusz_v2.0.6/edf/train/aaaaatjh/s002_2015/03_tcp_ar_a/aaaaatjh_s002_t004.edf,18,
tusz,tusz_v2.0.6/edf/train/aaaaatjh/s002_2015/03_tcp_ar_a/aaaaatjh_s002_t005.edf,18,
tusz,tusz_v2.0.6/edf/train/aaaaatjh/s002_2015/03_tcp_ar_a/aaaaatjh_s002_t007.edf,18,
tusz,tusz_v2.0.6/edf/train/aaaaatjh/s002_2015/03_tcp_ar_a/aaaaatjh_s002_t008.edf,18,
tusz,tusz_v2.0.6/edf/train/aaaaatjh/s002_2015/03_tcp_ar_a/aaaaatjh_s002_t009.edf,18,
tusz,tusz_v2.0.6/edf/train/aaaaatjh/s002_2015/03_tcp_ar_a/aaaaatjh_s002_t010.edf,18,
tusz,tusz_v2.0.6/edf/train/aaaaatjh/s002_2015/03_tcp_ar_a/aaaaatjh_s002_t011.edf,18,
tusz,tusz_v2.0.6/edf/train/aaaaatjh/s002_2015/03_tcp_ar_a/aaaaatjh_s002_t012.edf,18,
tusz,tusz_v2.0.6/edf/train/aaaaatjh/s002_2015/03_tcp_ar_a/aaaaatjh_s002_t013.edf,18,
tusz,tusz_v2.0.6/edf/train/aaaaatjh/s002_2015/03_tcp_ar_a/aaaaatjh_s002_t014.edf,18,
tusz,tusz_v2.0.6/edf/train/aaaaatjh/s002_2015/03_tcp_ar_a/aaaaatjh_s002_t015.edf,18,
tusz,tusz_v2.0.6/edf/train/aaaaatjh/s002_2015/03_tcp_ar_a/aaaaatjh_s002_t016.edf,18,
tusz,tusz_v2.0.6/edf/train/aaaaatjr/s001_2015/01_tcp_ar/aaaaatjr_s001_t001.edf,18,
tusz,tusz_v2.0.6/edf/train/aaaaatjz/s001_2015/03_tcp_ar_a/aaaaatjz_s001_t000.edf,18,
tusz,tusz_v2.0.6/edf/train/aaaaatjz/s001_2015/03_tcp_ar_a/aaaaatjz_s001_t001.edf,18,
tusz,tusz_v2.0.6/edf/train/aaaaatki/s002_2015/03_tcp_ar_a/aaaaatki_s002_t000.edf,18,
tusz,tusz_v2.0.6/edf/train/aaaaatki/s002_2015/03_tcp_ar_a/aaaaatki_s002_t001.edf,18,
tusz,tusz_v2.0.6/edf/train/aaaaatki/s002_2015/03_tcp_ar_a/aaaaatki_s002_t002.edf,18,
tusz,tusz_v2.0.6/edf/train/aaaaatki/s003_2015/03_tcp_ar_a/aaaaatki_s003_t000.edf,18,
tusz,tusz_v2.0.6/edf/train/aaaaatki/s003_2015/03_tcp_ar_a/aaaaatki_s003_t001.edf,18,
tusz,tusz_v2.0.6/edf/train/aaaaatki/s003_2015/03_tcp_ar_a/aaaaatki_s003_t002.edf,18,
tusz,tusz_v2.0.6/edf/train/aaaaatki/s003_2015/03_tcp_ar_a/aaaaatki_s003_t003.edf,18,
tusz,tusz_v2.0.6/edf/train/aaaaatki/s003_2015/03_tcp_ar_a/aaaaatki_s003_t004.edf,18,
tusz,tusz_v2.0.6/edf/train/aaaaatki/s003_2015/03_tcp_ar_a/aaaaatki_s003_t005.edf,18,
tusz,tusz_v2.0.6/edf/train/aaaaatki/s003_2015/03_tcp_ar_a/aaaaatki_s003_t006.edf,18,
tusz,tusz_v2.0.6/edf/train/aaaaatki/s003_2015/03_tcp_ar_a/aaaaatki_s003_t007.edf,18,
tusz,tusz_v2.0.6/edf/train/aaaaatki/s003_2015/03_tcp_ar_a/aaaaatki_s003_t008.edf,18,
tusz,tusz_v2.0.6/edf/train/aaaaatki/s003_2015/03_tcp_ar_a/aaaaatki_s003_t009.edf,18,
tusz,tusz_v2.0.6/edf/train/aaaaatki/s003_2015/03_tcp_ar_a/aaaaatki_s003_t010.edf,18,
tusz,tusz_v2.0.6/edf/train/aaaaatki/s003_2015/03_tcp_ar_a/aaaaatki_s003_t011.edf,18,
tusz,tusz_v2.0.6/edf/train/aaaaatki/s003_2015/03_tcp_ar_a/aaaaatki_s003_t012.edf,18,
tusz,tusz_v2.0.6/edf/train/aaaaatki/s003_2015/03_tcp_ar_a/aaaaatki_s003_t013.edf,18,
tusz,tusz_v2.0.6/edf/train/aaaaatki/s003_2015/03_tcp_ar_a/aaaaatki_s003_t014.edf,18,
tusz,tusz_v2.0.6/edf/train/aaaaatki/s003_2015/03_tcp_ar_a/aaaaatki_s003_t015.edf,18,
tusz,tusz_v2.0.6/edf/train/aaaaatki/s003_2015/03_tcp_ar_a/aaaaatki_s003_t016.edf,18,
tusz,tusz_v2.0.6/edf/train/aaaaatki/s003_2015/03_tcp_ar_a/aaaaatki_s003_t017.edf,18,
tusz,tusz_v2.0.6/edf/train/aaaaatki/s003_2015/03_tcp_ar_a/aaaaatki_s003_t018.edf,18,
tusz,tusz_v2.0.6/edf/train/aaaaatki/s003_2015/03_tcp_ar_a/aaaaatki_s003_t019.edf,18,
tusz,tusz_v2.0.6/edf/train/aaaaatki/s003_2015/03_tcp_ar_a/aaaaatki_s003_t020.edf,18,
tusz,tusz_v2.0.6/edf/train/aaaaatki/s003_2015/03_tcp_ar_a/aaaaatki_s003_t021.edf,18,
tusz,tusz_v2.0.6/edf/train/aaaaatki/s003_2015/03_tcp_ar_a/aaaaatki_s003_t022.edf,18,
tusz,tusz_v2.0.6/edf/train/aaaaatki/s003_2015/03_tcp_ar_a/aaaaatki_s003_t023.edf,18,
tusz,tusz_v2.0.6/edf/train/aaaaatki/s003_2015/03_tcp_ar_a/aaaaatki_s003_t024.edf,18,
tusz,tusz_v2.0.6/edf/train/aaaaatki/s003_2015/03_tcp_ar_a/aaaaatki_s003_t025.edf,18,
tusz,tusz_v2.0.6/edf/train/aaaaatki/s003_2015/03_tcp_ar_a/aaaaatki_s003_t026.edf,18,
tusz,tusz_v2.0.6/edf/train/aaaaatki/s003_2015/03_tcp_ar_a/aaaaatki_s003_t027.edf,18,
tusz,tusz_v2.0.6/edf/train/aaaaatki/s003_2015/03_tcp_ar_a/aaaaatki_s003_t028.edf,18,
tusz,tusz_v2.0.6/edf/train/aaaaatki/s005_2015/03_tcp_ar_a/aaaaatki_s005_t000.edf,18,
tusz,tusz_v2.0.6/edf/train/aaaaatki/s005_2015/03_tcp_ar_a/aaaaatki_s005_t001.edf,18,
tusz,tusz_v2.0.6/edf/train/aaaaatki/s005_2015/03_tcp_ar_a/aaaaatki_s005_t002.edf,18,
tusz,tusz_v2.0.6/edf/train/aaaaatki/s005_2015/03_tcp_ar_a/aaaaatki_s005_t003.edf,18,
tusz,tusz_v2.0.6/edf/train/aaaaatki/s005_2015/03_tcp_ar_a/aaaaatki_s005_t004.edf,18,
tusz,tusz_v2.0.6/edf/train/aaaaatki/s005_2015/03_tcp_ar_a/aaaaatki_s005_t005.edf,18,
tusz,tusz_v2.0.6/edf/train/aaaaatki/s005_2015/03_tcp_ar_a/aaaaatki_s005_t006.edf,18,
tusz,tusz_v2.0.6/edf/train/aaaaatki/s005_2015/03_tcp_ar_a/aaaaatki_s005_t007.edf,18,
tusz,tusz_v2.0.6/edf/train/aaaaatki/s005_2015/03_tcp_ar_a/aaaaatki_s005_t008.edf,18,
tusz,tusz_v2.0.6/edf/train/aaaaatki/s005_2015/03_tcp_ar_a/aaaaatki_s005_t009.edf,18,
tusz,tusz_v2.0.6/edf/train/aaaaatki/s005_2015/03_tcp_ar_a/aaaaatki_s005_t010.edf,18,
tusz,tusz_v2.0.6/edf/train/aaaaatki/s005_2015/03_tcp_ar_a/aaaaatki_s005_t011.edf,18,
tusz,tusz_v2.0.6/edf/train/aaaaatki/s005_2015/03_tcp_ar_a/aaaaatki_s005_t012.edf,18,
tusz,tusz_v2.0.6/edf/train/aaaaatki/s005_2015/03_tcp_ar_a/aaaaatki_s005_t013.edf,18,
tusz,tusz_v2.0.6/edf/train/aaaaatki/s005_2015/03_tcp_ar_a/aaaaatki_s005_t014.edf,18,
tusz,tusz_v2.0.6/edf/train/aaaaatki/s005_2015/03_tcp_ar_a/aaaaatki_s005_t015.edf,18,
tusz,tusz_v2.0.6/edf/train/aaaaatki/s005_2015/03_tcp_ar_a/aaaaatki_s005_t016.edf,18,
tusz,tusz_v2.0.6/edf/train/aaaaatki/s005_2015/03_tcp_ar_a/aaaaatki_s005_t017.edf,18,
tusz,tusz_v2.0.6/edf/train/aaaaatki/s005_2015/03_tcp_ar_a/aaaaatki_s005_t018.edf,18,
tusz,tusz_v2.0.6/edf/train/aaaaatki/s005_2015/03_tcp_ar_a/aaaaatki_s005_t019.edf,18,
tusz,tusz_v2.0.6/edf/train/aaaaatki/s005_2015/03_tcp_ar_a/aaaaatki_s005_t020.edf,18,
tusz,tusz_v2.0.6/edf/train/aaaaatki/s005_2015/03_tcp_ar_a/aaaaatki_s005_t021.edf,18,
tusz,tusz_v2.0.6/edf/train/aaaaatki/s005_2015/03_tcp_ar_a/aaaaatki_s005_t022.edf,18,
tusz,tusz_v2.0.6/edf/train/aaaaatki/s005_2015/03_tcp_ar_a/aaaaatki_s005_t023.edf,18,
tusz,tusz_v2.0.6/edf/train/aaaaatki/s005_2015/03_tcp_ar_a/aaaaatki_s005_t024.edf,18,
tusz,tusz_v2.0.6/edf/train/aaaaatki/s005_2015/03_tcp_ar_a/aaaaatki_s005_t025.edf,18,
tusz,tusz_v2.0.6/edf/train/aaaaatki/s005_2015/03_tcp_ar_a/aaaaatki_s005_t026.edf,18,
tusz,tusz_v2.0.6/edf/train/aaaaatki/s005_2015/03_tcp_ar_a/aaaaatki_s005_t027.edf,18,
tusz,tusz_v2.0.6/edf/train/aaaaatki/s005_2015/03_tcp_ar_a/aaaaatki_s005_t028.edf,18,
tusz,tusz_v2.0.6/edf/train/aaaaatki/s005_2015/03_tcp_ar_a/aaaaatki_s005_t029.edf,18,
tusz,tusz_v2.0.6/edf/train/aaaaatki/s005_2015/03_tcp_ar_a/aaaaatki_s005_t030.edf,18,
tusz,tusz_v2.0.6/edf/train/aaaaatki/s005_2015/03_tcp_ar_a/aaaaatki_s005_t031.edf,18,
tusz,tusz_v2.0.6/edf/train/aaaaatki/s005_2015/03_tcp_ar_a/aaaaatki_s005_t032.edf,18,
tusz,tusz_v2.0.6/edf/train/aaaaatki/s005_2015/03_tcp_ar_a/aaaaatki_s005_t033.edf,18,
tusz,tusz_v2.0.6/edf/train/aaaaatki/s005_2015/03_tcp_ar_a/aaaaatki_s005_t034.edf,18,
tusz,tusz_v2.0.6/edf/train/aaaaatki/s005_2015/03_tcp_ar_a/aaaaatki_s005_t035.edf,18,
tusz,tusz_v2.0.6/edf/train/aaaaatki/s005_2015/03_tcp_ar_a/aaaaatki_s005_t036.edf,18,
tusz,tusz_v2.0.6/edf/train/aaaaatki/s005_2015/03_tcp_ar_a/aaaaatki_s005_t037.edf,18,
tusz,tusz_v2.0.6/edf/train/aaaaatki/s005_2015/03_tcp_ar_a/aaaaatki_s005_t038.edf,18,
tusz,tusz_v2.0.6/edf/train/aaaaatki/s005_2015/03_tcp_ar_a/aaaaatki_s005_t039.edf,18,
tusz,tusz_v2.0.6/edf/train/aaaaatki/s005_2015/03_tcp_ar_a/aaaaatki_s005_t040.edf,18,
tusz,tusz_v2.0.6/edf/train/aaaaatki/s005_2015/03_tcp_ar_a/aaaaatki_s005_t041.edf,18,
tusz,tusz_v2.0.6/edf/train/aaaaatki/s005_2015/03_tcp_ar_a/aaaaatki_s005_t042.edf,18,
tusz,tusz_v2.0.6/edf/train/aaaaatki/s005_2015/03_tcp_ar_a/aaaaatki_s005_t043.edf,18,
tusz,tusz_v2.0.6/edf/train/aaaaatki/s005_2015/03_tcp_ar_a/aaaaatki_s005_t044.edf,18,
tusz,tusz_v2.0.6/edf/train/aaaaatki/s005_2015/03_tcp_ar_a/aaaaatki_s005_t045.edf,18,
tusz,tusz_v2.0.6/edf/train/aaaaatki/s005_2015/03_tcp_ar_a/aaaaatki_s005_t046.edf,18,
tusz,tusz_v2.0.6/edf/train/aaaaatki/s005_2015/03_tcp_ar_a/aaaaatki_s005_t047.edf,18,
tusz,tusz_v2.0.6/edf/train/aaaaatki/s005_2015/03_tcp_ar_a/aaaaatki_s005_t048.edf,18,
tusz,tusz_v2.0.6/edf/train/aaaaatlp/s001_2015/03_tcp_ar_a/aaaaatlp_s001_t000.edf,18,
tusz,tusz_v2.0.6/edf/train/aaaaatlp/s001_2015/03_tcp_ar_a/aaaaatlp_s001_t001.edf,18,
tusz,tusz_v2.0.6/edf/train/aaaaatlp/s001_2015/03_tcp_ar_a/aaaaatlp_s001_t002.edf,18,
tusz,tusz_v2.0.6/edf/train/aaaaatlp/s002_2015/03_tcp_ar_a/aaaaatlp_s002_t000.edf,18,
tusz,tusz_v2.0.6/edf/train/aaaaatlp/s002_2015/03_tcp_ar_a/aaaaatlp_s002_t001.edf,18,
tusz,tusz_v2.0.6/edf/train/aaaaatlp/s002_2015/03_tcp_ar_a/aaaaatlp_s002_t002.edf,18,
tusz,tusz_v2.0.6/edf/train/aaaaatlp/s002_2015/03_tcp_ar_a/aaaaatlp_s002_t003.edf,18,
tusz,tusz_v2.0.6/edf/train/aaaaatlp/s002_2015/03_tcp_ar_a/aaaaatlp_s002_t004.edf,18,
tusz,tusz_v2.0.6/edf/train/aaaaatlp/s002_2015/03_tcp_ar_a/aaaaatlp_s002_t005.edf,18,
tusz,tusz_v2.0.6/edf/train/aaaaatlp/s002_2015/03_tcp_ar_a/aaaaatlp_s002_t006.edf,18,
tusz,tusz_v2.0.6/edf/train/aaaaatlp/s002_2015/03_tcp_ar_a/aaaaatlp_s002_t007.edf,18,
tusz,tusz_v2.0.6/edf/train/aaaaatlp/s003_2015/03_tcp_ar_a/aaaaatlp_s003_t000.edf,18,
tusz,tusz_v2.0.6/edf/train/aaaaatlp/s003_2015/03_tcp_ar_a/aaaaatlp_s003_t001.edf,18,
tusz,tusz_v2.0.6/edf/train/aaaaatlp/s003_2015/03_tcp_ar_a/aaaaatlp_s003_t002.edf,18,
tusz,tusz_v2.0.6/edf/train/aaaaatlp/s003_2015/03_tcp_ar_a/aaaaatlp_s003_t003.edf,18,
tusz,tusz_v2.0.6/edf/train/aaaaatlp/s003_2015/03_tcp_ar_a/aaaaatlp_s003_t004.edf,18,
tusz,tusz_v2.0.6/edf/train/aaaaatlp/s003_2015/03_tcp_ar_a/aaaaatlp_s003_t005.edf,18,
tusz,tusz_v2.0.6/edf/train/aaaaatlp/s003_2015/03_tcp_ar_a/aaaaatlp_s003_t006.edf,18,
tusz,tusz_v2.0.6/edf/train/aaaaatlp/s004_2015/01_tcp_ar/aaaaatlp_s004_t000.edf,18,
tusz,tusz_v2.0.6/edf/train/aaaaatlp/s004_2015/01_tcp_ar/aaaaatlp_s004_t001.edf,18,
tusz,tusz_v2.0.6/edf/train/aaaaatlp/s004_2015/01_tcp_ar/aaaaatlp_s004_t002.edf,18,
tusz,tusz_v2.0.6/edf/train/aaaaatlp/s004_2015/01_tcp_ar/aaaaatlp_s004_t003.edf,18,
tusz,tusz_v2.0.6/edf/train/aaaaatlp/s004_2015/01_tcp_ar/aaaaatlp_s004_t004.edf,18,
tusz,tusz_v2.0.6/edf/train/aaaaatlp/s004_2015/01_tcp_ar/aaaaatlp_s004_t005.edf,18,
tusz,tusz_v2.0.6/edf/train/aaaaatlp/s004_2015/01_tcp_ar/aaaaatlp_s004_t006.edf,18,
tusz,tusz_v2.0.6/edf/train/aaaaatlp/s004_2015/01_tcp_ar/aaaaatlp_s004_t007.edf,18,
tusz,tusz_v2.0.6/edf/train/aaaaatlp/s004_2015/01_tcp_ar/aaaaatlp_s004_t008.edf,18,
tusz,tusz_v2.0.6/edf/train/aaaaatlp/s004_2015/01_tcp_ar/aaaaatlp_s004_t009.edf,18,
tusz,tusz_v2.0.6/edf/train/aaaaatlp/s005_2015/01_tcp_ar/aaaaatlp_s005_t000.edf,18,
tusz,tusz_v2.0.6/edf/train/aaaaatlp/s005_2015/01_tcp_ar/aaaaatlp_s005_t001.edf,18,
tusz,tusz_v2.0.6/edf/train/aaaaatlp/s005_2015/01_tcp_ar/aaaaatlp_s005_t002.edf,18,
tusz,tusz_v2.0.6/edf/train/aaaaatlp/s005_2015/01_tcp_ar/aaaaatlp_s005_t003.edf,18,
tusz,tusz_v2.0.6/edf/train/aaaaatlp/s005_2015/01_tcp_ar/aaaaatlp_s005_t004.edf,18,
tusz,tusz_v2.0.6/edf/train/aaaaatlp/s005_2015/01_tcp_ar/aaaaatlp_s005_t005.edf,18,
tusz,tusz_v2.0.6/edf/train/aaaaatlp/s005_2015/01_tcp_ar/aaaaatlp_s005_t006.edf,18,
tusz,tusz_v2.0.6/edf/train/aaaaatlp/s005_2015/01_tcp_ar/aaaaatlp_s005_t007.edf,18,
tusz,tusz_v2.0.6/edf/train/aaaaatlp/s005_2015/01_tcp_ar/aaaaatlp_s005_t008.edf,18,
tusz,tusz_v2.0.6/edf/train/aaaaatlp/s005_2015/01_tcp_ar/aaaaatlp_s005_t009.edf,18,
tusz,tusz_v2.0.6/edf/train/aaaaatlp/s006_2015/01_tcp_ar/aaaaatlp_s006_t000.edf,18,
tusz,tusz_v2.0.6/edf/train/aaaaatlp/s006_2015/01_tcp_ar/aaaaatlp_s006_t001.edf,18,
tusz,tusz_v2.0.6/edf/train/aaaaatlp/s006_2015/01_tcp_ar/aaaaatlp_s006_t002.edf,18,
tusz,tusz_v2.0.6/edf/train/aaaaatlp/s006_2015/01_tcp_ar/aaaaatlp_s006_t003.edf,18,
tusz,tusz_v2.0.6/edf/train/aaaaatlp/s006_2015/01_tcp_ar/aaaaatlp_s006_t004.edf,18,
tusz,tusz_v2.0.6/edf/train/aaaaatlp/s006_2015/01_tcp_ar/aaaaatlp_s006_t005.edf,18,
tusz,tusz_v2.0.6/edf/train/aaaaatlp/s006_2015/01_tcp_ar/aaaaatlp_s006_t006.edf,18,
tusz,tusz_v2.0.6/edf/train/aaaaatlp/s006_2015/01_tcp_ar/aaaaatlp_s006_t007.edf,18,
tusz,tusz_v2.0.6/edf/train/aaaaatlp/s006_2015/01_tcp_ar/aaaaatlp_s006_t008.edf,18,
tusz,tusz_v2.0.6/edf/train/aaaaatlp/s006_2015/01_tcp_ar/aaaaatlp_s006_t009.edf,18,
tusz,tusz_v2.0.6/edf/train/aaaaatlp/s006_2015/01_tcp_ar/aaaaatlp_s006_t010.edf,18,
tusz,tusz_v2.0.6/edf/train/aaaaatlp/s006_2015/01_tcp_ar/aaaaatlp_s006_t011.edf,18,
tusz,tusz_v2.0.6/edf/train/aaaaatlp/s007_2015/01_tcp_ar/aaaaatlp_s007_t000.edf,18,
tusz,tusz_v2.0.6/edf/train/aaaaatlp/s007_2015/01_tcp_ar/aaaaatlp_s007_t001.edf,18,
tusz,tusz_v2.0.6/edf/train/aaaaatlp/s007_2015/01_tcp_ar/aaaaatlp_s007_t002.edf,18,
tusz,tusz_v2.0.6/edf/train/aaaaatlp/s007_2015/01_tcp_ar/aaaaatlp_s007_t003.edf,18,
tusz,tusz_v2.0.6/edf/train/aaaaatlp/s007_2015/01_tcp_ar/aaaaatlp_s007_t004.edf,18,
tusz,tusz_v2.0.6/edf/train/aaaaatlp/s007_2015/01_tcp_ar/aaaaatlp_s007_t005.edf,18,
tusz,tusz_v2.0.6/edf/train/aaaaatlp/s007_2015/01_tcp_ar/aaaaatlp_s007_t006.edf,18,
tusz,tusz_v2.0.6/edf/train/aaaaatlp/s007_2015/01_tcp_ar/aaaaatlp_s007_t007.edf,18,
tusz,tusz_v2.0.6/edf/train/aaaaatlp/s007_2015/01_tcp_ar/aaaaatlp_s007_t008.edf,18,
tusz,tusz_v2.0.6/edf/train/aaaaatlp/s007_2015/01_tcp_ar/aaaaatlp_s007_t009.edf,18,
tusz,tusz_v2.0.6/edf/train/aaaaatlp/s007_2015/01_tcp_ar/aaaaatlp_s007_t010.edf,18,
tusz,tusz_v2.0.6/edf/train/aaaaatna/s001_2015/01_tcp_ar/aaaaatna_s001_t000.edf,18,
tusz,tusz_v2.0.6/edf/train/aaaaatsy/s001_2015/01_tcp_ar/aaaaatsy_s001_t000.edf,18,
tusz,tusz_v2.0.6/edf/train/aaaaatth/s001_2015/01_tcp_ar/aaaaatth_s001_t000.edf,18,
tusz,tusz_v2.0.6/edf/train/aaaaatvk/s001_2015/01_tcp_ar/aaaaatvk_s001_t000.edf,18,
tusz,tusz_v2.0.6/edf/train/aaaaatvk/s002_2015/01_tcp_ar/aaaaatvk_s002_t001.edf,18,
tusz,tusz_v2.0.6/edf/train/aaaaatvk/s002_2015/01_tcp_ar/aaaaatvk_s002_t002.edf,18,
tusz,tusz_v2.0.6/edf/train/aaaaatvk/s002_2015/01_tcp_ar/aaaaatvk_s002_t004.edf,18,
tusz,tusz_v2.0.6/edf/train/aaaaatvk/s002_2015/01_tcp_ar/aaaaatvk_s002_t005.edf,18,
tusz,tusz_v2.0.6/edf/train/aaaaatvk/s002_2015/01_tcp_ar/aaaaatvk_s002_t007.edf,18,
tusz,tusz_v2.0.6/edf/train/aaaaatvk/s002_2015/01_tcp_ar/aaaaatvk_s002_t017.edf,18,
tusz,tusz_v2.0.6/edf/train/aaaaatvk/s002_2015/01_tcp_ar/aaaaatvk_s002_t019.edf,18,
tusz,tusz_v2.0.6/edf/train/aaaaatvk/s002_2015/01_tcp_ar/aaaaatvk_s002_t020.edf,18,
tusz,tusz_v2.0.6/edf/train/aaaaatvk/s002_2015/01_tcp_ar/aaaaatvk_s002_t021.edf,18,
tusz,tusz_v2.0.6/edf/train/aaaaatvk/s002_2015/01_tcp_ar/aaaaatvk_s002_t023.edf,18,
tusz,tusz_v2.0.6/edf/train/aaaaatvk/s002_2015/01_tcp_ar/aaaaatvk_s002_t024.edf,18,
tusz,tusz_v2.0.6/edf/train/aaaaatvk/s002_2015/01_tcp_ar/aaaaatvk_s002_t025.edf,18,
tusz,tusz_v2.0.6/edf/train/aaaaatvr/s001_2015/01_tcp_ar/aaaaatvr_s001_t000.edf,18,
tusz,tusz_v2.0.6/edf/train/aaaaatvr/s001_2015/01_tcp_ar/aaaaatvr_s001_t001.edf,18,
tusz,tusz_v2.0.6/edf/train/aaaaatvr/s001_2015/01_tcp_ar/aaaaatvr_s001_t002.edf,18,
tusz,tusz_v2.0.6/edf/train/aaaaatvr/s001_2015/01_tcp_ar/aaaaatvr_s001_t003.edf,18,
tusz,tusz_v2.0.6/edf/train/aaaaatvr/s001_2015/01_tcp_ar/aaaaatvr_s001_t004.edf,18,
tusz,tusz_v2.0.6/edf/train/aaaaatvr/s001_2015/01_tcp_ar/aaaaatvr_s001_t005.edf,18,
tusz,tusz_v2.0.6/edf/train/aaaaatvr/s001_2015/01_tcp_ar/aaaaatvr_s001_t007.edf,18,
tusz,tusz_v2.0.6/edf/train/aaaaatvr/s001_2015/01_tcp_ar/aaaaatvr_s001_t008.edf,18,
tusz,tusz_v2.0.6/edf/train/aaaaatvr/s001_2015/01_tcp_ar/aaaaatvr_s001_t011.edf,18,
tusz,tusz_v2.0.6/edf/train/aaaaatvr/s001_2015/01_tcp_ar/aaaaatvr_s001_t013.edf,18,
tusz,tusz_v2.0.6/edf/train/aaaaatvr/s002_2015/01_tcp_ar/aaaaatvr_s002_t002.edf,18,
tusz,tusz_v2.0.6/edf/train/aaaaatvr/s002_2015/01_tcp_ar/aaaaatvr_s002_t003.edf,18,
tusz,tusz_v2.0.6/edf/train/aaaaatvr/s002_2015/01_tcp_ar/aaaaatvr_s002_t004.edf,18,
tusz,tusz_v2.0.6/edf/train/aaaaatvr/s002_2015/01_tcp_ar/aaaaatvr_s002_t005.edf,18,
tusz,tusz_v2.0.6/edf/train/aaaaatvr/s002_2015/01_tcp_ar/aaaaatvr_s002_t006.edf,18,
tusz,tusz_v2.0.6/edf/train/aaaaatvr/s002_2015/01_tcp_ar/aaaaatvr_s002_t010.edf,18,
tusz,tusz_v2.0.6/edf/train/aaaaatvr/s002_2015/01_tcp_ar/aaaaatvr_s002_t011.edf,18,
tusz,tusz_v2.0.6/edf/train/aaaaatvr/s002_2015/01_tcp_ar/aaaaatvr_s002_t012.edf,18,
tusz,tusz_v2.0.6/edf/train/aaaaatvr/s002_2015/01_tcp_ar/aaaaatvr_s002_t013.edf,18,
tusz,tusz_v2.0.6/edf/train/aaaaatvr/s002_2015/01_tcp_ar/aaaaatvr_s002_t015.edf,18,
tusz,tusz_v2.0.6/edf/train/aaaaatvr/s002_2015/01_tcp_ar/aaaaatvr_s002_t016.edf,18,
tusz,tusz_v2.0.6/edf/train/aaaaatvr/s002_2015/01_tcp_ar/aaaaatvr_s002_t017.edf,18,
tusz,tusz_v2.0.6/edf/train/aaaaatvr/s002_2015/01_tcp_ar/aaaaatvr_s002_t018.edf,18,
tusz,tusz_v2.0.6/edf/train/aaaaatvr/s003_2015/01_tcp_ar/aaaaatvr_s003_t000.edf,18,
tusz,tusz_v2.0.6/edf/train/aaaaatvr/s003_2015/01_tcp_ar/aaaaatvr_s003_t001.edf,18,
tusz,tusz_v2.0.6/edf/train/aaaaatvr/s003_2015/01_tcp_ar/aaaaatvr_s003_t002.edf,18,
tusz,tusz_v2.0.6/edf/train/aaaaatvr/s003_2015/01_tcp_ar/aaaaatvr_s003_t003.edf,18,
tusz,tusz_v2.0.6/edf/train/aaaaatvr/s003_2015/01_tcp_ar/aaaaatvr_s003_t004.edf,18,
tusz,tusz_v2.0.6/edf/train/aaaaatvr/s003_2015/01_tcp_ar/aaaaatvr_s003_t005.edf,18,
tusz,tusz_v2.0.6/edf/train/aaaaatvr/s003_2015/01_tcp_ar/aaaaatvr_s003_t006.edf,18,
tusz,tusz_v2.0.6/edf/train/aaaaatvr/s003_2015/01_tcp_ar/aaaaatvr_s003_t007.edf,18,
tusz,tusz_v2.0.6/edf/train/aaaaatvr/s003_2015/01_tcp_ar/aaaaatvr_s003_t008.edf,18,
tusz,tusz_v2.0.6/edf/train/aaaaatvr/s003_2015/01_tcp_ar/aaaaatvr_s003_t009.edf,18,
tusz,tusz_v2.0.6/edf/train/aaaaatvr/s003_2015/01_tcp_ar/aaaaatvr_s003_t010.edf,18,
tusz,tusz_v2.0.6/edf/train/aaaaatvr/s003_2015/01_tcp_ar/aaaaatvr_s003_t011.edf,18,
tusz,tusz_v2.0.6/edf/train/aaaaatvr/s004_2015/01_tcp_ar/aaaaatvr_s004_t000.edf,18,
tusz,tusz_v2.0.6/edf/train/aaaaatvr/s004_2015/01_tcp_ar/aaaaatvr_s004_t001.edf,18,
tusz,tusz_v2.0.6/edf/train/aaaaatvr/s004_2015/01_tcp_ar/aaaaatvr_s004_t002.edf,18,
tusz,tusz_v2.0.6/edf/train/aaaaatvr/s004_2015/01_tcp_ar/aaaaatvr_s004_t003.edf,18,
tusz,tusz_v2.0.6/edf/train/aaaaatvr/s004_2015/01_tcp_ar/aaaaatvr_s004_t004.edf,18,
tusz,tusz_v2.0.6/edf/train/aaaaatvr/s004_2015/01_tcp_ar/aaaaatvr_s004_t005.edf,18,
tusz,tusz_v2.0.6/edf/train/aaaaatvr/s004_2015/01_tcp_ar/aaaaatvr_s004_t006.edf,18,
tusz,tusz_v2.0.6/edf/train/aaaaatvr/s004_2015/01_tcp_ar/aaaaatvr_s004_t007.edf,18,
tusz,tusz_v2.0.6/edf/train/aaaaatvr/s004_2015/01_tcp_ar/aaaaatvr_s004_t008.edf,18,
tusz,tusz_v2.0.6/edf/train/aaaaatvr/s005_2015/01_tcp_ar/aaaaatvr_s005_t000.edf,18,
tusz,tusz_v2.0.6/edf/train/aaaaatvr/s005_2015/01_tcp_ar/aaaaatvr_s005_t001.edf,18,
tusz,tusz_v2.0.6/edf/train/aaaaatvr/s005_2015/01_tcp_ar/aaaaatvr_s005_t002.edf,18,
tusz,tusz_v2.0.6/edf/train/aaaaatvr/s005_2015/01_tcp_ar/aaaaatvr_s005_t004.edf,18,
tusz,tusz_v2.0.6/edf/train/aaaaatvr/s005_2015/01_tcp_ar/aaaaatvr_s005_t006.edf,18,
tusz,tusz_v2.0.6/edf/train/aaaaatvr/s005_2015/01_tcp_ar/aaaaatvr_s005_t007.edf,18,
tusz,tusz_v2.0.6/edf/train/aaaaatvr/s005_2015/01_tcp_ar/aaaaatvr_s005_t008.edf,18,
tuar,tuar_v3.0.1/edf/01_tcp_ar/aaaaaaju_s005_t000.edf,18,
tuar,tuar_v3.0.1/edf/01_tcp_ar/aaaaaaju_s007_t000.edf,18,
tuar,tuar_v3.0.1/edf/01_tcp_ar/aaaaaall_s004_t000.edf,18,
tuar,tuar_v3.0.1/edf/01_tcp_ar/aaaaaarq_s004_t001.edf,18,
tuar,tuar_v3.0.1/edf/01_tcp_ar/aaaaaayg_s002_t001.edf,18,
tuar,tuar_v3.0.1/edf/01_tcp_ar/aaaaaayx_s002_t000.edf,18,
tuar,tuar_v3.0.1/edf/01_tcp_ar/aaaaabbn_s009_t000.edf,18,
tuar,tuar_v3.0.1/edf/01_tcp_ar/aaaaabbn_s009_t003.edf,18,
tuar,tuar_v3.0.1/edf/01_tcp_ar/aaaaabbn_s010_t000.edf,18,
tuar,tuar_v3.0.1/edf/01_tcp_ar/aaaaabbn_s010_t001.edf,18,
tuar,tuar_v3.0.1/edf/01_tcp_ar/aaaaabbn_s010_t002.edf,18,
tuar,tuar_v3.0.1/edf/01_tcp_ar/aaaaabdo_s003_t000.edf,18,
tuar,tuar_v3.0.1/edf/01_tcp_ar/aaaaabiw_s005_t000.edf,18,
tuar,tuar_v3.0.1/edf/01_tcp_ar/aaaaabiw_s016_t000.edf,18,
tuar,tuar_v3.0.1/edf/01_tcp_ar/aaaaabiw_s017_t000.edf,18,
tuar,tuar_v3.0.1/edf/01_tcp_ar/aaaaabiw_s018_t000.edf,18,
tuar,tuar_v3.0.1/edf/01_tcp_ar/aaaaabsk_s007_t000.edf,18,
tuar,tuar_v3.0.1/edf/01_tcp_ar/aaaaabuv_s002_t000.edf,18,
tuar,tuar_v3.0.1/edf/01_tcp_ar/aaaaacad_s003_t000.edf,18,
tuar,tuar_v3.0.1/edf/01_tcp_ar/aaaaacby_s004_t000.edf,18,
tuar,tuar_v3.0.1/edf/01_tcp_ar/aaaaachj_s002_t006.edf,18,
tuar,tuar_v3.0.1/edf/01_tcp_ar/aaaaacyf_s007_t002.edf,18,
tuar,tuar_v3.0.1/edf/01_tcp_ar/aaaaacyf_s007_t003.edf,18,
tuar,tuar_v3.0.1/edf/01_tcp_ar/aaaaacyf_s007_t010.edf,18,
tuar,tuar_v3.0.1/edf/01_tcp_ar/aaaaacyf_s009_t001.edf,18,
tuar,tuar_v3.0.1/edf/01_tcp_ar/aaaaadeu_s002_t000.edf,18,
tuar,tuar_v3.0.1/edf/01_tcp_ar/aaaaadjk_s002_t000.edf,18,
tuar,tuar_v3.0.1/edf/01_tcp_ar/aaaaadmi_s012_t005.edf,18,
tuar,tuar_v3.0.1/edf/01_tcp_ar/aaaaadmi_s013_t013.edf,18,
tuar,tuar_v3.0.1/edf/01_tcp_ar/aaaaadmi_s014_t002.edf,18,
tuar,tuar_v3.0.1/edf/01_tcp_ar/aaaaadmi_s014_t008.edf,18,
tuar,tuar_v3.0.1/edf/01_tcp_ar/aaaaadsm_s002_t001.edf,18,
tuar,tuar_v3.0.1/edf/01_tcp_ar/aaaaaeab_s003_t000.edf,18,
tuar,tuar_v3.0.1/edf/01_tcp_ar/aaaaaelb_s003_t000.edf,18,
tuar,tuar_v3.0.1/edf/01_tcp_ar/aaaaaels_s006_t006.edf,18,
tuar,tuar_v3.0.1/edf/01_tcp_ar/aaaaaenq_s004_t000.edf,18,
tuar,tuar_v3.0.1/edf/01_tcp_ar/aaaaaezj_s007_t002.edf,18,
tuar,tuar_v3.0.1/edf/01_tcp_ar/aaaaaezn_s003_t001.edf,18,
tuar,tuar_v3.0.1/edf/01_tcp_ar/aaaaafcf_s006_t002.edf,18,
tuar,tuar_v3.0.1/edf/01_tcp_ar/aaaaafcf_s006_t004.edf,18,
tuar,tuar_v3.0.1/edf/01_tcp_ar/aaaaafcf_s006_t009.edf,18,
tuar,tuar_v3.0.1/edf/01_tcp_ar/aaaaafdh_s004_t001.edf,18,
tuar,tuar_v3.0.1/edf/01_tcp_ar/aaaaafhl_s003_t000.edf,18,
tuar,tuar_v3.0.1/edf/01_tcp_ar/aaaaagsc_s003_t001.edf,18,
tuar,tuar_v3.0.1/edf/01_tcp_ar/aaaaagsc_s006_t001.edf,18,
tuar,tuar_v3.0.1/edf/01_tcp_ar/aaaaaguk_s002_t001.edf,18,
tuar,tuar_v3.0.1/edf/01_tcp_ar/aaaaagvx_s003_t001.edf,18,
tuar,tuar_v3.0.1/edf/01_tcp_ar/aaaaahte_s002_t000.edf,18,
tuar,tuar_v3.0.1/edf/01_tcp_ar/aaaaahte_s003_t000.edf,18,
tuar,tuar_v3.0.1/edf/01_tcp_ar/aaaaahuy_s002_t000.edf,18,
tuar,tuar_v3.0.1/edf/01_tcp_ar/aaaaahzm_s001_t001.edf,18,
tuar,tuar_v3.0.1/edf/01_tcp_ar/aaaaahzs_s001_t001.edf,18,
tuar,tuar_v3.0.1/edf/01_tcp_ar/aaaaaiae_s001_t000.edf,18,
tuar,tuar_v3.0.1/edf/01_tcp_ar/aaaaaiat_s003_t000.edf,18,
tuar,tuar_v3.0.1/edf/01_tcp_ar/aaaaaibx_s001_t000.edf,18,
tuar,tuar_v3.0.1/edf/01_tcp_ar/aaaaaiby_s001_t000.edf,18,
tuar,tuar_v3.0.1/edf/01_tcp_ar/aaaaaicc_s004_t000.edf,18,
tuar,tuar_v3.0.1/edf/01_tcp_ar/aaaaaijh_s002_t000.edf,18,
tuar,tuar_v3.0.1/edf/01_tcp_ar/aaaaaimu_s003_t000.edf,18,
tuar,tuar_v3.0.1/edf/01_tcp_ar/aaaaaimu_s008_t000.edf,18,
tuar,tuar_v3.0.1/edf/01_tcp_ar/aaaaaimu_s008_t002.edf,18,
tuar,tuar_v3.0.1/edf/01_tcp_ar/aaaaaiue_s004_t000.edf,18,
tuar,tuar_v3.0.1/edf/01_tcp_ar/aaaaaiyu_s001_t000.edf,18,
tuar,tuar_v3.0.1/edf/01_tcp_ar/aaaaaizu_s001_t001.edf,18,
tuar,tuar_v3.0.1/edf/01_tcp_ar/aaaaajah_s002_t001.edf,18,
tuar,tuar_v3.0.1/edf/01_tcp_ar/aaaaajah_s004_t000.edf,18,
tuar,tuar_v3.0.1/edf/01_tcp_ar/aaaaajam_s001_t000.edf,18,
tuar,tuar_v3.0.1/edf/01_tcp_ar/aaaaajfk_s002_t001.edf,18,
tuar,tuar_v3.0.1/edf/01_tcp_ar/aaaaajjb_s001_t001.edf,18,
tuar,tuar_v3.0.1/edf/01_tcp_ar/aaaaajns_s001_t001.edf,18,
tuar,tuar_v3.0.1/edf/01_tcp_ar/aaaaajns_s002_t000.edf,18,
tuar,tuar_v3.0.1/edf/01_tcp_ar/aaaaajns_s003_t000.edf,18,
tuar,tuar_v3.0.1/edf/01_tcp_ar/aaaaajns_s005_t001.edf,18,
tuar,tuar_v3.0.1/edf/01_tcp_ar/aaaaajns_s007_t001.edf,18,
tuar,tuar_v3.0.1/edf/01_tcp_ar/aaaaajoa_s001_t001.edf,18,
tuar,tuar_v3.0.1/edf/01_tcp_ar/aaaaajoe_s001_t001.edf,18,
tuar,tuar_v3.0.1/edf/01_tcp_ar/aaaaajoo_s002_t001.edf,18,
tuar,tuar_v3.0.1/edf/01_tcp_ar/aaaaajpf_s001_t000.edf,18,
tuar,tuar_v3.0.1/edf/01_tcp_ar/aaaaajqh_s004_t000.edf,18,
tuar,tuar_v3.0.1/edf/01_tcp_ar/aaaaajqk_s003_t001.edf,18,
tuar,tuar_v3.0.1/edf/01_tcp_ar/aaaaajqo_s028_t000.edf,18,
tuar,tuar_v3.0.1/edf/01_tcp_ar/aaaaajqo_s033_t000.edf,18,
tuar,tuar_v3.0.1/edf/01_tcp_ar/aaaaajqu_s013_t012.edf,18,
tuar,tuar_v3.0.1/edf/01_tcp_ar/aaaaajqu_s013_t016.edf,18,
tuar,tuar_v3.0.1/edf/01_tcp_ar/aaaaajrf_s001_t000.edf,18,
tuar,tuar_v3.0.1/edf/01_tcp_ar/aaaaajrf_s002_t000.edf,18,
tuar,tuar_v3.0.1/edf/01_tcp_ar/aaaaajrf_s003_t002.edf,18,
tuar,tuar_v3.0.1/edf/01_tcp_ar/aaaaajrf_s004_t000.edf,18,
tuar,tuar_v3.0.1/edf/01_tcp_ar/aaaaajrj_s003_t012.edf,18,
tuar,tuar_v3.0.1/edf/01_tcp_ar/aaaaajrj_s004_t004.edf,18,
tuar,tuar_v3.0.1/edf/01_tcp_ar/aaaaajrj_s004_t005.edf,18,
tuar,tuar_v3.0.1/edf/01_tcp_ar/aaaaajrj_s004_t008.edf,18,
tuar,tuar_v3.0.1/edf/01_tcp_ar/aaaaajrj_s005_t007.edf,18,
tuar,tuar_v3.0.1/edf/01_tcp_ar/aaaaajrj_s006_t006.edf,18,
tuar,tuar_v3.0.1/edf/01_tcp_ar/aaaaajrj_s006_t007.edf,18,
tuar,tuar_v3.0.1/edf/01_tcp_ar/aaaaajso_s001_t000.edf,18,
tuar,tuar_v3.0.1/edf/01_tcp_ar/aaaaajtu_s001_t000.edf,18,
tuar,tuar_v3.0.1/edf/01_tcp_ar/aaaaajuh_s001_t000.edf,18,
tuar,tuar_v3.0.1/edf/01_tcp_ar/aaaaajys_s001_t001.edf,18,
tuar,tuar_v3.0.1/edf/01_tcp_ar/aaaaajzm_s004_t000.edf,18,
tuar,tuar_v3.0.1/edf/01_tcp_ar/aaaaakbz_s001_t000.edf,18,
tuar,tuar_v3.0.1/edf/01_tcp_ar/aaaaakbz_s002_t000.edf,18,
tuar,tuar_v3.0.1/edf/01_tcp_ar/aaaaakbz_s005_t000.edf,18,
tuar,tuar_v3.0.1/edf/01_tcp_ar/aaaaakck_s001_t001.edf,18,
tuar,tuar_v3.0.1/edf/01_tcp_ar/aaaaakcv_s001_t001.edf,18,
tuar,tuar_v3.0.1/edf/01_tcp_ar/aaaaakcx_s001_t001.edf,18,
tuar,tuar_v3.0.1/edf/01_tcp_ar/aaaaakcy_s005_t001.edf,18,
tuar,tuar_v3.0.1/edf/01_tcp_ar/aaaaakdj_s001_t000.edf,18,
tuar,tuar_v3.0.1/edf/01_tcp_ar/aaaaakdo_s001_t000.edf,18,
tuar,tuar_v3.0.1/edf/01_tcp_ar/aaaaakeq_s001_t000.edf,18,
tuar,tuar_v3.0.1/edf/01_tcp_ar/aaaaakeq_s002_t000.edf,18,
tuar,tuar_v3.0.1/edf/01_tcp_ar/aaaaakeq_s003_t000.edf,18,
tuar,tuar_v3.0.1/edf/01_tcp_ar/aaaaakev_s001_t001.edf,18,
tuar,tuar_v3.0.1/edf/01_tcp_ar/aaaaakfq_s001_t001.edf,18,
tuar,tuar_v3.0.1/edf/01_tcp_ar/aaaaakft_s001_t000.edf,18,
tuar,tuar_v3.0.1/edf/01_tcp_ar/aaaaakgp_s001_t001.edf,18,
tuar,tuar_v3.0.1/edf/01_tcp_ar/aaaaakka_s001_t001.edf,18,
tuar,tuar_v3.0.1/edf/01_tcp_ar/aaaaakmg_s001_t000.edf,18,
tuar,tuar_v3.0.1/edf/01_tcp_ar/aaaaakqg_s001_t001.edf,18,
tuar,tuar_v3.0.1/edf/01_tcp_ar/aaaaakqr_s001_t000.edf,18,
tuar,tuar_v3.0.1/edf/01_tcp_ar/aaaaaksb_s001_t000.edf,18,
tuar,tuar_v3.0.1/edf/01_tcp_ar/aaaaaksu_s001_t001.edf,18,
tuar,tuar_v3.0.1/edf/01_tcp_ar/aaaaaktz_s001_t000.edf,18,
tuar,tuar_v3.0.1/edf/01_tcp_ar/aaaaakxo_s001_t000.edf,18,
tuar,tuar_v3.0.1/edf/01_tcp_ar/aaaaakxz_s001_t001.edf,18,
tuar,tuar_v3.0.1/edf/01_tcp_ar/aaaaalaf_s001_t000.edf,18,
tuar,tuar_v3.0.1/edf/01_tcp_ar/aaaaalbt_s001_t001.edf,18,
tuar,tuar_v3.0.1/edf/01_tcp_ar/aaaaalbt_s002_t000.edf,18,
tuar,tuar_v3.0.1/edf/01_tcp_ar/aaaaalco_s002_t000.edf,18,
tuar,tuar_v3.0.1/edf/01_tcp_ar/aaaaalfj_s006_t006.edf,18,
tuar,tuar_v3.0.1/edf/01_tcp_ar/aaaaalfj_s006_t008.edf,18,
tuar,tuar_v3.0.1/edf/01_tcp_ar/aaaaalid_s001_t001.edf,18,
tuar,tuar_v3.0.1/edf/01_tcp_ar/aaaaaljj_s001_t000.edf,18,
tuar,tuar_v3.0.1/edf/01_tcp_ar/aaaaallc_s001_t001.edf,18,
tuar,tuar_v3.0.1/edf/01_tcp_ar/aaaaalmh_s001_t000.edf,18,
tuar,tuar_v3.0.1/edf/01_tcp_ar/aaaaalnt_s001_t001.edf,18,
tuar,tuar_v3.0.1/edf/01_tcp_ar/aaaaalox_s001_t001.edf,18,
tuar,tuar_v3.0.1/edf/01_tcp_ar/aaaaaloy_s012_t002.edf,18,
tuar,tuar_v3.0.1/edf/01_tcp_ar/aaaaalqa_s001_t000.edf,18,
tuar,tuar_v3.0.1/edf/01_tcp_ar/aaaaalqs_s001_t001.edf,18,
tuar,tuar_v3.0.1/edf/01_tcp_ar/aaaaalsq_s001_t000.edf,18,
tuar,tuar_v3.0.1/edf/01_tcp_ar/aaaaalth_s002_t001.edf,18,
tuar,tuar_v3.0.1/edf/01_tcp_ar/aaaaalth_s003_t000.edf,18,
tuar,tuar_v3.0.1/edf/01_tcp_ar/aaaaaluz_s001_t001.edf,18,
tuar,tuar_v3.0.1/edf/01_tcp_ar/aaaaalvw_s001_t000.edf,18,
tuar,tuar_v3.0.1/edf/01_tcp_ar/aaaaalxk_s001_t000.edf,18,
tuar,tuar_v3.0.1/edf/01_tcp_ar/aaaaalzg_s006_t000.edf,18,
tuar,tuar_v3.0.1/edf/01_tcp_ar/aaaaalzg_s006_t001.edf,18,
tuar,tuar_v3.0.1/edf/01_tcp_ar/aaaaalzg_s007_t000.edf,18,
tuar,tuar_v3.0.1/edf/01_tcp_ar/aaaaambs_s010_t006.edf,18,
tuar,tuar_v3.0.1/edf/01_tcp_ar/aaaaamcr_s003_t001.edf,18,
tuar,tuar_v3.0.1/edf/01_tcp_ar/aaaaamcr_s003_t002.edf,18,
tuar,tuar_v3.0.1/edf/01_tcp_ar/aaaaamcr_s003_t004.edf,18,
tuar,tuar_v3.0.1/edf/01_tcp_ar/aaaaamcr_s003_t010.edf,18,
tuar,tuar_v3.0.1/edf/01_tcp_ar/aaaaamdq_s001_t000.edf,18,
tuar,tuar_v3.0.1/edf/01_tcp_ar/aaaaamdu_s014_t001.edf,18,
tuar,tuar_v3.0.1/edf/01_tcp_ar/aaaaamhb_s001_t001.edf,18,
tuar,tuar_v3.0.1/edf/01_tcp_ar/aaaaamhb_s006_t001.edf,18,
tuar,tuar_v3.0.1/edf/01_tcp_ar/aaaaamhb_s006_t004.edf,18,
tuar,tuar_v3.0.1/edf/01_tcp_ar/aaaaamhb_s006_t005.edf,18,
tuar,tuar_v3.0.1/edf/01_tcp_ar/aaaaamhb_s010_t005.edf,18,
tuar,tuar_v3.0.1/edf/01_tcp_ar/aaaaamhb_s012_t006.edf,18,
tuar,tuar_v3.0.1/edf/01_tcp_ar/aaaaamhb_s013_t001.edf,18,
tuar,tuar_v3.0.1/edf/01_tcp_ar/aaaaamhj_s004_t005.edf,18,
tuar,tuar_v3.0.1/edf/01_tcp_ar/aaaaammu_s001_t001.edf,18,
tuar,tuar_v3.0.1/edf/01_tcp_ar/aaaaamnq_s001_t000.edf,18,
tuar,tuar_v3.0.1/edf/01_tcp_ar/aaaaamoa_s001_t000.edf,18,
tuar,tuar_v3.0.1/edf/01_tcp_ar/aaaaamob_s001_t000.edf,18,
tuar,tuar_v3.0.1/edf/01_tcp_ar/aaaaamob_s002_t007.edf,18,
tuar,tuar_v3.0.1/edf/01_tcp_ar/aaaaamon_s001_t000.edf,18,
tuar,tuar_v3.0.1/edf/01_tcp_ar/aaaaampz_s001_t000.edf,18,
tuar,tuar_v3.0.1/edf/01_tcp_ar/aaaaamqc_s001_t000.edf,18,
tuar,tuar_v3.0.1/edf/01_tcp_ar/aaaaamrj_s001_t000.edf,18,
tuar,tuar_v3.0.1/edf/01_tcp_ar/aaaaamsc_s001_t000.edf,18,
tuar,tuar_v3.0.1/edf/01_tcp_ar/aaaaamtj_s001_t000.edf,18,
tuar,tuar_v3.0.1/edf/01_tcp_ar/aaaaamuc_s001_t000.edf,18,
tuar,tuar_v3.0.1/edf/01_tcp_ar/aaaaamxn_s001_t000.edf,18,
tuar,tuar_v3.0.1/edf/01_tcp_ar/aaaaamyb_s001_t001.edf,18,
tuar,tuar_v3.0.1/edf/01_tcp_ar/aaaaamyc_s004_t001.edf,18,
tuar,tuar_v3.0.1/edf/01_tcp_ar/aaaaamyc_s004_t006.edf,18,
tuar,tuar_v3.0.1/edf/01_tcp_ar/aaaaamyc_s005_t003.edf,18,
tuar,tuar_v3.0.1/edf/01_tcp_ar/aaaaamyc_s006_t000.edf,18,
tuar,tuar_v3.0.1/edf/01_tcp_ar/aaaaamyy_s001_t001.edf,18,
tuar,tuar_v3.0.1/edf/01_tcp_ar/aaaaamzf_s001_t001.edf,18,
tuar,tuar_v3.0.1/edf/01_tcp_ar/aaaaamzi_s001_t001.edf,18,
tuar,tuar_v3.0.1/edf/01_tcp_ar/aaaaamzl_s001_t000.edf,18,
tuar,tuar_v3.0.1/edf/01_tcp_ar/aaaaamzv_s001_t000.edf,18,
tuar,tuar_v3.0.1/edf/01_tcp_ar/aaaaanbp_s001_t001.edf,18,
tuar,tuar_v3.0.1/edf/01_tcp_ar/aaaaanbp_s001_t002.edf,18,
tuar,tuar_v3.0.1/edf/01_tcp_ar/aaaaanbq_s001_t000.edf,18,
tuar,tuar_v3.0.1/edf/01_tcp_ar/aaaaangp_s001_t000.edf,18,
tuar,tuar_v3.0.1/edf/01_tcp_ar/aaaaanhb_s001_t003.edf,18,
tuar,tuar_v3.0.1/edf/01_tcp_ar/aaaaanhb_s003_t001.edf,18,
tuar,tuar_v3.0.1/edf/01_tcp_ar/aaaaanhb_s005_t000.edf,18,
tuar,tuar_v3.0.1/edf/01_tcp_ar/aaaaanji_s001_t000.edf,18,
tuar,tuar_v3.0.1/edf/01_tcp_ar/aaaaankc_s004_t001.edf,18,
tuar,tuar_v3.0.1/edf/01_tcp_ar/aaaaankf_s001_t000.edf,18,
tuar,tuar_v3.0.1/edf/01_tcp_ar/aaaaanlp_s001_t000.edf,18,
tuar,tuar_v3.0.1/edf/01_tcp_ar/aaaaanoz_s001_t000.edf,18,
tuar,tuar_v3.0.1/edf/01_tcp_ar/aaaaanpr_s001_t002.edf,18,
tuar,tuar_v3.0.1/edf/01_tcp_ar/aaaaanqe_s001_t000.edf,18,
tuar,tuar_v3.0.1/edf/01_tcp_ar/aaaaanrc_s001_t001.edf,18,
tuar,tuar_v3.0.1/edf/01_tcp_ar/aaaaanrc_s002_t002.edf,18,
tuar,tuar_v3.0.1/edf/01_tcp_ar/aaaaanrc_s004_t001.edf,18,
tuar,tuar_v3.0.1/edf/01_tcp_ar/aaaaanrc_s004_t004.edf,18,
tuar,tuar_v3.0.1/edf/01_tcp_ar/aaaaanrc_s004_t005.edf,18,
tuar,tuar_v3.0.1/edf/01_tcp_ar/aaaaanrc_s004_t006.edf,18,
tuar,tuar_v3.0.1/edf/01_tcp_ar/aaaaanrc_s004_t007.edf,18,
tuar,tuar_v3.0.1/edf/01_tcp_ar/aaaaanrc_s004_t008.edf,18,
tuar,tuar_v3.0.1/edf/01_tcp_ar/aaaaanrc_s004_t009.edf,18,
tuar,tuar_v3.0.1/edf/01_tcp_ar/aaaaanrc_s005_t000.edf,18,
tuar,tuar_v3.0.1/edf/01_tcp_ar/aaaaanro_s001_t000.edf,18,
tuar,tuar_v3.0.1/edf/01_tcp_ar/aaaaansj_s001_t000.edf,18,
tuar,tuar_v3.0.1/edf/01_tcp_ar/aaaaanta_s001_t000.edf,18,
tuar,tuar_v3.0.1/edf/01_tcp_ar/aaaaanum_s001_t000.edf,18,
tuar,tuar_v3.0.1/edf/01_tcp_ar/aaaaanvb_s002_t000.edf,18,
tuar,tuar_v3.0.1/edf/01_tcp_ar/aaaaanvg_s001_t002.edf,18,
tuar,tuar_v3.0.1/edf/01_tcp_ar/aaaaanvw_s001_t000.edf,18,
tuar,tuar_v3.0.1/edf/01_tcp_ar/aaaaanwc_s001_t001.edf,18,
tuar,tuar_v3.0.1/edf/01_tcp_ar/aaaaanwj_s002_t000.edf,18,
tuar,tuar_v3.0.1/edf/01_tcp_ar/aaaaanxl_s001_t000.edf,18,
tuar,tuar_v3.0.1/edf/01_tcp_ar/aaaaanxz_s001_t000.edf,18,
tuar,tuar_v3.0.1/edf/01_tcp_ar/aaaaanyb_s001_t001.edf,18,
tuar,tuar_v3.0.1/edf/01_tcp_ar/aaaaanyc_s005_t006.edf,18,
tuar,tuar_v3.0.1/edf/01_tcp_ar/aaaaanyf_s001_t001.edf,18,
tuar,tuar_v3.0.1/edf/01_tcp_ar/aaaaanyt_s002_t000.edf,18,
tuar,tuar_v3.0.1/edf/01_tcp_ar/aaaaanyw_s001_t000.edf,18,
tuar,tuar_v3.0.1/edf/01_tcp_ar/aaaaanyw_s002_t000.edf,18,
tuar,tuar_v3.0.1/edf/01_tcp_ar/aaaaanzh_s001_t000.edf,18,
tuar,tuar_v3.0.1/edf/01_tcp_ar/aaaaanzu_s001_t003.edf,18,
tuar,tuar_v3.0.1/edf/01_tcp_ar/aaaaaoav_s001_t000.edf,18,
tuar,tuar_v3.0.1/edf/01_tcp_ar/aaaaaoav_s002_t000.edf,18,
tuar,tuar_v3.0.1/edf/01_tcp_ar/aaaaaobi_s001_t000.edf,18,
tuar,tuar_v3.0.1/edf/01_tcp_ar/aaaaaobl_s001_t000.edf,18,
tuar,tuar_v3.0.1/edf/01_tcp_ar/aaaaaoby_s001_t000.edf,18,
tuar,tuar_v3.0.1/edf/01_tcp_ar/aaaaaoda_s001_t000.edf,18,
tuar,tuar_v3.0.1/edf/01_tcp_ar/aaaaaoeg_s001_t000.edf,18,
tuar,tuar_v3.0.1/edf/01_tcp_ar/aaaaaofj_s001_t000.edf,18,
tuar,tuar_v3.0.1/edf/01_tcp_ar/aaaaaogd_s008_t004.edf,18,
tuar,tuar_v3.0.1/edf/01_tcp_ar/aaaaaogd_s008_t005.edf,18,
tuar,tuar_v3.0.1/edf/01_tcp_ar/aaaaaogd_s010_t000.edf,18,
tuar,tuar_v3.0.1/edf/01_tcp_ar/aaaaaogk_s001_t001.edf,18,
tuar,tuar_v3.0.1/edf/01_tcp_ar/aaaaaogk_s001_t002.edf,18,
tuar,tuar_v3.0.1/edf/01_tcp_ar/aaaaaohr_s002_t001.edf,18,
tuar,tuar_v3.0.1/edf/01_tcp_ar/aaaaaohw_s003_t000.edf,18,
tuar,tuar_v3.0.1/edf/01_tcp_ar/aaaaaoiv_s001_t000.edf,18,
tuar,tuar_v3.0.1/edf/01_tcp_ar/aaaaaomy_s001_t000.edf,18,
tuar,tuar_v3.0.1/edf/01_tcp_ar/aaaaaons_s002_t002.edf,18,
tuar,tuar_v3.0.1/edf/01_tcp_ar/aaaaaora_s002_t000.edf,18,
tuar,tuar_v3.0.1/edf/01_tcp_ar/aaaaaosa_s008_t007.edf,18,
tuar,tuar_v3.0.1/edf/01_tcp_ar/aaaaaosh_s001_t000.edf,18,
tuar,tuar_v3.0.1/edf/01_tcp_ar/aaaaaouk_s001_t000.edf,18,
tuar,tuar_v3.0.1/edf/01_tcp_ar/aaaaaouk_s008_t002.edf,18,
tuar,tuar_v3.0.1/edf/01_tcp_ar/aaaaaout_s001_t000.edf,18,
tuar,tuar_v3.0.1/edf/01_tcp_ar/aaaaaovl_s001_t000.edf,18,
tuar,tuar_v3.0.1/edf/01_tcp_ar/aaaaaovn_s002_t005.edf,18,
tuar,tuar_v3.0.1/edf/01_tcp_ar/aaaaaovo_s001_t000.edf,18,
tuar,tuar_v3.0.1/edf/01_tcp_ar/aaaaaowf_s001_t000.edf,18,
tuar,tuar_v3.0.1/edf/01_tcp_ar/aaaaaoxr_s004_t002.edf,18,
tuar,tuar_v3.0.1/edf/01_tcp_ar/aaaaaoxr_s004_t004.edf,18,
tuar,tuar_v3.0.1/edf/01_tcp_ar/aaaaaozv_s002_t000.edf,18,
tuar,tuar_v3.0.1/edf/01_tcp_ar/aaaaapar_s001_t000.edf,18,
tuar,tuar_v3.0.1/edf/01_tcp_ar/aaaaapas_s001_t001.edf,18,
tuar,tuar_v3.0.1/edf/01_tcp_ar/aaaaapas_s003_t000.edf,18,
tuar,tuar_v3.0.1/edf/01_tcp_ar/aaaaapas_s003_t001.edf,18,
tuar,tuar_v3.0.1/edf/01_tcp_ar/aaaaapas_s003_t002.edf,18,
tuar,tuar_v3.0.1/edf/01_tcp_ar/aaaaapas_s004_t001.edf,18,
tuar,tuar_v3.0.1/edf/01_tcp_ar/aaaaapas_s005_t000.edf,18,
tuar,tuar_v3.0.1/edf/01_tcp_ar/aaaaapcr_s006_t000.edf,18,
tuar,tuar_v3.0.1/edf/01_tcp_ar/aaaaapcr_s006_t004.edf,18,
tuar,tuar_v3.0.1/edf/01_tcp_ar/aaaaapcu_s001_t000.edf,18,
tuar,tuar_v3.0.1/edf/01_tcp_ar/aaaaapex_s001_t000.edf,18,
tuar,tuar_v3.0.1/edf/01_tcp_ar/aaaaaphs_s001_t000.edf,18,
tuar,tuar_v3.0.1/edf/01_tcp_ar/aaaaapks_s002_t003.edf,18,
tuar,tuar_v3.0.1/edf/01_tcp_ar/aaaaapks_s008_t000.edf,18,
tuar,tuar_v3.0.1/edf/01_tcp_ar/aaaaapks_s009_t000.edf,18,
tuar,tuar_v3.0.1/edf/01_tcp_ar/aaaaapkv_s001_t000.edf,18,
tuar,tuar_v3.0.1/edf/01_tcp_ar/aaaaapkx_s001_t001.edf,18,
tuar,tuar_v3.0.1/edf/01_tcp_ar/aaaaapmb_s002_t001.edf,18,
tuar,tuar_v3.0.1/edf/01_tcp_ar/aaaaapmp_s001_t000.edf,18,
tuar,tuar_v3.0.1/edf/01_tcp_ar/aaaaapnl_s008_t004.edf,18,
tuar,tuar_v3.0.1/edf/01_tcp_ar/aaaaappv_s001_t001.edf,18,
tuar,tuar_v3.0.1/edf/01_tcp_ar/aaaaappv_s002_t000.edf,18,
tuar,tuar_v3.0.1/edf/01_tcp_ar/aaaaappv_s002_t003.edf,18,
tuar,tuar_v3.0.1/edf/01_tcp_ar/aaaaappv_s002_t005.edf,18,
tuar,tuar_v3.0.1/edf/01_tcp_ar/aaaaapqh_s004_t000.edf,18,
tuar,tuar_v3.0.1/edf/01_tcp_ar/aaaaapre_s001_t002.edf,18,
tuar,tuar_v3.0.1/edf/01_tcp_ar/aaaaaprj_s001_t000.edf,18,
tuar,tuar_v3.0.1/edf/01_tcp_ar/aaaaaprj_s002_t000.edf,18,
tuar,tuar_v3.0.1/edf/01_tcp_ar/aaaaapxk_s001_t000.edf,18,
tuar,tuar_v3.0.1/edf/02_tcp_le/aaaaabms_s001_t001.edf,18,
tuar,tuar_v3.0.1/edf/02_tcp_le/aaaaafsb_s001_t000.edf,18,
tuar,tuar_v3.0.1/edf/02_tcp_le/aaaaafwz_s001_t000.edf,18,
tuar,tuar_v3.0.1/edf/02_tcp_le/aaaaafwz_s001_t001.edf,18,
tuar,tuar_v3.0.1/edf/02_tcp_le/aaaaagcs_s002_t000.edf,18,
tuar,tuar_v3.0.1/edf/02_tcp_le/aaaaagqb_s001_t000.edf,18,
tuar,tuar_v3.0.1/edf/02_tcp_le/aaaaagqb_s002_t001.edf,18,
tuar,tuar_v3.0.1/edf/02_tcp_le/aaaaagqb_s003_t002.edf,18,
tuar,tuar_v3.0.1/edf/02_tcp_le/aaaaaike_s001_t001.edf,18,
tuar,tuar_v3.0.1/edf/02_tcp_le/aaaaajqb_s001_t000.edf,18,
tuar,tuar_v3.0.1/edf/02_tcp_le/aaaaajqo_s008_t001.edf,18,
tuar,tuar_v3.0.1/edf/02_tcp_le/aaaaajqo_s020_t001.edf,18,
tuar,tuar_v3.0.1/edf/02_tcp_le/aaaaaltw_s001_t001.edf,18,
tuar,tuar_v3.0.1/edf/03_tcp_ar_a/aaaaabnn_s002_t001.edf,18,
tuar,tuar_v3.0.1/edf/03_tcp_ar_a/aaaaabnn_s002_t002.edf,18,
tuar,tuar_v3.0.1/edf/03_tcp_ar_a/aaaaabnn_s002_t004.edf,18,
tuar,tuar_v3.0.1/edf/03_tcp_ar_a/aaaaadao_s001_t003.edf,18,
tuar,tuar_v3.0.1/edf/03_tcp_ar_a/aaaaadao_s001_t004.edf,18,
tuar,tuar_v3.0.1/edf/03_tcp_ar_a/aaaaagxr_s017_t000.edf,18,
tuar,tuar_v3.0.1/edf/03_tcp_ar_a/aaaaatjz_s001_t000.edf,18,
mental_arith,mental_arith_v1.0.0/Subject00_1.edf,18,
mental_arith,mental_arith_v1.0.0/Subject00_2.edf,18,
mental_arith,mental_arith_v1.0.0/Subject01_1.edf,18,
mental_arith,mental_arith_v1.0.0/Subject01_2.edf,18,
mental_arith,mental_arith_v1.0.0/Subject02_1.edf,18,
mental_arith,mental_arith_v1.0.0/Subject02_2.edf,18,
mental_arith,mental_arith_v1.0.0/Subject03_1.edf,18,
mental_arith,mental_arith_v1.0.0/Subject03_2.edf,18,
mental_arith,mental_arith_v1.0.0/Subject04_1.edf,18,
mental_arith,mental_arith_v1.0.0/Subject04_2.edf,18,
mental_arith,mental_arith_v1.0.0/Subject05_1.edf,18,
mental_arith,mental_arith_v1.0.0/Subject05_2.edf,18,
mental_arith,mental_arith_v1.0.0/Subject06_1.edf,18,
mental_arith,mental_arith_v1.0.0/Subject06_2.edf,18,
mental_arith,mental_arith_v1.0.0/Subject07_1.edf,18,
mental_arith,mental_arith_v1.0.0/Subject07_2.edf,18,
mental_arith,mental_arith_v1.0.0/Subject08_1.edf,18,
mental_arith,mental_arith_v1.0.0/Subject08_2.edf,18,
mental_arith,mental_arith_v1.0.0/Subject09_1.edf,18,
mental_arith,mental_arith_v1.0.0/Subject09_2.edf,18,
mental_arith,mental_arith_v1.0.0/Subject10_1.edf,18,
mental_arith,mental_arith_v1.0.0/Subject10_2.edf,18,
mental_arith,mental_arith_v1.0.0/Subject11_1.edf,18,
mental_arith,mental_arith_v1.0.0/Subject11_2.edf,18,
mental_arith,mental_arith_v1.0.0/Subject12_1.edf,18,
mental_arith,mental_arith_v1.0.0/Subject12_2.edf,18,
mental_arith,mental_arith_v1.0.0/Subject13_1.edf,18,
mental_arith,mental_arith_v1.0.0/Subject13_2.edf,18,
mental_arith,mental_arith_v1.0.0/Subject14_1.edf,18,
mental_arith,mental_arith_v1.0.0/Subject14_2.edf,18,
mental_arith,mental_arith_v1.0.0/Subject15_1.edf,18,
mental_arith,mental_arith_v1.0.0/Subject15_2.edf,18,
mental_arith,mental_arith_v1.0.0/Subject16_1.edf,18,
mental_arith,mental_arith_v1.0.0/Subject16_2.edf,18,
mental_arith,mental_arith_v1.0.0/Subject17_1.edf,18,
mental_arith,mental_arith_v1.0.0/Subject17_2.edf,18,
mental_arith,mental_arith_v1.0.0/Subject18_1.edf,18,
mental_arith,mental_arith_v1.0.0/Subject18_2.edf,18,
mental_arith,mental_arith_v1.0.0/Subject19_1.edf,18,
mental_arith,mental_arith_v1.0.0/Subject19_2.edf,18,
mental_arith,mental_arith_v1.0.0/Subject20_1.edf,18,
mental_arith,mental_arith_v1.0.0/Subject20_2.edf,18,
mental_arith,mental_arith_v1.0.0/Subject21_1.edf,18,
mental_arith,mental_arith_v1.0.0/Subject21_2.edf,18,
mental_arith,mental_arith_v1.0.0/Subject22_1.edf,18,
mental_arith,mental_arith_v1.0.0/Subject22_2.edf,18,
mental_arith,mental_arith_v1.0.0/Subject23_1.edf,18,
mental_arith,mental_arith_v1.0.0/Subject23_2.edf,18,
mental_arith,mental_arith_v1.0.0/Subject24_1.edf,18,
mental_arith,mental_arith_v1.0.0/Subject24_2.edf,18,
mental_arith,mental_arith_v1.0.0/Subject25_1.edf,18,
mental_arith,mental_arith_v1.0.0/Subject25_2.edf,18,
mental_arith,mental_arith_v1.0.0/Subject26_1.edf,18,
mental_arith,mental_arith_v1.0.0/Subject26_2.edf,18,
mental_arith,mental_arith_v1.0.0/Subject27_1.edf,18,
mental_arith,mental_arith_v1.0.0/Subject27_2.edf,18,
mental_arith,mental_arith_v1.0.0/Subject28_1.edf,18,
mental_arith,mental_arith_v1.0.0/Subject28_2.edf,18,
mental_arith,mental_arith_v1.0.0/Subject29_1.edf,18,
mental_arith,mental_arith_v1.0.0/Subject29_2.edf,18,
mental_arith,mental_arith_v1.0.0/Subject30_1.edf,18,
mental_arith,mental_arith_v1.0.0/Subject30_2.edf,18,
mental_arith,mental_arith_v1.0.0/Subject31_1.edf,18,
mental_arith,mental_arith_v1.0.0/Subject31_2.edf,18,
mental_arith,mental_arith_v1.0.0/Subject32_1.edf,18,
mental_arith,mental_arith_v1.0.0/Subject32_2.edf,18,
mental_arith,mental_arith_v1.0.0/Subject33_1.edf,18,
mental_arith,mental_arith_v1.0.0/Subject33_2.edf,18,
mental_arith,mental_arith_v1.0.0/Subject34_1.edf,18,
mental_arith,mental_arith_v1.0.0/Subject34_2.edf,18,
mental_arith,mental_arith_v1.0.0/Subject35_1.edf,18,
mental_arith,mental_arith_v1.0.0/Subject35_2.edf,18,
